Distance function,Image size,Instance class,Instance,Optimal objective function value,Solution time [ms],Count of iterations
OF1,32,CauchyDensity,01-02,381679867030,94,12175
OF1,32,CauchyDensity,01-03,639702236564,109,13066
OF1,32,CauchyDensity,01-04,412850049504,103,11633
OF1,32,CauchyDensity,01-05,1271790354042,94,13741
OF1,32,CauchyDensity,01-06,1206058384559,99,14778
OF1,32,CauchyDensity,01-07,706329620657,129,14367
OF1,32,CauchyDensity,01-08,641720516058,107,12752
OF1,32,CauchyDensity,01-09,511406435076,120,17092
OF1,32,CauchyDensity,01-10,1197930636345,103,14280
OF1,32,CauchyDensity,02-04,309433909655,129,12575
OF1,32,CauchyDensity,02-05,1203032347565,114,18309
OF1,32,CauchyDensity,02-06,1042676257653,103,13587
OF1,32,CauchyDensity,02-08,451423419694,127,13218
OF1,32,CauchyDensity,02-09,483000578762,125,16093
OF1,32,CauchyDensity,02-10,1038938059457,101,13553
OF1,32,CauchyDensity,03-02,452634693879,152,23719
OF1,32,CauchyDensity,03-04,328246246739,88,14256
OF1,32,CauchyDensity,03-05,803096837341,108,17601
OF1,32,CauchyDensity,03-06,635701121734,90,12833
OF1,32,CauchyDensity,03-08,308497055611,218,19493
OF1,32,CauchyDensity,03-09,582494958613,95,14372
OF1,32,CauchyDensity,03-10,607140440510,82,11390
OF1,32,CauchyDensity,04-05,1032041278880,112,18359
OF1,32,CauchyDensity,04-08,239521392338,88,9767
OF1,32,CauchyDensity,04-10,853718773723,86,12387
OF1,32,CauchyDensity,05-08,928351022318,106,17886
OF1,32,CauchyDensity,05-10,494335021350,85,10798
OF1,32,CauchyDensity,06-04,843671575076,108,16258
OF1,32,CauchyDensity,06-05,565155989066,90,13848
OF1,32,CauchyDensity,06-08,688158476474,93,14222
OF1,32,CauchyDensity,06-09,1000570542292,106,14059
OF1,32,CauchyDensity,06-10,134046572578,100,11770
OF1,32,CauchyDensity,07-02,485845054919,152,24008
OF1,32,CauchyDensity,07-03,347283576620,211,20296
OF1,32,CauchyDensity,07-04,321205042830,120,16537
OF1,32,CauchyDensity,07-05,1051148073343,104,17994
OF1,32,CauchyDensity,07-06,708313166987,100,14889
OF1,32,CauchyDensity,07-08,212809387695,76,11084
OF1,32,CauchyDensity,07-09,573579778037,80,9867
OF1,32,CauchyDensity,07-10,735728700392,96,14511
OF1,32,CauchyDensity,09-04,350622260473,96,12836
OF1,32,CauchyDensity,09-05,1045957382508,96,14441
OF1,32,CauchyDensity,09-08,399633752839,73,9002
OF1,32,CauchyDensity,09-10,999881548592,89,12939
OF1,32,CauchyDensity,10-08,708566281189,94,14710
OF1,32,ClassicImages,01-02,206116560402,86,11754
OF1,32,ClassicImages,01-03,230366264212,97,12678
OF1,32,ClassicImages,01-04,169474198532,81,10579
OF1,32,ClassicImages,01-05,195237855155,134,15163
OF1,32,ClassicImages,01-06,290990535908,87,12196
OF1,32,ClassicImages,01-07,232298183133,123,14111
OF1,32,ClassicImages,01-08,185575555991,95,11360
OF1,32,ClassicImages,01-09,341587129047,105,15306
OF1,32,ClassicImages,01-10,289184470976,90,11601
OF1,32,ClassicImages,02-04,88423074494,113,14533
OF1,32,ClassicImages,02-05,89449778556,92,13708
OF1,32,ClassicImages,02-06,104244812348,84,11027
OF1,32,ClassicImages,02-08,116958936846,130,15667
OF1,32,ClassicImages,02-09,254025703605,100,15262
OF1,32,ClassicImages,02-10,171012230834,120,11941
OF1,32,ClassicImages,03-02,160003215762,94,12371
OF1,32,ClassicImages,03-04,132396478107,89,12207
OF1,32,ClassicImages,03-05,149000530812,99,13507
OF1,32,ClassicImages,03-06,182241645629,91,10907
OF1,32,ClassicImages,03-08,161255543724,115,12315
OF1,32,ClassicImages,03-09,300822382196,101,15250
OF1,32,ClassicImages,03-10,250508839999,84,11860
OF1,32,ClassicImages,04-05,107862844914,131,15462
OF1,32,ClassicImages,04-08,110764385234,89,10290
OF1,32,ClassicImages,04-10,222790714046,94,11936
OF1,32,ClassicImages,05-08,140371648499,90,11577
OF1,32,ClassicImages,05-10,216794329022,113,11866
OF1,32,ClassicImages,06-04,161621530642,136,14942
OF1,32,ClassicImages,06-05,137062082674,86,11481
OF1,32,ClassicImages,06-08,156244037026,128,16226
OF1,32,ClassicImages,06-09,252213743001,91,13362
OF1,32,ClassicImages,06-10,169177440084,87,11605
OF1,32,ClassicImages,07-02,101986524106,94,11171
OF1,32,ClassicImages,07-03,194550788968,98,12377
OF1,32,ClassicImages,07-04,150976816021,140,15637
OF1,32,ClassicImages,07-05,103685398596,122,13189
OF1,32,ClassicImages,07-06,131670452996,82,9888
OF1,32,ClassicImages,07-08,148273858023,116,14185
OF1,32,ClassicImages,07-09,228608020255,94,14226
OF1,32,ClassicImages,07-10,186868192027,126,14103
OF1,32,ClassicImages,09-04,287373769741,94,13672
OF1,32,ClassicImages,09-05,238306777814,93,13318
OF1,32,ClassicImages,09-08,334539956114,89,12501
OF1,32,ClassicImages,09-10,368774950421,94,13387
OF1,32,ClassicImages,10-08,188604254271,155,16029
OF1,32,GRFmoderate,01-02,171884032934,112,14161
OF1,32,GRFmoderate,01-03,254137269163,91,13319
OF1,32,GRFmoderate,01-04,397444272381,90,13020
OF1,32,GRFmoderate,01-05,208898838580,88,12464
OF1,32,GRFmoderate,01-06,300044891664,91,12042
OF1,32,GRFmoderate,01-07,155551740055,103,11785
OF1,32,GRFmoderate,01-08,316529636955,97,13568
OF1,32,GRFmoderate,01-09,134174011948,93,12437
OF1,32,GRFmoderate,01-10,107233896920,133,15681
OF1,32,GRFmoderate,02-04,325981113421,93,13968
OF1,32,GRFmoderate,02-05,150638691845,107,14737
OF1,32,GRFmoderate,02-06,244688527012,122,14659
OF1,32,GRFmoderate,02-08,325477006362,93,13224
OF1,32,GRFmoderate,02-09,153873078087,96,11056
OF1,32,GRFmoderate,02-10,170753470748,93,11585
OF1,32,GRFmoderate,03-02,267722401912,104,15173
OF1,32,GRFmoderate,03-04,280583736087,90,13156
OF1,32,GRFmoderate,03-05,208185703595,105,14244
OF1,32,GRFmoderate,03-06,254943574831,92,13077
OF1,32,GRFmoderate,03-08,154149361037,110,12893
OF1,32,GRFmoderate,03-09,192693908572,154,17128
OF1,32,GRFmoderate,03-10,216030442258,104,14197
OF1,32,GRFmoderate,04-05,236669935459,94,12328
OF1,32,GRFmoderate,04-08,339522701620,85,10743
OF1,32,GRFmoderate,04-10,359731361865,94,12668
OF1,32,GRFmoderate,05-08,262152343211,83,11923
OF1,32,GRFmoderate,05-10,171525657539,81,10161
OF1,32,GRFmoderate,06-04,230276167495,186,19704
OF1,32,GRFmoderate,06-05,154397961704,90,10401
OF1,32,GRFmoderate,06-08,292945246854,84,11764
OF1,32,GRFmoderate,06-09,246346533831,83,9491
OF1,32,GRFmoderate,06-10,250099458025,91,11150
OF1,32,GRFmoderate,07-02,168009897603,137,15002
OF1,32,GRFmoderate,07-03,229427385046,99,13717
OF1,32,GRFmoderate,07-04,334258742984,94,13993
OF1,32,GRFmoderate,07-05,145181817423,110,14974
OF1,32,GRFmoderate,07-06,234507242307,94,13599
OF1,32,GRFmoderate,07-08,272644297616,100,13983
OF1,32,GRFmoderate,07-09,90005282514,95,11276
OF1,32,GRFmoderate,07-10,117818443682,88,10956
OF1,32,GRFmoderate,09-04,341989833467,88,12512
OF1,32,GRFmoderate,09-05,154172038880,112,14277
OF1,32,GRFmoderate,09-08,242059357581,100,14080
OF1,32,GRFmoderate,09-10,119607437543,113,12371
OF1,32,GRFmoderate,10-08,289836957462,95,13979
OF1,32,GRFrough,01-02,91874958702,111,13351
OF1,32,GRFrough,01-03,73997641939,82,9999
OF1,32,GRFrough,01-04,102019968685,88,12108
OF1,32,GRFrough,01-05,69717519334,115,14290
OF1,32,GRFrough,01-06,88417059005,108,12422
OF1,32,GRFrough,01-07,66227051752,86,10267
OF1,32,GRFrough,01-08,69543249664,144,14246
OF1,32,GRFrough,01-09,57431343430,97,12043
OF1,32,GRFrough,01-10,70956548247,93,12419
OF1,32,GRFrough,02-04,102019437359,136,14732
OF1,32,GRFrough,02-05,60895475073,95,11643
OF1,32,GRFrough,02-06,101421742248,99,11638
OF1,32,GRFrough,02-08,87302901898,82,10373
OF1,32,GRFrough,02-09,70479296476,94,11419
OF1,32,GRFrough,02-10,68012573674,95,11586
OF1,32,GRFrough,03-02,106692794066,102,14178
OF1,32,GRFrough,03-04,97522873946,105,13532
OF1,32,GRFrough,03-05,93502854974,98,14018
OF1,32,GRFrough,03-06,69957958560,116,13493
OF1,32,GRFrough,03-08,82953436822,132,15496
OF1,32,GRFrough,03-09,89396995090,102,13917
OF1,32,GRFrough,03-10,80399205009,95,13241
OF1,32,GRFrough,04-05,117013224733,96,13265
OF1,32,GRFrough,04-08,120093767029,96,11965
OF1,32,GRFrough,04-10,103855355899,93,13060
OF1,32,GRFrough,05-08,65112749053,79,9680
OF1,32,GRFrough,05-10,51369462907,92,10825
OF1,32,GRFrough,06-04,89541097642,101,12595
OF1,32,GRFrough,06-05,95863430317,111,14151
OF1,32,GRFrough,06-08,100921363350,103,12884
OF1,32,GRFrough,06-09,91692251060,105,14340
OF1,32,GRFrough,06-10,77963054707,112,14221
OF1,32,GRFrough,07-02,103789178098,93,13790
OF1,32,GRFrough,07-03,68589190116,86,10697
OF1,32,GRFrough,07-04,114494924773,88,13029
OF1,32,GRFrough,07-05,80074011412,95,13732
OF1,32,GRFrough,07-06,92921525873,98,13164
OF1,32,GRFrough,07-08,59703616002,97,12380
OF1,32,GRFrough,07-09,67051090360,90,12285
OF1,32,GRFrough,07-10,89462578404,100,14529
OF1,32,GRFrough,09-04,112261067558,93,12808
OF1,32,GRFrough,09-05,54093876172,103,13180
OF1,32,GRFrough,09-08,64158761791,85,10053
OF1,32,GRFrough,09-10,63217843948,114,13139
OF1,32,GRFrough,10-08,81336719033,107,12231
OF1,32,GRFsmooth,01-02,403842162860,116,16865
OF1,32,GRFsmooth,01-03,697856605326,97,14845
OF1,32,GRFsmooth,01-04,373911573885,115,13577
OF1,32,GRFsmooth,01-05,297729064938,89,11598
OF1,32,GRFsmooth,01-06,259629479824,132,16017
OF1,32,GRFsmooth,01-07,138799197840,89,11583
OF1,32,GRFsmooth,01-08,383713623984,97,14570
OF1,32,GRFsmooth,01-09,327953388574,156,16840
OF1,32,GRFsmooth,01-10,446012564039,137,19674
OF1,32,GRFsmooth,02-04,695828640108,107,16595
OF1,32,GRFsmooth,02-05,506849834076,98,15441
OF1,32,GRFsmooth,02-06,278850001796,95,14448
OF1,32,GRFsmooth,02-08,234095195285,90,13437
OF1,32,GRFsmooth,02-09,456026688321,103,16506
OF1,32,GRFsmooth,02-10,379977180450,101,14758
OF1,32,GRFsmooth,03-02,558632756688,93,11655
OF1,32,GRFsmooth,03-04,840569253383,90,13436
OF1,32,GRFsmooth,03-05,738317538229,93,14279
OF1,32,GRFsmooth,03-06,541390988378,89,12311
OF1,32,GRFsmooth,03-08,404005721605,77,10836
OF1,32,GRFsmooth,03-09,496898116814,102,13661
OF1,32,GRFsmooth,03-10,433513687067,89,11848
OF1,32,GRFsmooth,04-05,270165960994,91,12767
OF1,32,GRFsmooth,04-08,626336320388,94,15020
OF1,32,GRFsmooth,04-10,486414760690,103,16247
OF1,32,GRFsmooth,05-08,475088710766,100,14221
OF1,32,GRFsmooth,05-10,394613715679,140,17213
OF1,32,GRFsmooth,06-04,473390987728,107,16199
OF1,32,GRFsmooth,06-05,309789506399,104,14195
OF1,32,GRFsmooth,06-08,213794664855,124,14515
OF1,32,GRFsmooth,06-09,322293151395,111,15717
OF1,32,GRFsmooth,06-10,283217896601,134,16020
OF1,32,GRFsmooth,07-02,366323901452,99,15299
OF1,32,GRFsmooth,07-03,721063489712,108,16128
OF1,32,GRFsmooth,07-04,422490857745,99,13541
OF1,32,GRFsmooth,07-05,290741726016,90,11838
OF1,32,GRFsmooth,07-06,227933659028,122,14888
OF1,32,GRFsmooth,07-08,365598131836,91,13419
OF1,32,GRFsmooth,07-09,348269920197,86,12745
OF1,32,GRFsmooth,07-10,378164308851,94,14000
OF1,32,GRFsmooth,09-04,415669235129,97,13805
OF1,32,GRFsmooth,09-05,357776853222,110,12771
OF1,32,GRFsmooth,09-08,293907355242,90,11531
OF1,32,GRFsmooth,09-10,236698230761,124,14669
OF1,32,GRFsmooth,10-08,230845592661,130,13388
OF1,32,LogGRF,01-02,388080355449,88,12790
OF1,32,LogGRF,01-03,731166838529,122,17232
OF1,32,LogGRF,01-04,696013438540,101,15488
OF1,32,LogGRF,01-05,1177229400290,111,18086
OF1,32,LogGRF,01-06,501866953266,99,13726
OF1,32,LogGRF,01-07,285623439437,101,15597
OF1,32,LogGRF,01-08,540550350076,122,14879
OF1,32,LogGRF,01-09,1099790842629,99,15488
OF1,32,LogGRF,01-10,847354854882,96,14649
OF1,32,LogGRF,02-04,550030641540,115,16965
OF1,32,LogGRF,02-05,943017112280,123,20340
OF1,32,LogGRF,02-06,382661155100,93,12769
OF1,32,LogGRF,02-08,299066934684,110,16471
OF1,32,LogGRF,02-09,843561714048,120,18412
OF1,32,LogGRF,02-10,587866598843,110,17187
OF1,32,LogGRF,03-02,564226151798,161,21709
OF1,32,LogGRF,03-04,871541920874,119,19100
OF1,32,LogGRF,03-05,829337896562,240,21483
OF1,32,LogGRF,03-06,660345809787,119,20184
OF1,32,LogGRF,03-08,611046609980,129,18431
OF1,32,LogGRF,03-09,813087523418,111,17682
OF1,32,LogGRF,03-10,604018471603,136,16143
OF1,32,LogGRF,04-05,836210874339,139,22111
OF1,32,LogGRF,04-08,485346904215,147,18591
OF1,32,LogGRF,04-10,560389981853,115,15707
OF1,32,LogGRF,05-08,732000819700,108,18474
OF1,32,LogGRF,05-10,464954297767,150,18425
OF1,32,LogGRF,06-04,772543483823,98,15480
OF1,32,LogGRF,06-05,1173610074928,120,20649
OF1,32,LogGRF,06-08,581340592011,106,16433
OF1,32,LogGRF,06-09,760751470109,101,16362
OF1,32,LogGRF,06-10,811939161755,105,17397
OF1,32,LogGRF,07-02,455085991593,117,14889
OF1,32,LogGRF,07-03,698146793833,124,18325
OF1,32,LogGRF,07-04,705506373846,122,16315
OF1,32,LogGRF,07-05,1057784144167,102,16102
OF1,32,LogGRF,07-06,633432661811,108,14625
OF1,32,LogGRF,07-08,480471447078,120,16076
OF1,32,LogGRF,07-09,1152383340952,106,16658
OF1,32,LogGRF,07-10,771177657445,98,14693
OF1,32,LogGRF,09-04,1038208324024,96,15407
OF1,32,LogGRF,09-05,957469197853,106,17432
OF1,32,LogGRF,09-08,833753863897,101,14517
OF1,32,LogGRF,09-10,721543011766,94,15366
OF1,32,LogGRF,10-08,435567537352,115,17864
OF1,32,LogitGRF,01-02,322586026369,109,13481
OF1,32,LogitGRF,01-03,331328964841,110,14832
OF1,32,LogitGRF,01-04,264270922095,146,14684
OF1,32,LogitGRF,01-05,220283295781,99,12792
OF1,32,LogitGRF,01-06,235155854599,98,13103
OF1,32,LogitGRF,01-07,319390732952,110,16887
OF1,32,LogitGRF,01-08,191795113953,98,13830
OF1,32,LogitGRF,01-09,486802003287,100,15350
OF1,32,LogitGRF,01-10,312401040771,91,12360
OF1,32,LogitGRF,02-04,228236351842,114,15321
OF1,32,LogitGRF,02-05,294144602068,142,16565
OF1,32,LogitGRF,02-06,324391127655,125,16360
OF1,32,LogitGRF,02-08,374219736214,136,16736
OF1,32,LogitGRF,02-09,405684647023,134,17641
OF1,32,LogitGRF,02-10,275475244714,104,15064
OF1,32,LogitGRF,03-02,374386568218,137,16454
OF1,32,LogitGRF,03-04,403832168459,99,14708
OF1,32,LogitGRF,03-05,253943172301,123,14720
OF1,32,LogitGRF,03-06,292835729059,200,19428
OF1,32,LogitGRF,03-08,417384627240,135,17712
OF1,32,LogitGRF,03-09,292241786710,113,12824
OF1,32,LogitGRF,03-10,279342740158,112,13586
OF1,32,LogitGRF,04-05,304310070392,143,16349
OF1,32,LogitGRF,04-08,280112188427,162,18965
OF1,32,LogitGRF,04-10,300775775460,102,15120
OF1,32,LogitGRF,05-08,287036860572,154,17606
OF1,32,LogitGRF,05-10,308783084581,155,14646
OF1,32,LogitGRF,06-04,313069262978,104,14310
OF1,32,LogitGRF,06-05,248110042993,104,13025
OF1,32,LogitGRF,06-08,264403590782,125,16434
OF1,32,LogitGRF,06-09,440461524614,106,15172
OF1,32,LogitGRF,06-10,265124486590,101,13126
OF1,32,LogitGRF,07-02,489986217505,99,14454
OF1,32,LogitGRF,07-03,266848497871,82,10871
OF1,32,LogitGRF,07-04,450596081245,93,13714
OF1,32,LogitGRF,07-05,346893390200,88,12417
OF1,32,LogitGRF,07-06,262583774247,116,13028
OF1,32,LogitGRF,07-08,417586631018,127,16368
OF1,32,LogitGRF,07-09,485462180104,110,14757
OF1,32,LogitGRF,07-10,384457073795,97,13201
OF1,32,LogitGRF,09-04,475514556590,110,16771
OF1,32,LogitGRF,09-05,388010485342,107,16679
OF1,32,LogitGRF,09-08,561804465922,105,16030
OF1,32,LogitGRF,09-10,274662715678,114,16044
OF1,32,LogitGRF,10-08,378689105553,105,16468
OF1,32,MicroscopyImages,01-02,288091795570,42,8831
OF1,32,MicroscopyImages,01-03,863488996159,34,9710
OF1,32,MicroscopyImages,01-04,602487193894,46,10888
OF1,32,MicroscopyImages,01-05,716655024595,44,10833
OF1,32,MicroscopyImages,01-06,752182099161,50,11147
OF1,32,MicroscopyImages,01-07,640614484066,36,9000
OF1,32,MicroscopyImages,01-08,654978042776,48,10529
OF1,32,MicroscopyImages,01-09,601240068693,37,9324
OF1,32,MicroscopyImages,01-10,499921086020,51,10619
OF1,32,MicroscopyImages,02-04,696264304203,67,12940
OF1,32,MicroscopyImages,02-05,622013405235,64,13256
OF1,32,MicroscopyImages,02-06,696224545500,69,13047
OF1,32,MicroscopyImages,02-08,683046538051,67,12474
OF1,32,MicroscopyImages,02-09,470174194943,55,11735
OF1,32,MicroscopyImages,02-10,380216936218,75,13736
OF1,32,MicroscopyImages,03-02,943241979264,47,11523
OF1,32,MicroscopyImages,03-04,326306850920,46,9526
OF1,32,MicroscopyImages,03-05,551197004237,43,10734
OF1,32,MicroscopyImages,03-06,406106431361,52,11912
OF1,32,MicroscopyImages,03-08,561310235684,52,11993
OF1,32,MicroscopyImages,03-09,619376404603,37,9693
OF1,32,MicroscopyImages,03-10,675376408824,51,12043
OF1,32,MicroscopyImages,04-05,486469592884,60,11651
OF1,32,MicroscopyImages,04-08,477932408499,77,14559
OF1,32,MicroscopyImages,04-10,431337791807,76,14098
OF1,32,MicroscopyImages,05-08,461378393734,62,11507
OF1,32,MicroscopyImages,05-10,383069883167,67,12131
OF1,32,MicroscopyImages,06-04,435624394866,76,13900
OF1,32,MicroscopyImages,06-05,178464486235,63,11307
OF1,32,MicroscopyImages,06-08,460501289132,82,14449
OF1,32,MicroscopyImages,06-09,448202218031,57,10945
OF1,32,MicroscopyImages,06-10,440203903174,95,14729
OF1,32,MicroscopyImages,07-02,648015919312,54,12022
OF1,32,MicroscopyImages,07-03,593554669312,40,9984
OF1,32,MicroscopyImages,07-04,483244181894,62,13161
OF1,32,MicroscopyImages,07-05,464929547495,57,11639
OF1,32,MicroscopyImages,07-06,476673645602,64,13247
OF1,32,MicroscopyImages,07-08,146064523201,53,9372
OF1,32,MicroscopyImages,07-09,667405694496,47,11282
OF1,32,MicroscopyImages,07-10,617854201292,65,13449
OF1,32,MicroscopyImages,09-04,481036145335,52,10542
OF1,32,MicroscopyImages,09-05,422424966228,51,10604
OF1,32,MicroscopyImages,09-08,673725392410,57,12111
OF1,32,MicroscopyImages,09-10,217002116859,55,10038
OF1,32,MicroscopyImages,10-08,626166563729,79,14729
OF1,32,Shapes,01-02,470495776000,36,8920
OF1,32,Shapes,01-03,88614400000,36,7742
OF1,32,Shapes,01-04,327099771023,47,8866
OF1,32,Shapes,01-05,249596333584,41,7916
OF1,32,Shapes,01-06,611118800000,41,11108
OF1,32,Shapes,01-07,441757895836,50,9453
OF1,32,Shapes,01-08,346687557361,30,7484
OF1,32,Shapes,01-09,229883600000,38,9600
OF1,32,Shapes,01-10,158095790368,42,7438
OF1,32,Shapes,02-04,156858382442,16,3837
OF1,32,Shapes,02-05,557533779434,19,6164
OF1,32,Shapes,02-06,577436896000,17,5114
OF1,32,Shapes,02-08,219258534999,11,3442
OF1,32,Shapes,02-09,514296672000,17,5632
OF1,32,Shapes,02-10,555213532931,20,6015
OF1,32,Shapes,03-02,472479232000,19,5686
OF1,32,Shapes,03-04,332983350461,26,7107
OF1,32,Shapes,03-05,256777101052,21,5298
OF1,32,Shapes,03-06,613242200000,21,6457
OF1,32,Shapes,03-08,351798520196,15,4695
OF1,32,Shapes,03-09,234633600000,26,7059
OF1,32,Shapes,03-10,177476288970,23,5478
OF1,32,Shapes,04-05,407594177630,25,6726
OF1,32,Shapes,04-08,141250968845,16,4140
OF1,32,Shapes,04-10,412176631684,26,6599
OF1,32,Shapes,05-08,374715170072,15,4752
OF1,32,Shapes,05-10,284555510052,23,5864
OF1,32,Shapes,06-04,552783340482,26,7320
OF1,32,Shapes,06-05,643339299281,26,7972
OF1,32,Shapes,06-08,575416475748,17,5819
OF1,32,Shapes,06-09,635712000000,27,8625
OF1,32,Shapes,06-10,638897571089,26,7371
OF1,32,Shapes,07-02,462919981985,22,6436
OF1,32,Shapes,07-03,447638330547,30,7788
OF1,32,Shapes,07-04,420470543441,30,7593
OF1,32,Shapes,07-05,505379987939,32,8262
OF1,32,Shapes,07-06,968532082158,31,9217
OF1,32,Shapes,07-08,439586401911,21,6334
OF1,32,Shapes,07-09,494049863913,29,7901
OF1,32,Shapes,07-10,490806292603,29,7524
OF1,32,Shapes,09-04,399924053927,26,7005
OF1,32,Shapes,09-05,342734072695,22,5823
OF1,32,Shapes,09-08,416224515635,16,5195
OF1,32,Shapes,09-10,278084896387,22,5505
OF1,32,Shapes,10-08,447574964719,17,5154
OF1,32,WhiteNoise,01-02,57155605881,85,10262
OF1,32,WhiteNoise,01-03,60369901313,80,10294
OF1,32,WhiteNoise,01-04,72488445412,95,11294
OF1,32,WhiteNoise,01-05,62577225562,86,10937
OF1,32,WhiteNoise,01-06,53211775118,89,10809
OF1,32,WhiteNoise,01-07,58499517183,82,9674
OF1,32,WhiteNoise,01-08,56645248683,89,10300
OF1,32,WhiteNoise,01-09,70309185938,91,12741
OF1,32,WhiteNoise,01-10,60256268958,93,10249
OF1,32,WhiteNoise,02-04,71415060782,92,11317
OF1,32,WhiteNoise,02-05,61544691084,101,11591
OF1,32,WhiteNoise,02-06,59979296430,83,10426
OF1,32,WhiteNoise,02-08,54465738427,85,9680
OF1,32,WhiteNoise,02-09,61597100671,91,11172
OF1,32,WhiteNoise,02-10,62767766263,95,11072
OF1,32,WhiteNoise,03-02,60877218031,116,13249
OF1,32,WhiteNoise,03-04,72336751987,117,12953
OF1,32,WhiteNoise,03-05,63637961939,93,11114
OF1,32,WhiteNoise,03-06,53300577644,98,12103
OF1,32,WhiteNoise,03-08,66106390383,94,11168
OF1,32,WhiteNoise,03-09,63904260588,107,13142
OF1,32,WhiteNoise,03-10,55557939020,88,11634
OF1,32,WhiteNoise,04-05,59571305412,88,10498
OF1,32,WhiteNoise,04-08,72055977501,95,11198
OF1,32,WhiteNoise,04-10,82129694629,93,11996
OF1,32,WhiteNoise,05-08,63884105234,87,11001
OF1,32,WhiteNoise,05-10,66996773336,88,11766
OF1,32,WhiteNoise,06-04,64151622677,92,11635
OF1,32,WhiteNoise,06-05,57460836232,78,9260
OF1,32,WhiteNoise,06-08,58543744204,86,10241
OF1,32,WhiteNoise,06-09,66349396194,91,11210
OF1,32,WhiteNoise,06-10,56552190012,83,10067
OF1,32,WhiteNoise,07-02,60202485137,94,12056
OF1,32,WhiteNoise,07-03,61772519243,90,11884
OF1,32,WhiteNoise,07-04,84820822316,97,12318
OF1,32,WhiteNoise,07-05,62578915474,83,11059
OF1,32,WhiteNoise,07-06,62701007042,86,11211
OF1,32,WhiteNoise,07-08,60528626107,89,10097
OF1,32,WhiteNoise,07-09,72576196605,88,11771
OF1,32,WhiteNoise,07-10,62909519326,104,12450
OF1,32,WhiteNoise,09-04,62744672684,82,10048
OF1,32,WhiteNoise,09-05,59168931048,80,10046
OF1,32,WhiteNoise,09-08,68820545275,86,10126
OF1,32,WhiteNoise,09-10,70298454355,93,11203
OF1,32,WhiteNoise,10-08,65906474169,108,12065
OF1,64,CauchyDensity,01-02,6653857293715,4826,105983
OF1,64,CauchyDensity,01-03,2523834973386,13746,162177
OF1,64,CauchyDensity,01-04,4471420698880,21182,279077
OF1,64,CauchyDensity,01-05,4749139124340,20928,150205
OF1,64,CauchyDensity,01-06,6520771207191,13446,161694
OF1,64,CauchyDensity,01-07,4139762572768,4975,85620
OF1,64,CauchyDensity,01-08,5850102307228,5188,94363
OF1,64,CauchyDensity,01-09,5130424442222,13272,164818
OF1,64,CauchyDensity,01-10,4741722110268,8607,107987
OF1,64,CauchyDensity,02-03,6079084769127,2593,80397
OF1,64,CauchyDensity,02-04,5649398348810,3054,71864
OF1,64,CauchyDensity,02-05,3440181273882,4905,94391
OF1,64,CauchyDensity,02-07,5335315634880,1987,60884
OF1,64,CauchyDensity,02-10,5876446962533,2134,62687
OF1,64,CauchyDensity,03-07,1934644856809,10935,124560
OF1,64,CauchyDensity,03-10,2643236812099,7455,94728
OF1,64,CauchyDensity,04-03,3494493972315,6479,115977
OF1,64,CauchyDensity,04-07,2878775308787,3941,75043
OF1,64,CauchyDensity,04-10,3086445603426,4013,73629
OF1,64,CauchyDensity,05-03,4103810441278,3152,86115
OF1,64,CauchyDensity,05-04,4416924725125,2846,86523
OF1,64,CauchyDensity,05-07,3629319437167,2217,70997
OF1,64,CauchyDensity,05-10,4726290578521,2447,82845
OF1,64,CauchyDensity,06-02,4507454596558,2853,122750
OF1,64,CauchyDensity,06-03,5453921307581,5592,103339
OF1,64,CauchyDensity,06-04,3435682719301,2472,80111
OF1,64,CauchyDensity,06-05,3698020717861,2606,84682
OF1,64,CauchyDensity,06-07,4670987787000,2402,86800
OF1,64,CauchyDensity,06-08,3870453438721,2107,61035
OF1,64,CauchyDensity,06-10,5668413666949,2508,85714
OF1,64,CauchyDensity,07-10,1310453241754,3696,91503
OF1,64,CauchyDensity,08-02,3150777172450,2742,109540
OF1,64,CauchyDensity,08-03,5503691462107,3787,90288
OF1,64,CauchyDensity,08-04,4810623408165,2461,81149
OF1,64,CauchyDensity,08-05,2487656309051,3802,82455
OF1,64,CauchyDensity,08-07,5025980291563,2310,66441
OF1,64,CauchyDensity,08-10,5850132527727,2145,68300
OF1,64,CauchyDensity,09-02,5343423785813,18239,178654
OF1,64,CauchyDensity,09-03,4055821286677,2636,83246
OF1,64,CauchyDensity,09-04,5169028056968,2319,83774
OF1,64,CauchyDensity,09-05,4520600416535,3188,105085
OF1,64,CauchyDensity,09-06,7175107436589,2438,87894
OF1,64,CauchyDensity,09-07,3428804575648,2189,72238
OF1,64,CauchyDensity,09-08,5414125782906,2349,86572
OF1,64,CauchyDensity,09-10,3120294042572,2069,61435
OF1,64,ClassicImages,01-02,1650419011023,2439,67023
OF1,64,ClassicImages,01-03,1845206737909,2215,70308
OF1,64,ClassicImages,01-04,1357707677184,2177,60388
OF1,64,ClassicImages,01-05,1564673831507,5412,106563
OF1,64,ClassicImages,01-06,2330197751573,2062,70319
OF1,64,ClassicImages,01-07,1861094480955,4877,93101
OF1,64,ClassicImages,01-08,1487766933570,3573,78457
OF1,64,ClassicImages,01-09,2733350533250,3821,95826
OF1,64,ClassicImages,01-10,2319314344592,4436,84687
OF1,64,ClassicImages,02-03,1281841472680,4116,88242
OF1,64,ClassicImages,02-04,708537437712,5095,128853
OF1,64,ClassicImages,02-05,717229093587,4004,94124
OF1,64,ClassicImages,02-07,818570783569,7470,134454
OF1,64,ClassicImages,02-10,1371796268814,6796,86311
OF1,64,ClassicImages,03-07,1558865552426,8118,136246
OF1,64,ClassicImages,03-10,2008539394834,3719,83146
OF1,64,ClassicImages,04-03,1060734805248,9223,117658
OF1,64,ClassicImages,04-07,1209714733124,7707,149118
OF1,64,ClassicImages,04-10,1786025372333,3951,78249
OF1,64,ClassicImages,05-03,1193980436307,10910,94792
OF1,64,ClassicImages,05-04,865482897787,3553,82839
OF1,64,ClassicImages,05-07,833147671541,4949,99687
OF1,64,ClassicImages,05-10,1738168593170,7777,109457
OF1,64,ClassicImages,06-02,836038037726,3158,76073
OF1,64,ClassicImages,06-03,1459953467883,7103,139014
OF1,64,ClassicImages,06-04,1294244869845,4752,100405
OF1,64,ClassicImages,06-05,1097492836154,3728,77058
OF1,64,ClassicImages,06-07,1055167005051,3730,88800
OF1,64,ClassicImages,06-08,1251737027754,5978,100072
OF1,64,ClassicImages,06-10,1357155018157,3891,82626
OF1,64,ClassicImages,07-10,1499032784854,6188,107141
OF1,64,ClassicImages,08-02,938053549875,7198,129571
OF1,64,ClassicImages,08-03,1292121443038,5452,85993
OF1,64,ClassicImages,08-04,888732550365,3111,80783
OF1,64,ClassicImages,08-05,1125330278056,5700,117323
OF1,64,ClassicImages,08-07,1188449535199,11410,161181
OF1,64,ClassicImages,08-10,1513217775641,4200,77336
OF1,64,ClassicImages,09-02,2032536913223,2013,68455
OF1,64,ClassicImages,09-03,2406954622370,5658,147452
OF1,64,ClassicImages,09-04,2299181820214,2913,81605
OF1,64,ClassicImages,09-05,1906825298287,2967,77080
OF1,64,ClassicImages,09-06,2017605138837,2141,62596
OF1,64,ClassicImages,09-07,1830277204574,3050,82450
OF1,64,ClassicImages,09-08,2676768805595,2294,73661
OF1,64,ClassicImages,09-10,2951865378671,2925,75965
OF1,64,GRFmoderate,01-02,1587947829345,3516,71253
OF1,64,GRFmoderate,01-03,1245776267821,4233,76979
OF1,64,GRFmoderate,01-04,1321747307651,3093,83277
OF1,64,GRFmoderate,01-05,1608520228750,2556,69960
OF1,64,GRFmoderate,01-06,2147452330968,4738,81363
OF1,64,GRFmoderate,01-07,1529971122870,3925,80567
OF1,64,GRFmoderate,01-08,1908145800542,3931,75563
OF1,64,GRFmoderate,01-09,1528486038499,3679,88250
OF1,64,GRFmoderate,01-10,1906764492456,2226,76855
OF1,64,GRFmoderate,02-03,1501060284905,7153,130876
OF1,64,GRFmoderate,02-04,2238627699241,2088,72676
OF1,64,GRFmoderate,02-05,2118732661175,7511,116548
OF1,64,GRFmoderate,02-07,1962053656606,4142,88920
OF1,64,GRFmoderate,02-10,2797317824183,4004,80413
OF1,64,GRFmoderate,03-07,1474849931647,3991,86883
OF1,64,GRFmoderate,03-10,2179979770929,2432,75535
OF1,64,GRFmoderate,04-03,1999434438166,2057,59965
OF1,64,GRFmoderate,04-07,1702306119303,6525,92411
OF1,64,GRFmoderate,04-10,1137785417836,5111,92480
OF1,64,GRFmoderate,05-03,1295935498137,6102,94038
OF1,64,GRFmoderate,05-04,2246808832916,2458,78518
OF1,64,GRFmoderate,05-07,1082470255574,8441,150669
OF1,64,GRFmoderate,05-10,2115513861763,2314,80928
OF1,64,GRFmoderate,06-02,2405164628826,3108,83458
OF1,64,GRFmoderate,06-03,1659032213686,2702,80536
OF1,64,GRFmoderate,06-04,2594181228593,2332,78542
OF1,64,GRFmoderate,06-05,893301231240,3606,77494
OF1,64,GRFmoderate,06-07,1524596181805,9794,186272
OF1,64,GRFmoderate,06-08,1395637169301,3490,71999
OF1,64,GRFmoderate,06-10,2380512888409,2259,79414
OF1,64,GRFmoderate,07-10,1522621140231,4125,98661
OF1,64,GRFmoderate,08-02,1843172628332,3853,93320
OF1,64,GRFmoderate,08-03,1327372020528,3281,81856
OF1,64,GRFmoderate,08-04,2626935344637,2828,79022
OF1,64,GRFmoderate,08-05,1277586520411,4205,94634
OF1,64,GRFmoderate,08-07,1351075108941,2115,71596
OF1,64,GRFmoderate,08-10,2616323138874,2100,68637
OF1,64,GRFmoderate,09-02,2215428380859,1941,60751
OF1,64,GRFmoderate,09-03,1635033984379,2629,70069
OF1,64,GRFmoderate,09-04,1316434868118,3907,90989
OF1,64,GRFmoderate,09-05,1325859253029,5226,76386
OF1,64,GRFmoderate,09-06,1633572599834,2031,62515
OF1,64,GRFmoderate,09-07,869904875357,2665,64327
OF1,64,GRFmoderate,09-08,1836258009876,1880,57456
OF1,64,GRFmoderate,09-10,1142204972437,5509,95602
OF1,64,GRFrough,01-02,452581794007,3366,74366
OF1,64,GRFrough,01-03,631941731636,4546,92079
OF1,64,GRFrough,01-04,650412393179,4136,88978
OF1,64,GRFrough,01-05,411038457628,4960,106692
OF1,64,GRFrough,01-06,481454118384,6276,127066
OF1,64,GRFrough,01-07,650060467149,5274,97889
OF1,64,GRFrough,01-08,434038374397,4804,91595
OF1,64,GRFrough,01-09,444965432991,6560,127057
OF1,64,GRFrough,01-10,519754349351,7272,237025
OF1,64,GRFrough,02-03,528041798093,3427,74602
OF1,64,GRFrough,02-04,634590853248,3364,83047
OF1,64,GRFrough,02-05,554041370566,4265,99602
OF1,64,GRFrough,02-07,505772722060,5795,126902
OF1,64,GRFrough,02-10,673415428604,6365,203434
OF1,64,GRFrough,03-07,426728677692,5934,107952
OF1,64,GRFrough,03-10,694242856815,6452,219333
OF1,64,GRFrough,04-03,552358327099,2988,75508
OF1,64,GRFrough,04-07,501597861464,3665,79485
OF1,64,GRFrough,04-10,680606037915,7255,209434
OF1,64,GRFrough,05-03,699444515405,3492,73444
OF1,64,GRFrough,05-04,636305059675,2507,78090
OF1,64,GRFrough,05-07,705214757490,4654,92728
OF1,64,GRFrough,05-10,431307582774,6913,202413
OF1,64,GRFrough,06-02,598182969925,5348,69424
OF1,64,GRFrough,06-03,705991201475,3106,84094
OF1,64,GRFrough,06-04,658456718333,2727,81105
OF1,64,GRFrough,06-05,349291287413,5721,98074
OF1,64,GRFrough,06-07,794899500179,6489,108005
OF1,64,GRFrough,06-08,563791345697,7863,126610
OF1,64,GRFrough,06-10,392993469369,7843,218557
OF1,64,GRFrough,07-10,746266060214,6396,207884
OF1,64,GRFrough,08-02,593172741341,2414,64147
OF1,64,GRFrough,08-03,686673836939,3249,79494
OF1,64,GRFrough,08-04,677305569676,6530,108811
OF1,64,GRFrough,08-05,497354031542,8165,141548
OF1,64,GRFrough,08-07,646271809038,4642,103553
OF1,64,GRFrough,08-10,490232870729,7462,215068
OF1,64,GRFrough,09-02,531855214099,3299,68027
OF1,64,GRFrough,09-03,727417517758,4048,88588
OF1,64,GRFrough,09-04,668052935773,3143,79825
OF1,64,GRFrough,09-05,300923953434,2624,65115
OF1,64,GRFrough,09-06,365977322435,5573,103012
OF1,64,GRFrough,09-07,721479170969,4290,98126
OF1,64,GRFrough,09-08,534133854616,6510,112148
OF1,64,GRFrough,09-10,437309503118,7374,220260
OF1,64,GRFsmooth,01-02,5297057360225,2915,79989
OF1,64,GRFsmooth,01-03,1913657792704,11304,116907
OF1,64,GRFsmooth,01-04,4674171121480,2801,87034
OF1,64,GRFsmooth,01-05,4057451613673,5357,88067
OF1,64,GRFsmooth,01-06,1915760468740,2491,81181
OF1,64,GRFsmooth,01-07,2721228824028,5051,101988
OF1,64,GRFsmooth,01-08,2534625112002,10390,122378
OF1,64,GRFsmooth,01-09,2107048301960,7417,130302
OF1,64,GRFsmooth,01-10,3672225748908,2075,66905
OF1,64,GRFsmooth,02-03,4212587703429,2626,83743
OF1,64,GRFsmooth,02-04,2479896800332,7184,105494
OF1,64,GRFsmooth,02-05,3424238927238,7080,98590
OF1,64,GRFsmooth,02-07,5547066022081,2299,84570
OF1,64,GRFsmooth,02-10,3553472976582,3598,87814
OF1,64,GRFsmooth,03-07,2874559196106,2600,98791
OF1,64,GRFsmooth,03-10,2780074459666,5267,86424
OF1,64,GRFsmooth,04-03,3604261148335,2295,83019
OF1,64,GRFsmooth,04-07,5180192001680,2598,105749
OF1,64,GRFsmooth,04-10,3745012261152,3706,105149
OF1,64,GRFsmooth,05-03,3682727014252,5015,84365
OF1,64,GRFsmooth,05-04,2965490408811,2312,68334
OF1,64,GRFsmooth,05-07,3551904129499,4333,88421
OF1,64,GRFsmooth,05-10,2280256480557,16865,373278
OF1,64,GRFsmooth,06-02,4345207123734,3336,74804
OF1,64,GRFsmooth,06-03,2039206900789,2268,67233
OF1,64,GRFsmooth,06-04,4179762606991,7552,127798
OF1,64,GRFsmooth,06-05,3409328418196,8190,117523
OF1,64,GRFsmooth,06-07,2186697701990,5857,83847
OF1,64,GRFsmooth,06-08,1938416774896,4948,95861
OF1,64,GRFsmooth,06-10,2603053906446,9044,107630
OF1,64,GRFsmooth,07-10,2444362004411,3969,94546
OF1,64,GRFsmooth,08-02,4011797573436,2307,80643
OF1,64,GRFsmooth,08-03,1610297204330,4499,79120
OF1,64,GRFsmooth,08-04,4048003911882,5308,114431
OF1,64,GRFsmooth,08-05,3921024347933,7444,143476
OF1,64,GRFsmooth,08-07,2821552928408,3299,84544
OF1,64,GRFsmooth,08-10,2145270271630,10707,159484
OF1,64,GRFsmooth,09-02,4211625393345,2556,72455
OF1,64,GRFsmooth,09-03,1251800430402,10123,116077
OF1,64,GRFsmooth,09-04,3783728345286,7470,126228
OF1,64,GRFsmooth,09-05,4202218314121,5349,108393
OF1,64,GRFsmooth,09-06,1866761065451,2530,89547
OF1,64,GRFsmooth,09-07,3404416437192,2420,83049
OF1,64,GRFsmooth,09-08,1964822961148,2956,80318
OF1,64,GRFsmooth,09-10,3283010477409,2698,80015
OF1,64,LogGRF,01-02,4413971397729,5720,147882
OF1,64,LogGRF,01-03,4773398278773,2862,105470
OF1,64,LogGRF,01-04,6430597192246,2762,116300
OF1,64,LogGRF,01-05,5099953822104,2537,94840
OF1,64,LogGRF,01-06,4943849501683,2645,99151
OF1,64,LogGRF,01-07,3089737491242,4967,123526
OF1,64,LogGRF,01-08,3360381636524,4239,114122
OF1,64,LogGRF,01-09,5022200296555,4645,123964
OF1,64,LogGRF,01-10,4580581105265,6898,118480
OF1,64,LogGRF,02-03,5306059466673,2346,89601
OF1,64,LogGRF,02-04,8597918892762,2708,106632
OF1,64,LogGRF,02-05,7073531615396,2464,98674
OF1,64,LogGRF,02-07,4100752005590,2860,101813
OF1,64,LogGRF,02-10,5793649935291,3151,111628
OF1,64,LogGRF,03-07,2747100395147,2969,79272
OF1,64,LogGRF,03-10,2460384483948,6107,125641
OF1,64,LogGRF,04-03,4548391866643,3825,85893
OF1,64,LogGRF,04-07,5515605355848,3326,91765
OF1,64,LogGRF,04-10,5226260654190,4380,97579
OF1,64,LogGRF,05-03,3376828870413,10268,153040
OF1,64,LogGRF,05-04,3026732919546,4301,106402
OF1,64,LogGRF,05-07,4047026440701,5622,125176
OF1,64,LogGRF,05-10,3420423714813,5938,117521
OF1,64,LogGRF,06-02,6259665047923,2619,93811
OF1,64,LogGRF,06-03,1857392157829,5597,92758
OF1,64,LogGRF,06-04,3388397307933,4252,106761
OF1,64,LogGRF,06-05,2405874195226,3170,99929
OF1,64,LogGRF,06-07,3047187375409,2758,86955
OF1,64,LogGRF,06-08,3121778633810,2618,77840
OF1,64,LogGRF,06-10,2609902986421,6322,118097
OF1,64,LogGRF,07-10,3391423276777,11488,203139
OF1,64,LogGRF,08-02,6343456509286,2647,106182
OF1,64,LogGRF,08-03,4064461267726,3542,108377
OF1,64,LogGRF,08-04,3832687600359,3665,102669
OF1,64,LogGRF,08-05,3024377273237,6300,124027
OF1,64,LogGRF,08-07,3451346462176,6898,141465
OF1,64,LogGRF,08-10,3918799413711,2394,97063
OF1,64,LogGRF,09-02,4019492892097,7300,116987
OF1,64,LogGRF,09-03,3242691767704,9326,219493
OF1,64,LogGRF,09-04,5516402871527,3212,108122
OF1,64,LogGRF,09-05,4565356708895,6338,115839
OF1,64,LogGRF,09-06,3477364194211,14507,317942
OF1,64,LogGRF,09-07,3408640118832,5019,101166
OF1,64,LogGRF,09-08,4826185827204,6847,129222
OF1,64,LogGRF,09-10,4687613809386,15840,318325
OF1,64,LogitGRF,01-02,1703422463193,4884,94000
OF1,64,LogitGRF,01-03,3022664827816,2631,95864
OF1,64,LogitGRF,01-04,3260474197838,8150,136304
OF1,64,LogitGRF,01-05,1609123655028,4893,104527
OF1,64,LogitGRF,01-06,1839145346825,7558,126065
OF1,64,LogitGRF,01-07,4087198064406,3004,97716
OF1,64,LogitGRF,01-08,2365185324975,6024,91082
OF1,64,LogitGRF,01-09,2242341366828,16163,191429
OF1,64,LogitGRF,01-10,2745184640811,5346,100726
OF1,64,LogitGRF,02-03,2952691724222,6725,102929
OF1,64,LogitGRF,02-04,2972703128162,10329,139450
OF1,64,LogitGRF,02-05,2155845848846,4418,87153
OF1,64,LogitGRF,02-07,3761680835654,5857,114776
OF1,64,LogitGRF,02-10,2689369288363,4425,89612
OF1,64,LogitGRF,03-07,2090136534895,3918,96124
OF1,64,LogitGRF,03-10,1262521953321,6854,94695
OF1,64,LogitGRF,04-03,2266251737066,11274,170167
OF1,64,LogitGRF,04-07,2159201534639,3326,93196
OF1,64,LogitGRF,04-10,1477412071987,8201,144796
OF1,64,LogitGRF,05-03,2836662510348,3750,102576
OF1,64,LogitGRF,05-04,2661368312031,8451,147351
OF1,64,LogitGRF,05-07,3633600399909,2509,96179
OF1,64,LogitGRF,05-10,2345004196559,6326,114502
OF1,64,LogitGRF,06-02,1923339635328,3893,96911
OF1,64,LogitGRF,06-03,3296019188181,3404,97066
OF1,64,LogitGRF,06-04,3301069518953,5549,119676
OF1,64,LogitGRF,06-05,1810817083285,4102,101056
OF1,64,LogitGRF,06-07,4222610193154,2779,100704
OF1,64,LogitGRF,06-08,2249144308913,3859,86655
OF1,64,LogitGRF,06-10,2846349937053,3899,97992
OF1,64,LogitGRF,07-10,1814786707555,5131,96435
OF1,64,LogitGRF,08-02,2422620342729,5430,135586
OF1,64,LogitGRF,08-03,3463453166383,3932,99450
OF1,64,LogitGRF,08-04,2360765345015,4227,94068
OF1,64,LogitGRF,08-05,1889298097874,4591,104274
OF1,64,LogitGRF,08-07,3885451602718,3613,95367
OF1,64,LogitGRF,08-10,2732100437731,4213,100766
OF1,64,LogitGRF,09-02,2381492612002,4606,105385
OF1,64,LogitGRF,09-03,1684359436554,4615,105322
OF1,64,LogitGRF,09-04,1910836785893,6864,126706
OF1,64,LogitGRF,09-05,1993415423710,4160,88578
OF1,64,LogitGRF,09-06,2541406926194,6757,125676
OF1,64,LogitGRF,09-07,2384447743957,5265,114181
OF1,64,LogitGRF,09-08,2253039809959,3473,77436
OF1,64,LogitGRF,09-10,1333910026421,4730,105996
OF1,64,MicroscopyImages,01-02,1933037880809,219,27324
OF1,64,MicroscopyImages,01-03,2913786476146,98,18575
OF1,64,MicroscopyImages,01-04,3153047709639,212,26364
OF1,64,MicroscopyImages,01-05,5863531025202,102,20245
OF1,64,MicroscopyImages,01-06,5612320711696,189,28168
OF1,64,MicroscopyImages,01-07,3058514524690,172,25159
OF1,64,MicroscopyImages,01-08,3650626027421,287,34117
OF1,64,MicroscopyImages,01-09,7695100332637,122,21995
OF1,64,MicroscopyImages,01-10,6329927187984,278,35888
OF1,64,MicroscopyImages,02-03,2170464758729,210,25018
OF1,64,MicroscopyImages,02-04,2883756037376,465,42085
OF1,64,MicroscopyImages,02-05,4908976186911,227,31237
OF1,64,MicroscopyImages,02-07,2501047169748,407,39522
OF1,64,MicroscopyImages,02-10,5540044862079,637,53766
OF1,64,MicroscopyImages,03-07,2192286373935,176,23808
OF1,64,MicroscopyImages,03-10,4277400131119,305,35159
OF1,64,MicroscopyImages,04-03,2024651660949,242,31015
OF1,64,MicroscopyImages,04-07,3115113651894,407,40345
OF1,64,MicroscopyImages,04-10,3605880416081,598,48050
OF1,64,MicroscopyImages,05-03,3524903057245,115,19632
OF1,64,MicroscopyImages,05-04,3423885169647,256,34700
OF1,64,MicroscopyImages,05-07,4748714785186,180,27605
OF1,64,MicroscopyImages,05-10,2619748054248,295,33193
OF1,64,MicroscopyImages,06-02,5149652433058,424,43314
OF1,64,MicroscopyImages,06-03,4114613075499,209,29128
OF1,64,MicroscopyImages,06-04,2999307391786,427,41800
OF1,64,MicroscopyImages,06-05,2442054261902,188,25627
OF1,64,MicroscopyImages,06-07,5266205612655,326,38151
OF1,64,MicroscopyImages,06-08,5406339046079,526,48056
OF1,64,MicroscopyImages,06-10,2371726484262,516,44080
OF1,64,MicroscopyImages,07-10,5451472021700,528,50513
OF1,64,MicroscopyImages,08-02,2529021911286,628,50535
OF1,64,MicroscopyImages,08-03,2233731565815,293,33057
OF1,64,MicroscopyImages,08-04,3610028766017,600,48623
OF1,64,MicroscopyImages,08-05,4517215059933,315,37197
OF1,64,MicroscopyImages,08-07,1426292299736,541,45190
OF1,64,MicroscopyImages,08-10,5262818256291,763,59580
OF1,64,MicroscopyImages,09-02,6732046577118,277,34340
OF1,64,MicroscopyImages,09-03,5396010944121,127,21755
OF1,64,MicroscopyImages,09-04,5155035200875,284,33676
OF1,64,MicroscopyImages,09-05,3641341154263,124,20280
OF1,64,MicroscopyImages,09-06,3911287705934,233,31297
OF1,64,MicroscopyImages,09-07,6466455185640,235,33166
OF1,64,MicroscopyImages,09-08,6065603354691,361,39857
OF1,64,MicroscopyImages,09-10,1980076094442,365,36570
OF1,64,Shapes,01-02,3761703152000,748,55031
OF1,64,Shapes,01-03,661218000000,798,61107
OF1,64,Shapes,01-04,2635573393625,956,52228
OF1,64,Shapes,01-05,2020997141137,727,47704
OF1,64,Shapes,01-06,4885707600000,809,73490
OF1,64,Shapes,01-07,3445903605052,1124,61418
OF1,64,Shapes,01-08,2777837723233,523,44227
OF1,64,Shapes,01-09,1816923600000,753,59424
OF1,64,Shapes,01-10,1128737854197,919,51661
OF1,64,Shapes,02-03,3775127856000,355,36418
OF1,64,Shapes,02-04,1228244787651,310,25385
OF1,64,Shapes,02-05,4466036637098,358,37949
OF1,64,Shapes,02-07,3618592877774,423,40415
OF1,64,Shapes,02-10,4282528170073,391,38031
OF1,64,Shapes,03-07,3490280055972,574,47743
OF1,64,Shapes,03-10,1285017332704,439,36669
OF1,64,Shapes,04-03,2672276707461,512,41892
OF1,64,Shapes,04-07,3264657445338,582,44800
OF1,64,Shapes,04-10,3142263030962,512,40603
OF1,64,Shapes,05-03,2074974882391,370,34085
OF1,64,Shapes,05-04,3293049404345,486,40085
OF1,64,Shapes,05-07,3994971609563,583,47234
OF1,64,Shapes,05-10,2169436235431,439,33924
OF1,64,Shapes,06-02,4614142224000,342,33960
OF1,64,Shapes,06-03,4901329800000,525,54287
OF1,64,Shapes,06-04,4425880294942,575,48968
OF1,64,Shapes,06-05,5146550274460,452,47657
OF1,64,Shapes,06-07,7642591175087,666,61885
OF1,64,Shapes,06-08,4609379525989,314,37200
OF1,64,Shapes,06-10,5034161044137,518,47929
OF1,64,Shapes,07-10,3739652566870,588,45948
OF1,64,Shapes,08-02,1771554713405,184,21260
OF1,64,Shapes,08-03,2810418115382,274,30157
OF1,64,Shapes,08-04,1140406275471,282,23550
OF1,64,Shapes,08-05,2992125727277,270,29631
OF1,64,Shapes,08-07,3418959273438,367,38337
OF1,64,Shapes,08-10,3428930465738,298,31266
OF1,64,Shapes,09-02,4105034336000,340,35296
OF1,64,Shapes,09-03,1861470800000,556,52756
OF1,64,Shapes,09-04,3203137960472,511,41176
OF1,64,Shapes,09-05,2750655501402,376,34224
OF1,64,Shapes,09-06,5075084000000,862,45102
OF1,64,Shapes,09-07,3859935056691,608,49171
OF1,64,Shapes,09-08,3312279739180,289,30770
OF1,64,Shapes,09-10,2136910932614,438,34342
OF1,64,WhiteNoise,01-02,245363033670,2917,64915
OF1,64,WhiteNoise,01-03,247737532099,2787,65126
OF1,64,WhiteNoise,01-04,272130427874,2189,61263
OF1,64,WhiteNoise,01-05,272157736657,3125,67861
OF1,64,WhiteNoise,01-06,260097810597,3178,72253
OF1,64,WhiteNoise,01-07,357909445388,3198,75356
OF1,64,WhiteNoise,01-08,311019961042,2483,60862
OF1,64,WhiteNoise,01-09,290591373588,2395,62029
OF1,64,WhiteNoise,01-10,295542271238,2981,67531
OF1,64,WhiteNoise,02-03,283852277029,3099,66571
OF1,64,WhiteNoise,02-04,303732973620,3779,77093
OF1,64,WhiteNoise,02-05,276121003013,2135,56256
OF1,64,WhiteNoise,02-07,330335743829,2674,62763
OF1,64,WhiteNoise,02-10,305780170982,2473,57675
OF1,64,WhiteNoise,03-07,375280623011,3246,75906
OF1,64,WhiteNoise,03-10,323626758518,2832,65944
OF1,64,WhiteNoise,04-03,257943632786,3155,66451
OF1,64,WhiteNoise,04-07,347170394351,3304,70935
OF1,64,WhiteNoise,04-10,293940873389,3496,73230
OF1,64,WhiteNoise,05-03,271272677144,2436,66561
OF1,64,WhiteNoise,05-04,280191432226,3133,69980
OF1,64,WhiteNoise,05-07,295464679242,2582,65809
OF1,64,WhiteNoise,05-10,256359741139,2576,58090
OF1,64,WhiteNoise,06-02,246790579470,3068,67192
OF1,64,WhiteNoise,06-03,288059431860,2717,66702
OF1,64,WhiteNoise,06-04,271152270983,3029,70105
OF1,64,WhiteNoise,06-05,262101081129,2668,61063
OF1,64,WhiteNoise,06-07,270386824871,2182,54877
OF1,64,WhiteNoise,06-08,261052633068,3492,70671
OF1,64,WhiteNoise,06-10,275050371286,2470,59847
OF1,64,WhiteNoise,07-10,264914314246,2308,58775
OF1,64,WhiteNoise,08-02,321729913398,4071,88746
OF1,64,WhiteNoise,08-03,309762362025,3101,72218
OF1,64,WhiteNoise,08-04,261072617114,2880,67569
OF1,64,WhiteNoise,08-05,289564282929,3760,76287
OF1,64,WhiteNoise,08-07,278888168807,3216,72887
OF1,64,WhiteNoise,08-10,268728138733,3018,65948
OF1,64,WhiteNoise,09-02,317312248838,4620,95115
OF1,64,WhiteNoise,09-03,291549084250,4120,78316
OF1,64,WhiteNoise,09-04,247412557394,2594,65613
OF1,64,WhiteNoise,09-05,299051975851,3665,75116
OF1,64,WhiteNoise,09-06,266336102255,3825,79835
OF1,64,WhiteNoise,09-07,317155592220,3279,70659
OF1,64,WhiteNoise,09-08,255076297419,2677,60551
OF1,64,WhiteNoise,09-10,303166476022,3485,76645
OF1,128,CauchyDensity,01-06,77963299850289,294320,851658
OF1,128,CauchyDensity,01-10,61875262685587,621624,969944
OF1,128,CauchyDensity,02-01,30812793496257,481715,2414637
OF1,128,CauchyDensity,02-04,51195433057164,58147,522847
OF1,128,CauchyDensity,02-06,65514207500694,125660,570608
OF1,128,CauchyDensity,02-10,57192961117153,163650,583502
OF1,128,CauchyDensity,03-01,73696269732703,422677,1610678
OF1,128,CauchyDensity,03-02,59516838218496,69526,698330
OF1,128,CauchyDensity,03-04,18384075888514,340875,932016
OF1,128,CauchyDensity,03-06,17094008844641,396177,564626
OF1,128,CauchyDensity,03-07,16893881607251,1002064,1456776
OF1,128,CauchyDensity,03-08,25833169795630,1326713,2030034
OF1,128,CauchyDensity,03-09,25173056046715,387620,642590
OF1,128,CauchyDensity,03-10,39628022461514,882728,1008203
OF1,128,CauchyDensity,04-01,63030129283372,468445,1355843
OF1,128,CauchyDensity,04-06,20596577009951,470606,691532
OF1,128,CauchyDensity,04-10,40929794269548,383426,573380
OF1,128,CauchyDensity,05-01,56014326624270,587028,1520803
OF1,128,CauchyDensity,05-02,45310007026125,425345,937670
OF1,128,CauchyDensity,05-03,30672106912821,87284,445061
OF1,128,CauchyDensity,05-04,23552431785544,155295,391753
OF1,128,CauchyDensity,05-06,27544619876812,43022,300947
OF1,128,CauchyDensity,05-07,18809364503402,60289,294257
OF1,128,CauchyDensity,05-08,12498458319466,95323,307822
OF1,128,CauchyDensity,05-09,24317766472158,40588,314937
OF1,128,CauchyDensity,05-10,44217068822603,51439,397725
OF1,128,CauchyDensity,07-01,65653384149236,452724,1222354
OF1,128,CauchyDensity,07-02,52813762999471,118723,762229
OF1,128,CauchyDensity,07-04,13411305066066,438344,726285
OF1,128,CauchyDensity,07-06,13608330559134,51650,388848
OF1,128,CauchyDensity,07-10,36246294552419,52154,442554
OF1,128,CauchyDensity,08-01,56231166872867,462797,1337748
OF1,128,CauchyDensity,08-02,44935745936252,124641,689038
OF1,128,CauchyDensity,08-04,18763135084420,879058,672832
OF1,128,CauchyDensity,08-06,24479717566067,49818,393235
OF1,128,CauchyDensity,08-07,11272390035382,76261,370072
OF1,128,CauchyDensity,08-10,33278492795992,48820,398321
OF1,128,CauchyDensity,09-01,72863850813014,303622,974280
OF1,128,CauchyDensity,09-02,62968921752438,350925,775109
OF1,128,CauchyDensity,09-04,18630730462643,467632,703235
OF1,128,CauchyDensity,09-06,12646547887306,196200,545036
OF1,128,CauchyDensity,09-07,12779102989005,87419,395063
OF1,128,CauchyDensity,09-08,21176136549638,50120,380000
OF1,128,CauchyDensity,09-10,45291741454828,54941,460623
OF1,128,CauchyDensity,10-06,42692842755151,55418,473825
OF1,128,ClassicImages,01-06,18645112594246,79932,470544
OF1,128,ClassicImages,01-10,18563499273621,390787,771232
OF1,128,ClassicImages,02-01,13206694367645,106681,473388
OF1,128,ClassicImages,02-04,5673372720574,363588,1354084
OF1,128,ClassicImages,02-06,6691698021871,186724,451568
OF1,128,ClassicImages,02-10,10982106645912,470560,759626
OF1,128,ClassicImages,03-01,14768389887219,291376,640190
OF1,128,ClassicImages,03-02,10258678098769,359189,577069
OF1,128,ClassicImages,03-04,8489030441482,340024,1051108
OF1,128,ClassicImages,03-06,11684227895866,119619,427111
OF1,128,ClassicImages,03-07,12476695498653,492545,1499428
OF1,128,ClassicImages,03-08,10343178878721,213004,501195
OF1,128,ClassicImages,03-09,19261299686961,116000,592353
OF1,128,ClassicImages,03-10,16076139528521,413401,706307
OF1,128,ClassicImages,04-01,10866773043380,179577,557550
OF1,128,ClassicImages,04-06,10358148166491,262769,682782
OF1,128,ClassicImages,04-10,14296530070605,334217,647662
OF1,128,ClassicImages,05-01,12522807904697,210794,624110
OF1,128,ClassicImages,05-02,5743010652191,235375,616636
OF1,128,ClassicImages,05-03,9556461438684,517021,727104
OF1,128,ClassicImages,05-04,6931031311429,265005,808495
OF1,128,ClassicImages,05-06,8784823286820,132418,359126
OF1,128,ClassicImages,05-07,6672373462404,414531,999910
OF1,128,ClassicImages,05-08,9008630815202,367697,851486
OF1,128,ClassicImages,05-09,15259404860920,141787,479653
OF1,128,ClassicImages,05-10,13911921114858,530851,1074703
OF1,128,ClassicImages,07-01,14894533644273,332187,718932
OF1,128,ClassicImages,07-02,6556387310073,478774,1176322
OF1,128,ClassicImages,07-04,9684796622234,718817,1515729
OF1,128,ClassicImages,07-06,8445711952337,507556,703872
OF1,128,ClassicImages,07-10,12000191091797,400448,935673
OF1,128,ClassicImages,08-01,11907678255251,333454,943958
OF1,128,ClassicImages,08-02,7508434309823,525308,1352498
OF1,128,ClassicImages,08-04,7116201888494,229337,697437
OF1,128,ClassicImages,08-06,10018194379967,634203,1037853
OF1,128,ClassicImages,08-07,9513296149889,1011504,1834071
OF1,128,ClassicImages,08-10,12114936622660,346626,698143
OF1,128,ClassicImages,09-01,21870505265167,49565,447210
OF1,128,ClassicImages,09-02,16263210078575,60483,368114
OF1,128,ClassicImages,09-04,18398249756278,208488,563589
OF1,128,ClassicImages,09-06,16143212846843,45339,359694
OF1,128,ClassicImages,09-07,14647337691591,212412,637383
OF1,128,ClassicImages,09-08,21417660911901,80036,410378
OF1,128,ClassicImages,09-10,23620331569406,124894,447536
OF1,128,ClassicImages,10-06,10865574426979,666440,897968
OF1,128,GRFmoderate,01-06,18004323104391,56220,416967
OF1,128,GRFmoderate,01-10,13025131748517,161543,365115
OF1,128,GRFmoderate,02-01,16732468400280,181757,477994
OF1,128,GRFmoderate,02-04,11973171667197,160050,491426
OF1,128,GRFmoderate,02-06,18211035937440,276731,527990
OF1,128,GRFmoderate,02-10,7223653228073,250772,675801
OF1,128,GRFmoderate,03-01,16688563299008,156785,467876
OF1,128,GRFmoderate,03-02,11799641301110,274237,613288
OF1,128,GRFmoderate,03-04,9785291942801,514110,1275088
OF1,128,GRFmoderate,03-06,11501493052799,158008,525728
OF1,128,GRFmoderate,03-07,13104137894084,242328,608209
OF1,128,GRFmoderate,03-08,11063019823572,136590,513645
OF1,128,GRFmoderate,03-09,12287439884137,211710,609771
OF1,128,GRFmoderate,03-10,11270154230759,478494,812958
OF1,128,GRFmoderate,04-01,12792022868696,80061,459988
OF1,128,GRFmoderate,04-06,11744087178498,542752,631894
OF1,128,GRFmoderate,04-10,8873743298105,322454,502051
OF1,128,GRFmoderate,05-01,16998601269615,170438,456192
OF1,128,GRFmoderate,05-02,9164391833923,437584,1407699
OF1,128,GRFmoderate,05-03,10204488340916,441305,1056839
OF1,128,GRFmoderate,05-04,12221432143446,638492,1142350
OF1,128,GRFmoderate,05-06,15417159063306,248851,553831
OF1,128,GRFmoderate,05-07,13762206849961,340538,758713
OF1,128,GRFmoderate,05-08,12088026701749,144608,483461
OF1,128,GRFmoderate,05-09,13879594007581,147818,469054
OF1,128,GRFmoderate,05-10,10317167375880,401327,1268096
OF1,128,GRFmoderate,07-01,5033811539606,456393,952784
OF1,128,GRFmoderate,07-02,13419479742561,81886,399649
OF1,128,GRFmoderate,07-04,9752516526886,246599,590641
OF1,128,GRFmoderate,07-06,15900390503948,176308,465649
OF1,128,GRFmoderate,07-10,9887326300578,368202,481798
OF1,128,GRFmoderate,08-01,11697336584242,271789,552585
OF1,128,GRFmoderate,08-02,15682318929533,100309,403834
OF1,128,GRFmoderate,08-04,9921449300725,699402,1019939
OF1,128,GRFmoderate,08-06,9861122259353,535977,1031769
OF1,128,GRFmoderate,08-07,9288623980515,268487,564566
OF1,128,GRFmoderate,08-10,12475583399688,175783,448212
OF1,128,GRFmoderate,09-01,13596328690000,163610,548515
OF1,128,GRFmoderate,09-02,17553728661713,118795,456900
OF1,128,GRFmoderate,09-04,11884936307899,371441,909043
OF1,128,GRFmoderate,09-06,8876521248183,327738,750665
OF1,128,GRFmoderate,09-07,12160176339086,310760,827770
OF1,128,GRFmoderate,09-08,6497886284575,442581,913011
OF1,128,GRFmoderate,09-10,15168370945046,138432,533328
OF1,128,GRFmoderate,10-06,15933146050288,73712,386292
OF1,128,GRFrough,01-06,4301278131920,326046,892152
OF1,128,GRFrough,01-10,6518980949921,632030,1631735
OF1,128,GRFrough,02-01,3090139928989,213602,731315
OF1,128,GRFrough,02-04,5676004921186,164675,519378
OF1,128,GRFrough,02-06,4239565778851,329212,722194
OF1,128,GRFrough,02-10,6748394846441,530014,1031652
OF1,128,GRFrough,03-01,4665434196411,135080,418660
OF1,128,GRFrough,03-02,4784887158154,149769,401773
OF1,128,GRFrough,03-04,2597477672661,277815,752121
OF1,128,GRFrough,03-06,2917666073980,180953,539518
OF1,128,GRFrough,03-07,2394953589408,205274,767299
OF1,128,GRFrough,03-08,4614064157728,199317,1126284
OF1,128,GRFrough,03-09,3455339052598,203555,477557
OF1,128,GRFrough,03-10,4131150140962,501957,1223484
OF1,128,GRFrough,04-01,5394117348174,315260,509757
OF1,128,GRFrough,04-06,3922270425744,171253,497033
OF1,128,GRFrough,04-10,4212644869679,342677,733950
OF1,128,GRFrough,05-01,4968827759197,223312,489466
OF1,128,GRFrough,05-02,5322277434497,185911,513878
OF1,128,GRFrough,05-03,2359536283315,384543,983815
OF1,128,GRFrough,05-04,2879003184487,342279,734146
OF1,128,GRFrough,05-06,3505768328281,335401,668090
OF1,128,GRFrough,05-07,2702303507037,182794,665843
OF1,128,GRFrough,05-08,4981440597656,294848,1217080
OF1,128,GRFrough,05-09,3955434245973,259200,691745
OF1,128,GRFrough,05-10,4453047616196,517627,1095930
OF1,128,GRFrough,07-01,5113821380202,87208,352409
OF1,128,GRFrough,07-02,5422662717714,177340,403557
OF1,128,GRFrough,07-04,3183399782252,290336,832806
OF1,128,GRFrough,07-06,3006645192990,183392,449020
OF1,128,GRFrough,07-10,4897060887107,249056,688673
OF1,128,GRFrough,08-01,4499836387493,202010,1671590
OF1,128,GRFrough,08-02,4274373175937,292866,1538073
OF1,128,GRFrough,08-04,5662232477420,234149,1149803
OF1,128,GRFrough,08-06,4331285357316,239739,1355090
OF1,128,GRFrough,08-07,4247029871478,220367,1277501
OF1,128,GRFrough,08-10,6641105505926,176842,1135459
OF1,128,GRFrough,09-01,3688292870371,184394,575475
OF1,128,GRFrough,09-02,3531935185790,330485,580865
OF1,128,GRFrough,09-04,4494350290632,197531,593697
OF1,128,GRFrough,09-06,3039258253375,267651,690260
OF1,128,GRFrough,09-07,3887609285497,243061,692703
OF1,128,GRFrough,09-08,4184236245876,179880,1245646
OF1,128,GRFrough,09-10,4438724131284,447129,1295325
OF1,128,GRFrough,10-06,4425034030122,619091,1504089
OF1,128,GRFsmooth,01-06,53439015895241,53002,485249
OF1,128,GRFsmooth,01-10,34904835491997,71888,438965
OF1,128,GRFsmooth,02-01,37243781732103,154181,569929
OF1,128,GRFsmooth,02-04,21398145985173,532167,1157281
OF1,128,GRFsmooth,02-06,32011582221489,189043,619013
OF1,128,GRFsmooth,02-10,10375259188844,533567,1036776
OF1,128,GRFsmooth,03-01,37686363162718,421124,645062
OF1,128,GRFsmooth,03-02,27349305222037,48761,375171
OF1,128,GRFsmooth,03-04,36389706453401,69111,405687
OF1,128,GRFsmooth,03-06,22879571194216,49001,424059
OF1,128,GRFsmooth,03-07,26294455821625,269035,377097
OF1,128,GRFsmooth,03-08,23297219783926,49111,373925
OF1,128,GRFsmooth,03-09,25680786947393,438691,849155
OF1,128,GRFsmooth,03-10,29918838766429,51473,400415
OF1,128,GRFsmooth,04-01,45713520087917,62172,489127
OF1,128,GRFsmooth,04-06,31414667879191,61082,446218
OF1,128,GRFsmooth,04-10,21220040821175,138674,581098
OF1,128,GRFsmooth,05-01,29236925387602,570570,553376
OF1,128,GRFsmooth,05-02,20143963186499,119194,440672
OF1,128,GRFsmooth,05-03,13553463121783,540435,709589
OF1,128,GRFsmooth,05-04,28283750277119,148647,472909
OF1,128,GRFsmooth,05-06,25768496296079,278770,729770
OF1,128,GRFsmooth,05-07,19608508798965,98803,454335
OF1,128,GRFsmooth,05-08,15250437080770,665557,823790
OF1,128,GRFsmooth,05-09,22975867873182,479200,778117
OF1,128,GRFsmooth,05-10,20151463508304,114404,364154
OF1,128,GRFsmooth,07-01,40653887697867,151770,582988
OF1,128,GRFsmooth,07-02,15408235205923,558293,1083173
OF1,128,GRFsmooth,07-04,14855633023906,128908,358129
OF1,128,GRFsmooth,07-06,24169703736748,51515,463430
OF1,128,GRFsmooth,07-10,16878368784097,339251,670836
OF1,128,GRFsmooth,08-01,25238567232877,185639,477929
OF1,128,GRFsmooth,08-02,19472007010714,204633,679960
OF1,128,GRFsmooth,08-04,26359742364128,57581,432860
OF1,128,GRFsmooth,08-06,33866096446838,53933,480416
OF1,128,GRFsmooth,08-07,21084408547268,49962,378925
OF1,128,GRFsmooth,08-10,17025245406443,412965,512517
OF1,128,GRFsmooth,09-01,33496301226506,709506,1034041
OF1,128,GRFsmooth,09-02,21023153280592,317003,575992
OF1,128,GRFsmooth,09-04,29472582063690,323935,649523
OF1,128,GRFsmooth,09-06,36921040677799,585069,1066178
OF1,128,GRFsmooth,09-07,25876226926993,782411,1118675
OF1,128,GRFsmooth,09-08,17594018440047,698431,1744256
OF1,128,GRFsmooth,09-10,17174275595279,288751,632269
OF1,128,GRFsmooth,10-06,34374458006626,212084,714169
OF1,128,LogGRF,01-06,24580620072831,943857,1791922
OF1,128,LogGRF,01-10,59455378776508,111784,818060
OF1,128,LogGRF,02-01,58046922593176,197147,774109
OF1,128,LogGRF,02-04,81357596365442,59244,616166
OF1,128,LogGRF,02-06,70908370980894,257447,706907
OF1,128,LogGRF,02-10,90208679397495,62856,643522
OF1,128,LogGRF,03-01,34315722050261,69061,497521
OF1,128,LogGRF,03-02,86917129127640,69436,699263
OF1,128,LogGRF,03-04,51847317030800,112740,608881
OF1,128,LogGRF,03-06,29578124168244,306052,630236
OF1,128,LogGRF,03-07,56382652541634,421121,1425639
OF1,128,LogGRF,03-08,48466122169358,180570,570981
OF1,128,LogGRF,03-09,64028457878244,125540,583382
OF1,128,LogGRF,03-10,68018700761749,63125,641174
OF1,128,LogGRF,04-01,63563854566502,49967,493658
OF1,128,LogGRF,04-06,65487036515466,49113,458272
OF1,128,LogGRF,04-10,110487394364018,54718,540450
OF1,128,LogGRF,05-01,37632416503094,116380,492520
OF1,128,LogGRF,05-02,84409920169559,62773,624885
OF1,128,LogGRF,05-03,23203514974400,342071,846375
OF1,128,LogGRF,05-04,43428300233227,409513,872173
OF1,128,LogGRF,05-06,39509528417376,792660,1022940
OF1,128,LogGRF,05-07,47897339974810,151867,651509
OF1,128,LogGRF,05-08,41615000832369,66687,466550
OF1,128,LogGRF,05-09,63625841632060,114396,619583
OF1,128,LogGRF,05-10,82108299212657,71559,735508
OF1,128,LogGRF,07-01,42364256207723,158880,627597
OF1,128,LogGRF,07-02,47929109827245,53139,475261
OF1,128,LogGRF,07-04,35544558853350,608370,988251
OF1,128,LogGRF,07-06,55991618726552,216071,562336
OF1,128,LogGRF,07-10,93859011669719,62142,628947
OF1,128,LogGRF,08-01,23821369830959,694199,1333298
OF1,128,LogGRF,08-02,46688155781131,168478,607437
OF1,128,LogGRF,08-04,58138961325686,152634,697534
OF1,128,LogGRF,08-06,40625830747794,451480,981824
OF1,128,LogGRF,08-07,28377538235511,346570,917033
OF1,128,LogGRF,08-10,76091124681464,65368,652154
OF1,128,LogGRF,09-01,35714466627944,889030,1104110
OF1,128,LogGRF,09-02,31508146493813,198132,789438
OF1,128,LogGRF,09-04,72660560770441,72839,749240
OF1,128,LogGRF,09-06,45164066135076,174513,578798
OF1,128,LogGRF,09-07,40471894445501,62495,600635
OF1,128,LogGRF,09-08,28783268172002,372253,855436
OF1,128,LogGRF,09-10,65171057975260,59514,617412
OF1,128,LogGRF,10-06,46858287834855,78317,516669
OF1,128,LogitGRF,01-06,16400998469268,275178,668518
OF1,128,LogitGRF,01-10,24811937649547,290247,611013
OF1,128,LogitGRF,02-01,28534716601722,110123,517757
OF1,128,LogitGRF,02-04,18135419068320,327197,914105
OF1,128,LogitGRF,02-06,22944585397588,225790,657818
OF1,128,LogitGRF,02-10,20103207245035,400532,991589
OF1,128,LogitGRF,03-01,14234553813978,564100,973893
OF1,128,LogitGRF,03-02,20427281142643,152758,494713
OF1,128,LogitGRF,03-04,15134810665636,757658,2252707
OF1,128,LogitGRF,03-06,13429292091100,458745,1278817
OF1,128,LogitGRF,03-07,16023303613345,240069,543933
OF1,128,LogitGRF,03-08,24188914599918,80524,474679
OF1,128,LogitGRF,03-09,20846768921413,371009,1128311
OF1,128,LogitGRF,03-10,14827513087646,453933,935991
OF1,128,LogitGRF,04-01,19702280732321,211115,658677
OF1,128,LogitGRF,04-06,17311654365108,622775,953228
OF1,128,LogitGRF,04-10,20006202039826,511643,834637
OF1,128,LogitGRF,05-01,12537274006911,743698,1081473
OF1,128,LogitGRF,05-02,21699864084243,443630,619514
OF1,128,LogitGRF,05-03,13807895859004,1154247,2032601
OF1,128,LogitGRF,05-04,17200747910575,749998,1049347
OF1,128,LogitGRF,05-06,15897836325632,484538,1211203
OF1,128,LogitGRF,05-07,25341284719884,298006,737195
OF1,128,LogitGRF,05-08,32779430488129,242963,553024
OF1,128,LogitGRF,05-09,25573491432380,385023,1139720
OF1,128,LogitGRF,05-10,23432363593510,384493,924266
OF1,128,LogitGRF,07-01,23597615687560,208050,710587
OF1,128,LogitGRF,07-02,24221262832406,321135,631044
OF1,128,LogitGRF,07-04,19846796446840,499976,991876
OF1,128,LogitGRF,07-06,20643447087734,345192,754410
OF1,128,LogitGRF,07-10,12472596684234,235360,805830
OF1,128,LogitGRF,08-01,32462943183610,326202,864250
OF1,128,LogitGRF,08-02,22865707494156,191710,736390
OF1,128,LogitGRF,08-04,20891600730345,658923,1179526
OF1,128,LogitGRF,08-06,26966061840605,80116,503444
OF1,128,LogitGRF,08-07,18593237086281,867113,2438159
OF1,128,LogitGRF,08-10,17913596576819,494300,872902
OF1,128,LogitGRF,09-01,22550329024280,657116,998812
OF1,128,LogitGRF,09-02,31237892251606,355502,784106
OF1,128,LogitGRF,09-04,20347388664861,372236,609642
OF1,128,LogitGRF,09-06,20438189951212,309938,862143
OF1,128,LogitGRF,09-07,21758642231815,874467,1570818
OF1,128,LogitGRF,09-08,24861592643487,340171,577902
OF1,128,LogitGRF,09-10,18742471409056,581888,1059221
OF1,128,LogitGRF,10-06,16322582048733,355858,940594
OF1,128,MicroscopyImages,01-06,31964076390576,12168,340263
OF1,128,MicroscopyImages,01-10,29105081220100,8312,256495
OF1,128,MicroscopyImages,02-01,9067253622236,10531,292282
OF1,128,MicroscopyImages,02-04,19365105272179,26115,468208
OF1,128,MicroscopyImages,02-06,31528172115919,25131,493760
OF1,128,MicroscopyImages,02-10,22229399414960,17068,378563
OF1,128,MicroscopyImages,03-01,21978039336810,6057,207102
OF1,128,MicroscopyImages,03-02,22677880592743,13874,331806
OF1,128,MicroscopyImages,03-04,5909491457648,14966,312442
OF1,128,MicroscopyImages,03-06,33607069672071,13168,320728
OF1,128,MicroscopyImages,03-07,43290658260925,6534,243711
OF1,128,MicroscopyImages,03-08,40553726110401,12029,333708
OF1,128,MicroscopyImages,03-09,41252464001998,5238,216409
OF1,128,MicroscopyImages,03-10,37206188541900,12993,370570
OF1,128,MicroscopyImages,04-01,18427238619388,12170,284770
OF1,128,MicroscopyImages,04-06,30482742444564,26271,461776
OF1,128,MicroscopyImages,04-10,34701393839153,22737,500915
OF1,128,MicroscopyImages,05-01,38336121289788,5745,220412
OF1,128,MicroscopyImages,05-02,37892088656180,14033,368738
OF1,128,MicroscopyImages,05-03,38929345632814,7672,256897
OF1,128,MicroscopyImages,05-04,36195114826070,14130,365862
OF1,128,MicroscopyImages,05-06,8577637201539,12831,321216
OF1,128,MicroscopyImages,05-07,45694629534839,5501,221222
OF1,128,MicroscopyImages,05-08,44134927383277,10351,311486
OF1,128,MicroscopyImages,05-09,54689954678689,4310,199480
OF1,128,MicroscopyImages,05-10,42465006109702,9767,299684
OF1,128,MicroscopyImages,07-01,44992884634117,5192,208741
OF1,128,MicroscopyImages,07-02,43692830847747,10857,323741
OF1,128,MicroscopyImages,07-04,42403862792043,13275,332082
OF1,128,MicroscopyImages,07-06,40070623920443,11009,301985
OF1,128,MicroscopyImages,07-10,44627715842083,8969,286013
OF1,128,MicroscopyImages,08-01,42544508340125,9449,291204
OF1,128,MicroscopyImages,08-02,40406607504373,20173,446324
OF1,128,MicroscopyImages,08-04,39496574970305,21728,442342
OF1,128,MicroscopyImages,08-06,37716801898623,18888,394418
OF1,128,MicroscopyImages,08-07,6860865761332,8573,230702
OF1,128,MicroscopyImages,08-10,41392587670255,16623,402975
OF1,128,MicroscopyImages,09-01,37776180493478,3562,167687
OF1,128,MicroscopyImages,09-02,31397838641571,7848,265519
OF1,128,MicroscopyImages,09-04,39753794376469,9647,309411
OF1,128,MicroscopyImages,09-06,49413956355481,9203,308172
OF1,128,MicroscopyImages,09-07,50620334739458,3571,181085
OF1,128,MicroscopyImages,09-08,47117113113342,7116,261455
OF1,128,MicroscopyImages,09-10,15418041366957,6414,223150
OF1,128,MicroscopyImages,10-06,36978122251185,18596,412744
OF1,128,Shapes,01-06,39079581200000,20449,540304
OF1,128,Shapes,01-10,9116360473270,18877,296134
OF1,128,Shapes,02-01,30089682768000,16153,363801
OF1,128,Shapes,02-04,9828079538621,6455,159589
OF1,128,Shapes,02-06,36902727232000,8122,232586
OF1,128,Shapes,02-10,34309484066648,8071,252369
OF1,128,Shapes,03-01,5215058400000,18148,450257
OF1,128,Shapes,03-02,30191854640000,7707,233514
OF1,128,Shapes,03-04,21405975170708,12281,260874
OF1,128,Shapes,03-06,39201057000000,13905,259585
OF1,128,Shapes,03-07,27724179163594,13186,325822
OF1,128,Shapes,03-08,22413663182980,5872,178096
OF1,128,Shapes,03-09,14884410000000,16967,450662
OF1,128,Shapes,03-10,10308090338288,9232,219999
OF1,128,Shapes,04-01,21122970788875,23785,326012
OF1,128,Shapes,04-06,35393684496039,14802,393915
OF1,128,Shapes,04-10,25257237660889,10827,232579
OF1,128,Shapes,05-01,16104272362320,16216,309998
OF1,128,Shapes,05-02,35632863187626,7155,236256
OF1,128,Shapes,05-03,16538091788224,8297,204448
OF1,128,Shapes,05-04,26286605059705,9823,237318
OF1,128,Shapes,05-06,41140952832632,10982,308220
OF1,128,Shapes,05-07,31788646140061,13072,338349
OF1,128,Shapes,05-08,23777487020325,4885,172113
OF1,128,Shapes,05-09,21941713050148,7708,199435
OF1,128,Shapes,05-10,17339885619272,8529,204740
OF1,128,Shapes,07-01,27369103071814,26010,441971
OF1,128,Shapes,07-02,28792951239766,10490,294034
OF1,128,Shapes,07-04,25958138667557,14166,317328
OF1,128,Shapes,07-06,60957454023330,16955,491065
OF1,128,Shapes,07-10,29802054674412,13390,294423
OF1,128,Shapes,08-01,22160431238274,11995,275218
OF1,128,Shapes,08-02,14217096526661,3963,127384
OF1,128,Shapes,08-04,9126415302412,5661,146979
OF1,128,Shapes,08-06,36858918817906,7907,275204
OF1,128,Shapes,08-07,27153789865175,9124,268210
OF1,128,Shapes,08-10,27443247840388,6461,191918
OF1,128,Shapes,09-01,14491963200000,16345,392922
OF1,128,Shapes,09-02,32821224192000,7458,234037
OF1,128,Shapes,09-04,25645830549206,11690,263534
OF1,128,Shapes,09-06,40573869400000,20865,284745
OF1,128,Shapes,09-07,30639181422955,13930,344126
OF1,128,Shapes,09-08,26380187673473,6083,188912
OF1,128,Shapes,09-10,17110674476862,8444,194423
OF1,128,Shapes,10-06,40286995373499,12523,331916
OF1,128,WhiteNoise,01-06,1217611100004,85630,385283
OF1,128,WhiteNoise,01-10,1041588985415,104530,359492
OF1,128,WhiteNoise,02-01,1079452759766,133941,510033
OF1,128,WhiteNoise,02-04,1164039060605,153125,597646
OF1,128,WhiteNoise,02-06,1381849138685,143270,554825
OF1,128,WhiteNoise,02-10,1195895819678,106223,454083
OF1,128,WhiteNoise,03-01,1126179413511,92861,374957
OF1,128,WhiteNoise,03-02,1184678895027,135054,472784
OF1,128,WhiteNoise,03-04,1209491561768,109609,440425
OF1,128,WhiteNoise,03-06,1022950327079,112625,411315
OF1,128,WhiteNoise,03-07,1140090617639,123351,434306
OF1,128,WhiteNoise,03-08,1121800162833,111707,442889
OF1,128,WhiteNoise,03-09,1200888396510,110042,392272
OF1,128,WhiteNoise,03-10,1141048784113,55439,307618
OF1,128,WhiteNoise,04-01,996723490415,98777,378543
OF1,128,WhiteNoise,04-06,1248102495158,66128,367685
OF1,128,WhiteNoise,04-10,1054168748157,113859,439320
OF1,128,WhiteNoise,05-01,1097056994561,77806,359296
OF1,128,WhiteNoise,05-02,1351846772000,133148,529384
OF1,128,WhiteNoise,05-03,1184297185103,93989,378103
OF1,128,WhiteNoise,05-04,1120112645646,76001,351180
OF1,128,WhiteNoise,05-06,1146550918690,90418,370036
OF1,128,WhiteNoise,05-07,1098679323434,84420,371105
OF1,128,WhiteNoise,05-08,1218571771786,88599,362691
OF1,128,WhiteNoise,05-09,1067014196027,85494,352397
OF1,128,WhiteNoise,05-10,1131462264626,91102,364875
OF1,128,WhiteNoise,07-01,1068195966606,96806,357488
OF1,128,WhiteNoise,07-02,1270420921956,155234,589060
OF1,128,WhiteNoise,07-04,1065182515019,101365,379836
OF1,128,WhiteNoise,07-06,1157528936889,69454,360224
OF1,128,WhiteNoise,07-10,1081331325832,86805,347471
OF1,128,WhiteNoise,08-01,1314700559997,103783,368303
OF1,128,WhiteNoise,08-02,1417306493934,122990,467787
OF1,128,WhiteNoise,08-04,1275972346465,87448,335478
OF1,128,WhiteNoise,08-06,1200982136193,120161,387155
OF1,128,WhiteNoise,08-07,1192262832245,107538,376152
OF1,128,WhiteNoise,08-10,1180375339436,92991,343164
OF1,128,WhiteNoise,09-01,1025084636345,65935,325154
OF1,128,WhiteNoise,09-02,1130115811805,116294,475156
OF1,128,WhiteNoise,09-04,1035199628864,127144,445462
OF1,128,WhiteNoise,09-06,1288967852992,113705,405168
OF1,128,WhiteNoise,09-07,1129804284892,102865,388567
OF1,128,WhiteNoise,09-08,1235609237816,97032,405821
OF1,128,WhiteNoise,09-10,1026881770307,60788,327063
OF1,128,WhiteNoise,10-06,1203978296128,88583,385077
OF2,32,CauchyDensity,01-02,1792196707,103,15447
OF2,32,CauchyDensity,01-03,5121354077,108,15892
OF2,32,CauchyDensity,01-04,2397780369,110,14715
OF2,32,CauchyDensity,01-05,17909851849,168,21440
OF2,32,CauchyDensity,01-06,17730415512,170,21914
OF2,32,CauchyDensity,01-07,6243912576,132,17614
OF2,32,CauchyDensity,01-08,5688298977,132,17181
OF2,32,CauchyDensity,01-09,4097564224,145,16952
OF2,32,CauchyDensity,01-10,17220924118,153,21572
OF2,32,CauchyDensity,02-04,1358071384,141,15850
OF2,32,CauchyDensity,02-05,15509602618,143,19394
OF2,32,CauchyDensity,02-06,13310503857,154,20574
OF2,32,CauchyDensity,02-08,2838665716,170,17203
OF2,32,CauchyDensity,02-09,3570958089,139,18971
OF2,32,CauchyDensity,02-10,12660462669,135,19525
OF2,32,CauchyDensity,03-02,2252576302,133,22233
OF2,32,CauchyDensity,03-04,1340888028,127,16828
OF2,32,CauchyDensity,03-05,6852192960,148,19415
OF2,32,CauchyDensity,03-06,5282453447,133,18441
OF2,32,CauchyDensity,03-08,1286987748,112,15459
OF2,32,CauchyDensity,03-09,3964919205,140,20542
OF2,32,CauchyDensity,03-10,4552295541,117,16926
OF2,32,CauchyDensity,04-05,10991486054,130,19903
OF2,32,CauchyDensity,04-08,827596960,140,13455
OF2,32,CauchyDensity,04-10,8245624221,130,18666
OF2,32,CauchyDensity,05-08,9303877284,150,21178
OF2,32,CauchyDensity,05-10,3096475867,130,17362
OF2,32,CauchyDensity,06-04,8522432379,175,25306
OF2,32,CauchyDensity,06-05,4281530985,190,24800
OF2,32,CauchyDensity,06-08,5520715675,167,21971
OF2,32,CauchyDensity,06-09,10977793522,156,23174
OF2,32,CauchyDensity,06-10,262412234,138,15286
OF2,32,CauchyDensity,07-02,3071265843,152,23306
OF2,32,CauchyDensity,07-03,1621406347,119,16843
OF2,32,CauchyDensity,07-04,1217239633,119,18313
OF2,32,CauchyDensity,07-05,11658175111,193,22936
OF2,32,CauchyDensity,07-06,5714245194,135,19244
OF2,32,CauchyDensity,07-08,524243513,117,15265
OF2,32,CauchyDensity,07-09,3626689554,136,20168
OF2,32,CauchyDensity,07-10,5851790240,132,18873
OF2,32,CauchyDensity,09-04,1513708625,142,18293
OF2,32,CauchyDensity,09-05,11776812105,163,19939
OF2,32,CauchyDensity,09-08,1792520801,154,18338
OF2,32,CauchyDensity,09-10,10834612538,150,20362
OF2,32,CauchyDensity,10-08,5450830299,149,22220
OF2,32,ClassicImages,01-02,642064623,176,15239
OF2,32,ClassicImages,01-03,764360198,145,14763
OF2,32,ClassicImages,01-04,421791280,144,13804
OF2,32,ClassicImages,01-05,540989401,164,14991
OF2,32,ClassicImages,01-06,1163234480,203,18315
OF2,32,ClassicImages,01-07,865212037,136,15260
OF2,32,ClassicImages,01-08,609060037,188,17136
OF2,32,ClassicImages,01-09,1697348934,139,17521
OF2,32,ClassicImages,01-10,1331537051,215,20400
OF2,32,ClassicImages,02-04,164211261,97,11944
OF2,32,ClassicImages,02-05,155820730,134,11958
OF2,32,ClassicImages,02-06,187296273,121,11438
OF2,32,ClassicImages,02-08,224243244,92,12134
OF2,32,ClassicImages,02-09,838588231,185,18280
OF2,32,ClassicImages,02-10,414270674,114,13029
OF2,32,ClassicImages,03-02,374909903,97,12525
OF2,32,ClassicImages,03-04,285454110,97,12184
OF2,32,ClassicImages,03-05,326952787,133,13980
OF2,32,ClassicImages,03-06,487928608,97,12579
OF2,32,ClassicImages,03-08,371014643,113,12839
OF2,32,ClassicImages,03-09,1258549336,127,16593
OF2,32,ClassicImages,03-10,843443801,101,14375
OF2,32,ClassicImages,04-05,208241169,120,12299
OF2,32,ClassicImages,04-08,187999133,120,10800
OF2,32,ClassicImages,04-10,643276729,146,14791
OF2,32,ClassicImages,05-08,318902136,106,12394
OF2,32,ClassicImages,05-10,644833928,122,14633
OF2,32,ClassicImages,06-04,362148416,149,15472
OF2,32,ClassicImages,06-05,297953779,160,15110
OF2,32,ClassicImages,06-08,359332959,136,15448
OF2,32,ClassicImages,06-09,822271864,163,18295
OF2,32,ClassicImages,06-10,474006191,175,14557
OF2,32,ClassicImages,07-02,170977130,98,10539
OF2,32,ClassicImages,07-03,535268331,102,13794
OF2,32,ClassicImages,07-04,376860113,104,13600
OF2,32,ClassicImages,07-05,186011698,112,12189
OF2,32,ClassicImages,07-06,254800901,102,12621
OF2,32,ClassicImages,07-08,353883358,110,13673
OF2,32,ClassicImages,07-09,689172553,155,16709
OF2,32,ClassicImages,07-10,506634068,132,14452
OF2,32,ClassicImages,09-04,1133114680,142,16473
OF2,32,ClassicImages,09-05,723010961,157,15739
OF2,32,ClassicImages,09-08,1437741601,146,16830
OF2,32,ClassicImages,09-10,1740589599,125,17886
OF2,32,ClassicImages,10-08,496835542,130,16062
OF2,32,GRFmoderate,01-02,417043033,118,15162
OF2,32,GRFmoderate,01-03,908194803,170,17550
OF2,32,GRFmoderate,01-04,2058476023,156,19734
OF2,32,GRFmoderate,01-05,622772266,143,15843
OF2,32,GRFmoderate,01-06,1276934640,200,20564
OF2,32,GRFmoderate,01-07,406183035,137,14639
OF2,32,GRFmoderate,01-08,1317918110,203,19563
OF2,32,GRFmoderate,01-09,288510370,146,13663
OF2,32,GRFmoderate,01-10,209422385,128,12783
OF2,32,GRFmoderate,02-04,1256712988,169,19530
OF2,32,GRFmoderate,02-05,364164385,130,14837
OF2,32,GRFmoderate,02-06,893322779,179,18623
OF2,32,GRFmoderate,02-08,1362745945,158,18275
OF2,32,GRFmoderate,02-09,349434325,115,12452
OF2,32,GRFmoderate,02-10,450423650,122,12971
OF2,32,GRFmoderate,03-02,949126052,107,16066
OF2,32,GRFmoderate,03-04,1120855514,173,18663
OF2,32,GRFmoderate,03-05,632468053,128,15233
OF2,32,GRFmoderate,03-06,885827463,130,17198
OF2,32,GRFmoderate,03-08,358653571,101,12516
OF2,32,GRFmoderate,03-09,632453437,132,13303
OF2,32,GRFmoderate,03-10,670620770,110,14712
OF2,32,GRFmoderate,04-05,746068593,137,15725
OF2,32,GRFmoderate,04-08,1467827953,115,16382
OF2,32,GRFmoderate,04-10,1767724806,163,18110
OF2,32,GRFmoderate,05-08,922413636,146,16826
OF2,32,GRFmoderate,05-10,415758811,118,14122
OF2,32,GRFmoderate,06-04,740953195,140,17466
OF2,32,GRFmoderate,06-05,379468874,139,12570
OF2,32,GRFmoderate,06-08,1307654414,119,16015
OF2,32,GRFmoderate,06-09,876517322,150,15589
OF2,32,GRFmoderate,06-10,996419923,137,15346
OF2,32,GRFmoderate,07-02,407470852,124,14605
OF2,32,GRFmoderate,07-03,805376224,111,15327
OF2,32,GRFmoderate,07-04,1517326078,144,19280
OF2,32,GRFmoderate,07-05,299561843,123,14824
OF2,32,GRFmoderate,07-06,867378169,174,19250
OF2,32,GRFmoderate,07-08,954142553,143,16985
OF2,32,GRFmoderate,07-09,159044387,105,11001
OF2,32,GRFmoderate,07-10,234106414,119,11854
OF2,32,GRFmoderate,09-04,1436318905,145,19673
OF2,32,GRFmoderate,09-05,339332532,127,15143
OF2,32,GRFmoderate,09-08,759504426,125,16392
OF2,32,GRFmoderate,09-10,242499731,104,11743
OF2,32,GRFmoderate,10-08,1074961309,153,18471
OF2,32,GRFrough,01-02,151156309,133,12409
OF2,32,GRFrough,01-03,105799763,113,10341
OF2,32,GRFrough,01-04,170020029,138,13554
OF2,32,GRFrough,01-05,96074176,96,10900
OF2,32,GRFrough,01-06,130973107,95,11137
OF2,32,GRFrough,01-07,84752158,102,9145
OF2,32,GRFrough,01-08,94084457,107,9968
OF2,32,GRFrough,01-09,75566352,128,10144
OF2,32,GRFrough,01-10,101264476,122,11750
OF2,32,GRFrough,02-04,177882234,129,13282
OF2,32,GRFrough,02-05,80379813,95,8934
OF2,32,GRFrough,02-06,187739330,106,11169
OF2,32,GRFrough,02-08,130160550,113,11019
OF2,32,GRFrough,02-09,100041181,94,9543
OF2,32,GRFrough,02-10,96820985,106,10516
OF2,32,GRFrough,03-02,183408184,108,13006
OF2,32,GRFrough,03-04,153466728,120,13100
OF2,32,GRFrough,03-05,149549061,128,13208
OF2,32,GRFrough,03-06,98235286,119,11770
OF2,32,GRFrough,03-08,121005994,148,12333
OF2,32,GRFrough,03-09,133254415,117,12032
OF2,32,GRFrough,03-10,122400625,104,12169
OF2,32,GRFrough,04-05,209710895,127,11791
OF2,32,GRFrough,04-08,205655006,93,11331
OF2,32,GRFrough,04-10,183862247,110,11506
OF2,32,GRFrough,05-08,87788389,98,8826
OF2,32,GRFrough,05-10,68134702,89,8563
OF2,32,GRFrough,06-04,138220966,100,11491
OF2,32,GRFrough,06-05,162308605,106,11973
OF2,32,GRFrough,06-08,185928034,116,11672
OF2,32,GRFrough,06-09,150840939,116,12755
OF2,32,GRFrough,06-10,117139219,118,12447
OF2,32,GRFrough,07-02,167036651,122,13304
OF2,32,GRFrough,07-03,95364267,110,10684
OF2,32,GRFrough,07-04,190470457,142,14072
OF2,32,GRFrough,07-05,122695058,110,11915
OF2,32,GRFrough,07-06,158446987,96,11815
OF2,32,GRFrough,07-08,76879099,89,10254
OF2,32,GRFrough,07-09,89287872,89,10695
OF2,32,GRFrough,07-10,136614510,111,12138
OF2,32,GRFrough,09-04,194897565,166,14737
OF2,32,GRFrough,09-05,69804222,79,9462
OF2,32,GRFrough,09-08,85992103,100,9316
OF2,32,GRFrough,09-10,88268958,97,10137
OF2,32,GRFrough,10-08,122263939,83,10137
OF2,32,GRFsmooth,01-02,2192628583,137,18854
OF2,32,GRFsmooth,01-03,5859784556,161,21468
OF2,32,GRFsmooth,01-04,1935825471,171,19190
OF2,32,GRFsmooth,01-05,1278120742,124,16646
OF2,32,GRFsmooth,01-06,998903875,175,17694
OF2,32,GRFsmooth,01-07,370907675,168,14335
OF2,32,GRFsmooth,01-08,1919398687,124,17845
OF2,32,GRFsmooth,01-09,1352756959,162,19748
OF2,32,GRFsmooth,01-10,2398552683,156,19880
OF2,32,GRFsmooth,02-04,6078514050,159,21906
OF2,32,GRFsmooth,02-05,3489604383,192,23585
OF2,32,GRFsmooth,02-06,1093335490,161,18223
OF2,32,GRFsmooth,02-08,735397096,130,16980
OF2,32,GRFsmooth,02-09,2483493688,140,20404
OF2,32,GRFsmooth,02-10,2270731530,156,19524
OF2,32,GRFsmooth,03-02,4072302973,158,18850
OF2,32,GRFsmooth,03-04,8720841903,146,19132
OF2,32,GRFsmooth,03-05,6930003006,191,22162
OF2,32,GRFsmooth,03-06,3809446997,169,18831
OF2,32,GRFsmooth,03-08,2090817265,143,17129
OF2,32,GRFsmooth,03-09,3169266845,123,17503
OF2,32,GRFsmooth,03-10,2550004137,115,16176
OF2,32,GRFsmooth,04-05,929198859,131,16286
OF2,32,GRFsmooth,04-08,4633448114,127,18943
OF2,32,GRFsmooth,04-10,3106598072,150,19119
OF2,32,GRFsmooth,05-08,2641344483,171,19909
OF2,32,GRFsmooth,05-10,2299669915,196,20693
OF2,32,GRFsmooth,06-04,3032271612,197,23619
OF2,32,GRFsmooth,06-05,1356711709,211,21194
OF2,32,GRFsmooth,06-08,750194750,184,17265
OF2,32,GRFsmooth,06-09,1340901494,123,18246
OF2,32,GRFsmooth,06-10,1367176930,202,19742
OF2,32,GRFsmooth,07-02,1691797832,156,18286
OF2,32,GRFsmooth,07-03,6102346267,163,22552
OF2,32,GRFsmooth,07-04,2163936616,176,22236
OF2,32,GRFsmooth,07-05,1267127657,199,19758
OF2,32,GRFsmooth,07-06,767096158,146,17044
OF2,32,GRFsmooth,07-08,1639328430,185,20034
OF2,32,GRFsmooth,07-09,1432067894,159,19174
OF2,32,GRFsmooth,07-10,1986458394,182,19988
OF2,32,GRFsmooth,09-04,2005629276,161,17275
OF2,32,GRFsmooth,09-05,1610084355,113,16142
OF2,32,GRFsmooth,09-08,1100107608,106,14345
OF2,32,GRFsmooth,09-10,755517558,105,14616
OF2,32,GRFsmooth,10-08,1014648180,161,16618
OF2,32,LogGRF,01-02,1965745245,124,17513
OF2,32,LogGRF,01-03,8694492219,209,28067
OF2,32,LogGRF,01-04,6480024361,205,23554
OF2,32,LogGRF,01-05,17205783639,153,21946
OF2,32,LogGRF,01-06,3229519112,144,19085
OF2,32,LogGRF,01-07,1335892375,131,17876
OF2,32,LogGRF,01-08,3919672441,145,19905
OF2,32,LogGRF,01-09,14659395961,172,22544
OF2,32,LogGRF,01-10,8878243714,140,19933
OF2,32,LogGRF,02-04,4252932996,136,19517
OF2,32,LogGRF,02-05,10377222264,182,23082
OF2,32,LogGRF,02-06,1815590147,113,16672
OF2,32,LogGRF,02-08,1203369810,129,18288
OF2,32,LogGRF,02-09,8119403846,159,21512
OF2,32,LogGRF,02-10,3990752541,177,19746
OF2,32,LogGRF,03-02,5428342044,182,24107
OF2,32,LogGRF,03-04,10608431310,209,26571
OF2,32,LogGRF,03-05,9054858322,205,26105
OF2,32,LogGRF,03-06,5788811237,166,23535
OF2,32,LogGRF,03-08,5800943878,214,25080
OF2,32,LogGRF,03-09,8259967534,191,23937
OF2,32,LogGRF,03-10,4608541127,157,21465
OF2,32,LogGRF,04-05,9404884288,168,23472
OF2,32,LogGRF,04-08,2979160606,130,18755
OF2,32,LogGRF,04-10,4158961923,148,17953
OF2,32,LogGRF,05-08,6192225618,170,22443
OF2,32,LogGRF,05-10,2567696637,160,19719
OF2,32,LogGRF,06-04,8610066159,197,24705
OF2,32,LogGRF,06-05,16409543573,181,26066
OF2,32,LogGRF,06-08,4177327967,167,22238
OF2,32,LogGRF,06-09,7047150347,143,20495
OF2,32,LogGRF,06-10,8063474482,232,26265
OF2,32,LogGRF,07-02,2676762566,150,18528
OF2,32,LogGRF,07-03,6597397664,165,24319
OF2,32,LogGRF,07-04,5871678556,142,20791
OF2,32,LogGRF,07-05,14474713246,154,22445
OF2,32,LogGRF,07-06,4607070487,140,19779
OF2,32,LogGRF,07-08,3351691604,129,19029
OF2,32,LogGRF,07-09,16324292722,214,25644
OF2,32,LogGRF,07-10,7671692129,147,20568
OF2,32,LogGRF,09-04,12879358992,185,26628
OF2,32,LogGRF,09-05,10517415150,177,25669
OF2,32,LogGRF,09-08,8015762412,161,23979
OF2,32,LogGRF,09-10,6675200023,190,24251
OF2,32,LogGRF,10-08,2385191327,174,21439
OF2,32,LogitGRF,01-02,1734786131,174,17989
OF2,32,LogitGRF,01-03,1541589601,141,17373
OF2,32,LogitGRF,01-04,1099587926,148,16514
OF2,32,LogitGRF,01-05,669189205,117,14256
OF2,32,LogitGRF,01-06,771856370,145,16645
OF2,32,LogitGRF,01-07,1459837111,202,21276
OF2,32,LogitGRF,01-08,585110612,169,16926
OF2,32,LogitGRF,01-09,3305342258,135,19474
OF2,32,LogitGRF,01-10,1528658852,146,15600
OF2,32,LogitGRF,02-04,814646253,143,18478
OF2,32,LogitGRF,02-05,1488019704,182,20226
OF2,32,LogitGRF,02-06,1458165119,151,19344
OF2,32,LogitGRF,02-08,1995448687,225,25284
OF2,32,LogitGRF,02-09,2394452805,231,20872
OF2,32,LogitGRF,02-10,1155488377,202,21105
OF2,32,LogitGRF,03-02,2276718360,195,20575
OF2,32,LogitGRF,03-04,2375471039,202,20477
OF2,32,LogitGRF,03-05,956947752,169,17084
OF2,32,LogitGRF,03-06,1400098481,159,17951
OF2,32,LogitGRF,03-08,2269511669,193,22173
OF2,32,LogitGRF,03-09,1151562337,126,16292
OF2,32,LogitGRF,03-10,1165578561,124,15990
OF2,32,LogitGRF,04-05,1281138037,139,17512
OF2,32,LogitGRF,04-08,1228374494,190,19367
OF2,32,LogitGRF,04-10,1579418934,121,16516
OF2,32,LogitGRF,05-08,1114201435,145,18996
OF2,32,LogitGRF,05-10,1317770009,137,15577
OF2,32,LogitGRF,06-04,1362585730,160,18321
OF2,32,LogitGRF,06-05,917695103,161,15644
OF2,32,LogitGRF,06-08,1041451750,121,17163
OF2,32,LogitGRF,06-09,2841771926,142,19598
OF2,32,LogitGRF,06-10,1130739680,191,18465
OF2,32,LogitGRF,07-02,3031423402,156,19152
OF2,32,LogitGRF,07-03,1128095288,206,19524
OF2,32,LogitGRF,07-04,2769335017,131,18886
OF2,32,LogitGRF,07-05,1658562170,125,15658
OF2,32,LogitGRF,07-06,1033728317,143,15866
OF2,32,LogitGRF,07-08,2399560381,134,18223
OF2,32,LogitGRF,07-09,3199824953,213,21271
OF2,32,LogitGRF,07-10,1949831135,146,17245
OF2,32,LogitGRF,09-04,3237239400,183,21315
OF2,32,LogitGRF,09-05,2067002647,162,21604
OF2,32,LogitGRF,09-08,4231362120,151,22343
OF2,32,LogitGRF,09-10,1331916570,129,17695
OF2,32,LogitGRF,10-08,2038417282,141,20651
OF2,32,MicroscopyImages,01-02,1113439145,58,11667
OF2,32,MicroscopyImages,01-03,9127985268,41,11642
OF2,32,MicroscopyImages,01-04,4375274325,64,14046
OF2,32,MicroscopyImages,01-05,6404851276,59,14116
OF2,32,MicroscopyImages,01-06,7407039052,73,16084
OF2,32,MicroscopyImages,01-07,5636671272,52,12467
OF2,32,MicroscopyImages,01-08,6309242060,72,14644
OF2,32,MicroscopyImages,01-09,4895665785,48,11635
OF2,32,MicroscopyImages,01-10,2975148890,67,14597
OF2,32,MicroscopyImages,02-04,5615986990,91,17411
OF2,32,MicroscopyImages,02-05,5055032825,95,18256
OF2,32,MicroscopyImages,02-06,6640787263,107,19613
OF2,32,MicroscopyImages,02-08,5876045361,115,19189
OF2,32,MicroscopyImages,02-09,3985490722,82,16294
OF2,32,MicroscopyImages,02-10,2151446473,104,18472
OF2,32,MicroscopyImages,03-02,10368915611,66,15812
OF2,32,MicroscopyImages,03-04,1458056103,62,12401
OF2,32,MicroscopyImages,03-05,4076134672,59,14090
OF2,32,MicroscopyImages,03-06,2499003470,71,15000
OF2,32,MicroscopyImages,03-08,4441900634,69,15235
OF2,32,MicroscopyImages,03-09,4820437077,51,12675
OF2,32,MicroscopyImages,03-10,5286615562,73,16850
OF2,32,MicroscopyImages,04-05,3326211681,90,18525
OF2,32,MicroscopyImages,04-08,3049428353,113,19873
OF2,32,MicroscopyImages,04-10,2773701599,113,19589
OF2,32,MicroscopyImages,05-08,2929547244,91,17758
OF2,32,MicroscopyImages,05-10,2198895408,109,17791
OF2,32,MicroscopyImages,06-04,2486900891,128,20414
OF2,32,MicroscopyImages,06-05,465637718,89,14720
OF2,32,MicroscopyImages,06-08,2863284268,119,21259
OF2,32,MicroscopyImages,06-09,2587922603,80,15637
OF2,32,MicroscopyImages,06-10,2708490782,128,20022
OF2,32,MicroscopyImages,07-02,5341166391,80,16729
OF2,32,MicroscopyImages,07-03,4912835614,51,12953
OF2,32,MicroscopyImages,07-04,3067474949,82,17614
OF2,32,MicroscopyImages,07-05,2956463676,73,15770
OF2,32,MicroscopyImages,07-06,3007911002,90,17839
OF2,32,MicroscopyImages,07-08,337039790,65,11408
OF2,32,MicroscopyImages,07-09,5735521479,69,15060
OF2,32,MicroscopyImages,07-10,4667825704,94,18866
OF2,32,MicroscopyImages,09-04,3530608744,71,14305
OF2,32,MicroscopyImages,09-05,2288966075,64,13782
OF2,32,MicroscopyImages,09-08,5551601535,99,17707
OF2,32,MicroscopyImages,09-10,869092881,73,12858
OF2,32,MicroscopyImages,10-08,4745611100,114,21773
OF2,32,Shapes,01-02,2498560000,48,12083
OF2,32,Shapes,01-03,136000000,42,8964
OF2,32,Shapes,01-04,1380876504,69,14046
OF2,32,Shapes,01-05,974472630,55,10807
OF2,32,Shapes,01-06,4886800000,83,22168
OF2,32,Shapes,01-07,2856691337,88,16348
OF2,32,Shapes,01-08,1677590960,38,9184
OF2,32,Shapes,01-09,778000000,59,14050
OF2,32,Shapes,01-10,341166340,51,9411
OF2,32,Shapes,02-04,352115986,24,5957
OF2,32,Shapes,02-05,3227151522,25,7522
OF2,32,Shapes,02-06,3891264000,29,8630
OF2,32,Shapes,02-08,629300580,16,4921
OF2,32,Shapes,02-09,2960160000,26,7471
OF2,32,Shapes,02-10,3509690032,26,7686
OF2,32,Shapes,03-02,2560096000,22,6516
OF2,32,Shapes,03-04,1453457196,33,8371
OF2,32,Shapes,03-05,1050860320,30,7421
OF2,32,Shapes,03-06,4951600000,32,10472
OF2,32,Shapes,03-08,1735402504,18,5405
OF2,32,Shapes,03-09,834400000,27,8586
OF2,32,Shapes,03-10,432434912,26,6151
OF2,32,Shapes,04-05,1851552136,32,8465
OF2,32,Shapes,04-08,340140112,18,4650
OF2,32,Shapes,04-10,2250417600,39,9449
OF2,32,Shapes,05-08,1545470204,20,5950
OF2,32,Shapes,05-10,1263731228,30,7011
OF2,32,Shapes,06-04,3595726992,44,11727
OF2,32,Shapes,06-05,5472922118,36,10286
OF2,32,Shapes,06-08,3906389576,24,7580
OF2,32,Shapes,06-09,5411200000,31,11015
OF2,32,Shapes,06-10,5777420840,39,10461
OF2,32,Shapes,07-02,2589584123,35,9538
OF2,32,Shapes,07-03,2931901317,41,10529
OF2,32,Shapes,07-04,2040807815,48,11985
OF2,32,Shapes,07-05,3381665761,41,10786
OF2,32,Shapes,07-06,10775897657,48,13982
OF2,32,Shapes,07-08,2346634519,30,8733
OF2,32,Shapes,07-09,3487215639,42,10661
OF2,32,Shapes,07-10,3639101183,43,10725
OF2,32,Shapes,09-04,1957490118,37,8953
OF2,32,Shapes,09-05,1745648268,28,7687
OF2,32,Shapes,09-08,2278436924,20,5987
OF2,32,Shapes,09-10,930355024,29,7201
OF2,32,Shapes,10-08,2543288816,20,6161
OF2,32,WhiteNoise,01-02,72631474,89,10083
OF2,32,WhiteNoise,01-03,77475839,89,10529
OF2,32,WhiteNoise,01-04,98469247,107,10571
OF2,32,WhiteNoise,01-05,80924888,95,10812
OF2,32,WhiteNoise,01-06,66044153,96,10293
OF2,32,WhiteNoise,01-07,73705465,91,10007
OF2,32,WhiteNoise,01-08,71791015,93,10123
OF2,32,WhiteNoise,01-09,94176366,104,12100
OF2,32,WhiteNoise,01-10,78316204,91,9422
OF2,32,WhiteNoise,02-04,95227651,162,12146
OF2,32,WhiteNoise,02-05,76939238,95,11287
OF2,32,WhiteNoise,02-06,76607451,90,11315
OF2,32,WhiteNoise,02-08,68138269,93,9348
OF2,32,WhiteNoise,02-09,79764058,138,12290
OF2,32,WhiteNoise,02-10,83020178,127,10870
OF2,32,WhiteNoise,03-02,79716769,121,11009
OF2,32,WhiteNoise,03-04,99770800,103,10637
OF2,32,WhiteNoise,03-05,82048023,108,10253
OF2,32,WhiteNoise,03-06,66730834,99,11082
OF2,32,WhiteNoise,03-08,86971808,90,10332
OF2,32,WhiteNoise,03-09,84280449,95,10988
OF2,32,WhiteNoise,03-10,70089433,95,10442
OF2,32,WhiteNoise,04-05,77180629,93,10362
OF2,32,WhiteNoise,04-08,97534768,112,11555
OF2,32,WhiteNoise,04-10,119068103,117,11911
OF2,32,WhiteNoise,05-08,83570883,91,10339
OF2,32,WhiteNoise,05-10,88253438,135,11708
OF2,32,WhiteNoise,06-04,83850164,121,10632
OF2,32,WhiteNoise,06-05,73267053,89,8821
OF2,32,WhiteNoise,06-08,74716462,92,9914
OF2,32,WhiteNoise,06-09,87470769,112,10481
OF2,32,WhiteNoise,06-10,71464641,95,9545
OF2,32,WhiteNoise,07-02,77529055,115,12481
OF2,32,WhiteNoise,07-03,81831112,94,12005
OF2,32,WhiteNoise,07-04,124288292,114,12358
OF2,32,WhiteNoise,07-05,79855821,86,9956
OF2,32,WhiteNoise,07-06,82416958,96,11458
OF2,32,WhiteNoise,07-08,77792116,86,9911
OF2,32,WhiteNoise,07-09,100452347,105,12289
OF2,32,WhiteNoise,07-10,81917349,107,11455
OF2,32,WhiteNoise,09-04,83115435,101,9932
OF2,32,WhiteNoise,09-05,76746646,87,10469
OF2,32,WhiteNoise,09-08,91426453,112,11020
OF2,32,WhiteNoise,09-10,95253472,134,11627
OF2,32,WhiteNoise,10-08,85910655,96,10417
OF2,64,CauchyDensity,01-02,144304310665,6957,175385
OF2,64,CauchyDensity,01-03,21901458378,5561,124622
OF2,64,CauchyDensity,01-04,65575610400,6921,173476
OF2,64,CauchyDensity,01-05,72157399142,5494,136138
OF2,64,CauchyDensity,01-06,129576229366,7550,219463
OF2,64,CauchyDensity,01-07,56024485389,3539,106511
OF2,64,CauchyDensity,01-08,110773437996,5961,163381
OF2,64,CauchyDensity,01-09,83471564505,6713,165164
OF2,64,CauchyDensity,01-10,71925648284,5095,133987
OF2,64,CauchyDensity,02-03,121472957977,3916,128430
OF2,64,CauchyDensity,02-04,99779684705,4353,119118
OF2,64,CauchyDensity,02-05,38491248233,3579,95353
OF2,64,CauchyDensity,02-07,87292819360,3403,106710
OF2,64,CauchyDensity,02-10,105613729341,4193,115907
OF2,64,CauchyDensity,03-07,12782169843,5847,113306
OF2,64,CauchyDensity,03-10,22228627248,6579,125513
OF2,64,CauchyDensity,04-03,40017765318,7045,143786
OF2,64,CauchyDensity,04-07,30103261989,8618,182667
OF2,64,CauchyDensity,04-10,33222875862,9639,206175
OF2,64,CauchyDensity,05-03,53392841146,4465,107049
OF2,64,CauchyDensity,05-04,69672501810,7189,133973
OF2,64,CauchyDensity,05-07,37437454913,4734,98910
OF2,64,CauchyDensity,05-10,65218213342,3755,98118
OF2,64,CauchyDensity,06-02,59571687809,3847,137900
OF2,64,CauchyDensity,06-03,95588179542,6071,135558
OF2,64,CauchyDensity,06-04,35980303100,4619,107406
OF2,64,CauchyDensity,06-05,46470625090,4142,116646
OF2,64,CauchyDensity,06-07,65139016001,7321,149486
OF2,64,CauchyDensity,06-08,41212944250,4683,114353
OF2,64,CauchyDensity,06-10,87541684044,7030,127815
OF2,64,CauchyDensity,07-10,5561007617,4644,98821
OF2,64,CauchyDensity,08-02,31766180869,3020,101274
OF2,64,CauchyDensity,08-03,100770903796,4123,114025
OF2,64,CauchyDensity,08-04,70492312460,5460,120367
OF2,64,CauchyDensity,08-05,20066313380,4500,104832
OF2,64,CauchyDensity,08-07,70495478851,4861,113685
OF2,64,CauchyDensity,08-10,93076186740,6791,121920
OF2,64,CauchyDensity,09-02,91272973178,4890,129992
OF2,64,CauchyDensity,09-03,52414815905,5718,122537
OF2,64,CauchyDensity,09-04,82075851253,4384,118349
OF2,64,CauchyDensity,09-05,65605277869,5465,120762
OF2,64,CauchyDensity,09-06,137677854051,3925,119585
OF2,64,CauchyDensity,09-07,33262583478,5367,111650
OF2,64,CauchyDensity,09-08,78892276321,5108,120259
OF2,64,CauchyDensity,09-10,26640695577,3956,101787
OF2,64,ClassicImages,01-02,9953483267,7348,110288
OF2,64,ClassicImages,01-03,11894246639,5869,97860
OF2,64,ClassicImages,01-04,6446736234,6526,90836
OF2,64,ClassicImages,01-05,8302069493,9748,127529
OF2,64,ClassicImages,01-06,18286640020,8948,137009
OF2,64,ClassicImages,01-07,13547702160,7367,113044
OF2,64,ClassicImages,01-08,9430749326,10278,144512
OF2,64,ClassicImages,01-09,26816496931,4706,111551
OF2,64,ClassicImages,01-10,20971373979,12355,195849
OF2,64,ClassicImages,02-03,5656430460,4827,94002
OF2,64,ClassicImages,02-04,2279622099,3132,76561
OF2,64,ClassicImages,02-05,2160463172,4192,80900
OF2,64,ClassicImages,02-07,2407959135,6322,96323
OF2,64,ClassicImages,02-10,6291167666,3506,84695
OF2,64,ClassicImages,03-07,8215840617,5196,100031
OF2,64,ClassicImages,03-10,13151915480,3497,88783
OF2,64,ClassicImages,04-03,4241030265,4587,86094
OF2,64,ClassicImages,04-07,5702778540,5077,89622
OF2,64,ClassicImages,04-10,9969669003,5556,102463
OF2,64,ClassicImages,05-03,4914443054,4291,83546
OF2,64,ClassicImages,05-04,2998646733,3977,74585
OF2,64,ClassicImages,05-07,2659114721,4425,74970
OF2,64,ClassicImages,05-10,9987637388,6005,103766
OF2,64,ClassicImages,06-02,2686823485,6006,93344
OF2,64,ClassicImages,06-03,7465547845,8940,149194
OF2,64,ClassicImages,06-04,5441375542,7795,117376
OF2,64,ClassicImages,06-05,4415729455,8267,124103
OF2,64,ClassicImages,06-07,3752998244,4566,92326
OF2,64,ClassicImages,06-08,5386752230,8065,123651
OF2,64,ClassicImages,06-10,7250340401,7184,108613
OF2,64,ClassicImages,07-10,7776826313,5060,103168
OF2,64,ClassicImages,08-02,3264445361,7225,93878
OF2,64,ClassicImages,08-03,5599011975,5084,93125
OF2,64,ClassicImages,08-04,2680410324,4154,86384
OF2,64,ClassicImages,08-05,4757657035,6877,107000
OF2,64,ClassicImages,08-07,5336141428,7684,109403
OF2,64,ClassicImages,08-10,7627977153,4992,93683
OF2,64,ClassicImages,09-02,13059583616,5648,108487
OF2,64,ClassicImages,09-03,19791546582,4145,98454
OF2,64,ClassicImages,09-04,17769434943,4176,99542
OF2,64,ClassicImages,09-05,11202578774,5961,106365
OF2,64,ClassicImages,09-06,12805351579,4439,100588
OF2,64,ClassicImages,09-07,10704435987,7287,125308
OF2,64,ClassicImages,09-08,22622648081,4514,105799
OF2,64,ClassicImages,09-10,27485497854,5743,110117
OF2,64,GRFmoderate,01-02,8132167619,4584,93578
OF2,64,GRFmoderate,01-03,6355757748,4571,76104
OF2,64,GRFmoderate,01-04,6681767624,8042,121060
OF2,64,GRFmoderate,01-05,9079611068,6248,108696
OF2,64,GRFmoderate,01-06,16029822397,7913,137533
OF2,64,GRFmoderate,01-07,8249865108,8129,126654
OF2,64,GRFmoderate,01-08,14850939526,6321,105432
OF2,64,GRFmoderate,01-09,8227234109,5467,102215
OF2,64,GRFmoderate,01-10,11569587745,6377,113468
OF2,64,GRFmoderate,02-03,7317183825,8403,125464
OF2,64,GRFmoderate,02-04,17980085403,4063,107510
OF2,64,GRFmoderate,02-05,14671507357,9726,188361
OF2,64,GRFmoderate,02-07,15045364921,8895,157555
OF2,64,GRFmoderate,02-10,26098845944,7553,133330
OF2,64,GRFmoderate,03-07,7058912140,4160,99164
OF2,64,GRFmoderate,03-10,15095133053,4860,110327
OF2,64,GRFmoderate,04-03,14529840714,6128,99643
OF2,64,GRFmoderate,04-07,9320590548,5164,97441
OF2,64,GRFmoderate,04-10,4804053417,4227,96289
OF2,64,GRFmoderate,05-03,6174743488,8046,114565
OF2,64,GRFmoderate,05-04,16305725086,8133,147810
OF2,64,GRFmoderate,05-07,4197703782,8968,129921
OF2,64,GRFmoderate,05-10,14897825377,4348,107502
OF2,64,GRFmoderate,06-02,18782525652,6334,108518
OF2,64,GRFmoderate,06-03,9155069317,8462,122411
OF2,64,GRFmoderate,06-04,21282613557,10459,161157
OF2,64,GRFmoderate,06-05,2969639407,4700,81382
OF2,64,GRFmoderate,06-07,7462538721,7119,112204
OF2,64,GRFmoderate,06-08,6862114921,7947,117575
OF2,64,GRFmoderate,06-10,17926038764,6389,120183
OF2,64,GRFmoderate,07-10,10277970509,8413,141256
OF2,64,GRFmoderate,08-02,11376680217,8531,140490
OF2,64,GRFmoderate,08-03,6546746864,7477,116799
OF2,64,GRFmoderate,08-04,24200847982,7488,135729
OF2,64,GRFmoderate,08-05,5995058038,5068,99384
OF2,64,GRFmoderate,08-07,7033534482,8575,130907
OF2,64,GRFmoderate,08-10,24705809725,5391,117808
OF2,64,GRFmoderate,09-02,17500939330,4746,100874
OF2,64,GRFmoderate,09-03,9308631963,4894,93438
OF2,64,GRFmoderate,09-04,6448189615,7485,115701
OF2,64,GRFmoderate,09-05,6215925365,5589,92715
OF2,64,GRFmoderate,09-06,8456122476,4902,97178
OF2,64,GRFmoderate,09-07,3084205255,3387,74028
OF2,64,GRFmoderate,09-08,10976833841,5937,105330
OF2,64,GRFmoderate,09-10,5616579748,6691,104547
OF2,64,GRFrough,01-02,833990071,3455,62920
OF2,64,GRFrough,01-03,1489027910,4267,77965
OF2,64,GRFrough,01-04,1691484296,5097,89852
OF2,64,GRFrough,01-05,715303700,5706,73756
OF2,64,GRFrough,01-06,900745961,6444,80160
OF2,64,GRFrough,01-07,1413319109,6698,94184
OF2,64,GRFrough,01-08,843679703,3800,69553
OF2,64,GRFrough,01-09,802908520,5636,74364
OF2,64,GRFrough,01-10,1084004306,66093,354937
OF2,64,GRFrough,02-03,1100651743,4438,77574
OF2,64,GRFrough,02-04,1454565095,4790,82632
OF2,64,GRFrough,02-05,1224476959,5558,82550
OF2,64,GRFrough,02-07,968366236,6232,84617
OF2,64,GRFrough,02-10,1660440873,64655,380230
OF2,64,GRFrough,03-07,839650835,4611,64304
OF2,64,GRFrough,03-10,1779530240,69876,396659
OF2,64,GRFrough,04-03,1165848740,3217,64291
OF2,64,GRFrough,04-07,1005214285,3375,63827
OF2,64,GRFrough,04-10,1711738484,65993,381778
OF2,64,GRFrough,05-03,1838111102,5959,83174
OF2,64,GRFrough,05-04,1441439828,8176,96502
OF2,64,GRFrough,05-07,1745648261,7037,81099
OF2,64,GRFrough,05-10,784454276,60061,324876
OF2,64,GRFrough,06-02,1337246218,4155,65946
OF2,64,GRFrough,06-03,1810540789,5785,85019
OF2,64,GRFrough,06-04,1677512729,6050,85381
OF2,64,GRFrough,06-05,594608343,3861,57765
OF2,64,GRFrough,06-07,2120931526,4121,75026
OF2,64,GRFrough,06-08,1202759936,3753,68634
OF2,64,GRFrough,06-10,700510387,64395,321849
OF2,64,GRFrough,07-10,1905287265,67339,395560
OF2,64,GRFrough,08-02,1460352722,2929,60222
OF2,64,GRFrough,08-03,1754379047,5244,78284
OF2,64,GRFrough,08-04,1706242913,4322,74872
OF2,64,GRFrough,08-05,1018628823,4429,69568
OF2,64,GRFrough,08-07,1476985294,5262,76756
OF2,64,GRFrough,08-10,1028719229,61401,334141
OF2,64,GRFrough,09-02,1188609089,3567,64005
OF2,64,GRFrough,09-03,2000943470,5755,83475
OF2,64,GRFrough,09-04,1609295810,6474,94264
OF2,64,GRFrough,09-05,437944436,3188,57554
OF2,64,GRFrough,09-06,626632865,3889,63486
OF2,64,GRFrough,09-07,1901074359,5851,82371
OF2,64,GRFrough,09-08,1174556991,3890,69522
OF2,64,GRFrough,09-10,844550106,62154,331150
OF2,64,GRFsmooth,01-02,89541335245,6457,137223
OF2,64,GRFsmooth,01-03,16642031179,6559,115631
OF2,64,GRFsmooth,01-04,66107747364,9453,171481
OF2,64,GRFsmooth,01-05,56029226935,10437,188989
OF2,64,GRFsmooth,01-06,11108627936,3479,100947
OF2,64,GRFsmooth,01-07,28085122474,11790,184888
OF2,64,GRFsmooth,01-08,27202083144,9926,186633
OF2,64,GRFsmooth,01-09,17036313052,6212,111828
OF2,64,GRFsmooth,01-10,50058475172,4510,112391
OF2,64,GRFsmooth,02-03,62293290776,6278,120457
OF2,64,GRFsmooth,02-04,20846051365,4321,97417
OF2,64,GRFsmooth,02-05,36925804290,9822,149104
OF2,64,GRFsmooth,02-07,104204654551,5731,124137
OF2,64,GRFsmooth,02-10,41089047403,7411,130093
OF2,64,GRFsmooth,03-07,31708130999,12908,237050
OF2,64,GRFsmooth,03-10,34230177901,9448,164034
OF2,64,GRFsmooth,04-03,50947666579,8720,139679
OF2,64,GRFsmooth,04-07,81851289900,9266,165339
OF2,64,GRFsmooth,04-10,46219612118,9188,153491
OF2,64,GRFsmooth,05-03,50520820870,10812,185726
OF2,64,GRFsmooth,05-04,27939477841,4373,103762
OF2,64,GRFsmooth,05-07,38888729167,7419,133772
OF2,64,GRFsmooth,05-10,17291631723,11194,161998
OF2,64,GRFsmooth,06-02,62710785561,8973,169830
OF2,64,GRFsmooth,06-03,13132763041,5516,112967
OF2,64,GRFsmooth,06-04,55167501402,7585,144318
OF2,64,GRFsmooth,06-05,36780410941,6541,131667
OF2,64,GRFsmooth,06-07,17568973166,14806,266507
OF2,64,GRFsmooth,06-08,12781102570,5199,112336
OF2,64,GRFsmooth,06-10,22568096146,5965,117000
OF2,64,GRFsmooth,07-10,26788949874,9182,165017
OF2,64,GRFsmooth,08-02,54576376699,7662,134421
OF2,64,GRFsmooth,08-03,11123650773,6081,101966
OF2,64,GRFsmooth,08-04,62328000320,5555,113877
OF2,64,GRFsmooth,08-05,46398140509,7870,146650
OF2,64,GRFsmooth,08-07,31541733026,10561,184722
OF2,64,GRFsmooth,08-10,20298193434,11780,208900
OF2,64,GRFsmooth,09-02,55096322475,9250,166966
OF2,64,GRFsmooth,09-03,6741270309,5273,94511
OF2,64,GRFsmooth,09-04,51299902762,10794,205424
OF2,64,GRFsmooth,09-05,57294776937,10097,176667
OF2,64,GRFsmooth,09-06,13739422518,7750,141021
OF2,64,GRFsmooth,09-07,44917860564,13583,249624
OF2,64,GRFsmooth,09-08,13191435262,9444,140248
OF2,64,GRFsmooth,09-10,39211381116,8353,142986
OF2,64,LogGRF,01-02,60444562865,11785,196233
OF2,64,LogGRF,01-03,79111387984,9967,182226
OF2,64,LogGRF,01-04,127480949762,5145,154596
OF2,64,LogGRF,01-05,84240436809,6347,139648
OF2,64,LogGRF,01-06,77803869953,5654,158399
OF2,64,LogGRF,01-07,30808931834,12917,210602
OF2,64,LogGRF,01-08,36137376385,13389,235595
OF2,64,LogGRF,01-09,83911542122,10717,205204
OF2,64,LogGRF,01-10,73163343695,8001,161618
OF2,64,LogGRF,02-03,86066609519,11034,208130
OF2,64,LogGRF,02-04,220320450715,7738,174077
OF2,64,LogGRF,02-05,157515987678,6352,158143
OF2,64,LogGRF,02-07,55684226651,13221,244465
OF2,64,LogGRF,02-10,107492101526,11048,200387
OF2,64,LogGRF,03-07,30797181126,11389,183453
OF2,64,LogGRF,03-10,20009665463,5242,105758
OF2,64,LogGRF,04-03,68362963876,6449,124296
OF2,64,LogGRF,04-07,99140064746,10341,222141
OF2,64,LogGRF,04-10,90418398697,7822,146644
OF2,64,LogGRF,05-03,40780476849,4094,110652
OF2,64,LogGRF,05-04,31966648109,4306,120070
OF2,64,LogGRF,05-07,63544616435,12221,218798
OF2,64,LogGRF,05-10,35124479310,3559,114754
OF2,64,LogGRF,06-02,119601021310,7280,142930
OF2,64,LogGRF,06-03,11085002307,7326,114842
OF2,64,LogGRF,06-04,37089339211,10266,200870
OF2,64,LogGRF,06-05,21088675508,7951,142869
OF2,64,LogGRF,06-07,33824349945,4642,122474
OF2,64,LogGRF,06-08,37083632640,7050,129796
OF2,64,LogGRF,06-10,23465997116,4918,106353
OF2,64,LogGRF,07-10,44980231399,12282,226923
OF2,64,LogGRF,08-02,125450990842,4633,123500
OF2,64,LogGRF,08-03,56862317167,14676,276443
OF2,64,LogGRF,08-04,51427592241,7804,155275
OF2,64,LogGRF,08-05,36223722182,3357,122804
OF2,64,LogGRF,08-07,41664225471,6851,121392
OF2,64,LogGRF,08-10,47347635696,7301,146839
OF2,64,LogGRF,09-02,58736659995,13874,249794
OF2,64,LogGRF,09-03,31959267346,9217,157251
OF2,64,LogGRF,09-04,101847969264,11113,207190
OF2,64,LogGRF,09-05,74703238567,9047,159991
OF2,64,LogGRF,09-06,43796973909,6518,131237
OF2,64,LogGRF,09-07,38580285974,6307,123087
OF2,64,LogGRF,09-08,92978186293,4389,119380
OF2,64,LogGRF,09-10,71853105013,10363,164694
OF2,64,LogitGRF,01-02,10287515484,5886,114440
OF2,64,LogitGRF,01-03,30753934080,7137,131980
OF2,64,LogitGRF,01-04,33189772975,8796,152476
OF2,64,LogitGRF,01-05,11018603464,5609,107310
OF2,64,LogitGRF,01-06,12920787428,6258,121438
OF2,64,LogitGRF,01-07,54357093325,7426,147504
OF2,64,LogitGRF,01-08,17597040421,3744,96940
OF2,64,LogitGRF,01-09,17856865429,9116,144301
OF2,64,LogitGRF,01-10,25251804100,9059,167236
OF2,64,LogitGRF,02-03,28727313308,6089,121857
OF2,64,LogitGRF,02-04,26911845639,8192,128978
OF2,64,LogitGRF,02-05,16816522996,4327,101600
OF2,64,LogitGRF,02-07,46239536907,6632,132533
OF2,64,LogitGRF,02-10,22755955366,7248,131347
OF2,64,LogitGRF,03-07,16249810663,7585,120928
OF2,64,LogitGRF,03-10,7354437612,6023,90854
OF2,64,LogitGRF,04-03,17740000047,4537,119399
OF2,64,LogitGRF,04-07,17578911698,10419,179153
OF2,64,LogitGRF,04-10,7896713619,4692,99273
OF2,64,LogitGRF,05-03,28726848860,5818,127326
OF2,64,LogitGRF,05-04,23582284579,13138,232479
OF2,64,LogitGRF,05-07,41770944463,14590,236906
OF2,64,LogitGRF,05-10,20153879650,10686,181365
OF2,64,LogitGRF,06-02,14331210616,4744,110374
OF2,64,LogitGRF,06-03,36175628140,5346,121652
OF2,64,LogitGRF,06-04,33853397901,16785,257383
OF2,64,LogitGRF,06-05,12830732014,4269,110726
OF2,64,LogitGRF,06-07,58166758151,8815,159427
OF2,64,LogitGRF,06-08,18941863295,8444,131198
OF2,64,LogitGRF,06-10,27123586562,12224,192734
OF2,64,LogitGRF,07-10,13441967993,7621,116478
OF2,64,LogitGRF,08-02,20066071555,7389,145343
OF2,64,LogitGRF,08-03,35819640431,5415,136387
OF2,64,LogitGRF,08-04,19016601376,12745,215425
OF2,64,LogitGRF,08-05,12161073497,6570,130512
OF2,64,LogitGRF,08-07,49254929976,9343,171107
OF2,64,LogitGRF,08-10,23515334681,8006,148875
OF2,64,LogitGRF,09-02,17825057319,7902,129830
OF2,64,LogitGRF,09-03,9819150905,5337,113899
OF2,64,LogitGRF,09-04,12278775404,8223,117637
OF2,64,LogitGRF,09-05,16693759641,5168,99255
OF2,64,LogitGRF,09-06,21645745543,2975,98141
OF2,64,LogitGRF,09-07,21887124490,10650,167860
OF2,64,LogitGRF,09-08,17046581856,7288,116549
OF2,64,LogitGRF,09-10,6632591625,7334,104326
OF2,64,MicroscopyImages,01-02,16482926894,272,32918
OF2,64,MicroscopyImages,01-03,26621280364,115,21078
OF2,64,MicroscopyImages,01-04,31511921329,264,33284
OF2,64,MicroscopyImages,01-05,97755493707,121,23044
OF2,64,MicroscopyImages,01-06,95581340884,237,35368
OF2,64,MicroscopyImages,01-07,28895420926,212,30833
OF2,64,MicroscopyImages,01-08,40684280331,369,44681
OF2,64,MicroscopyImages,01-09,177274246615,150,26522
OF2,64,MicroscopyImages,01-10,125153328737,376,46125
OF2,64,MicroscopyImages,02-03,16486784608,254,30408
OF2,64,MicroscopyImages,02-04,27812672667,605,54539
OF2,64,MicroscopyImages,02-05,73135922495,311,40817
OF2,64,MicroscopyImages,02-07,22699285402,569,51905
OF2,64,MicroscopyImages,02-10,99980787659,905,74145
OF2,64,MicroscopyImages,03-07,18785515748,219,30556
OF2,64,MicroscopyImages,03-10,58126264317,408,47180
OF2,64,MicroscopyImages,04-03,13124200181,304,38830
OF2,64,MicroscopyImages,04-07,32137075009,571,55708
OF2,64,MicroscopyImages,04-10,44801632006,878,67456
OF2,64,MicroscopyImages,05-03,42610208271,138,22522
OF2,64,MicroscopyImages,05-04,37310469260,318,39916
OF2,64,MicroscopyImages,05-07,71796971349,239,33913
OF2,64,MicroscopyImages,05-10,23867749568,385,42064
OF2,64,MicroscopyImages,06-02,84288113520,573,55583
OF2,64,MicroscopyImages,06-03,52625070536,264,37040
OF2,64,MicroscopyImages,06-04,30695978351,557,51694
OF2,64,MicroscopyImages,06-05,20394908933,232,31206
OF2,64,MicroscopyImages,06-07,83838768646,473,53725
OF2,64,MicroscopyImages,06-08,88003338767,755,68561
OF2,64,MicroscopyImages,06-10,17357642175,692,57589
OF2,64,MicroscopyImages,07-10,87134939987,778,69286
OF2,64,MicroscopyImages,08-02,20371519439,917,68838
OF2,64,MicroscopyImages,08-03,16321606925,382,41896
OF2,64,MicroscopyImages,08-04,38962932958,922,70619
OF2,64,MicroscopyImages,08-05,63519767222,417,46412
OF2,64,MicroscopyImages,08-07,9373947165,708,56657
OF2,64,MicroscopyImages,08-10,84206568456,1080,83857
OF2,64,MicroscopyImages,09-02,142270669177,388,44494
OF2,64,MicroscopyImages,09-03,89436557345,168,27737
OF2,64,MicroscopyImages,09-04,82911478762,373,41960
OF2,64,MicroscopyImages,09-05,40259116424,156,24096
OF2,64,MicroscopyImages,09-06,46031340585,323,39189
OF2,64,MicroscopyImages,09-07,122342886271,300,40652
OF2,64,MicroscopyImages,09-08,114646308392,532,53913
OF2,64,MicroscopyImages,09-10,13132851844,413,43241
OF2,64,Shapes,01-02,39485440000,992,84838
OF2,64,Shapes,01-03,1694000000,1070,83517
OF2,64,Shapes,01-04,21846108552,1455,97512
OF2,64,Shapes,01-05,15615080434,1239,82133
OF2,64,Shapes,01-06,77692400000,1992,184220
OF2,64,Shapes,01-07,43361216615,1924,117346
OF2,64,Shapes,01-08,26623569312,817,70334
OF2,64,Shapes,01-09,11839600000,1419,126250
OF2,64,Shapes,01-10,4192698874,1356,82009
OF2,64,Shapes,02-03,40457664000,472,47959
OF2,64,Shapes,02-04,4992134016,510,44588
OF2,64,Shapes,02-05,51567712558,482,50636
OF2,64,Shapes,02-07,39407248313,740,69117
OF2,64,Shapes,02-10,51778666636,514,51270
OF2,64,Shapes,03-07,44440401501,896,72798
OF2,64,Shapes,03-10,5395188022,578,47264
OF2,64,Shapes,04-03,22879329786,737,59396
OF2,64,Shapes,04-07,30714562273,1063,86419
OF2,64,Shapes,04-10,32511786008,832,74015
OF2,64,Shapes,05-03,16751164068,576,53965
OF2,64,Shapes,05-04,29880414584,716,60138
OF2,64,Shapes,05-07,52306678067,856,72621
OF2,64,Shapes,05-10,18842738256,679,52699
OF2,64,Shapes,06-02,61735712000,583,62345
OF2,64,Shapes,06-03,78673600000,664,81748
OF2,64,Shapes,06-04,57032294190,945,83255
OF2,64,Shapes,06-05,87463223068,677,72185
OF2,64,Shapes,06-07,167937934719,1157,108890
OF2,64,Shapes,06-08,62291445530,479,59436
OF2,64,Shapes,06-10,88538596160,794,76449
OF2,64,Shapes,07-10,52935617529,987,79449
OF2,64,Shapes,08-02,9941900604,291,35306
OF2,64,Shapes,08-03,27477075902,353,37321
OF2,64,Shapes,08-04,5121715666,420,37304
OF2,64,Shapes,08-05,24280105952,388,43918
OF2,64,Shapes,08-07,35350981429,599,60990
OF2,64,Shapes,08-10,37176913080,435,44833
OF2,64,Shapes,09-02,46781984000,483,47609
OF2,64,Shapes,09-03,12799200000,576,61727
OF2,64,Shapes,09-04,31029093214,950,60047
OF2,64,Shapes,09-05,27661476718,575,57658
OF2,64,Shapes,09-06,85985600000,670,75327
OF2,64,Shapes,09-07,53207349267,926,78412
OF2,64,Shapes,09-08,35675236008,365,40623
OF2,64,Shapes,09-10,13352698622,566,49292
OF2,64,WhiteNoise,01-02,319604347,2830,55898
OF2,64,WhiteNoise,01-03,320143335,3448,55509
OF2,64,WhiteNoise,01-04,366941152,4079,61494
OF2,64,WhiteNoise,01-05,366592745,3206,56609
OF2,64,WhiteNoise,01-06,343817331,4268,62905
OF2,64,WhiteNoise,01-07,545316364,2629,59578
OF2,64,WhiteNoise,01-08,440818184,2686,56624
OF2,64,WhiteNoise,01-09,403705254,3755,61151
OF2,64,WhiteNoise,01-10,413028478,4022,57509
OF2,64,WhiteNoise,02-03,386857778,3891,63516
OF2,64,WhiteNoise,02-04,425225567,3236,60903
OF2,64,WhiteNoise,02-05,377729882,4301,61474
OF2,64,WhiteNoise,02-07,495691735,2836,56635
OF2,64,WhiteNoise,02-10,448651719,4133,58708
OF2,64,WhiteNoise,03-07,577195541,5300,68029
OF2,64,WhiteNoise,03-10,462520685,2964,58507
OF2,64,WhiteNoise,04-03,339103207,3914,59584
OF2,64,WhiteNoise,04-07,512204036,2659,57425
OF2,64,WhiteNoise,04-10,409098194,3748,59644
OF2,64,WhiteNoise,05-03,367917114,3569,60907
OF2,64,WhiteNoise,05-04,380175567,3921,66307
OF2,64,WhiteNoise,05-07,410829851,4039,59188
OF2,64,WhiteNoise,05-10,335017723,2746,54071
OF2,64,WhiteNoise,06-02,319604426,3837,66119
OF2,64,WhiteNoise,06-03,394606058,3694,66685
OF2,64,WhiteNoise,06-04,367474939,3538,63142
OF2,64,WhiteNoise,06-05,346480252,2740,60523
OF2,64,WhiteNoise,06-07,361884761,2526,53008
OF2,64,WhiteNoise,06-08,349710159,4261,55880
OF2,64,WhiteNoise,06-10,375211029,3315,58301
OF2,64,WhiteNoise,07-10,352028108,2835,57542
OF2,64,WhiteNoise,08-02,453944929,5294,73620
OF2,64,WhiteNoise,08-03,443428975,3508,61977
OF2,64,WhiteNoise,08-04,349815104,2381,58746
OF2,64,WhiteNoise,08-05,402320215,3064,60437
OF2,64,WhiteNoise,08-07,378069848,4059,65136
OF2,64,WhiteNoise,08-10,353368450,4409,59279
OF2,64,WhiteNoise,09-02,456957989,4927,71728
OF2,64,WhiteNoise,09-03,397267661,4542,65507
OF2,64,WhiteNoise,09-04,320756358,3550,61044
OF2,64,WhiteNoise,09-05,418927239,2989,60187
OF2,64,WhiteNoise,09-06,359484777,5165,68378
OF2,64,WhiteNoise,09-07,451848482,3722,59641
OF2,64,WhiteNoise,09-08,337226548,2732,53850
OF2,64,WhiteNoise,09-10,428767514,3166,56206
OF2,128,CauchyDensity,01-06,4900357948345,342288,1315678
OF2,128,CauchyDensity,01-10,3124262173582,365022,1759126
OF2,128,CauchyDensity,02-01,777271120646,285172,1288530
OF2,128,CauchyDensity,02-04,1788629719137,132219,622493
OF2,128,CauchyDensity,02-06,3220884257339,374580,1436510
OF2,128,CauchyDensity,02-10,2621356774390,392067,1546440
OF2,128,CauchyDensity,03-01,4412375167301,152236,893902
OF2,128,CauchyDensity,03-02,2436908334629,181251,745536
OF2,128,CauchyDensity,03-04,274209840576,202429,743281
OF2,128,CauchyDensity,03-06,238865336670,304152,953654
OF2,128,CauchyDensity,03-07,241883895060,250032,747446
OF2,128,CauchyDensity,03-08,545722250492,346137,1175949
OF2,128,CauchyDensity,03-09,534019709754,332935,1235066
OF2,128,CauchyDensity,03-10,1281374287445,157267,679102
OF2,128,CauchyDensity,04-01,3067878353595,143951,870247
OF2,128,CauchyDensity,04-06,341861065654,291394,906331
OF2,128,CauchyDensity,04-10,1187416858953,181004,704349
OF2,128,CauchyDensity,05-01,2885528036630,227713,1156818
OF2,128,CauchyDensity,05-02,1719118049312,134608,756692
OF2,128,CauchyDensity,05-03,747780542649,222427,740047
OF2,128,CauchyDensity,05-04,434983973867,180281,572583
OF2,128,CauchyDensity,05-06,543221381833,332730,981519
OF2,128,CauchyDensity,05-07,258142399381,190426,606021
OF2,128,CauchyDensity,05-08,130154142595,320675,712594
OF2,128,CauchyDensity,05-09,409660642213,231979,644643
OF2,128,CauchyDensity,05-10,1350577954178,241596,736478
OF2,128,CauchyDensity,07-01,3644588668747,152401,900227
OF2,128,CauchyDensity,07-02,2186082481789,109550,714579
OF2,128,CauchyDensity,07-04,141437306220,180545,605315
OF2,128,CauchyDensity,07-06,130660923826,286959,714454
OF2,128,CauchyDensity,07-10,930075518993,239867,687502
OF2,128,CauchyDensity,08-01,2834655483739,121948,877036
OF2,128,CauchyDensity,08-02,1729203736741,158553,737429
OF2,128,CauchyDensity,08-04,268810708132,189161,668940
OF2,128,CauchyDensity,08-06,402566487866,119173,568474
OF2,128,CauchyDensity,08-07,96679172018,249006,718574
OF2,128,CauchyDensity,08-10,743655192177,259967,660476
OF2,128,CauchyDensity,09-01,4227189814593,139878,891840
OF2,128,CauchyDensity,09-02,3002147922383,115666,746737
OF2,128,CauchyDensity,09-04,265548487190,150558,625299
OF2,128,CauchyDensity,09-06,126955964288,233605,719304
OF2,128,CauchyDensity,09-07,145596471164,292323,822896
OF2,128,CauchyDensity,09-08,309478266524,336666,889794
OF2,128,CauchyDensity,09-10,1381354031189,288488,789129
OF2,128,CauchyDensity,10-06,1295336428247,218910,722596
OF2,128,ClassicImages,01-06,291226837612,512228,1205681
OF2,128,ClassicImages,01-10,334236719497,847300,2528683
OF2,128,ClassicImages,02-01,157845295987,840727,2133435
OF2,128,ClassicImages,02-04,35106560232,222323,537208
OF2,128,ClassicImages,02-06,41611605969,286806,617130
OF2,128,ClassicImages,02-10,99256086008,248316,596102
OF2,128,ClassicImages,03-01,188906687813,450444,1056940
OF2,128,ClassicImages,03-02,89056972964,285745,656372
OF2,128,ClassicImages,03-04,66494780538,208220,621102
OF2,128,ClassicImages,03-06,118072712957,278934,686611
OF2,128,ClassicImages,03-07,130078420765,334284,777311
OF2,128,ClassicImages,03-08,88213501885,227408,630571
OF2,128,ClassicImages,03-09,315244757111,369474,889387
OF2,128,ClassicImages,03-10,209081844476,203565,641255
OF2,128,ClassicImages,04-01,101830740511,697872,1438683
OF2,128,ClassicImages,04-06,85655193319,316463,678258
OF2,128,ClassicImages,04-10,158152181612,326766,832596
OF2,128,ClassicImages,05-01,131458313953,585503,1285614
OF2,128,ClassicImages,05-02,33102781582,319497,599260
OF2,128,ClassicImages,05-03,77228616554,224798,649485
OF2,128,ClassicImages,05-04,46587143650,152523,471435
OF2,128,ClassicImages,05-06,69239430791,372777,815332
OF2,128,ClassicImages,05-07,41162259853,261413,624592
OF2,128,ClassicImages,05-08,74803209217,209755,586110
OF2,128,ClassicImages,05-09,177838533037,427420,1054284
OF2,128,ClassicImages,05-10,158406860066,374048,827984
OF2,128,ClassicImages,07-01,215510150348,603575,1575921
OF2,128,ClassicImages,07-02,37184885785,148495,462940
OF2,128,ClassicImages,07-04,89904984455,206153,554871
OF2,128,ClassicImages,07-06,58718924256,206943,632359
OF2,128,ClassicImages,07-10,123108732721,309530,776918
OF2,128,ClassicImages,08-01,149596865512,831462,2093791
OF2,128,ClassicImages,08-02,50854646209,484361,1029266
OF2,128,ClassicImages,08-04,41536568813,369527,888698
OF2,128,ClassicImages,08-06,84846128876,383278,886813
OF2,128,ClassicImages,08-07,84029333630,450108,994812
OF2,128,ClassicImages,08-10,120664563601,269105,657966
OF2,128,ClassicImages,09-01,427705465706,493189,1012769
OF2,128,ClassicImages,09-02,207563491975,422759,1013164
OF2,128,ClassicImages,09-04,282903383977,256805,684840
OF2,128,ClassicImages,09-06,203445046784,225691,704665
OF2,128,ClassicImages,09-07,169905133770,545566,1452965
OF2,128,ClassicImages,09-08,360568225912,275109,863442
OF2,128,ClassicImages,09-10,438374223205,338072,788965
OF2,128,ClassicImages,10-06,114629312053,460916,1089548
OF2,128,GRFmoderate,01-06,254353547484,275500,709553
OF2,128,GRFmoderate,01-10,138331384168,497379,1196052
OF2,128,GRFmoderate,02-01,227261231593,367389,937282
OF2,128,GRFmoderate,02-04,132241842123,518365,1194747
OF2,128,GRFmoderate,02-06,351812506039,841050,2790441
OF2,128,GRFmoderate,02-10,42897611173,238432,691773
OF2,128,GRFmoderate,03-01,236655201496,260671,711657
OF2,128,GRFmoderate,03-02,133534233141,775664,1914545
OF2,128,GRFmoderate,03-04,81329135664,615163,1486975
OF2,128,GRFmoderate,03-06,124927137328,655529,1832129
OF2,128,GRFmoderate,03-07,158718039936,255635,750921
OF2,128,GRFmoderate,03-08,105088551273,328553,905613
OF2,128,GRFmoderate,03-09,138512117909,523524,1352484
OF2,128,GRFmoderate,03-10,104788121592,557108,1268255
OF2,128,GRFmoderate,04-01,124956086908,176929,600207
OF2,128,GRFmoderate,04-06,112295052484,615526,1641434
OF2,128,GRFmoderate,04-10,73345187892,303808,674860
OF2,128,GRFmoderate,05-01,235389262367,491053,1173982
OF2,128,GRFmoderate,05-02,77025414324,642383,1690336
OF2,128,GRFmoderate,05-03,89736023581,389488,952519
OF2,128,GRFmoderate,05-04,123841259579,270488,739564
OF2,128,GRFmoderate,05-06,218036410209,692026,1972063
OF2,128,GRFmoderate,05-07,158933623949,471548,1025843
OF2,128,GRFmoderate,05-08,118903167468,342548,765761
OF2,128,GRFmoderate,05-09,170292583254,669027,1706439
OF2,128,GRFmoderate,05-10,93299134715,588844,1453440
OF2,128,GRFmoderate,07-01,23249291812,212482,657423
OF2,128,GRFmoderate,07-02,153186699005,302067,739062
OF2,128,GRFmoderate,07-04,76475523440,235136,609464
OF2,128,GRFmoderate,07-06,207750082566,386099,775771
OF2,128,GRFmoderate,07-10,83852929226,273869,785714
OF2,128,GRFmoderate,08-01,122330305589,375214,813531
OF2,128,GRFmoderate,08-02,203676644672,483879,1147123
OF2,128,GRFmoderate,08-04,82404146495,169791,505141
OF2,128,GRFmoderate,08-06,91789725221,509190,1100622
OF2,128,GRFmoderate,08-07,81998782015,311980,635244
OF2,128,GRFmoderate,08-10,150187302061,325136,860199
OF2,128,GRFmoderate,09-01,173600759911,407690,901688
OF2,128,GRFmoderate,09-02,297857194666,623616,1592089
OF2,128,GRFmoderate,09-04,118028408041,220799,599065
OF2,128,GRFmoderate,09-06,78477549723,297957,623874
OF2,128,GRFmoderate,09-07,147333830817,444243,959512
OF2,128,GRFmoderate,09-08,42443827434,487193,886757
OF2,128,GRFmoderate,09-10,240477075817,573967,1536857
OF2,128,GRFmoderate,10-06,250472830146,619784,2014948
OF2,128,GRFrough,01-06,17609679733,374583,730774
OF2,128,GRFrough,01-10,34860644423,536982,1305854
OF2,128,GRFrough,02-01,9143191263,221212,450280
OF2,128,GRFrough,02-04,26469047718,416708,855520
OF2,128,GRFrough,02-06,16943205258,333258,610181
OF2,128,GRFrough,02-10,37909444440,475284,1085571
OF2,128,GRFrough,03-01,19042037158,222768,464999
OF2,128,GRFrough,03-02,19149369113,119937,401761
OF2,128,GRFrough,03-04,6917272159,276275,520589
OF2,128,GRFrough,03-06,7753992989,135915,408225
OF2,128,GRFrough,03-07,5602119230,228938,459537
OF2,128,GRFrough,03-08,18371575843,3843050,3158953
OF2,128,GRFrough,03-09,11184562127,200356,435233
OF2,128,GRFrough,03-10,16835201851,291611,538421
OF2,128,GRFrough,04-01,24289380331,157120,441190
OF2,128,GRFrough,04-06,13037615230,241875,529882
OF2,128,GRFrough,04-10,16504107030,261086,503416
OF2,128,GRFrough,05-01,20856189512,182852,453629
OF2,128,GRFrough,05-02,23234234853,158878,439306
OF2,128,GRFrough,05-03,5645678092,223589,410183
OF2,128,GRFrough,05-04,7649198073,301788,547441
OF2,128,GRFrough,05-06,10677684055,236156,478013
OF2,128,GRFrough,05-07,6980133028,286142,550666
OF2,128,GRFrough,05-08,21861472957,4259237,3292920
OF2,128,GRFrough,05-09,13255312693,149772,418999
OF2,128,GRFrough,05-10,17833083329,226249,481252
OF2,128,GRFrough,07-01,23667407424,216525,462554
OF2,128,GRFrough,07-02,24676454665,152846,451525
OF2,128,GRFrough,07-04,9037931887,272712,502844
OF2,128,GRFrough,07-06,8428076633,133227,370858
OF2,128,GRFrough,07-10,21862023743,293437,580709
OF2,128,GRFrough,08-01,17666935933,3627568,3090213
OF2,128,GRFrough,08-02,15339910076,4486452,3243384
OF2,128,GRFrough,08-04,26721532710,3683698,3330860
OF2,128,GRFrough,08-06,15964314078,3371249,3015840
OF2,128,GRFrough,08-07,14486663407,4453920,3250035
OF2,128,GRFrough,08-10,38047825990,2542919,3083776
OF2,128,GRFrough,09-01,14410263671,293986,496758
OF2,128,GRFrough,09-02,10596394504,265986,468792
OF2,128,GRFrough,09-04,17672719542,280763,575068
OF2,128,GRFrough,09-06,9084316068,249527,468080
OF2,128,GRFrough,09-07,14371659969,265070,489086
OF2,128,GRFrough,09-08,15559958682,3674839,3042974
OF2,128,GRFrough,09-10,17810573104,380404,758979
OF2,128,GRFrough,10-06,17408256958,331977,629663
OF2,128,GRFsmooth,01-06,2034679263933,260838,883101
OF2,128,GRFsmooth,01-10,974406672497,424499,889786
OF2,128,GRFsmooth,02-01,1094571365051,554376,1609246
OF2,128,GRFsmooth,02-04,356963072028,338006,732092
OF2,128,GRFsmooth,02-06,999251951278,609403,1847286
OF2,128,GRFsmooth,02-10,99309943026,317919,747402
OF2,128,GRFsmooth,03-01,1057558163913,346560,979460
OF2,128,GRFsmooth,03-02,580734893046,381938,943188
OF2,128,GRFsmooth,03-04,1009348929770,338393,918615
OF2,128,GRFsmooth,03-06,462110445798,416889,1039664
OF2,128,GRFsmooth,03-07,476713205219,396998,859303
OF2,128,GRFsmooth,03-08,434249100554,529147,1370553
OF2,128,GRFsmooth,03-09,641224567123,421252,949241
OF2,128,GRFsmooth,03-10,672431360072,319609,923371
OF2,128,GRFsmooth,04-01,1716149552557,551016,1600168
OF2,128,GRFsmooth,04-06,791035425126,547511,1597511
OF2,128,GRFsmooth,04-10,375542891932,438439,1107408
OF2,128,GRFsmooth,05-01,722494776334,698032,2143158
OF2,128,GRFsmooth,05-02,370043098123,495818,1144688
OF2,128,GRFsmooth,05-03,148607103881,266508,673194
OF2,128,GRFsmooth,05-04,706763273157,360209,890921
OF2,128,GRFsmooth,05-06,567412273293,139397,635615
OF2,128,GRFsmooth,05-07,308979525816,359740,836345
OF2,128,GRFsmooth,05-08,207578480247,173307,580038
OF2,128,GRFsmooth,05-09,452193929900,526047,1292297
OF2,128,GRFsmooth,05-10,344552024197,382318,830963
OF2,128,GRFsmooth,07-01,1292783189238,774792,2859425
OF2,128,GRFsmooth,07-02,206404701957,410662,818823
OF2,128,GRFsmooth,07-04,190815149799,441917,910679
OF2,128,GRFsmooth,07-06,515698895811,752076,2891020
OF2,128,GRFsmooth,07-10,270926887651,293653,822147
OF2,128,GRFsmooth,08-01,498915474113,449287,1180017
OF2,128,GRFsmooth,08-02,302316902278,316965,762785
OF2,128,GRFsmooth,08-04,582404938436,272380,731692
OF2,128,GRFsmooth,08-06,927563175144,268252,808477
OF2,128,GRFsmooth,08-07,346078250145,272427,700676
OF2,128,GRFsmooth,08-10,242220338316,344473,835751
OF2,128,GRFsmooth,09-01,947212789834,500664,979241
OF2,128,GRFsmooth,09-02,373893603803,562122,961732
OF2,128,GRFsmooth,09-04,755035890013,848494,2803982
OF2,128,GRFsmooth,09-06,1230032486793,490398,1155811
OF2,128,GRFsmooth,09-07,563084384354,606174,1211407
OF2,128,GRFsmooth,09-08,229647264307,736363,1476205
OF2,128,GRFsmooth,09-10,311364856005,374493,785917
OF2,128,GRFsmooth,10-06,1069453468644,497320,1450995
OF2,128,LogGRF,01-06,478632133878,600518,1764480
OF2,128,LogGRF,01-10,2776809343133,868255,2799855
OF2,128,LogGRF,02-01,2751908617042,927568,3700919
OF2,128,LogGRF,02-04,4796032265002,545325,1646388
OF2,128,LogGRF,02-06,3628132347230,547403,1485094
OF2,128,LogGRF,02-10,5883794089381,469312,1317716
OF2,128,LogGRF,03-01,987535119076,270187,922059
OF2,128,LogGRF,03-02,5685874028202,614593,2164729
OF2,128,LogGRF,03-04,2223595678124,506469,2126676
OF2,128,LogGRF,03-06,745192657576,439628,1301799
OF2,128,LogGRF,03-07,2612049691988,478159,1416796
OF2,128,LogGRF,03-08,1894143100488,589291,2010823
OF2,128,LogGRF,03-09,3079408876288,780165,3061075
OF2,128,LogGRF,03-10,3392128493789,736232,2320869
OF2,128,LogGRF,04-01,2850696677494,203413,914332
OF2,128,LogGRF,04-06,3005925603314,184779,804862
OF2,128,LogGRF,04-10,8205136957673,653646,2640202
OF2,128,LogGRF,05-01,1175720628903,266676,1016012
OF2,128,LogGRF,05-02,5385919602205,743688,2651383
OF2,128,LogGRF,05-03,462943895443,416487,1111456
OF2,128,LogGRF,05-04,1552390962459,389188,1382124
OF2,128,LogGRF,05-06,1164288816513,205463,785152
OF2,128,LogGRF,05-07,1774001632305,656470,2470317
OF2,128,LogGRF,05-08,1447370410449,346814,977378
OF2,128,LogGRF,05-09,3013152434899,781538,3341582
OF2,128,LogGRF,05-10,4768401120414,750724,2932749
OF2,128,LogGRF,07-01,1617025797166,479395,1406110
OF2,128,LogGRF,07-02,1913079464286,346825,1392091
OF2,128,LogGRF,07-04,1102669644406,503601,1411399
OF2,128,LogGRF,07-06,2203595227702,309848,999999
OF2,128,LogGRF,07-10,6072752152283,786029,2814084
OF2,128,LogGRF,08-01,450889415988,455067,998671
OF2,128,LogGRF,08-02,1856967459262,713579,2354827
OF2,128,LogGRF,08-04,2370604195824,247116,960138
OF2,128,LogGRF,08-06,1192888862676,295047,873154
OF2,128,LogGRF,08-07,780001179008,458262,1611251
OF2,128,LogGRF,08-10,4182374670341,549563,1502984
OF2,128,LogGRF,09-01,1031072969272,861944,2726492
OF2,128,LogGRF,09-02,829202400714,386651,1220798
OF2,128,LogGRF,09-04,3840998179204,308711,1066037
OF2,128,LogGRF,09-06,1600056716678,467932,1345152
OF2,128,LogGRF,09-07,1245356581372,369309,1122412
OF2,128,LogGRF,09-08,662454238482,558147,1319129
OF2,128,LogGRF,09-10,3177687170687,341907,1043694
OF2,128,LogGRF,10-06,1689821130579,442358,1003202
OF2,128,LogitGRF,01-06,237850771633,343210,855616
OF2,128,LogitGRF,01-10,501999468484,555607,1233394
OF2,128,LogitGRF,02-01,646692784149,507534,1477492
OF2,128,LogitGRF,02-04,316950256157,365319,1230242
OF2,128,LogitGRF,02-06,445889962466,612832,1670667
OF2,128,LogitGRF,02-10,408594548595,730859,1711913
OF2,128,LogitGRF,03-01,166651278222,341410,827350
OF2,128,LogitGRF,03-02,377916299579,510005,1221910
OF2,128,LogitGRF,03-04,202630576614,583497,1177121
OF2,128,LogitGRF,03-06,160070673577,450622,968854
OF2,128,LogitGRF,03-07,236505390215,543758,1437910
OF2,128,LogitGRF,03-08,543477720803,616797,1813730
OF2,128,LogitGRF,03-09,361494892775,821709,2260783
OF2,128,LogitGRF,03-10,220215517724,691817,1522892
OF2,128,LogitGRF,04-01,343140513862,332857,1000934
OF2,128,LogitGRF,04-06,285728497815,419235,931991
OF2,128,LogitGRF,04-10,318636737524,500749,1022721
OF2,128,LogitGRF,05-01,167128280223,154301,753807
OF2,128,LogitGRF,05-02,455874099848,460316,1110029
OF2,128,LogitGRF,05-03,193428804081,456992,945629
OF2,128,LogitGRF,05-04,256899337969,634697,1916553
OF2,128,LogitGRF,05-06,236462873314,445676,1418689
OF2,128,LogitGRF,05-07,550133035678,447013,1151240
OF2,128,LogitGRF,05-08,930708278090,770365,2640354
OF2,128,LogitGRF,05-09,598846612704,1101126,3484963
OF2,128,LogitGRF,05-10,494207401725,812962,1934959
OF2,128,LogitGRF,07-01,458636581613,692450,2173352
OF2,128,LogitGRF,07-02,498595050530,359360,796160
OF2,128,LogitGRF,07-04,304812520837,329996,1104100
OF2,128,LogitGRF,07-06,377682144672,684266,2054720
OF2,128,LogitGRF,07-10,157249187831,354316,878885
OF2,128,LogitGRF,08-01,930486421847,741474,2730634
OF2,128,LogitGRF,08-02,455445077846,751619,1603898
OF2,128,LogitGRF,08-04,381740237387,740296,2143325
OF2,128,LogitGRF,08-06,707318940580,815084,2661924
OF2,128,LogitGRF,08-07,305916851758,507724,1121767
OF2,128,LogitGRF,08-10,293994056357,474094,981930
OF2,128,LogitGRF,09-01,467608427609,560616,1279147
OF2,128,LogitGRF,09-02,898616147102,452755,1066036
OF2,128,LogitGRF,09-04,427741174735,277792,849239
OF2,128,LogitGRF,09-06,381430749834,616753,1356806
OF2,128,LogitGRF,09-07,366207426836,394822,828050
OF2,128,LogitGRF,09-08,562956797830,578024,1058722
OF2,128,LogitGRF,09-10,303211858315,496454,856674
OF2,128,LogitGRF,10-06,252932783483,922086,2888427
OF2,128,MicroscopyImages,01-06,796771338714,17049,468565
OF2,128,MicroscopyImages,01-10,814721030364,12323,379812
OF2,128,MicroscopyImages,02-01,83773435957,13110,359156
OF2,128,MicroscopyImages,02-04,306025227824,38306,717132
OF2,128,MicroscopyImages,02-06,793131673653,37085,756949
OF2,128,MicroscopyImages,02-10,503067543801,25669,581121
OF2,128,MicroscopyImages,03-01,378463738169,9013,283200
OF2,128,MicroscopyImages,03-02,410914503012,20215,486110
OF2,128,MicroscopyImages,03-04,38315833128,20447,400305
OF2,128,MicroscopyImages,03-06,970881727787,21550,521815
OF2,128,MicroscopyImages,03-07,1567077181260,9826,356828
OF2,128,MicroscopyImages,03-08,1386764985483,18080,513039
OF2,128,MicroscopyImages,03-09,1296841636076,7083,302391
OF2,128,MicroscopyImages,03-10,1007114719411,17498,503975
OF2,128,MicroscopyImages,04-01,281250936243,18740,419091
OF2,128,MicroscopyImages,04-06,793799305521,41121,795465
OF2,128,MicroscopyImages,04-10,899902977473,33784,775054
OF2,128,MicroscopyImages,05-01,1120162886700,7761,307152
OF2,128,MicroscopyImages,05-02,1144312909977,19799,546419
OF2,128,MicroscopyImages,05-03,1262750197649,11061,374618
OF2,128,MicroscopyImages,05-04,1090217051973,23256,580618
OF2,128,MicroscopyImages,05-06,77823368296,16470,396240
OF2,128,MicroscopyImages,05-07,1534066655511,7166,289888
OF2,128,MicroscopyImages,05-08,1450485404758,15531,448161
OF2,128,MicroscopyImages,05-09,2407968601845,5762,273874
OF2,128,MicroscopyImages,05-10,1541378769962,16337,465884
OF2,128,MicroscopyImages,07-01,1636341974029,7262,292074
OF2,128,MicroscopyImages,07-02,1551430988866,16603,485446
OF2,128,MicroscopyImages,07-04,1450098462466,20953,521181
OF2,128,MicroscopyImages,07-06,1201856875277,16534,434664
OF2,128,MicroscopyImages,07-10,1757475306099,13443,441320
OF2,128,MicroscopyImages,08-01,1415673746620,14563,444872
OF2,128,MicroscopyImages,08-02,1312958507313,31735,729798
OF2,128,MicroscopyImages,08-04,1270446903989,34863,743107
OF2,128,MicroscopyImages,08-06,1103811079698,28624,626921
OF2,128,MicroscopyImages,08-07,49251612631,10496,285818
OF2,128,MicroscopyImages,08-10,1482109563330,26562,672614
OF2,128,MicroscopyImages,09-01,1315762937853,5245,250898
OF2,128,MicroscopyImages,09-02,928264085734,11394,402765
OF2,128,MicroscopyImages,09-04,1260762055258,13885,464713
OF2,128,MicroscopyImages,09-06,1993411461761,12759,440935
OF2,128,MicroscopyImages,09-07,2331489934468,5443,262426
OF2,128,MicroscopyImages,09-08,2000551814119,10851,398516
OF2,128,MicroscopyImages,09-10,209203922589,7457,270928
OF2,128,MicroscopyImages,10-06,1186573733684,29274,716468
OF2,128,Shapes,01-06,1241048000000,50859,1489783
OF2,128,Shapes,01-10,66072776558,31946,544270
OF2,128,Shapes,02-01,629800960000,22986,645138
OF2,128,Shapes,02-04,78688844154,11421,322958
OF2,128,Shapes,02-06,985665344000,14078,493348
OF2,128,Shapes,02-10,829222275228,12486,381246
OF2,128,Shapes,03-01,25018800000,28165,734188
OF2,128,Shapes,03-02,645056672000,10643,345142
OF2,128,Shapes,03-04,366232268076,16897,407403
OF2,128,Shapes,03-06,1256590800000,16241,550600
OF2,128,Shapes,03-07,700042111545,21092,519103
OF2,128,Shapes,03-08,435547933768,9307,272947
OF2,128,Shapes,03-09,202881600000,15755,539679
OF2,128,Shapes,03-10,85171131206,13992,327657
OF2,128,Shapes,04-01,350031298578,37204,707048
OF2,128,Shapes,04-06,910633592124,23888,637649
OF2,128,Shapes,04-10,523834103036,19140,464793
OF2,128,Shapes,05-01,247290313686,30096,607175
OF2,128,Shapes,05-02,819433074692,11228,366203
OF2,128,Shapes,05-03,264988573724,14649,388885
OF2,128,Shapes,05-04,474593430052,17160,428857
OF2,128,Shapes,05-06,1394651078262,16805,506785
OF2,128,Shapes,05-07,825153002341,20972,562944
OF2,128,Shapes,05-08,382785539164,9032,310075
OF2,128,Shapes,05-09,439171951500,14008,407010
OF2,128,Shapes,05-10,300253654116,14732,366619
OF2,128,Shapes,07-01,683084977715,47388,878842
OF2,128,Shapes,07-02,623917189419,19129,518442
OF2,128,Shapes,07-04,485057967701,27333,655630
OF2,128,Shapes,07-06,2671398261727,30673,907483
OF2,128,Shapes,07-10,837941706349,23381,567426
OF2,128,Shapes,08-01,422030832032,21493,496458
OF2,128,Shapes,08-02,158669016146,6850,246950
OF2,128,Shapes,08-04,80461018254,9302,261653
OF2,128,Shapes,08-06,994635807750,13285,445341
OF2,128,Shapes,08-07,557623961887,14934,456601
OF2,128,Shapes,08-10,593319666410,9758,300295
OF2,128,Shapes,09-01,186952800000,39409,1089860
OF2,128,Shapes,09-02,746230112000,11371,366838
OF2,128,Shapes,09-04,496981115814,18345,415760
OF2,128,Shapes,09-06,1373592400000,16062,553662
OF2,128,Shapes,09-07,839764152669,23317,582570
OF2,128,Shapes,09-08,563044189044,9244,294446
OF2,128,Shapes,09-10,211333776054,12945,326185
OF2,128,Shapes,10-06,1417223021078,19758,539738
OF2,128,WhiteNoise,01-06,1708270377,155535,389043
OF2,128,WhiteNoise,01-10,1373468805,115393,321550
OF2,128,WhiteNoise,02-01,1439261920,194903,416260
OF2,128,WhiteNoise,02-04,1617048808,193662,435564
OF2,128,WhiteNoise,02-06,2020156289,176133,456295
OF2,128,WhiteNoise,02-10,1687473349,145738,341265
OF2,128,WhiteNoise,03-01,1519431778,121444,310176
OF2,128,WhiteNoise,03-02,1636843102,174511,333119
OF2,128,WhiteNoise,03-04,1694959542,131556,305988
OF2,128,WhiteNoise,03-06,1355707641,143391,349419
OF2,128,WhiteNoise,03-07,1559976526,165116,325864
OF2,128,WhiteNoise,03-08,1518777492,162618,368225
OF2,128,WhiteNoise,03-09,1676560192,157740,340610
OF2,128,WhiteNoise,03-10,1562502611,125489,310403
OF2,128,WhiteNoise,04-01,1297969386,144898,315681
OF2,128,WhiteNoise,04-06,1783281341,134087,344995
OF2,128,WhiteNoise,04-10,1422583837,136332,322458
OF2,128,WhiteNoise,05-01,1477173654,121945,295461
OF2,128,WhiteNoise,05-02,2016976756,252568,451282
OF2,128,WhiteNoise,05-03,1643819632,185771,349249
OF2,128,WhiteNoise,05-04,1534551820,140653,312587
OF2,128,WhiteNoise,05-06,1573006101,101885,316236
OF2,128,WhiteNoise,05-07,1483606856,110391,302494
OF2,128,WhiteNoise,05-08,1705401320,163659,334471
OF2,128,WhiteNoise,05-09,1427123590,173973,318219
OF2,128,WhiteNoise,05-10,1534102657,142532,339148
OF2,128,WhiteNoise,07-01,1430800902,121750,288704
OF2,128,WhiteNoise,07-02,1840980374,257383,464248
OF2,128,WhiteNoise,07-04,1432373070,104226,318470
OF2,128,WhiteNoise,07-06,1605965979,140452,350964
OF2,128,WhiteNoise,07-10,1467342733,133394,314294
OF2,128,WhiteNoise,08-01,1906196218,97421,285767
OF2,128,WhiteNoise,08-02,2162586380,213034,374931
OF2,128,WhiteNoise,08-04,1834875334,145408,318445
OF2,128,WhiteNoise,08-06,1701758875,142375,317052
OF2,128,WhiteNoise,08-07,1664135972,88107,297130
OF2,128,WhiteNoise,08-10,1629477121,171621,309641
OF2,128,WhiteNoise,09-01,1350218890,148556,317850
OF2,128,WhiteNoise,09-02,1547097590,207887,385041
OF2,128,WhiteNoise,09-04,1359239810,111365,319232
OF2,128,WhiteNoise,09-06,1867374587,154601,365031
OF2,128,WhiteNoise,09-07,1542281090,112401,319440
OF2,128,WhiteNoise,09-08,1744106054,122868,338265
OF2,128,WhiteNoise,09-10,1349960859,92258,317271
OF2,128,WhiteNoise,10-06,1693410540,96003,323884
OF3,32,CauchyDensity,01-02,509582395,59,4078
OF3,32,CauchyDensity,01-03,873134543,54,3822
OF3,32,CauchyDensity,01-04,533707125,325,6483
OF3,32,CauchyDensity,01-05,1428612311,69,5750
OF3,32,CauchyDensity,01-06,1606904908,66,5145
OF3,32,CauchyDensity,01-07,939354302,72,5349
OF3,32,CauchyDensity,01-08,829605141,102,6137
OF3,32,CauchyDensity,01-09,583820578,81,7949
OF3,32,CauchyDensity,01-10,1598134906,69,5218
OF3,32,CauchyDensity,02-04,362767942,83,5646
OF3,32,CauchyDensity,02-05,1253153406,83,11106
OF3,32,CauchyDensity,02-06,1294873279,66,5042
OF3,32,CauchyDensity,02-08,484190268,178,7850
OF3,32,CauchyDensity,02-09,633920857,64,6412
OF3,32,CauchyDensity,02-10,1295188237,58,4186
OF3,32,CauchyDensity,03-02,565636512,153,12663
OF3,32,CauchyDensity,03-04,406045590,58,6172
OF3,32,CauchyDensity,03-05,969186040,75,8399
OF3,32,CauchyDensity,03-06,758427407,64,5535
OF3,32,CauchyDensity,03-08,350992658,149,9279
OF3,32,CauchyDensity,03-09,728214071,58,4779
OF3,32,CauchyDensity,03-10,730611005,54,4199
OF3,32,CauchyDensity,04-05,1071565730,92,11535
OF3,32,CauchyDensity,04-08,303858580,69,3056
OF3,32,CauchyDensity,04-10,1135409119,51,3091
OF3,32,CauchyDensity,05-08,1050138000,55,5265
OF3,32,CauchyDensity,05-10,683517633,43,2342
OF3,32,CauchyDensity,06-04,1135008989,66,7545
OF3,32,CauchyDensity,06-05,763229671,59,4832
OF3,32,CauchyDensity,06-08,928543127,56,5613
OF3,32,CauchyDensity,06-09,1411017516,57,4820
OF3,32,CauchyDensity,06-10,153327876,58,5577
OF3,32,CauchyDensity,07-02,510767911,184,15015
OF3,32,CauchyDensity,07-03,430872527,127,10086
OF3,32,CauchyDensity,07-04,423439793,64,6217
OF3,32,CauchyDensity,07-05,1314329747,66,8525
OF3,32,CauchyDensity,07-06,836523450,53,4201
OF3,32,CauchyDensity,07-08,266086367,48,2999
OF3,32,CauchyDensity,07-09,613533328,47,2993
OF3,32,CauchyDensity,07-10,824927136,55,4712
OF3,32,CauchyDensity,09-04,477301409,59,4068
OF3,32,CauchyDensity,09-05,1266404765,53,3583
OF3,32,CauchyDensity,09-08,482474389,39,1718
OF3,32,CauchyDensity,09-10,1411417646,55,3269
OF3,32,CauchyDensity,10-08,928943257,55,6198
OF3,32,ClassicImages,01-02,258319795,98,4815
OF3,32,ClassicImages,01-03,310023556,69,5339
OF3,32,ClassicImages,01-04,208274376,66,4830
OF3,32,ClassicImages,01-05,245829059,64,5786
OF3,32,ClassicImages,01-06,370316108,56,4120
OF3,32,ClassicImages,01-07,280989545,69,5975
OF3,32,ClassicImages,01-08,222472679,60,4967
OF3,32,ClassicImages,01-09,403918210,67,6716
OF3,32,ClassicImages,01-10,348265937,92,5895
OF3,32,ClassicImages,02-04,105320729,95,8740
OF3,32,ClassicImages,02-05,111663666,69,7166
OF3,32,ClassicImages,02-06,126631797,70,5097
OF3,32,ClassicImages,02-08,145832232,91,7478
OF3,32,ClassicImages,02-09,310876861,74,7761
OF3,32,ClassicImages,02-10,200379612,77,5759
OF3,32,ClassicImages,03-02,190590447,90,6064
OF3,32,ClassicImages,03-04,160853976,67,6841
OF3,32,ClassicImages,03-05,166456271,112,7814
OF3,32,ClassicImages,03-06,233756294,61,3917
OF3,32,ClassicImages,03-08,203129131,60,5692
OF3,32,ClassicImages,03-09,348070300,79,9405
OF3,32,ClassicImages,03-10,303619147,77,5756
OF3,32,ClassicImages,04-05,128138199,97,7801
OF3,32,ClassicImages,04-08,131546471,74,5263
OF3,32,ClassicImages,04-10,257092567,85,5676
OF3,32,ClassicImages,05-08,165402782,81,6186
OF3,32,ClassicImages,05-10,255779012,69,5624
OF3,32,ClassicImages,06-04,199532592,78,7218
OF3,32,ClassicImages,06-05,162723901,78,6402
OF3,32,ClassicImages,06-08,204045907,68,8032
OF3,32,ClassicImages,06-09,345481766,54,5482
OF3,32,ClassicImages,06-10,206761251,87,6146
OF3,32,ClassicImages,07-02,124400988,71,5507
OF3,32,ClassicImages,07-03,224471383,79,7374
OF3,32,ClassicImages,07-04,176629457,89,8606
OF3,32,ClassicImages,07-05,124617964,71,6808
OF3,32,ClassicImages,07-06,155036647,75,5323
OF3,32,ClassicImages,07-08,174791352,101,7442
OF3,32,ClassicImages,07-09,267673597,78,7554
OF3,32,ClassicImages,07-10,228547682,81,6170
OF3,32,ClassicImages,09-04,323205576,66,6602
OF3,32,ClassicImages,09-05,263578247,75,7031
OF3,32,ClassicImages,09-08,391335555,66,5406
OF3,32,ClassicImages,09-10,468572763,58,4930
OF3,32,ClassicImages,10-08,227262394,82,7564
OF3,32,GRFmoderate,01-02,202507111,65,6831
OF3,32,GRFmoderate,01-03,344779095,62,5988
OF3,32,GRFmoderate,01-04,484736535,51,4659
OF3,32,GRFmoderate,01-05,255289188,56,5153
OF3,32,GRFmoderate,01-06,360414420,82,6669
OF3,32,GRFmoderate,01-07,189466411,63,5215
OF3,32,GRFmoderate,01-08,389558618,66,6738
OF3,32,GRFmoderate,01-09,163898502,68,6291
OF3,32,GRFmoderate,01-10,127029889,93,6861
OF3,32,GRFmoderate,02-04,417400558,56,5808
OF3,32,GRFmoderate,02-05,186965843,117,9021
OF3,32,GRFmoderate,02-06,294615731,74,8390
OF3,32,GRFmoderate,02-08,381376191,77,5946
OF3,32,GRFmoderate,02-09,188243511,60,4969
OF3,32,GRFmoderate,02-10,195968886,68,5574
OF3,32,GRFmoderate,03-02,332927088,71,6668
OF3,32,GRFmoderate,03-04,370408162,74,6964
OF3,32,GRFmoderate,03-05,261576189,69,6466
OF3,32,GRFmoderate,03-06,320864351,64,6492
OF3,32,GRFmoderate,03-08,181980679,138,6668
OF3,32,GRFmoderate,03-09,246151585,94,6794
OF3,32,GRFmoderate,03-10,280699096,65,6561
OF3,32,GRFmoderate,04-05,286780319,57,4873
OF3,32,GRFmoderate,04-08,450308601,51,3556
OF3,32,GRFmoderate,04-10,400016072,65,5211
OF3,32,GRFmoderate,05-08,331592808,54,4084
OF3,32,GRFmoderate,05-10,195233333,61,4764
OF3,32,GRFmoderate,06-04,267871593,76,7298
OF3,32,GRFmoderate,06-05,183495458,65,5056
OF3,32,GRFmoderate,06-08,389038338,54,4305
OF3,32,GRFmoderate,06-09,289694602,47,3302
OF3,32,GRFmoderate,06-10,288077573,60,4964
OF3,32,GRFmoderate,07-02,199075284,85,7488
OF3,32,GRFmoderate,07-03,300693852,63,6473
OF3,32,GRFmoderate,07-04,396722570,75,6585
OF3,32,GRFmoderate,07-05,176799677,71,7343
OF3,32,GRFmoderate,07-06,281348293,78,7279
OF3,32,GRFmoderate,07-08,338550751,64,5925
OF3,32,GRFmoderate,07-09,110053133,79,5872
OF3,32,GRFmoderate,07-10,150533640,59,4925
OF3,32,GRFmoderate,09-04,397859161,57,4998
OF3,32,GRFmoderate,09-05,186179942,64,6269
OF3,32,GRFmoderate,09-08,272248604,77,8416
OF3,32,GRFmoderate,09-10,146184241,68,5643
OF3,32,GRFmoderate,10-08,339353105,72,8035
OF3,32,GRFrough,01-02,110209359,103,8828
OF3,32,GRFrough,01-03,85260847,75,6653
OF3,32,GRFrough,01-04,132602737,80,7489
OF3,32,GRFrough,01-05,80260476,86,9123
OF3,32,GRFrough,01-06,106360167,89,7385
OF3,32,GRFrough,01-07,78093628,76,6634
OF3,32,GRFrough,01-08,80632669,116,7343
OF3,32,GRFrough,01-09,68721222,95,7663
OF3,32,GRFrough,01-10,86517806,79,8147
OF3,32,GRFrough,02-04,118876248,103,9140
OF3,32,GRFrough,02-05,71246013,75,6978
OF3,32,GRFrough,02-06,124025104,70,6634
OF3,32,GRFrough,02-08,113247400,66,5934
OF3,32,GRFrough,02-09,85975395,80,5803
OF3,32,GRFrough,02-10,77457379,78,7310
OF3,32,GRFrough,03-02,134008132,118,8704
OF3,32,GRFrough,03-04,119215482,93,8414
OF3,32,GRFrough,03-05,121397383,72,7964
OF3,32,GRFrough,03-06,86152702,76,7200
OF3,32,GRFrough,03-08,103998630,104,8367
OF3,32,GRFrough,03-09,105184065,79,8880
OF3,32,GRFrough,03-10,105385829,78,8068
OF3,32,GRFrough,04-05,141549731,73,6540
OF3,32,GRFrough,04-08,153777188,65,5741
OF3,32,GRFrough,04-10,126286625,84,7034
OF3,32,GRFrough,05-08,79047955,66,5547
OF3,32,GRFrough,05-10,61797082,68,6110
OF3,32,GRFrough,06-04,105417862,74,7894
OF3,32,GRFrough,06-05,114263469,88,8936
OF3,32,GRFrough,06-08,121119844,83,8027
OF3,32,GRFrough,06-09,106646015,91,8807
OF3,32,GRFrough,06-10,95565719,122,8648
OF3,32,GRFrough,07-02,130524503,75,7669
OF3,32,GRFrough,07-03,86157013,96,6659
OF3,32,GRFrough,07-04,151526227,69,7258
OF3,32,GRFrough,07-05,102546336,74,7850
OF3,32,GRFrough,07-06,109255333,109,8365
OF3,32,GRFrough,07-08,71595903,82,8110
OF3,32,GRFrough,07-09,84957080,78,8318
OF3,32,GRFrough,07-10,111755368,81,8477
OF3,32,GRFrough,09-04,141091129,82,7928
OF3,32,GRFrough,09-05,64996708,72,7351
OF3,32,GRFrough,09-08,75451341,76,6256
OF3,32,GRFrough,09-10,78393096,84,7290
OF3,32,GRFrough,10-08,98594103,82,6591
OF3,32,GRFsmooth,01-02,513546339,96,7803
OF3,32,GRFsmooth,01-03,926937802,57,5550
OF3,32,GRFsmooth,01-04,475984987,73,5453
OF3,32,GRFsmooth,01-05,371317160,52,4612
OF3,32,GRFsmooth,01-06,316592345,66,6859
OF3,32,GRFsmooth,01-07,163712709,56,4520
OF3,32,GRFsmooth,01-08,434341293,73,7524
OF3,32,GRFsmooth,01-09,437902607,79,7584
OF3,32,GRFsmooth,01-10,514320287,97,9379
OF3,32,GRFsmooth,02-04,915411394,76,8374
OF3,32,GRFsmooth,02-05,653748297,61,6929
OF3,32,GRFsmooth,02-06,365900848,71,7121
OF3,32,GRFsmooth,02-08,277394070,67,6802
OF3,32,GRFsmooth,02-09,608040090,79,7793
OF3,32,GRFsmooth,02-10,448761802,78,8086
OF3,32,GRFsmooth,03-02,708413217,53,3882
OF3,32,GRFsmooth,03-04,998199831,49,3382
OF3,32,GRFsmooth,03-05,951660294,59,4158
OF3,32,GRFsmooth,03-06,743003639,56,3518
OF3,32,GRFsmooth,03-08,533528727,52,3900
OF3,32,GRFsmooth,03-09,622640049,65,4837
OF3,32,GRFsmooth,03-10,565858843,52,3667
OF3,32,GRFsmooth,04-05,345289703,55,4281
OF3,32,GRFsmooth,04-08,733142930,66,4633
OF3,32,GRFsmooth,04-10,511346908,65,6496
OF3,32,GRFsmooth,05-08,587229823,62,6163
OF3,32,GRFsmooth,05-10,517189823,76,8591
OF3,32,GRFsmooth,06-04,598319956,76,8578
OF3,32,GRFsmooth,06-05,400060215,62,5814
OF3,32,GRFsmooth,06-08,256418092,103,9341
OF3,32,GRFsmooth,06-09,436773264,82,8377
OF3,32,GRFsmooth,06-10,369692906,63,6060
OF3,32,GRFsmooth,07-02,459206126,65,7051
OF3,32,GRFsmooth,07-03,977279031,59,5990
OF3,32,GRFsmooth,07-04,585305900,55,4631
OF3,32,GRFsmooth,07-05,384309607,57,4921
OF3,32,GRFsmooth,07-06,281396618,99,8095
OF3,32,GRFsmooth,07-08,473022334,54,5401
OF3,32,GRFsmooth,07-09,459380552,57,5414
OF3,32,GRFsmooth,07-10,452319464,64,7053
OF3,32,GRFsmooth,09-04,462350614,74,6052
OF3,32,GRFsmooth,09-05,479479079,56,4999
OF3,32,GRFsmooth,09-08,375333574,60,3465
OF3,32,GRFsmooth,09-10,305433992,70,5129
OF3,32,GRFsmooth,10-08,253442710,69,6232
OF3,32,LogGRF,01-02,512558289,76,5435
OF3,32,LogGRF,01-03,964453131,64,6511
OF3,32,LogGRF,01-04,764462503,105,9298
OF3,32,LogGRF,01-05,1402242233,82,7194
OF3,32,LogGRF,01-06,561691716,67,6155
OF3,32,LogGRF,01-07,342264683,142,10320
OF3,32,LogGRF,01-08,669311055,114,7939
OF3,32,LogGRF,01-09,1506886753,62,5277
OF3,32,LogGRF,01-10,1059376060,59,5752
OF3,32,LogGRF,02-04,727391052,71,7343
OF3,32,LogGRF,02-05,1015218136,122,10669
OF3,32,LogGRF,02-06,491964437,67,5265
OF3,32,LogGRF,02-08,347642538,82,9979
OF3,32,LogGRF,02-09,1076182312,57,4756
OF3,32,LogGRF,02-10,692753497,67,7108
OF3,32,LogGRF,03-02,750803570,98,11092
OF3,32,LogGRF,03-04,940658592,98,10068
OF3,32,LogGRF,03-05,928623988,111,8191
OF3,32,LogGRF,03-06,822468585,95,10559
OF3,32,LogGRF,03-08,807667248,85,9221
OF3,32,LogGRF,03-09,994746864,67,6980
OF3,32,LogGRF,03-10,698504047,130,8028
OF3,32,LogGRF,04-05,997116628,133,13030
OF3,32,LogGRF,04-08,624144708,126,9416
OF3,32,LogGRF,04-10,632018989,91,7071
OF3,32,LogGRF,05-08,830374424,83,10125
OF3,32,LogGRF,05-10,594286173,82,7493
OF3,32,LogGRF,06-04,1035001803,74,6718
OF3,32,LogGRF,06-05,1388995035,73,9872
OF3,32,LogGRF,06-08,764683473,67,7931
OF3,32,LogGRF,06-09,1035435291,63,4410
OF3,32,LogGRF,06-10,993220856,76,8285
OF3,32,LogGRF,07-02,580399518,79,7375
OF3,32,LogGRF,07-03,944861314,78,6797
OF3,32,LogGRF,07-04,754698774,93,9789
OF3,32,LogGRF,07-05,1338325098,56,5021
OF3,32,LogGRF,07-06,745787813,58,5359
OF3,32,LogGRF,07-08,652029818,93,7554
OF3,32,LogGRF,07-09,1476650824,62,5479
OF3,32,LogGRF,07-10,1022921179,55,4296
OF3,32,LogGRF,09-04,1207371242,52,5115
OF3,32,LogGRF,09-05,1316124032,62,7379
OF3,32,LogGRF,09-08,943417238,57,6112
OF3,32,LogGRF,09-10,907590773,63,6416
OF3,32,LogGRF,10-08,569077283,86,11036
OF3,32,LogitGRF,01-02,372783347,89,7468
OF3,32,LogitGRF,01-03,396487083,86,7501
OF3,32,LogitGRF,01-04,288735382,102,8513
OF3,32,LogitGRF,01-05,269508871,71,6364
OF3,32,LogitGRF,01-06,277578632,76,7293
OF3,32,LogitGRF,01-07,395280515,86,9779
OF3,32,LogitGRF,01-08,228290022,93,8187
OF3,32,LogitGRF,01-09,615558744,69,6559
OF3,32,LogitGRF,01-10,400725650,63,5087
OF3,32,LogitGRF,02-04,277349729,86,9534
OF3,32,LogitGRF,02-05,362289994,84,7356
OF3,32,LogitGRF,02-06,405207393,76,9068
OF3,32,LogitGRF,02-08,407109231,94,9806
OF3,32,LogitGRF,02-09,446559439,85,9192
OF3,32,LogitGRF,02-10,325419265,101,8933
OF3,32,LogitGRF,03-02,423039084,78,7201
OF3,32,LogitGRF,03-04,468619663,163,9633
OF3,32,LogitGRF,03-05,318701242,83,7888
OF3,32,LogitGRF,03-06,336543797,94,8537
OF3,32,LogitGRF,03-08,494878629,117,10457
OF3,32,LogitGRF,03-09,336792089,77,7022
OF3,32,LogitGRF,03-10,319412815,84,7528
OF3,32,LogitGRF,04-05,396775695,70,6725
OF3,32,LogitGRF,04-08,321850662,96,9582
OF3,32,LogitGRF,04-10,395283022,71,7013
OF3,32,LogitGRF,05-08,354451775,97,8939
OF3,32,LogitGRF,05-10,403021801,65,5725
OF3,32,LogitGRF,06-04,369378510,83,8267
OF3,32,LogitGRF,06-05,299752705,79,7456
OF3,32,LogitGRF,06-08,309819964,96,8973
OF3,32,LogitGRF,06-09,508254974,108,8841
OF3,32,LogitGRF,06-10,306214778,78,6574
OF3,32,LogitGRF,07-02,646116724,55,4487
OF3,32,LogitGRF,07-03,338360942,68,4795
OF3,32,LogitGRF,07-04,537554275,58,5941
OF3,32,LogitGRF,07-05,446044790,61,4856
OF3,32,LogitGRF,07-06,338591239,71,6198
OF3,32,LogitGRF,07-08,485997525,87,8775
OF3,32,LogitGRF,07-09,540813063,69,7412
OF3,32,LogitGRF,07-10,498953315,64,5189
OF3,32,LogitGRF,09-04,618271414,82,7725
OF3,32,LogitGRF,09-05,495562817,99,9495
OF3,32,LogitGRF,09-08,730136708,69,7917
OF3,32,LogitGRF,09-10,324568360,98,9840
OF3,32,LogitGRF,10-08,494116354,86,8693
OF3,32,MicroscopyImages,01-02,355430655,29,4308
OF3,32,MicroscopyImages,01-03,1098185916,21,3587
OF3,32,MicroscopyImages,01-04,785440951,30,3972
OF3,32,MicroscopyImages,01-05,837699238,26,4410
OF3,32,MicroscopyImages,01-06,914911296,31,4064
OF3,32,MicroscopyImages,01-07,783348776,25,4023
OF3,32,MicroscopyImages,01-08,825498924,31,4627
OF3,32,MicroscopyImages,01-09,687519147,26,4994
OF3,32,MicroscopyImages,01-10,575304142,41,5648
OF3,32,MicroscopyImages,02-04,943358062,42,4562
OF3,32,MicroscopyImages,02-05,768762321,46,6011
OF3,32,MicroscopyImages,02-06,891911225,54,6096
OF3,32,MicroscopyImages,02-08,876811273,46,4592
OF3,32,MicroscopyImages,02-09,499515574,43,7317
OF3,32,MicroscopyImages,02-10,434688459,62,7754
OF3,32,MicroscopyImages,03-02,1261114693,30,4988
OF3,32,MicroscopyImages,03-04,362533441,32,5221
OF3,32,MicroscopyImages,03-05,723827876,27,4676
OF3,32,MicroscopyImages,03-06,531412210,33,5154
OF3,32,MicroscopyImages,03-08,632699786,37,6657
OF3,32,MicroscopyImages,03-09,834947885,23,3846
OF3,32,MicroscopyImages,03-10,894117012,32,4734
OF3,32,MicroscopyImages,04-05,558585877,40,5717
OF3,32,MicroscopyImages,04-08,570145675,51,6402
OF3,32,MicroscopyImages,04-10,580547043,54,6528
OF3,32,MicroscopyImages,05-08,544690610,49,5545
OF3,32,MicroscopyImages,05-10,448346600,50,6340
OF3,32,MicroscopyImages,06-04,498035351,50,6563
OF3,32,MicroscopyImages,06-05,221160878,50,6575
OF3,32,MicroscopyImages,06-08,557386234,55,6338
OF3,32,MicroscopyImages,06-09,562548529,35,4083
OF3,32,MicroscopyImages,06-10,529469128,66,7092
OF3,32,MicroscopyImages,07-02,809432895,32,4926
OF3,32,MicroscopyImages,07-03,691694576,25,4599
OF3,32,MicroscopyImages,07-04,594208839,41,6454
OF3,32,MicroscopyImages,07-05,555259126,33,5845
OF3,32,MicroscopyImages,07-06,565479074,41,5825
OF3,32,MicroscopyImages,07-08,184634704,44,6078
OF3,32,MicroscopyImages,07-09,808362609,30,5169
OF3,32,MicroscopyImages,07-10,702819966,54,7527
OF3,32,MicroscopyImages,09-04,631734096,35,4569
OF3,32,MicroscopyImages,09-05,526083287,32,4700
OF3,32,MicroscopyImages,09-08,812757431,36,4995
OF3,32,MicroscopyImages,09-10,249234745,45,5836
OF3,32,MicroscopyImages,10-08,700069576,57,7381
OF3,32,Shapes,01-02,614400000,18,2675
OF3,32,Shapes,01-03,90800000,36,7160
OF3,32,Shapes,01-04,454487706,25,2886
OF3,32,Shapes,01-05,303709206,24,2780
OF3,32,Shapes,01-06,819200000,23,3040
OF3,32,Shapes,01-07,546096229,31,3708
OF3,32,Shapes,01-08,462841428,19,3173
OF3,32,Shapes,01-09,275200000,29,5622
OF3,32,Shapes,01-10,200594534,29,3634
OF3,32,Shapes,02-04,160754214,13,2424
OF3,32,Shapes,02-05,681115360,10,2148
OF3,32,Shapes,02-06,637152000,10,2136
OF3,32,Shapes,02-08,260095972,8,1911
OF3,32,Shapes,02-09,622976000,12,2759
OF3,32,Shapes,02-10,705097604,12,2684
OF3,32,Shapes,03-02,614400000,10,1838
OF3,32,Shapes,03-04,456065658,15,2416
OF3,32,Shapes,03-05,309842460,15,2788
OF3,32,Shapes,03-06,819200000,12,2214
OF3,32,Shapes,03-08,463650610,9,1870
OF3,32,Shapes,03-09,276800000,23,5083
OF3,32,Shapes,03-10,216388720,16,3004
OF3,32,Shapes,04-05,521202856,15,2242
OF3,32,Shapes,04-08,174133320,12,2503
OF3,32,Shapes,04-10,546928630,18,2886
OF3,32,Shapes,05-08,469253364,9,1839
OF3,32,Shapes,05-10,358932040,16,2749
OF3,32,Shapes,06-04,604690726,15,3040
OF3,32,Shapes,06-05,852558054,13,2237
OF3,32,Shapes,06-08,657002236,10,2342
OF3,32,Shapes,06-09,819200000,17,3292
OF3,32,Shapes,06-10,864549098,14,2573
OF3,32,Shapes,07-02,610447547,13,2407
OF3,32,Shapes,07-03,550931599,18,3125
OF3,32,Shapes,07-04,509492733,16,2569
OF3,32,Shapes,07-05,633499377,18,3255
OF3,32,Shapes,07-06,1101449147,16,3521
OF3,32,Shapes,07-08,544983227,13,2595
OF3,32,Shapes,07-09,603640577,19,3183
OF3,32,Shapes,07-10,618112997,20,3724
OF3,32,Shapes,09-04,468832788,20,3760
OF3,32,Shapes,09-05,387442362,17,3405
OF3,32,Shapes,09-08,499117342,11,2817
OF3,32,Shapes,09-10,326834330,17,3181
OF3,32,Shapes,10-08,597770856,10,2148
OF3,32,WhiteNoise,01-02,67764626,93,7973
OF3,32,WhiteNoise,01-03,71228825,71,8081
OF3,32,WhiteNoise,01-04,84784227,75,8088
OF3,32,WhiteNoise,01-05,74836218,85,8804
OF3,32,WhiteNoise,01-06,62355613,80,8073
OF3,32,WhiteNoise,01-07,70691619,81,6446
OF3,32,WhiteNoise,01-08,66420509,90,7738
OF3,32,WhiteNoise,01-09,79693134,95,8534
OF3,32,WhiteNoise,01-10,71410972,95,6909
OF3,32,WhiteNoise,02-04,84782833,81,7927
OF3,32,WhiteNoise,02-05,72756198,71,7739
OF3,32,WhiteNoise,02-06,69817713,86,8154
OF3,32,WhiteNoise,02-08,64096403,66,6391
OF3,32,WhiteNoise,02-09,72032034,91,8306
OF3,32,WhiteNoise,02-10,74161426,91,8080
OF3,32,WhiteNoise,03-02,70167457,92,8574
OF3,32,WhiteNoise,03-04,87232786,88,9274
OF3,32,WhiteNoise,03-05,74887573,116,8161
OF3,32,WhiteNoise,03-06,63842690,90,8589
OF3,32,WhiteNoise,03-08,78206990,83,7564
OF3,32,WhiteNoise,03-09,74489161,73,8121
OF3,32,WhiteNoise,03-10,66287553,77,7724
OF3,32,WhiteNoise,04-05,72129431,69,6903
OF3,32,WhiteNoise,04-08,87379878,75,7022
OF3,32,WhiteNoise,04-10,98770723,84,7487
OF3,32,WhiteNoise,05-08,76000349,80,7409
OF3,32,WhiteNoise,05-10,81708990,87,8125
OF3,32,WhiteNoise,06-04,75522308,95,8467
OF3,32,WhiteNoise,06-05,68174385,83,7219
OF3,32,WhiteNoise,06-08,69850006,71,6540
OF3,32,WhiteNoise,06-09,79082725,90,8349
OF3,32,WhiteNoise,06-10,66476137,83,7678
OF3,32,WhiteNoise,07-02,71482763,98,9382
OF3,32,WhiteNoise,07-03,72588046,97,8706
OF3,32,WhiteNoise,07-04,103575510,117,9662
OF3,32,WhiteNoise,07-05,75488579,81,8569
OF3,32,WhiteNoise,07-06,74014898,100,8112
OF3,32,WhiteNoise,07-08,70193346,92,7857
OF3,32,WhiteNoise,07-09,84048363,90,9103
OF3,32,WhiteNoise,07-10,74328565,87,8874
OF3,32,WhiteNoise,09-04,73720777,83,7436
OF3,32,WhiteNoise,09-05,70748332,79,7266
OF3,32,WhiteNoise,09-08,80502929,84,7672
OF3,32,WhiteNoise,09-10,83255656,81,7657
OF3,32,WhiteNoise,10-08,77883963,82,8165
OF3,64,CauchyDensity,01-02,9180212805,5742,72809
OF3,64,CauchyDensity,01-03,2978021838,2281,39367
OF3,64,CauchyDensity,01-04,5244903360,4396,38803
OF3,64,CauchyDensity,01-05,6267903722,3027,33873
OF3,64,CauchyDensity,01-06,8640756736,2369,47377
OF3,64,CauchyDensity,01-07,4560601099,2918,36586
OF3,64,CauchyDensity,01-08,7749756608,2994,31283
OF3,64,CauchyDensity,01-09,6373859371,3174,73670
OF3,64,CauchyDensity,01-10,5683947610,2319,50028
OF3,64,CauchyDensity,02-03,8213374227,1904,30571
OF3,64,CauchyDensity,02-04,7712808349,1716,22602
OF3,64,CauchyDensity,02-05,3968841989,8982,44161
OF3,64,CauchyDensity,02-07,7240226578,1733,19473
OF3,64,CauchyDensity,02-10,8086721039,1533,17367
OF3,64,CauchyDensity,03-07,2254023431,2237,19419
OF3,64,CauchyDensity,03-10,3050901438,2154,42747
OF3,64,CauchyDensity,04-03,3822871490,2044,35990
OF3,64,CauchyDensity,04-07,3557888645,1748,31076
OF3,64,CauchyDensity,04-10,3899715232,1447,22553
OF3,64,CauchyDensity,05-03,5656689318,1920,21782
OF3,64,CauchyDensity,05-04,5012064572,1523,25176
OF3,64,CauchyDensity,05-07,5008872209,1333,14982
OF3,64,CauchyDensity,05-10,6309067556,2117,22133
OF3,64,CauchyDensity,06-02,6277165557,1683,47273
OF3,64,CauchyDensity,06-03,6929047716,1623,28581
OF3,64,CauchyDensity,06-04,4228125018,1440,24083
OF3,64,CauchyDensity,06-05,4719844430,1491,31586
OF3,64,CauchyDensity,06-07,4993040453,1720,42499
OF3,64,CauchyDensity,06-08,4905074922,1305,14393
OF3,64,CauchyDensity,06-10,5926376798,1751,40163
OF3,64,CauchyDensity,07-10,1522110923,1710,31168
OF3,64,CauchyDensity,08-02,3555405581,1836,41484
OF3,64,CauchyDensity,08-03,7586575220,2444,22835
OF3,64,CauchyDensity,08-04,6026807778,1222,15808
OF3,64,CauchyDensity,08-05,2895053492,2090,26527
OF3,64,CauchyDensity,08-07,6956867545,1173,12613
OF3,64,CauchyDensity,08-10,8249592644,1288,13540
OF3,64,CauchyDensity,09-02,5929815142,2139,63921
OF3,64,CauchyDensity,09-03,4684521737,2502,36924
OF3,64,CauchyDensity,09-04,7247384839,1217,15538
OF3,64,CauchyDensity,09-05,4655713009,1792,51612
OF3,64,CauchyDensity,09-06,9312581623,1248,18787
OF3,64,CauchyDensity,09-07,4632473874,1196,12415
OF3,64,CauchyDensity,09-08,6246565287,1641,42177
OF3,64,CauchyDensity,09-10,3916119791,1124,9694
OF3,64,ClassicImages,01-02,2069488237,4035,31653
OF3,64,ClassicImages,01-03,2483465849,3799,29486
OF3,64,ClassicImages,01-04,1668780480,1864,32613
OF3,64,ClassicImages,01-05,1970458101,3505,32846
OF3,64,ClassicImages,01-06,2965569322,1439,22342
OF3,64,ClassicImages,01-07,2251109528,2813,35005
OF3,64,ClassicImages,01-08,1782650502,1920,33810
OF3,64,ClassicImages,01-09,3233198041,1822,36940
OF3,64,ClassicImages,01-10,2793357881,3228,35472
OF3,64,ClassicImages,02-03,1525876716,4093,50886
OF3,64,ClassicImages,02-04,844038513,5935,59359
OF3,64,ClassicImages,02-05,895232904,1777,45239
OF3,64,ClassicImages,02-07,999782463,2682,48772
OF3,64,ClassicImages,02-10,1607139804,2377,35914
OF3,64,ClassicImages,03-07,1797966195,3432,52228
OF3,64,ClassicImages,03-10,2433724870,3923,38172
OF3,64,ClassicImages,04-03,1286687881,2652,44786
OF3,64,ClassicImages,04-07,1415033784,4947,59191
OF3,64,ClassicImages,04-10,2061928001,3247,35104
OF3,64,ClassicImages,05-03,1335463698,2213,40187
OF3,64,ClassicImages,05-04,1027760483,3559,44341
OF3,64,ClassicImages,05-07,1001153907,2803,42766
OF3,64,ClassicImages,05-10,2049653328,3266,35202
OF3,64,ClassicImages,06-02,1014878625,1944,39697
OF3,64,ClassicImages,06-03,1871331185,3887,53118
OF3,64,ClassicImages,06-04,1597308358,2648,41421
OF3,64,ClassicImages,06-05,1302524327,2744,40758
OF3,64,ClassicImages,06-07,1242566472,2239,46220
OF3,64,ClassicImages,06-08,1633473362,1690,44340
OF3,64,ClassicImages,06-10,1658754219,3801,44619
OF3,64,ClassicImages,07-10,1830977043,5754,38691
OF3,64,ClassicImages,08-02,1169660289,2521,44494
OF3,64,ClassicImages,08-03,1626240011,1809,39447
OF3,64,ClassicImages,08-04,1056395410,2823,39702
OF3,64,ClassicImages,08-05,1327555773,2885,52019
OF3,64,ClassicImages,08-07,1401033200,3338,53353
OF3,64,ClassicImages,08-10,1823866863,2390,36232
OF3,64,ClassicImages,09-02,2486488892,1549,22549
OF3,64,ClassicImages,09-03,2783913814,3366,38449
OF3,64,ClassicImages,09-04,2585927611,1938,39463
OF3,64,ClassicImages,09-05,2109278208,2121,39769
OF3,64,ClassicImages,09-06,2762950415,1249,14179
OF3,64,ClassicImages,09-07,2144263271,1857,39589
OF3,64,ClassicImages,09-08,3131095789,1760,30112
OF3,64,ClassicImages,09-10,3749504838,1583,27333
OF3,64,GRFmoderate,01-02,1803866917,2052,26277
OF3,64,GRFmoderate,01-03,1598181652,1916,29379
OF3,64,GRFmoderate,01-04,1512318274,2240,45373
OF3,64,GRFmoderate,01-05,1883104522,1822,32034
OF3,64,GRFmoderate,01-06,2286832519,4232,42281
OF3,64,GRFmoderate,01-07,1848446996,1857,33840
OF3,64,GRFmoderate,01-08,2416352798,1840,28447
OF3,64,GRFmoderate,01-09,1847298469,2930,44706
OF3,64,GRFmoderate,01-10,2462941359,1429,30950
OF3,64,GRFmoderate,02-03,1795248671,2194,41871
OF3,64,GRFmoderate,02-04,2515495519,1691,38537
OF3,64,GRFmoderate,02-05,2756184143,1943,41958
OF3,64,GRFmoderate,02-07,2563164355,1527,30490
OF3,64,GRFmoderate,02-10,3288239754,1672,31839
OF3,64,GRFmoderate,03-07,1779981174,1655,39136
OF3,64,GRFmoderate,03-10,2494029241,1547,35177
OF3,64,GRFmoderate,04-03,2603923664,1451,19655
OF3,64,GRFmoderate,04-07,2196016272,1826,31361
OF3,64,GRFmoderate,04-10,1339869765,2925,45211
OF3,64,GRFmoderate,05-03,1628002064,3606,30015
OF3,64,GRFmoderate,05-04,3002469170,1789,43514
OF3,64,GRFmoderate,05-07,1237522500,2847,44397
OF3,64,GRFmoderate,05-10,2735121265,1680,36641
OF3,64,GRFmoderate,06-02,3089824254,1664,29094
OF3,64,GRFmoderate,06-03,2029065417,1737,33430
OF3,64,GRFmoderate,06-04,3434361073,1687,37592
OF3,64,GRFmoderate,06-05,1135459491,2067,28249
OF3,64,GRFmoderate,06-07,1839157111,3257,52768
OF3,64,GRFmoderate,06-08,1578609793,2381,29423
OF3,64,GRFmoderate,06-10,3299964920,1367,29489
OF3,64,GRFmoderate,07-10,2020792961,1684,39468
OF3,64,GRFmoderate,08-02,2082777551,2828,43536
OF3,64,GRFmoderate,08-03,1752903452,2387,40417
OF3,64,GRFmoderate,08-04,3622514630,1814,38281
OF3,64,GRFmoderate,08-05,1604452308,2207,41891
OF3,64,GRFmoderate,08-07,1722907602,1627,37354
OF3,64,GRFmoderate,08-10,3463491179,1361,25039
OF3,64,GRFmoderate,09-02,2777747022,1468,22831
OF3,64,GRFmoderate,09-03,1888910525,2028,30891
OF3,64,GRFmoderate,09-04,1686375507,2059,44990
OF3,64,GRFmoderate,09-05,1615710531,2193,28687
OF3,64,GRFmoderate,09-06,2165298350,1298,17791
OF3,64,GRFmoderate,09-07,1018327403,2245,31285
OF3,64,GRFmoderate,09-08,2332510953,1309,17805
OF3,64,GRFmoderate,09-10,1547656804,2207,41786
OF3,64,GRFrough,01-02,574552675,2655,35900
OF3,64,GRFrough,01-03,811700944,1722,39621
OF3,64,GRFrough,01-04,721216452,2787,53175
OF3,64,GRFrough,01-05,472591652,3042,50877
OF3,64,GRFrough,01-06,598859085,5052,55345
OF3,64,GRFrough,01-07,811793609,2430,44541
OF3,64,GRFrough,01-08,539063957,3062,48222
OF3,64,GRFrough,01-09,518260200,4865,57725
OF3,64,GRFrough,01-10,640567356,5719,168353
OF3,64,GRFrough,02-03,669116941,2321,42829
OF3,64,GRFrough,02-04,782610381,2990,48515
OF3,64,GRFrough,02-05,692880455,2992,50550
OF3,64,GRFrough,02-07,651821328,4302,53860
OF3,64,GRFrough,02-10,804499549,4033,141363
OF3,64,GRFrough,03-07,510171357,2776,36995
OF3,64,GRFrough,03-10,873448650,3826,145259
OF3,64,GRFrough,04-03,655848902,2422,34499
OF3,64,GRFrough,04-07,572101137,2669,37205
OF3,64,GRFrough,04-10,793694758,5722,152638
OF3,64,GRFrough,05-03,914542584,1707,30797
OF3,64,GRFrough,05-04,695429078,2667,47152
OF3,64,GRFrough,05-07,873921007,2471,36665
OF3,64,GRFrough,05-10,534686858,5249,156696
OF3,64,GRFrough,06-02,762688306,2360,27067
OF3,64,GRFrough,06-03,935698787,2292,35104
OF3,64,GRFrough,06-04,747487079,2734,45541
OF3,64,GRFrough,06-05,409276041,2643,38849
OF3,64,GRFrough,06-07,973070766,2670,33897
OF3,64,GRFrough,06-08,676623980,3860,49570
OF3,64,GRFrough,06-10,487773501,6464,167895
OF3,64,GRFrough,07-10,931893057,3235,131816
OF3,64,GRFrough,08-02,711309560,2102,30778
OF3,64,GRFrough,08-03,829694565,2448,34607
OF3,64,GRFrough,08-04,778313917,3043,44129
OF3,64,GRFrough,08-05,608965585,2407,43569
OF3,64,GRFrough,08-07,786584328,2889,41865
OF3,64,GRFrough,08-10,588537365,5695,167148
OF3,64,GRFrough,09-02,664136381,2450,33049
OF3,64,GRFrough,09-03,957711902,2094,36145
OF3,64,GRFrough,09-04,762468274,2199,48397
OF3,64,GRFrough,09-05,372900232,2676,41964
OF3,64,GRFrough,09-06,447565637,2717,47323
OF3,64,GRFrough,09-07,871886411,1869,39775
OF3,64,GRFrough,09-08,672614363,3597,46883
OF3,64,GRFrough,09-10,537859216,6076,169658
OF3,64,GRFsmooth,01-02,7386639609,1437,27044
OF3,64,GRFsmooth,01-03,2558839339,1404,24943
OF3,64,GRFsmooth,01-04,6078394044,1499,36119
OF3,64,GRFsmooth,01-05,4671769207,1584,32818
OF3,64,GRFsmooth,01-06,2511821416,1787,34917
OF3,64,GRFsmooth,01-07,3545342086,1971,36737
OF3,64,GRFsmooth,01-08,2806538272,1699,33684
OF3,64,GRFsmooth,01-09,2665517720,2076,39460
OF3,64,GRFsmooth,01-10,4420509334,1465,25705
OF3,64,GRFsmooth,02-03,5707131678,1247,18439
OF3,64,GRFsmooth,02-04,2675284805,2510,38768
OF3,64,GRFsmooth,02-05,3828154514,2176,39396
OF3,64,GRFsmooth,02-07,7049644947,1528,25287
OF3,64,GRFsmooth,02-10,4157193929,2047,35684
OF3,64,GRFsmooth,03-07,3286702019,1657,47536
OF3,64,GRFsmooth,03-10,3304848265,2197,38026
OF3,64,GRFsmooth,04-03,4439836815,1402,24331
OF3,64,GRFsmooth,04-07,5779227566,1815,47364
OF3,64,GRFsmooth,04-10,4522729216,1844,50827
OF3,64,GRFsmooth,05-03,3967586408,2118,29236
OF3,64,GRFsmooth,05-04,3742353601,1492,20785
OF3,64,GRFsmooth,05-07,4726485733,1781,24079
OF3,64,GRFsmooth,05-10,2605104743,3393,57951
OF3,64,GRFsmooth,06-02,6014521765,1720,29447
OF3,64,GRFsmooth,06-03,2325406369,1646,30667
OF3,64,GRFsmooth,06-04,5341854724,1662,39534
OF3,64,GRFsmooth,06-05,4201387203,3015,45233
OF3,64,GRFsmooth,06-07,2864222982,1827,26921
OF3,64,GRFsmooth,06-08,2178709242,2041,37995
OF3,64,GRFsmooth,06-10,2966252690,2041,26598
OF3,64,GRFsmooth,07-10,3292830956,2029,40415
OF3,64,GRFsmooth,08-02,5168114003,1466,33337
OF3,64,GRFsmooth,08-03,2037164851,1916,26700
OF3,64,GRFsmooth,08-04,4673709328,2538,48193
OF3,64,GRFsmooth,08-05,4260200239,2741,59460
OF3,64,GRFsmooth,08-07,3174741876,1661,36783
OF3,64,GRFsmooth,08-10,2570495964,2163,33842
OF3,64,GRFsmooth,09-02,5628441333,1319,25132
OF3,64,GRFsmooth,09-03,1633550109,2151,31411
OF3,64,GRFsmooth,09-04,4384964258,1947,50768
OF3,64,GRFsmooth,09-05,4708282371,2098,42337
OF3,64,GRFsmooth,09-06,2185594336,1738,42100
OF3,64,GRFsmooth,09-07,4333202046,1528,33908
OF3,64,GRFsmooth,09-08,2563516770,1558,35875
OF3,64,GRFsmooth,09-10,4130129238,1698,25735
OF3,64,LogGRF,01-02,4944109561,2291,63199
OF3,64,LogGRF,01-03,5917690494,1797,41029
OF3,64,LogGRF,01-04,8347146670,1520,37119
OF3,64,LogGRF,01-05,6288799481,1724,41223
OF3,64,LogGRF,01-06,5354398935,2262,51310
OF3,64,LogGRF,01-07,3832174416,1849,48572
OF3,64,LogGRF,01-08,4156634399,2084,48642
OF3,64,LogGRF,01-09,6110364016,2006,48412
OF3,64,LogGRF,01-10,5527600045,1696,41459
OF3,64,LogGRF,02-03,6906575763,1678,40379
OF3,64,LogGRF,02-04,11719302799,1737,43273
OF3,64,LogGRF,02-05,9671652576,1649,41205
OF3,64,LogGRF,02-07,5197452955,2768,47507
OF3,64,LogGRF,02-10,6880536036,1943,49613
OF3,64,LogGRF,03-07,3516292994,1615,32226
OF3,64,LogGRF,03-10,2776915597,5432,55735
OF3,64,LogGRF,04-03,5204761254,2121,51414
OF3,64,LogGRF,04-07,7014206434,1727,35957
OF3,64,LogGRF,04-10,5628555377,1911,46493
OF3,64,LogGRF,05-03,4517094907,2058,46137
OF3,64,LogGRF,05-04,3383106075,2426,54046
OF3,64,LogGRF,05-07,5353385891,2885,44434
OF3,64,LogGRF,05-10,4041295808,2257,47314
OF3,64,LogGRF,06-02,8364819964,1478,21721
OF3,64,LogGRF,06-03,2176395535,2797,52561
OF3,64,LogGRF,06-04,3818160939,2798,71061
OF3,64,LogGRF,06-05,2918710800,4168,64432
OF3,64,LogGRF,06-07,3724766351,2158,44437
OF3,64,LogGRF,06-08,4268195220,1710,27477
OF3,64,LogGRF,06-10,2917780444,2148,44001
OF3,64,LogGRF,07-10,3876805527,2304,47806
OF3,64,LogGRF,08-02,7562772902,2116,42035
OF3,64,LogGRF,08-03,5565647183,2028,48544
OF3,64,LogGRF,08-04,4253327499,1789,52670
OF3,64,LogGRF,08-05,3398881780,1938,59919
OF3,64,LogGRF,08-07,3874697115,6597,72387
OF3,64,LogGRF,08-10,5028298656,1550,44485
OF3,64,LogGRF,09-02,5248494019,2303,36486
OF3,64,LogGRF,09-03,3853674858,4146,63320
OF3,64,LogGRF,09-04,6780094132,1967,53190
OF3,64,LogGRF,09-05,5725312143,2079,59107
OF3,64,LogGRF,09-06,4181453773,3202,69919
OF3,64,LogGRF,09-07,4168582822,2914,41792
OF3,64,LogGRF,09-08,5835919589,2450,47751
OF3,64,LogGRF,09-10,5163214825,6499,72670
OF3,64,LogitGRF,01-02,2073001798,3518,46584
OF3,64,LogitGRF,01-03,3709694888,1934,52331
OF3,64,LogitGRF,01-04,3839765975,2941,48088
OF3,64,LogitGRF,01-05,1934233436,5079,50436
OF3,64,LogitGRF,01-06,2330429928,3447,43172
OF3,64,LogitGRF,01-07,5017990821,1920,54720
OF3,64,LogitGRF,01-08,2987558307,1853,36471
OF3,64,LogitGRF,01-09,2676548553,4659,66178
OF3,64,LogitGRF,01-10,3214712938,1999,48790
OF3,64,LogitGRF,02-03,3598260862,2660,58264
OF3,64,LogitGRF,02-04,3400478613,7592,62246
OF3,64,LogitGRF,02-05,2699144828,1822,38768
OF3,64,LogitGRF,02-07,4726608405,1952,59299
OF3,64,LogitGRF,02-10,3226868230,3538,52792
OF3,64,LogitGRF,03-07,2678464271,2167,49596
OF3,64,LogitGRF,03-10,1515619958,2251,36711
OF3,64,LogitGRF,04-03,2827053687,2533,56268
OF3,64,LogitGRF,04-07,2707290970,1787,45845
OF3,64,LogitGRF,04-10,1868526047,8334,70130
OF3,64,LogitGRF,05-03,3665206412,2165,48119
OF3,64,LogitGRF,05-04,3365665027,2224,52320
OF3,64,LogitGRF,05-07,4862807031,2021,47638
OF3,64,LogitGRF,05-10,3004601646,1978,51290
OF3,64,LogitGRF,06-02,2330621208,1976,50832
OF3,64,LogitGRF,06-03,4300780764,2031,52934
OF3,64,LogitGRF,06-04,3999844199,1949,57767
OF3,64,LogitGRF,06-05,2141328712,3598,58982
OF3,64,LogitGRF,06-07,5595808721,1860,48523
OF3,64,LogitGRF,06-08,2921647109,2092,41976
OF3,64,LogitGRF,06-10,3622460520,1833,49786
OF3,64,LogitGRF,07-10,2261607711,1815,38826
OF3,64,LogitGRF,08-02,2942656911,3310,63289
OF3,64,LogitGRF,08-03,4258890343,2121,49123
OF3,64,LogitGRF,08-04,2982296164,2268,50095
OF3,64,LogitGRF,08-05,2325519177,2370,53556
OF3,64,LogitGRF,08-07,4991237462,1821,40849
OF3,64,LogitGRF,08-10,3348822551,1791,43002
OF3,64,LogitGRF,09-02,2923298871,4338,59245
OF3,64,LogitGRF,09-03,2074210127,3396,58573
OF3,64,LogitGRF,09-04,2475324366,2223,42477
OF3,64,LogitGRF,09-05,2613070913,2081,42796
OF3,64,LogitGRF,09-06,3118908123,2115,49206
OF3,64,LogitGRF,09-07,3057600236,3039,57680
OF3,64,LogitGRF,09-08,2606298530,2320,38418
OF3,64,LogitGRF,09-10,1703247717,3135,43935
OF3,64,MicroscopyImages,01-02,2378120324,153,15244
OF3,64,MicroscopyImages,01-03,3417240106,74,10382
OF3,64,MicroscopyImages,01-04,4014715301,154,14335
OF3,64,MicroscopyImages,01-05,6778121903,67,9061
OF3,64,MicroscopyImages,01-06,7248746880,128,13570
OF3,64,MicroscopyImages,01-07,3956638292,116,12133
OF3,64,MicroscopyImages,01-08,4910091061,210,14496
OF3,64,MicroscopyImages,01-09,8878587305,79,10576
OF3,64,MicroscopyImages,01-10,7605094891,203,17513
OF3,64,MicroscopyImages,02-03,2702384116,173,14126
OF3,64,MicroscopyImages,02-04,3813160569,336,19800
OF3,64,MicroscopyImages,02-05,6256613731,170,14525
OF3,64,MicroscopyImages,02-07,3128994194,311,20755
OF3,64,MicroscopyImages,02-10,7280055659,454,25115
OF3,64,MicroscopyImages,03-07,2755187712,149,15933
OF3,64,MicroscopyImages,03-10,5597239547,219,15928
OF3,64,MicroscopyImages,04-03,2384090653,182,17110
OF3,64,MicroscopyImages,04-07,3791898639,301,21831
OF3,64,MicroscopyImages,04-10,4033043998,466,25647
OF3,64,MicroscopyImages,05-03,4442744501,89,10314
OF3,64,MicroscopyImages,05-04,4079109682,189,18625
OF3,64,MicroscopyImages,05-07,6302711869,117,10828
OF3,64,MicroscopyImages,05-10,3445947804,229,16609
OF3,64,MicroscopyImages,06-02,6879359348,285,18127
OF3,64,MicroscopyImages,06-03,5199508508,127,12953
OF3,64,MicroscopyImages,06-04,3574961983,332,21334
OF3,64,MicroscopyImages,06-05,2874354247,142,14896
OF3,64,MicroscopyImages,06-07,7118128144,250,18446
OF3,64,MicroscopyImages,06-08,6904093487,352,20484
OF3,64,MicroscopyImages,06-10,2929815561,408,24183
OF3,64,MicroscopyImages,07-10,7391376629,359,22512
OF3,64,MicroscopyImages,08-02,3075350363,482,27365
OF3,64,MicroscopyImages,08-03,2809365781,223,16428
OF3,64,MicroscopyImages,08-04,4120325050,421,20393
OF3,64,MicroscopyImages,08-05,6174717140,200,13596
OF3,64,MicroscopyImages,08-07,1783317395,378,23445
OF3,64,MicroscopyImages,08-10,7188196976,513,26109
OF3,64,MicroscopyImages,09-02,8456520057,228,15053
OF3,64,MicroscopyImages,09-03,6742385593,90,10733
OF3,64,MicroscopyImages,09-04,6170147100,194,14627
OF3,64,MicroscopyImages,09-05,4646581906,97,10492
OF3,64,MicroscopyImages,09-06,4943509405,155,14391
OF3,64,MicroscopyImages,09-07,8425262973,141,13482
OF3,64,MicroscopyImages,09-08,8282919316,249,18142
OF3,64,MicroscopyImages,09-10,2600663228,239,15568
OF3,64,Shapes,01-02,4915200000,377,17418
OF3,64,Shapes,01-03,681600000,784,55928
OF3,64,Shapes,01-04,3644102860,512,18947
OF3,64,Shapes,01-05,2451180264,424,14503
OF3,64,Shapes,01-06,6553600000,422,19824
OF3,64,Shapes,01-07,4298990571,655,25222
OF3,64,Shapes,01-08,3700502294,325,17462
OF3,64,Shapes,01-09,2188800000,604,37732
OF3,64,Shapes,01-10,1456709668,582,22153
OF3,64,Shapes,02-03,4915200000,185,12161
OF3,64,Shapes,02-04,1289677806,220,13351
OF3,64,Shapes,02-05,5449977274,192,12267
OF3,64,Shapes,02-07,4783605251,249,15881
OF3,64,Shapes,02-10,5414395560,221,14752
OF3,64,Shapes,03-07,4332781713,376,21550
OF3,64,Shapes,03-10,1586309606,323,21574
OF3,64,Shapes,04-03,3650183190,294,14680
OF3,64,Shapes,04-07,3970313383,362,18191
OF3,64,Shapes,04-10,4149467022,415,18487
OF3,64,Shapes,05-03,2506254638,251,13457
OF3,64,Shapes,05-04,4178879776,304,13860
OF3,64,Shapes,05-07,5024229805,350,19775
OF3,64,Shapes,05-10,2738839748,291,11602
OF3,64,Shapes,06-02,5087552000,190,11032
OF3,64,Shapes,06-03,6553600000,285,15274
OF3,64,Shapes,06-04,4848469616,340,20842
OF3,64,Shapes,06-05,6820985084,243,15069
OF3,64,Shapes,06-07,8690763355,373,27083
OF3,64,Shapes,06-08,5253322002,176,14822
OF3,64,Shapes,06-10,6803195242,285,18598
OF3,64,Shapes,07-10,4720918761,398,21714
OF3,64,Shapes,08-02,2110060064,142,10120
OF3,64,Shapes,08-03,3709357818,175,11555
OF3,64,Shapes,08-04,1408589846,198,11208
OF3,64,Shapes,08-05,3755612368,154,9219
OF3,64,Shapes,08-07,4245138943,241,16470
OF3,64,Shapes,08-10,4565695170,188,12030
OF3,64,Shapes,09-02,4948832000,240,15986
OF3,64,Shapes,09-03,2197600000,474,37818
OF3,64,Shapes,09-04,3730471002,415,23778
OF3,64,Shapes,09-05,3104671408,286,18561
OF3,64,Shapes,09-06,6553600000,563,21880
OF3,64,Shapes,09-07,4742920073,365,20929
OF3,64,Shapes,09-08,3939478658,192,15249
OF3,64,Shapes,09-10,2546665976,309,16862
OF3,64,WhiteNoise,01-02,291726155,3983,49184
OF3,64,WhiteNoise,01-03,292938511,3604,49403
OF3,64,WhiteNoise,01-04,324752480,2481,45471
OF3,64,WhiteNoise,01-05,319030245,3131,44190
OF3,64,WhiteNoise,01-06,314385277,2407,43892
OF3,64,WhiteNoise,01-07,437001352,2881,41499
OF3,64,WhiteNoise,01-08,367113804,2304,41493
OF3,64,WhiteNoise,01-09,343638416,1970,43460
OF3,64,WhiteNoise,01-10,343330416,2369,38503
OF3,64,WhiteNoise,02-03,334441764,3150,46501
OF3,64,WhiteNoise,02-04,359090245,4484,55593
OF3,64,WhiteNoise,02-05,332839586,2525,44855
OF3,64,WhiteNoise,02-07,391554505,2776,42863
OF3,64,WhiteNoise,02-10,361931991,2743,42010
OF3,64,WhiteNoise,03-07,445825565,2873,45370
OF3,64,WhiteNoise,03-10,377548849,2357,42803
OF3,64,WhiteNoise,04-03,309239937,2874,46716
OF3,64,WhiteNoise,04-07,425181248,3154,42713
OF3,64,WhiteNoise,04-10,354826106,2405,40346
OF3,64,WhiteNoise,05-03,325020270,3225,52771
OF3,64,WhiteNoise,05-04,338265011,3737,51083
OF3,64,WhiteNoise,05-07,365870295,3657,44435
OF3,64,WhiteNoise,05-10,309091903,2634,41352
OF3,64,WhiteNoise,06-02,292834716,2620,47586
OF3,64,WhiteNoise,06-03,340527736,2767,50437
OF3,64,WhiteNoise,06-04,321904361,2185,48472
OF3,64,WhiteNoise,06-05,314071108,2630,42269
OF3,64,WhiteNoise,06-07,321965857,2469,41129
OF3,64,WhiteNoise,06-08,314385043,3556,45226
OF3,64,WhiteNoise,06-10,324236573,2495,42143
OF3,64,WhiteNoise,07-10,316551876,3374,44677
OF3,64,WhiteNoise,08-02,379269997,4040,55550
OF3,64,WhiteNoise,08-03,363133089,2559,46456
OF3,64,WhiteNoise,08-04,309748102,2053,47999
OF3,64,WhiteNoise,08-05,338724889,3681,45874
OF3,64,WhiteNoise,08-07,334495436,3800,51330
OF3,64,WhiteNoise,08-10,320027570,2547,44137
OF3,64,WhiteNoise,09-02,368834963,4894,60609
OF3,64,WhiteNoise,09-03,341080195,4620,49163
OF3,64,WhiteNoise,09-04,293983898,2806,48058
OF3,64,WhiteNoise,09-05,358709399,2973,44769
OF3,64,WhiteNoise,09-06,312855057,3714,52436
OF3,64,WhiteNoise,09-07,381950432,2831,44081
OF3,64,WhiteNoise,09-08,303776302,3203,44381
OF3,64,WhiteNoise,09-10,371789022,2368,42657
OF3,128,CauchyDensity,01-06,106588249053,89742,268599
OF3,128,CauchyDensity,01-10,64704367372,169789,229880
OF3,128,CauchyDensity,02-01,36710624322,129823,1036440
OF3,128,CauchyDensity,02-04,68812516857,35290,119641
OF3,128,CauchyDensity,02-06,87151415875,43469,177877
OF3,128,CauchyDensity,02-10,67909333764,88742,208289
OF3,128,CauchyDensity,03-01,97915887665,57013,432001
OF3,128,CauchyDensity,03-02,77118653459,43972,292881
OF3,128,CauchyDensity,03-04,19819378228,161093,288763
OF3,128,CauchyDensity,03-06,20737336990,52631,165765
OF3,128,CauchyDensity,03-07,19033031474,140535,213557
OF3,128,CauchyDensity,03-08,28678103588,367967,345338
OF3,128,CauchyDensity,03-09,29870730472,39859,175769
OF3,128,CauchyDensity,03-10,45738381091,118864,297801
OF3,128,CauchyDensity,04-01,87205826863,47966,440006
OF3,128,CauchyDensity,04-06,25422437140,49097,178814
OF3,128,CauchyDensity,04-10,53652058459,37310,173388
OF3,128,CauchyDensity,05-01,76611696814,44328,388003
OF3,128,CauchyDensity,05-02,59025249402,43177,350827
OF3,128,CauchyDensity,05-03,37368490727,44251,150984
OF3,128,CauchyDensity,05-04,31965626717,53751,125362
OF3,128,CauchyDensity,05-06,34332394801,24837,66795
OF3,128,CauchyDensity,05-07,25371182283,22568,45096
OF3,128,CauchyDensity,05-08,17321743625,32985,49821
OF3,128,CauchyDensity,05-09,31416618453,21532,68745
OF3,128,CauchyDensity,05-10,60835979210,24753,70693
OF3,128,CauchyDensity,07-01,89829424147,51130,371578
OF3,128,CauchyDensity,07-02,69359378255,43812,338968
OF3,128,CauchyDensity,07-04,15913451026,51580,190901
OF3,128,CauchyDensity,07-06,17926423112,27342,113458
OF3,128,CauchyDensity,07-10,43756728069,29581,119681
OF3,128,CauchyDensity,08-01,76526388889,45614,380725
OF3,128,CauchyDensity,08-02,56085898047,40497,346428
OF3,128,CauchyDensity,08-04,24962565458,37594,156261
OF3,128,CauchyDensity,08-06,32584079094,24561,72705
OF3,128,CauchyDensity,08-07,14709949294,30394,87228
OF3,128,CauchyDensity,08-10,45152900817,22738,72823
OF3,128,CauchyDensity,09-01,101925772525,41008,310850
OF3,128,CauchyDensity,09-02,83901751377,42286,317753
OF3,128,CauchyDensity,09-04,23696527360,85532,218175
OF3,128,CauchyDensity,09-06,14407567286,142378,177163
OF3,128,CauchyDensity,09-07,14650891864,36355,210617
OF3,128,CauchyDensity,09-08,29169218920,27420,135622
OF3,128,CauchyDensity,09-10,49166129577,27171,159709
OF3,128,CauchyDensity,10-06,44432049933,33646,194570
OF3,128,ClassicImages,01-06,23728173924,28696,119483
OF3,128,ClassicImages,01-10,22353698197,126958,236141
OF3,128,ClassicImages,02-01,16560269043,40776,262500
OF3,128,ClassicImages,02-04,6756847166,242651,384857
OF3,128,ClassicImages,02-06,8120850023,57227,157014
OF3,128,ClassicImages,02-10,12867141442,68230,207361
OF3,128,ClassicImages,03-01,19873642301,79002,222737
OF3,128,ClassicImages,03-02,12212270386,175746,263517
OF3,128,ClassicImages,03-04,10296463400,48258,230637
OF3,128,ClassicImages,03-06,14974118639,91359,156853
OF3,128,ClassicImages,03-07,14392152163,135061,331922
OF3,128,ClassicImages,03-08,13013269247,40620,197908
OF3,128,ClassicImages,03-09,22278516789,138946,296843
OF3,128,ClassicImages,03-10,19479823580,130768,216984
OF3,128,ClassicImages,04-01,13353769135,77258,242570
OF3,128,ClassicImages,04-06,12781136453,132932,148204
OF3,128,ClassicImages,04-10,16508605894,155773,203907
OF3,128,ClassicImages,05-01,15768931293,92282,255943
OF3,128,ClassicImages,05-02,7164895338,78089,152528
OF3,128,ClassicImages,05-03,10687808198,85006,242410
OF3,128,ClassicImages,05-04,8230775970,176688,267550
OF3,128,ClassicImages,05-06,10423123927,74515,149070
OF3,128,ClassicImages,05-07,8015892317,116897,266902
OF3,128,ClassicImages,05-08,10628160935,172640,229352
OF3,128,ClassicImages,05-09,16879641581,41700,268746
OF3,128,ClassicImages,05-10,16404166796,125823,216219
OF3,128,ClassicImages,07-01,18013202974,100756,311932
OF3,128,ClassicImages,07-02,8007114023,100977,218477
OF3,128,ClassicImages,07-04,11324380217,226921,427847
OF3,128,ClassicImages,07-06,9937348406,96266,170731
OF3,128,ClassicImages,07-10,14657708281,200795,227679
OF3,128,ClassicImages,08-01,14264980662,47856,223455
OF3,128,ClassicImages,08-02,9361953027,111694,265127
OF3,128,ClassicImages,08-04,8454994213,116576,237852
OF3,128,ClassicImages,08-06,13070724188,41511,150156
OF3,128,ClassicImages,08-07,11213458382,172271,330196
OF3,128,ClassicImages,08-10,14601157735,107825,226944
OF3,128,ClassicImages,09-01,25867137192,44075,269656
OF3,128,ClassicImages,09-02,19894818329,35317,123496
OF3,128,ClassicImages,09-04,20690165575,57501,207053
OF3,128,ClassicImages,09-06,22104564614,22897,75444
OF3,128,ClassicImages,09-07,17159056466,69710,217659
OF3,128,ClassicImages,09-08,25051176968,38581,167325
OF3,128,ClassicImages,09-10,30000775175,36166,140148
OF3,128,ClassicImages,10-06,13280362469,162866,259217
OF3,128,GRFmoderate,01-06,23946304338,30166,106235
OF3,128,GRFmoderate,01-10,16265263020,32176,97488
OF3,128,GRFmoderate,02-01,20182801841,48605,202869
OF3,128,GRFmoderate,02-04,13821918177,58094,234828
OF3,128,GRFmoderate,02-06,21626940863,41798,209793
OF3,128,GRFmoderate,02-10,8900163801,108820,238528
OF3,128,GRFmoderate,03-01,20513807214,47722,188293
OF3,128,GRFmoderate,03-02,14394309937,48594,234479
OF3,128,GRFmoderate,03-04,12617614116,93874,271022
OF3,128,GRFmoderate,03-06,12896319058,57094,269584
OF3,128,GRFmoderate,03-07,16724666010,59250,220665
OF3,128,GRFmoderate,03-08,13560017739,118970,335542
OF3,128,GRFmoderate,03-09,15915155825,63825,237967
OF3,128,GRFmoderate,03-10,14473543200,63102,239537
OF3,128,GRFmoderate,04-01,16195915640,45527,207963
OF3,128,GRFmoderate,04-06,13077850792,142921,235194
OF3,128,GRFmoderate,04-10,10747401708,66872,183460
OF3,128,GRFmoderate,05-01,20271925399,42890,187797
OF3,128,GRFmoderate,05-02,10212297752,169383,343462
OF3,128,GRFmoderate,05-03,12356831709,78001,233857
OF3,128,GRFmoderate,05-04,15264106085,50162,235422
OF3,128,GRFmoderate,05-06,18874983569,47981,204001
OF3,128,GRFmoderate,05-07,16410247967,57039,209807
OF3,128,GRFmoderate,05-08,15351338150,42521,190651
OF3,128,GRFmoderate,05-09,17748839580,33244,198311
OF3,128,GRFmoderate,05-10,12343970053,89639,319219
OF3,128,GRFmoderate,07-01,6028285624,55024,229918
OF3,128,GRFmoderate,07-02,16757155085,39471,124784
OF3,128,GRFmoderate,07-04,12708200518,92594,131479
OF3,128,GRFmoderate,07-06,19926032490,33457,144121
OF3,128,GRFmoderate,07-10,13139195016,53369,113415
OF3,128,GRFmoderate,08-01,15567359433,41686,191116
OF3,128,GRFmoderate,08-02,20603757502,83428,139782
OF3,128,GRFmoderate,08-04,11304682253,106738,192595
OF3,128,GRFmoderate,08-06,11665393143,101697,213608
OF3,128,GRFmoderate,08-07,11599182867,36945,237389
OF3,128,GRFmoderate,08-10,15964910737,32124,126793
OF3,128,GRFmoderate,09-01,17906387907,35925,216759
OF3,128,GRFmoderate,09-02,22936484496,52198,143608
OF3,128,GRFmoderate,09-04,13573465471,108296,207438
OF3,128,GRFmoderate,09-06,11104399909,69750,205861
OF3,128,GRFmoderate,09-07,14703469517,259534,276417
OF3,128,GRFmoderate,09-08,7954557718,138741,264629
OF3,128,GRFmoderate,09-10,18219213271,73593,181098
OF3,128,GRFmoderate,10-06,18610733930,50080,186291
OF3,128,GRFrough,01-06,5164339695,109429,250707
OF3,128,GRFrough,01-10,7524039595,356739,404524
OF3,128,GRFrough,02-01,3832369315,71307,222567
OF3,128,GRFrough,02-04,7405400850,52888,229307
OF3,128,GRFrough,02-06,5068151160,123848,235445
OF3,128,GRFrough,02-10,8282356664,194211,278466
OF3,128,GRFrough,03-01,5595145810,51945,159928
OF3,128,GRFrough,03-02,5992235691,44428,128950
OF3,128,GRFrough,03-04,3175540665,175513,265438
OF3,128,GRFrough,03-06,3618174465,52044,183610
OF3,128,GRFrough,03-07,2953179440,100908,258249
OF3,128,GRFrough,03-08,5298904909,126044,875329
OF3,128,GRFrough,03-09,4118125651,67871,172859
OF3,128,GRFrough,03-10,5128025691,103782,279109
OF3,128,GRFrough,04-01,6966478503,34300,127531
OF3,128,GRFrough,04-06,5000037936,48971,177950
OF3,128,GRFrough,04-10,5268800704,81941,206286
OF3,128,GRFrough,05-01,6558121770,32036,117353
OF3,128,GRFrough,05-02,7246708935,49173,115689
OF3,128,GRFrough,05-03,2864186188,132029,288091
OF3,128,GRFrough,05-04,3444111129,117507,290245
OF3,128,GRFrough,05-06,4440827867,93556,184393
OF3,128,GRFrough,05-07,3308328724,77763,248387
OF3,128,GRFrough,05-08,5676033165,128655,893138
OF3,128,GRFrough,05-09,4729052845,70805,171747
OF3,128,GRFrough,05-10,5400639507,190464,270189
OF3,128,GRFrough,07-01,5920613590,41205,137084
OF3,128,GRFrough,07-02,6725410891,55318,111706
OF3,128,GRFrough,07-04,3819608489,171616,280479
OF3,128,GRFrough,07-06,3648797255,73260,162513
OF3,128,GRFrough,07-10,5931273203,65232,218373
OF3,128,GRFrough,08-01,5470954909,133972,1006227
OF3,128,GRFrough,08-02,5174352948,142396,1019103
OF3,128,GRFrough,08-04,6680290168,95271,745921
OF3,128,GRFrough,08-06,5657682418,95679,778136
OF3,128,GRFrough,08-07,5144106781,111856,864142
OF3,128,GRFrough,08-10,8104190064,95450,690129
OF3,128,GRFrough,09-01,4588981999,78686,187730
OF3,128,GRFrough,09-02,4225379556,104255,214459
OF3,128,GRFrough,09-04,5421200922,127134,247841
OF3,128,GRFrough,09-06,3702642038,113448,234066
OF3,128,GRFrough,09-07,4368858363,68673,241601
OF3,128,GRFrough,09-08,5329811082,107601,827282
OF3,128,GRFrough,09-10,5401875868,175763,310979
OF3,128,GRFrough,10-06,5535699612,188059,308962
OF3,128,GRFsmooth,01-06,63354637549,42773,186883
OF3,128,GRFsmooth,01-10,44636634807,23295,84740
OF3,128,GRFsmooth,02-01,46962008903,34641,221094
OF3,128,GRFsmooth,02-04,28734606698,71980,143235
OF3,128,GRFsmooth,02-06,39661780348,42761,241925
OF3,128,GRFsmooth,02-10,12267691018,76977,223640
OF3,128,GRFsmooth,03-01,43975455033,35149,186903
OF3,128,GRFsmooth,03-02,34518145006,25789,82210
OF3,128,GRFsmooth,03-04,40218471240,30582,119990
OF3,128,GRFsmooth,03-06,29410270520,28821,130987
OF3,128,GRFsmooth,03-07,28844538615,26296,107300
OF3,128,GRFsmooth,03-08,32022178944,25239,72096
OF3,128,GRFsmooth,03-09,34166827763,37861,139945
OF3,128,GRFsmooth,03-10,38861498008,27013,88361
OF3,128,GRFsmooth,04-01,64019029525,25307,133480
OF3,128,GRFsmooth,04-06,43078003844,27762,172915
OF3,128,GRFsmooth,04-10,27527205088,153197,287953
OF3,128,GRFsmooth,05-01,34482427186,82635,223131
OF3,128,GRFsmooth,05-02,24948064143,32888,134013
OF3,128,GRFsmooth,05-03,16227743869,36222,217718
OF3,128,GRFsmooth,05-04,32970842807,30915,118365
OF3,128,GRFsmooth,05-06,30728801491,84690,241125
OF3,128,GRFsmooth,05-07,23566685866,41893,131164
OF3,128,GRFsmooth,05-08,18394387983,61191,205638
OF3,128,GRFsmooth,05-09,27271696126,27944,136518
OF3,128,GRFsmooth,05-10,25381537841,23581,92041
OF3,128,GRFsmooth,07-01,55822945302,31519,175101
OF3,128,GRFsmooth,07-02,19461658635,54205,224801
OF3,128,GRFsmooth,07-04,17672975037,42394,136381
OF3,128,GRFsmooth,07-06,31722273817,29394,191388
OF3,128,GRFsmooth,07-10,20180080617,130465,244486
OF3,128,GRFsmooth,08-01,32141621733,43400,195112
OF3,128,GRFsmooth,08-02,24012545440,181074,171434
OF3,128,GRFsmooth,08-04,34667885604,25903,98368
OF3,128,GRFsmooth,08-06,37862345796,41923,243112
OF3,128,GRFsmooth,08-07,26438429067,26819,88127
OF3,128,GRFsmooth,08-10,21515914762,26438,97623
OF3,128,GRFsmooth,09-01,36433890940,90031,260387
OF3,128,GRFsmooth,09-02,24732901357,29333,155490
OF3,128,GRFsmooth,09-04,32272733723,53624,192649
OF3,128,GRFsmooth,09-06,43920769507,54353,326652
OF3,128,GRFsmooth,09-07,29920267814,35894,206737
OF3,128,GRFsmooth,09-08,21036373091,173753,323899
OF3,128,GRFsmooth,09-10,19455925821,50190,174244
OF3,128,GRFsmooth,10-06,42992420036,66329,270833
OF3,128,LogGRF,01-06,29723199608,230599,272197
OF3,128,LogGRF,01-10,77445387965,41524,222012
OF3,128,LogGRF,02-01,77003231882,39520,287852
OF3,128,LogGRF,02-04,100287357218,36998,301845
OF3,128,LogGRF,02-06,94621836120,37603,289601
OF3,128,LogGRF,02-10,97292200173,42926,250761
OF3,128,LogGRF,03-01,43590381506,30844,151693
OF3,128,LogGRF,03-02,118272673826,43231,169836
OF3,128,LogGRF,03-04,68217496882,37039,308369
OF3,128,LogGRF,03-06,38519817768,48786,211038
OF3,128,LogGRF,03-07,67502026164,261582,315596
OF3,128,LogGRF,03-08,61338589754,42970,201389
OF3,128,LogGRF,03-09,83376731892,43834,244294
OF3,128,LogGRF,03-10,86494419961,41159,248339
OF3,128,LogGRF,04-01,77723880442,34909,166645
OF3,128,LogGRF,04-06,90825462834,30340,125183
OF3,128,LogGRF,04-10,154676648445,53245,172643
OF3,128,LogGRF,05-01,46274411841,101980,188195
OF3,128,LogGRF,05-02,116089308771,29664,145771
OF3,128,LogGRF,05-03,27586357933,103648,313668
OF3,128,LogGRF,05-04,49923904465,56949,365485
OF3,128,LogGRF,05-06,47712143539,124195,224837
OF3,128,LogGRF,05-07,60414651515,35978,186952
OF3,128,LogGRF,05-08,55793715721,28719,159417
OF3,128,LogGRF,05-09,81362741007,32787,179882
OF3,128,LogGRF,05-10,106820092652,54931,227142
OF3,128,LogGRF,07-01,51668675458,42071,219148
OF3,128,LogGRF,07-02,59718549112,28126,144790
OF3,128,LogGRF,07-04,41728023012,71364,314890
OF3,128,LogGRF,07-06,72852057350,40209,224611
OF3,128,LogGRF,07-10,126905548635,31630,124320
OF3,128,LogGRF,08-01,28682965518,171197,362520
OF3,128,LogGRF,08-02,60779531662,28087,158610
OF3,128,LogGRF,08-04,65469436934,44473,380631
OF3,128,LogGRF,08-06,47941622346,89538,354671
OF3,128,LogGRF,08-07,32259339972,77424,341677
OF3,128,LogGRF,08-10,97029640629,38586,178792
OF3,128,LogGRF,09-01,42605210948,173737,367862
OF3,128,LogGRF,09-02,38879906188,43532,207222
OF3,128,LogGRF,09-04,79553286566,33991,260953
OF3,128,LogGRF,09-06,61606440300,42962,282097
OF3,128,LogGRF,09-07,51515726380,32952,193967
OF3,128,LogGRF,09-08,35037392440,180032,363831
OF3,128,LogGRF,09-10,75451483329,44741,171504
OF3,128,LogGRF,10-06,63880835091,121713,278424
OF3,128,LogitGRF,01-06,20182602697,271045,290343
OF3,128,LogitGRF,01-10,28241216512,128115,260637
OF3,128,LogitGRF,02-01,35578173631,51432,261309
OF3,128,LogitGRF,02-04,21422415475,60195,281723
OF3,128,LogitGRF,02-06,27058621924,129775,311487
OF3,128,LogitGRF,02-10,23134750699,94125,332878
OF3,128,LogitGRF,03-01,16158972536,123170,309943
OF3,128,LogitGRF,03-02,25044642561,49216,147847
OF3,128,LogitGRF,03-04,17759610552,210048,360983
OF3,128,LogitGRF,03-06,16464073507,296224,392814
OF3,128,LogitGRF,03-07,18961868609,100278,282169
OF3,128,LogitGRF,03-08,28332404527,73445,221409
OF3,128,LogitGRF,03-09,26051465027,94768,271552
OF3,128,LogitGRF,03-10,16568090858,235565,343954
OF3,128,LogitGRF,04-01,25042758364,212432,348009
OF3,128,LogitGRF,04-06,21664675261,119318,309392
OF3,128,LogitGRF,04-10,24326626304,89411,354266
OF3,128,LogitGRF,05-01,15482575613,220279,363985
OF3,128,LogitGRF,05-02,28964623946,56101,185704
OF3,128,LogitGRF,05-03,16214453241,188058,350484
OF3,128,LogitGRF,05-04,20665910355,81350,277348
OF3,128,LogitGRF,05-06,18506149602,146405,352425
OF3,128,LogitGRF,05-07,28580948084,89778,269568
OF3,128,LogitGRF,05-08,37452449894,51882,234496
OF3,128,LogitGRF,05-09,32767776744,190872,305534
OF3,128,LogitGRF,05-10,25992565973,67614,286188
OF3,128,LogitGRF,07-01,27190142265,124267,302267
OF3,128,LogitGRF,07-02,25993439878,112071,264298
OF3,128,LogitGRF,07-04,23428029421,252025,372446
OF3,128,LogitGRF,07-06,24815990998,104038,329883
OF3,128,LogitGRF,07-10,14497438817,194919,287515
OF3,128,LogitGRF,08-01,41144926833,39624,250598
OF3,128,LogitGRF,08-02,28304877868,41492,170371
OF3,128,LogitGRF,08-04,23268275909,92100,296526
OF3,128,LogitGRF,08-06,33775260396,53711,269442
OF3,128,LogitGRF,08-07,22505161244,134216,353767
OF3,128,LogitGRF,08-10,20969099609,47834,294527
OF3,128,LogitGRF,09-01,28962545289,92076,225091
OF3,128,LogitGRF,09-02,35897879162,101957,188647
OF3,128,LogitGRF,09-04,25923772751,37883,198794
OF3,128,LogitGRF,09-06,24535441976,95160,247277
OF3,128,LogitGRF,09-07,24950482544,340062,298287
OF3,128,LogitGRF,09-08,33566740828,60831,183972
OF3,128,LogitGRF,09-10,21239358325,271054,278359
OF3,128,LogitGRF,10-06,18923052511,89738,316500
OF3,128,MicroscopyImages,01-06,38499224482,7730,154514
OF3,128,MicroscopyImages,01-10,34508397718,5724,131098
OF3,128,MicroscopyImages,02-01,10770820535,8396,179045
OF3,128,MicroscopyImages,02-04,23182359308,18350,251033
OF3,128,MicroscopyImages,02-06,37447344813,14195,199202
OF3,128,MicroscopyImages,02-10,25965421593,11949,205874
OF3,128,MicroscopyImages,03-01,25898607417,4374,112310
OF3,128,MicroscopyImages,03-02,27505275888,10975,175702
OF3,128,MicroscopyImages,03-04,7407779606,12437,198477
OF3,128,MicroscopyImages,03-06,38397394747,8584,148673
OF3,128,MicroscopyImages,03-07,52400582942,4075,116103
OF3,128,MicroscopyImages,03-08,47485492799,8090,156680
OF3,128,MicroscopyImages,03-09,47654822520,3424,103193
OF3,128,MicroscopyImages,03-10,44175069701,7874,169656
OF3,128,MicroscopyImages,04-01,21666877859,9287,151303
OF3,128,MicroscopyImages,04-06,36689512049,15791,220608
OF3,128,MicroscopyImages,04-10,40868521733,13186,228615
OF3,128,MicroscopyImages,05-01,46767009844,4217,116033
OF3,128,MicroscopyImages,05-02,45548923315,10007,207164
OF3,128,MicroscopyImages,05-03,45992833017,5291,140084
OF3,128,MicroscopyImages,05-04,44474539841,10964,203991
OF3,128,MicroscopyImages,05-06,10631194058,10293,203350
OF3,128,MicroscopyImages,05-07,60571689453,4088,118451
OF3,128,MicroscopyImages,05-08,58948325626,7919,181323
OF3,128,MicroscopyImages,05-09,63825822401,2584,83797
OF3,128,MicroscopyImages,05-10,48128025274,6520,137595
OF3,128,MicroscopyImages,07-01,59041743465,3553,113363
OF3,128,MicroscopyImages,07-02,58988736944,7462,171396
OF3,128,MicroscopyImages,07-04,53087629546,8499,176124
OF3,128,MicroscopyImages,07-06,53410256645,7690,165751
OF3,128,MicroscopyImages,07-10,57181973333,6472,170065
OF3,128,MicroscopyImages,08-01,55635223686,6121,132870
OF3,128,MicroscopyImages,08-02,54265222873,14434,260358
OF3,128,MicroscopyImages,08-04,48266003197,15210,234327
OF3,128,MicroscopyImages,08-06,50552962672,14278,234118
OF3,128,MicroscopyImages,08-07,8474572315,7318,147206
OF3,128,MicroscopyImages,08-10,52182094882,13294,240976
OF3,128,MicroscopyImages,09-01,43845728769,2355,84266
OF3,128,MicroscopyImages,09-02,35976315540,4845,126749
OF3,128,MicroscopyImages,09-04,44944692416,6002,144597
OF3,128,MicroscopyImages,09-06,56392397687,4712,111717
OF3,128,MicroscopyImages,09-07,63594755540,2684,104726
OF3,128,MicroscopyImages,09-08,57809688005,4686,152141
OF3,128,MicroscopyImages,09-10,18906763849,3865,99413
OF3,128,MicroscopyImages,10-06,42047320754,11518,199921
OF3,128,Shapes,01-06,52428800000,8211,142126
OF3,128,Shapes,01-10,11755357250,9235,98601
OF3,128,Shapes,02-01,39321600000,7288,132986
OF3,128,Shapes,02-04,10317274756,4291,76944
OF3,128,Shapes,02-06,40684160000,3612,75207
OF3,128,Shapes,02-10,43377064888,4141,99233
OF3,128,Shapes,03-01,5370400000,19674,503031
OF3,128,Shapes,03-02,39321600000,3934,92717
OF3,128,Shapes,03-04,29239567500,7987,105128
OF3,128,Shapes,03-06,52428800000,7441,74666
OF3,128,Shapes,03-07,34434515991,8740,166297
OF3,128,Shapes,03-08,29576650544,3984,74495
OF3,128,Shapes,03-09,17530400000,15349,378996
OF3,128,Shapes,03-10,12759160030,6407,99363
OF3,128,Shapes,04-01,29214624986,10637,148700
OF3,128,Shapes,04-06,38736025332,7717,155359
OF3,128,Shapes,04-10,33332414928,7983,98913
OF3,128,Shapes,05-01,19578930916,9741,98439
OF3,128,Shapes,05-02,43527832996,3487,87303
OF3,128,Shapes,05-03,20019742786,4849,69696
OF3,128,Shapes,05-04,33420854762,5580,100909
OF3,128,Shapes,05-06,54531915906,5123,120564
OF3,128,Shapes,05-07,39947722267,7029,145947
OF3,128,Shapes,05-08,29910788234,2944,77752
OF3,128,Shapes,05-09,24767196274,5239,99652
OF3,128,Shapes,05-10,21959329844,5209,57385
OF3,128,Shapes,07-01,34193013833,13720,192514
OF3,128,Shapes,07-02,38121996459,5401,121064
OF3,128,Shapes,07-04,31649864693,8082,140133
OF3,128,Shapes,07-06,69380905703,8310,219568
OF3,128,Shapes,07-10,37637265385,8311,147230
OF3,128,Shapes,08-01,29508117522,7683,124052
OF3,128,Shapes,08-02,16912545366,2322,50658
OF3,128,Shapes,08-04,11261442490,3452,56236
OF3,128,Shapes,08-06,41972810676,4115,114862
OF3,128,Shapes,08-07,33713414473,5322,124874
OF3,128,Shapes,08-10,36525382978,3607,81831
OF3,128,Shapes,09-01,17484800000,12137,221403
OF3,128,Shapes,09-02,39510528000,4360,99534
OF3,128,Shapes,09-04,29814528810,8011,135230
OF3,128,Shapes,09-06,52428800000,30570,145064
OF3,128,Shapes,09-07,37672325421,8211,161485
OF3,128,Shapes,09-08,31317207908,4465,86970
OF3,128,Shapes,09-10,20372705602,5607,84267
OF3,128,Shapes,10-06,54456540412,6301,148100
OF3,128,WhiteNoise,01-06,1431005683,122471,287359
OF3,128,WhiteNoise,01-10,1241653941,89642,245016
OF3,128,WhiteNoise,02-01,1285182276,152960,314933
OF3,128,WhiteNoise,02-04,1377611618,174573,361949
OF3,128,WhiteNoise,02-06,1657659545,205737,340988
OF3,128,WhiteNoise,02-10,1444651171,150185,309485
OF3,128,WhiteNoise,03-01,1344060860,91179,218436
OF3,128,WhiteNoise,03-02,1440831798,129315,249664
OF3,128,WhiteNoise,03-04,1443019400,102769,229813
OF3,128,WhiteNoise,03-06,1218268809,141442,267725
OF3,128,WhiteNoise,03-07,1359945582,178810,272247
OF3,128,WhiteNoise,03-08,1329085782,132546,289997
OF3,128,WhiteNoise,03-09,1412639378,70781,236427
OF3,128,WhiteNoise,03-10,1349259025,132386,243262
OF3,128,WhiteNoise,04-01,1186296564,133100,267896
OF3,128,WhiteNoise,04-06,1482280633,96797,267253
OF3,128,WhiteNoise,04-10,1253084737,158669,276043
OF3,128,WhiteNoise,05-01,1325252490,89011,231999
OF3,128,WhiteNoise,05-02,1642247220,164405,343857
OF3,128,WhiteNoise,05-03,1415991388,202403,288919
OF3,128,WhiteNoise,05-04,1342604564,118150,230358
OF3,128,WhiteNoise,05-06,1362634307,79126,253996
OF3,128,WhiteNoise,05-07,1321485948,124617,271849
OF3,128,WhiteNoise,05-08,1443210420,128289,254669
OF3,128,WhiteNoise,05-09,1290675954,149326,240163
OF3,128,WhiteNoise,05-10,1364248905,135453,246974
OF3,128,WhiteNoise,07-01,1285294962,98838,221981
OF3,128,WhiteNoise,07-02,1523952088,154320,322245
OF3,128,WhiteNoise,07-04,1271630002,106006,254390
OF3,128,WhiteNoise,07-06,1370249603,85984,268499
OF3,128,WhiteNoise,07-10,1274760281,144457,265408
OF3,128,WhiteNoise,08-01,1551199568,72050,224015
OF3,128,WhiteNoise,08-02,1752573696,99157,250540
OF3,128,WhiteNoise,08-04,1503675236,106158,226777
OF3,128,WhiteNoise,08-06,1409916721,113460,246512
OF3,128,WhiteNoise,08-07,1428916854,156982,240173
OF3,128,WhiteNoise,08-10,1398671355,120391,238251
OF3,128,WhiteNoise,09-01,1215120972,77930,249925
OF3,128,WhiteNoise,09-02,1357605602,129592,297076
OF3,128,WhiteNoise,09-04,1233658624,147708,275223
OF3,128,WhiteNoise,09-06,1514639589,127200,277767
OF3,128,WhiteNoise,09-07,1332544666,150315,271022
OF3,128,WhiteNoise,09-08,1457089734,100858,268184
OF3,128,WhiteNoise,09-10,1217716027,66187,241799
OF3,128,WhiteNoise,10-06,1423279764,98854,272281
OF4,32,CauchyDensity,01-02,321489865,70,9071
OF4,32,CauchyDensity,01-03,512203097,82,9995
OF4,32,CauchyDensity,01-04,347504479,68,7586
OF4,32,CauchyDensity,01-05,1258442379,63,6204
OF4,32,CauchyDensity,01-06,1023744924,80,9161
OF4,32,CauchyDensity,01-07,568664558,83,8817
OF4,32,CauchyDensity,01-08,552298381,77,8609
OF4,32,CauchyDensity,01-09,480280523,69,5794
OF4,32,CauchyDensity,01-10,1034065916,68,7868
OF4,32,CauchyDensity,02-04,294736545,58,4755
OF4,32,CauchyDensity,02-05,1201666264,59,4927
OF4,32,CauchyDensity,02-06,977611968,56,4409
OF4,32,CauchyDensity,02-08,427228089,64,4081
OF4,32,CauchyDensity,02-09,410093157,71,6115
OF4,32,CauchyDensity,02-10,976917245,59,4473
OF4,32,CauchyDensity,03-02,425889265,69,5991
OF4,32,CauchyDensity,03-04,308608180,69,6733
OF4,32,CauchyDensity,03-05,776862442,52,3894
OF4,32,CauchyDensity,03-06,593196857,50,4181
OF4,32,CauchyDensity,03-08,277032099,68,7085
OF4,32,CauchyDensity,03-09,519360959,53,5781
OF4,32,CauchyDensity,03-10,570932834,53,4233
OF4,32,CauchyDensity,04-05,1030878241,49,4109
OF4,32,CauchyDensity,04-08,213019288,53,4075
OF4,32,CauchyDensity,04-10,762367893,59,4522
OF4,32,CauchyDensity,05-08,917034188,46,3938
OF4,32,CauchyDensity,05-10,414273887,44,2731
OF4,32,CauchyDensity,06-04,734615040,55,4979
OF4,32,CauchyDensity,06-05,488239119,54,3992
OF4,32,CauchyDensity,06-08,608444968,49,3372
OF4,32,CauchyDensity,06-09,739321725,50,4388
OF4,32,CauchyDensity,06-10,124429025,51,4236
OF4,32,CauchyDensity,07-02,459757100,80,8599
OF4,32,CauchyDensity,07-03,306116474,77,7250
OF4,32,CauchyDensity,07-04,285201368,63,6404
OF4,32,CauchyDensity,07-05,997122001,47,3359
OF4,32,CauchyDensity,07-06,688177088,47,3581
OF4,32,CauchyDensity,07-08,190794105,43,2469
OF4,32,CauchyDensity,07-09,571615641,56,3365
OF4,32,CauchyDensity,07-10,727869625,46,2897
OF4,32,CauchyDensity,09-04,299641773,56,4747
OF4,32,CauchyDensity,09-05,1011996870,49,4278
OF4,32,CauchyDensity,09-08,387511707,43,2579
OF4,32,CauchyDensity,09-10,742744494,58,6499
OF4,32,CauchyDensity,10-08,647781812,42,2559
OF4,32,ClassicImages,01-02,175136546,62,5891
OF4,32,ClassicImages,01-03,186672774,76,7699
OF4,32,ClassicImages,01-04,147218338,71,6239
OF4,32,ClassicImages,01-05,171932988,61,6422
OF4,32,ClassicImages,01-06,256060007,53,4635
OF4,32,ClassicImages,01-07,212296496,93,8012
OF4,32,ClassicImages,01-08,172277840,70,6095
OF4,32,ClassicImages,01-09,323948476,62,6621
OF4,32,ClassicImages,01-10,265556823,58,6134
OF4,32,ClassicImages,02-04,78927230,84,7929
OF4,32,ClassicImages,02-05,81520556,68,7334
OF4,32,ClassicImages,02-06,96540973,65,5028
OF4,32,ClassicImages,02-08,104257658,73,7407
OF4,32,ClassicImages,02-09,241243935,51,4062
OF4,32,ClassicImages,02-10,157826359,71,5926
OF4,32,ClassicImages,03-02,145978024,61,5834
OF4,32,ClassicImages,03-04,119229003,64,6294
OF4,32,ClassicImages,03-05,143968017,70,6234
OF4,32,ClassicImages,03-06,156546478,56,5112
OF4,32,ClassicImages,03-08,145922588,69,6014
OF4,32,ClassicImages,03-09,292090242,56,5176
OF4,32,ClassicImages,03-10,230250467,63,5288
OF4,32,ClassicImages,04-05,100871111,95,7864
OF4,32,ClassicImages,04-08,99348089,69,6052
OF4,32,ClassicImages,04-10,208639648,57,5543
OF4,32,ClassicImages,05-08,123897082,64,6542
OF4,32,ClassicImages,05-10,200578882,65,5399
OF4,32,ClassicImages,06-04,151362348,62,6553
OF4,32,ClassicImages,06-05,129306532,60,6249
OF4,32,ClassicImages,06-08,133507218,68,7419
OF4,32,ClassicImages,06-09,200666416,55,5061
OF4,32,ClassicImages,06-10,153205574,60,5874
OF4,32,ClassicImages,07-02,90998592,83,5863
OF4,32,ClassicImages,07-03,183276518,58,5865
OF4,32,ClassicImages,07-04,134777027,72,7372
OF4,32,ClassicImages,07-05,94405435,93,7541
OF4,32,ClassicImages,07-06,122488555,61,5143
OF4,32,ClassicImages,07-08,135702477,69,6578
OF4,32,ClassicImages,07-09,215404372,64,6001
OF4,32,ClassicImages,07-10,172017592,67,6593
OF4,32,ClassicImages,09-04,278781308,56,4916
OF4,32,ClassicImages,09-05,234647634,55,4994
OF4,32,ClassicImages,09-08,320270252,47,3806
OF4,32,ClassicImages,09-10,326698754,58,6628
OF4,32,ClassicImages,10-08,168664764,74,8253
OF4,32,GRFmoderate,01-02,163208118,61,6102
OF4,32,GRFmoderate,01-03,216149945,50,4441
OF4,32,GRFmoderate,01-04,378220494,53,4754
OF4,32,GRFmoderate,01-05,194054969,57,5552
OF4,32,GRFmoderate,01-06,280458481,58,5456
OF4,32,GRFmoderate,01-07,136609899,80,5528
OF4,32,GRFmoderate,01-08,298191710,53,4606
OF4,32,GRFmoderate,01-09,121174256,65,5896
OF4,32,GRFmoderate,01-10,97426319,75,7118
OF4,32,GRFmoderate,02-04,302805461,54,5457
OF4,32,GRFmoderate,02-05,129557325,80,7734
OF4,32,GRFmoderate,02-06,228961843,65,6570
OF4,32,GRFmoderate,02-08,316351701,51,4060
OF4,32,GRFmoderate,02-09,138858032,85,7430
OF4,32,GRFmoderate,02-10,160871607,60,5494
OF4,32,GRFmoderate,03-02,251258226,60,5077
OF4,32,GRFmoderate,03-04,246619877,66,7049
OF4,32,GRFmoderate,03-05,188274585,73,6617
OF4,32,GRFmoderate,03-06,222099009,91,7300
OF4,32,GRFmoderate,03-08,143702955,73,6493
OF4,32,GRFmoderate,03-09,163958814,92,7267
OF4,32,GRFmoderate,03-10,182240540,61,6906
OF4,32,GRFmoderate,04-05,222816257,61,5065
OF4,32,GRFmoderate,04-08,286234441,57,4853
OF4,32,GRFmoderate,04-10,349525262,57,3990
OF4,32,GRFmoderate,05-08,243804717,55,5496
OF4,32,GRFmoderate,05-10,162733661,53,4411
OF4,32,GRFmoderate,06-04,212865947,68,7032
OF4,32,GRFmoderate,06-05,146212355,64,5629
OF4,32,GRFmoderate,06-08,248316136,59,5560
OF4,32,GRFmoderate,06-09,234226505,58,3994
OF4,32,GRFmoderate,06-10,241051082,67,4786
OF4,32,GRFmoderate,07-02,159139370,59,6150
OF4,32,GRFmoderate,07-03,195809943,61,6162
OF4,32,GRFmoderate,07-04,323433174,65,6493
OF4,32,GRFmoderate,07-05,136237137,67,7940
OF4,32,GRFmoderate,07-06,216019431,68,7667
OF4,32,GRFmoderate,07-08,251639376,61,5746
OF4,32,GRFmoderate,07-09,80631295,71,5720
OF4,32,GRFmoderate,07-10,103671748,72,6292
OF4,32,GRFmoderate,09-04,334959759,52,4923
OF4,32,GRFmoderate,09-05,145206843,61,6909
OF4,32,GRFmoderate,09-08,230409299,54,5354
OF4,32,GRFmoderate,09-10,110656143,69,5529
OF4,32,GRFmoderate,10-08,277112424,58,5717
OF4,32,GRFrough,01-02,82755295,75,7912
OF4,32,GRFrough,01-03,68529893,68,6453
OF4,32,GRFrough,01-04,86598474,75,7079
OF4,32,GRFrough,01-05,64357150,73,8482
OF4,32,GRFrough,01-06,79023535,75,6802
OF4,32,GRFrough,01-07,59366037,63,6417
OF4,32,GRFrough,01-08,63027140,83,8241
OF4,32,GRFrough,01-09,51450813,77,7680
OF4,32,GRFrough,01-10,63910227,76,7775
OF4,32,GRFrough,02-04,94234009,82,7086
OF4,32,GRFrough,02-05,54473225,77,8195
OF4,32,GRFrough,02-06,93155352,69,6937
OF4,32,GRFrough,02-08,73899293,71,6957
OF4,32,GRFrough,02-09,63391327,66,6677
OF4,32,GRFrough,02-10,63473184,84,6980
OF4,32,GRFrough,03-02,92363528,74,8554
OF4,32,GRFrough,03-04,87059243,69,8265
OF4,32,GRFrough,03-05,78985073,72,7541
OF4,32,GRFrough,03-06,63454204,84,8375
OF4,32,GRFrough,03-08,72679958,77,7797
OF4,32,GRFrough,03-09,83651913,68,7265
OF4,32,GRFrough,03-10,67447821,82,8335
OF4,32,GRFrough,04-05,108042579,62,6430
OF4,32,GRFrough,04-08,100488307,66,7196
OF4,32,GRFrough,04-10,95929252,67,6407
OF4,32,GRFrough,05-08,57286518,74,6753
OF4,32,GRFrough,05-10,45631244,84,7377
OF4,32,GRFrough,06-04,81948086,74,7479
OF4,32,GRFrough,06-05,90544911,73,7444
OF4,32,GRFrough,06-08,93414762,101,8599
OF4,32,GRFrough,06-09,86969236,79,7560
OF4,32,GRFrough,06-10,70230252,86,8174
OF4,32,GRFrough,07-02,92144163,74,8179
OF4,32,GRFrough,07-03,59842450,70,6746
OF4,32,GRFrough,07-04,93254611,65,7486
OF4,32,GRFrough,07-05,69337040,74,9248
OF4,32,GRFrough,07-06,85680991,81,8411
OF4,32,GRFrough,07-08,53458265,74,8296
OF4,32,GRFrough,07-09,58108096,74,8334
OF4,32,GRFrough,07-10,78544581,74,9085
OF4,32,GRFrough,09-04,101930098,66,6446
OF4,32,GRFrough,09-05,48732085,71,7463
OF4,32,GRFrough,09-08,58231240,84,7428
OF4,32,GRFrough,09-10,56859618,72,7331
OF4,32,GRFrough,10-08,72471136,90,7256
OF4,32,GRFsmooth,01-02,377233768,99,8070
OF4,32,GRFsmooth,01-03,594757081,43,2843
OF4,32,GRFsmooth,01-04,338655740,56,4785
OF4,32,GRFsmooth,01-05,266428963,61,4933
OF4,32,GRFsmooth,01-06,241598192,61,5931
OF4,32,GRFsmooth,01-07,129291843,63,5102
OF4,32,GRFsmooth,01-08,357637007,58,5148
OF4,32,GRFsmooth,01-09,272161103,85,8357
OF4,32,GRFsmooth,01-10,430322351,81,7088
OF4,32,GRFsmooth,02-04,607469959,44,3259
OF4,32,GRFsmooth,02-05,442283221,49,3593
OF4,32,GRFsmooth,02-06,249539280,61,6508
OF4,32,GRFsmooth,02-08,221291380,68,7477
OF4,32,GRFsmooth,02-09,385469151,78,8830
OF4,32,GRFsmooth,02-10,362080931,67,7162
OF4,32,GRFsmooth,03-02,506638820,55,4530
OF4,32,GRFsmooth,03-04,813974907,47,4185
OF4,32,GRFsmooth,03-05,652543793,53,4994
OF4,32,GRFsmooth,03-06,415538951,63,6587
OF4,32,GRFsmooth,03-08,335064591,63,5632
OF4,32,GRFsmooth,03-09,461581458,64,6315
OF4,32,GRFsmooth,03-10,375078685,65,6574
OF4,32,GRFsmooth,04-05,232959016,75,5934
OF4,32,GRFsmooth,04-08,610212690,44,3260
OF4,32,GRFsmooth,04-10,484620911,55,4922
OF4,32,GRFsmooth,05-08,452963780,48,3923
OF4,32,GRFsmooth,05-10,342074493,63,7082
OF4,32,GRFsmooth,06-04,424760059,51,4163
OF4,32,GRFsmooth,06-05,280950206,66,5378
OF4,32,GRFsmooth,06-08,203392228,55,5425
OF4,32,GRFsmooth,06-09,263307652,65,7694
OF4,32,GRFsmooth,06-10,251598520,74,7147
OF4,32,GRFsmooth,07-02,342730228,72,7313
OF4,32,GRFsmooth,07-03,565672795,51,4761
OF4,32,GRFsmooth,07-04,343440940,51,4481
OF4,32,GRFsmooth,07-05,247375662,71,5873
OF4,32,GRFsmooth,07-06,202482143,57,6085
OF4,32,GRFsmooth,07-08,323133876,44,3019
OF4,32,GRFsmooth,07-09,311632699,52,5238
OF4,32,GRFsmooth,07-10,361886249,65,6257
OF4,32,GRFsmooth,09-04,409516974,51,3939
OF4,32,GRFsmooth,09-05,300071587,57,5443
OF4,32,GRFsmooth,09-08,262318029,49,3492
OF4,32,GRFsmooth,09-10,212730286,53,5117
OF4,32,GRFsmooth,10-08,227668958,54,5213
OF4,32,LogGRF,01-02,333218449,73,6972
OF4,32,LogGRF,01-03,617412165,65,7275
OF4,32,LogGRF,01-04,688923184,69,7469
OF4,32,LogGRF,01-05,1145348607,65,6685
OF4,32,LogGRF,01-06,489495261,64,6212
OF4,32,LogGRF,01-07,265700314,72,7682
OF4,32,LogGRF,01-08,501545829,69,7861
OF4,32,LogGRF,01-09,939096167,69,8067
OF4,32,LogGRF,01-10,792317004,74,7662
OF4,32,LogGRF,02-04,456281678,78,7355
OF4,32,LogGRF,02-05,938237818,58,5168
OF4,32,LogGRF,02-06,326943351,76,6675
OF4,32,LogGRF,02-08,275541228,67,7660
OF4,32,LogGRF,02-09,781853699,70,7223
OF4,32,LogGRF,02-10,564890219,56,5075
OF4,32,LogGRF,03-02,466827660,89,9993
OF4,32,LogGRF,03-04,859579272,72,8832
OF4,32,LogGRF,03-05,814545141,64,7150
OF4,32,LogGRF,03-06,605433216,73,8524
OF4,32,LogGRF,03-08,524447329,86,10126
OF4,32,LogGRF,03-09,766620886,72,8321
OF4,32,LogGRF,03-10,563997553,74,7388
OF4,32,LogGRF,04-05,778410411,74,8581
OF4,32,LogGRF,04-08,407192209,95,8945
OF4,32,LogGRF,04-10,541075695,74,6741
OF4,32,LogGRF,05-08,719037095,56,5496
OF4,32,LogGRF,05-10,418796539,70,7469
OF4,32,LogGRF,06-04,672747479,69,6963
OF4,32,LogGRF,06-05,1146141491,53,4739
OF4,32,LogGRF,06-08,508397729,62,6721
OF4,32,LogGRF,06-09,615763341,63,7307
OF4,32,LogGRF,06-10,775643335,55,5017
OF4,32,LogGRF,07-02,392091412,73,8023
OF4,32,LogGRF,07-03,556505038,82,9009
OF4,32,LogGRF,07-04,685794977,68,7600
OF4,32,LogGRF,07-05,995027910,59,5995
OF4,32,LogGRF,07-06,598155136,56,4807
OF4,32,LogGRF,07-08,390063951,79,9649
OF4,32,LogGRF,07-09,1073583212,68,6060
OF4,32,LogGRF,07-10,658499780,72,8384
OF4,32,LogGRF,09-04,1005998223,53,5214
OF4,32,LogGRF,09-05,738840806,67,8078
OF4,32,LogGRF,09-08,813762662,53,5396
OF4,32,LogGRF,09-10,674479461,60,5772
OF4,32,LogGRF,10-08,366518711,72,8918
OF4,32,LogitGRF,01-02,299468734,66,7163
OF4,32,LogitGRF,01-03,300100833,76,7964
OF4,32,LogitGRF,01-04,253860970,63,6893
OF4,32,LogitGRF,01-05,200393452,67,6217
OF4,32,LogitGRF,01-06,211939001,78,7738
OF4,32,LogitGRF,01-07,300960091,66,7032
OF4,32,LogitGRF,01-08,178462068,72,7997
OF4,32,LogitGRF,01-09,425318349,65,6418
OF4,32,LogitGRF,01-10,275250044,61,6133
OF4,32,LogitGRF,02-04,205289105,86,9554
OF4,32,LogitGRF,02-05,268555321,73,7314
OF4,32,LogitGRF,02-06,284351789,78,9529
OF4,32,LogitGRF,02-08,365810405,76,7891
OF4,32,LogitGRF,02-09,384837910,62,6954
OF4,32,LogitGRF,02-10,257497374,71,7363
OF4,32,LogitGRF,03-02,354309759,69,6807
OF4,32,LogitGRF,03-04,377333696,69,7165
OF4,32,LogitGRF,03-05,222639258,74,6997
OF4,32,LogitGRF,03-06,275795673,89,7594
OF4,32,LogitGRF,03-08,371563270,64,7014
OF4,32,LogitGRF,03-09,277961051,68,7116
OF4,32,LogitGRF,03-10,262792260,98,6977
OF4,32,LogitGRF,04-05,260345126,69,7880
OF4,32,LogitGRF,04-08,261970153,83,9359
OF4,32,LogitGRF,04-10,257995260,74,8697
OF4,32,LogitGRF,05-08,262483418,82,8838
OF4,32,LogitGRF,05-10,260163989,89,7910
OF4,32,LogitGRF,06-04,287312994,69,7841
OF4,32,LogitGRF,06-05,229712930,75,7078
OF4,32,LogitGRF,06-08,252171907,67,7113
OF4,32,LogitGRF,06-09,412419840,68,7658
OF4,32,LogitGRF,06-10,253903998,69,6034
OF4,32,LogitGRF,07-02,419236326,64,6791
OF4,32,LogitGRF,07-03,241996097,62,6247
OF4,32,LogitGRF,07-04,428004596,67,6307
OF4,32,LogitGRF,07-05,310987030,62,6032
OF4,32,LogitGRF,07-06,222788015,80,7667
OF4,32,LogitGRF,07-08,399758652,61,6299
OF4,32,LogitGRF,07-09,467208688,66,6175
OF4,32,LogitGRF,07-10,335951542,62,5750
OF4,32,LogitGRF,09-04,401352041,70,7995
OF4,32,LogitGRF,09-05,332882586,95,10390
OF4,32,LogitGRF,09-08,471835615,69,8333
OF4,32,LogitGRF,09-10,249193027,92,9455
OF4,32,LogitGRF,10-08,315438565,71,8760
OF4,32,MicroscopyImages,01-02,255398464,31,5132
OF4,32,MicroscopyImages,01-03,779931526,19,3828
OF4,32,MicroscopyImages,01-04,527393275,28,4054
OF4,32,MicroscopyImages,01-05,680928961,24,4170
OF4,32,MicroscopyImages,01-06,705387598,29,3976
OF4,32,MicroscopyImages,01-07,577288776,25,4292
OF4,32,MicroscopyImages,01-08,601180040,31,4580
OF4,32,MicroscopyImages,01-09,558275261,27,4925
OF4,32,MicroscopyImages,01-10,467126817,34,5238
OF4,32,MicroscopyImages,02-04,568997742,42,4830
OF4,32,MicroscopyImages,02-05,567789963,39,5892
OF4,32,MicroscopyImages,02-06,619951914,44,4975
OF4,32,MicroscopyImages,02-08,627193438,42,4999
OF4,32,MicroscopyImages,02-09,461689875,37,5413
OF4,32,MicroscopyImages,02-10,370538651,52,5991
OF4,32,MicroscopyImages,03-02,780972567,28,5069
OF4,32,MicroscopyImages,03-04,308973615,33,5368
OF4,32,MicroscopyImages,03-05,469700414,28,4959
OF4,32,MicroscopyImages,03-06,349288582,34,5366
OF4,32,MicroscopyImages,03-08,537750305,32,4874
OF4,32,MicroscopyImages,03-09,520719633,23,4589
OF4,32,MicroscopyImages,03-10,574287403,32,4939
OF4,32,MicroscopyImages,04-05,468182525,38,4985
OF4,32,MicroscopyImages,04-08,440742321,53,5544
OF4,32,MicroscopyImages,04-10,365913159,56,6829
OF4,32,MicroscopyImages,05-08,432182245,41,5407
OF4,32,MicroscopyImages,05-10,358161385,57,6987
OF4,32,MicroscopyImages,06-04,419268858,43,5132
OF4,32,MicroscopyImages,06-05,153687397,49,7075
OF4,32,MicroscopyImages,06-08,415732215,55,6218
OF4,32,MicroscopyImages,06-09,387956628,44,6014
OF4,32,MicroscopyImages,06-10,408437211,62,7090
OF4,32,MicroscopyImages,07-02,602823741,35,5213
OF4,32,MicroscopyImages,07-03,573364361,24,4221
OF4,32,MicroscopyImages,07-04,443066895,39,5809
OF4,32,MicroscopyImages,07-05,429119265,34,5493
OF4,32,MicroscopyImages,07-06,445593181,42,5198
OF4,32,MicroscopyImages,07-08,124271436,44,6332
OF4,32,MicroscopyImages,07-09,598579165,26,4396
OF4,32,MicroscopyImages,07-10,570594685,46,6398
OF4,32,MicroscopyImages,09-04,423525655,35,5084
OF4,32,MicroscopyImages,09-05,371148381,32,5371
OF4,32,MicroscopyImages,09-08,626329245,35,4614
OF4,32,MicroscopyImages,09-10,202769592,41,5683
OF4,32,MicroscopyImages,10-08,594904791,54,6264
OF4,32,Shapes,01-02,410240000,18,2733
OF4,32,Shapes,01-03,86400000,31,6716
OF4,32,Shapes,01-04,253764336,29,4239
OF4,32,Shapes,01-05,232824146,25,3322
OF4,32,Shapes,01-06,547200000,24,3722
OF4,32,Shapes,01-07,421192830,33,4183
OF4,32,Shapes,01-08,284583959,21,4077
OF4,32,Shapes,01-09,193600000,32,6553
OF4,32,Shapes,01-10,137600124,30,4101
OF4,32,Shapes,02-04,156475664,10,1546
OF4,32,Shapes,02-05,524567223,10,2178
OF4,32,Shapes,02-06,569376000,11,2459
OF4,32,Shapes,02-08,200621542,8,1684
OF4,32,Shapes,02-09,426288000,13,3107
OF4,32,Shapes,02-10,468845934,11,2238
OF4,32,Shapes,03-02,412672000,10,1993
OF4,32,Shapes,03-04,270936941,19,3519
OF4,32,Shapes,03-05,241418106,16,3067
OF4,32,Shapes,03-06,549200000,14,2780
OF4,32,Shapes,03-08,294767843,11,2701
OF4,32,Shapes,03-09,209600000,19,4928
OF4,32,Shapes,03-10,159314386,18,3183
OF4,32,Shapes,04-05,368091559,13,2072
OF4,32,Shapes,04-08,124021462,11,2288
OF4,32,Shapes,04-10,314895201,20,3852
OF4,32,Shapes,05-08,341815017,9,1784
OF4,32,Shapes,05-10,251655696,18,3303
OF4,32,Shapes,06-04,548443915,18,3276
OF4,32,Shapes,06-05,551212161,16,3536
OF4,32,Shapes,06-08,561503366,9,2246
OF4,32,Shapes,06-09,552200000,16,4225
OF4,32,Shapes,06-10,555360116,15,2858
OF4,32,Shapes,07-02,417954416,13,2622
OF4,32,Shapes,07-03,426116846,20,3432
OF4,32,Shapes,07-04,407460730,18,3080
OF4,32,Shapes,07-05,450386377,18,3664
OF4,32,Shapes,07-06,955899165,19,4302
OF4,32,Shapes,07-08,412610054,13,2795
OF4,32,Shapes,07-09,457625413,20,3696
OF4,32,Shapes,07-10,453893440,20,3440
OF4,32,Shapes,09-04,350087636,18,3605
OF4,32,Shapes,09-05,305927202,19,3773
OF4,32,Shapes,09-08,359034479,11,2758
OF4,32,Shapes,09-10,254960130,17,3233
OF4,32,Shapes,10-08,359585776,12,2593
OF4,32,WhiteNoise,01-02,49923925,79,8899
OF4,32,WhiteNoise,01-03,53192684,83,8496
OF4,32,WhiteNoise,01-04,65365081,79,8877
OF4,32,WhiteNoise,01-05,54722657,84,9181
OF4,32,WhiteNoise,01-06,46592527,86,9022
OF4,32,WhiteNoise,01-07,50750980,80,8308
OF4,32,WhiteNoise,01-08,50056442,85,8841
OF4,32,WhiteNoise,01-09,63968992,81,9423
OF4,32,WhiteNoise,01-10,53297742,84,8440
OF4,32,WhiteNoise,02-04,62923209,79,8431
OF4,32,WhiteNoise,02-05,54021874,82,8192
OF4,32,WhiteNoise,02-06,52348597,87,9062
OF4,32,WhiteNoise,02-08,48419928,87,7444
OF4,32,WhiteNoise,02-09,54972363,79,8472
OF4,32,WhiteNoise,02-10,54326690,84,8999
OF4,32,WhiteNoise,03-02,54645875,91,9510
OF4,32,WhiteNoise,03-04,64939525,83,8800
OF4,32,WhiteNoise,03-05,55934174,88,7973
OF4,32,WhiteNoise,03-06,46744963,73,8682
OF4,32,WhiteNoise,03-08,57962333,79,8424
OF4,32,WhiteNoise,03-09,57907135,113,9847
OF4,32,WhiteNoise,03-10,48842239,76,7960
OF4,32,WhiteNoise,04-05,51564815,89,8350
OF4,32,WhiteNoise,04-08,63010794,78,9109
OF4,32,WhiteNoise,04-10,72368141,79,8642
OF4,32,WhiteNoise,05-08,56350575,77,8357
OF4,32,WhiteNoise,05-10,57785189,78,8772
OF4,32,WhiteNoise,06-04,57500530,76,8624
OF4,32,WhiteNoise,06-05,50682684,72,7598
OF4,32,WhiteNoise,06-08,51399734,85,7688
OF4,32,WhiteNoise,06-09,58921608,76,8969
OF4,32,WhiteNoise,06-10,49560207,70,7789
OF4,32,WhiteNoise,07-02,52553854,108,10152
OF4,32,WhiteNoise,07-03,54915996,81,9592
OF4,32,WhiteNoise,07-04,72849324,84,8978
OF4,32,WhiteNoise,07-05,53943677,88,9366
OF4,32,WhiteNoise,07-06,55394834,88,9332
OF4,32,WhiteNoise,07-08,53947701,97,8759
OF4,32,WhiteNoise,07-09,64312246,77,8963
OF4,32,WhiteNoise,07-10,55553690,80,8498
OF4,32,WhiteNoise,09-04,55270512,74,8055
OF4,32,WhiteNoise,09-05,51573926,82,8311
OF4,32,WhiteNoise,09-08,60904523,75,7905
OF4,32,WhiteNoise,09-10,63410063,76,7540
OF4,32,WhiteNoise,10-08,58182141,80,9255
OF4,64,CauchyDensity,01-02,5076064114,2691,60702
OF4,64,CauchyDensity,01-03,2411576462,2174,19783
OF4,64,CauchyDensity,01-04,4036995328,2117,70875
OF4,64,CauchyDensity,01-05,4033687643,1967,30636
OF4,64,CauchyDensity,01-06,5109659699,2490,76747
OF4,64,CauchyDensity,01-07,3915930156,1769,25949
OF4,64,CauchyDensity,01-08,4672664893,3640,54639
OF4,64,CauchyDensity,01-09,4429959121,2626,46623
OF4,64,CauchyDensity,01-10,4176719945,2515,31374
OF4,64,CauchyDensity,02-03,4904319399,2164,39102
OF4,64,CauchyDensity,02-04,4609833050,1861,38981
OF4,64,CauchyDensity,02-05,3143753211,1909,33428
OF4,64,CauchyDensity,02-07,4250932424,1904,42925
OF4,64,CauchyDensity,02-10,4669668180,1659,40812
OF4,64,CauchyDensity,03-07,1692434519,1521,23967
OF4,64,CauchyDensity,03-10,2345149560,1463,26772
OF4,64,CauchyDensity,04-03,3396567297,1683,35689
OF4,64,CauchyDensity,04-07,2663958141,1413,29001
OF4,64,CauchyDensity,04-10,2841952732,1267,22663
OF4,64,CauchyDensity,05-03,3295747717,1470,32474
OF4,64,CauchyDensity,05-04,4252586848,1502,25565
OF4,64,CauchyDensity,05-07,2939545792,1355,22464
OF4,64,CauchyDensity,05-10,4059543080,1488,24728
OF4,64,CauchyDensity,06-02,3518129933,1997,59621
OF4,64,CauchyDensity,06-03,4974225195,1416,29798
OF4,64,CauchyDensity,06-04,3026465433,1386,26438
OF4,64,CauchyDensity,06-05,3410699292,1462,29858
OF4,64,CauchyDensity,06-07,4654247833,1174,15382
OF4,64,CauchyDensity,06-08,3616777275,1350,16322
OF4,64,CauchyDensity,06-10,5658787424,1179,14977
OF4,64,CauchyDensity,07-10,1261076515,2121,29989
OF4,64,CauchyDensity,08-02,3100355886,1453,33747
OF4,64,CauchyDensity,08-03,4311648463,1653,37115
OF4,64,CauchyDensity,08-04,4525573098,1580,21240
OF4,64,CauchyDensity,08-05,2393724907,1832,23364
OF4,64,CauchyDensity,08-07,3991327258,1276,19968
OF4,64,CauchyDensity,08-10,4374379605,1326,28269
OF4,64,CauchyDensity,09-02,5286691622,1609,41751
OF4,64,CauchyDensity,09-03,3754174788,1556,23264
OF4,64,CauchyDensity,09-04,3990634658,1502,31365
OF4,64,CauchyDensity,09-05,4516408977,1909,39995
OF4,64,CauchyDensity,09-06,6615333641,1257,21369
OF4,64,CauchyDensity,09-07,2891570083,1229,14456
OF4,64,CauchyDensity,09-08,5327035994,1174,14104
OF4,64,CauchyDensity,09-10,2959573574,1074,8033
OF4,64,ClassicImages,01-02,1402641808,1627,30936
OF4,64,ClassicImages,01-03,1496164632,2331,44021
OF4,64,ClassicImages,01-04,1178959927,2144,32408
OF4,64,ClassicImages,01-05,1378190282,2317,37133
OF4,64,ClassicImages,01-06,2050316813,1380,25279
OF4,64,ClassicImages,01-07,1700962608,2122,43543
OF4,64,ClassicImages,01-08,1380809008,1526,28651
OF4,64,ClassicImages,01-09,2591564616,2041,41637
OF4,64,ClassicImages,01-10,2129876213,1602,34507
OF4,64,ClassicImages,02-03,1168721437,1705,32261
OF4,64,ClassicImages,02-04,632817512,2081,47991
OF4,64,ClassicImages,02-05,653237143,1772,45009
OF4,64,ClassicImages,02-07,728869466,5023,50460
OF4,64,ClassicImages,02-10,1265395705,2249,34033
OF4,64,ClassicImages,03-07,1466221245,1819,42268
OF4,64,ClassicImages,03-10,1844172503,1549,29904
OF4,64,ClassicImages,04-03,954721481,1798,34696
OF4,64,ClassicImages,04-07,1080334135,2210,44663
OF4,64,ClassicImages,04-10,1672163746,2048,30920
OF4,64,ClassicImages,05-03,1154370969,1562,28804
OF4,64,ClassicImages,05-04,807943202,2122,35743
OF4,64,ClassicImages,05-07,758883444,2512,37717
OF4,64,ClassicImages,05-10,1607147779,1524,30874
OF4,64,ClassicImages,06-02,774383219,1650,35960
OF4,64,ClassicImages,06-03,1254297548,1801,37856
OF4,64,ClassicImages,06-04,1211877060,1815,37336
OF4,64,ClassicImages,06-05,1035568637,1623,37021
OF4,64,ClassicImages,06-07,981107359,1778,42744
OF4,64,ClassicImages,06-08,1069799553,1709,40375
OF4,64,ClassicImages,06-10,1229164001,1659,32540
OF4,64,ClassicImages,07-10,1379641554,1506,35909
OF4,64,ClassicImages,08-02,836062287,2481,37734
OF4,64,ClassicImages,08-03,1169865343,2009,38259
OF4,64,ClassicImages,08-04,796288684,2895,42230
OF4,64,ClassicImages,08-05,992287931,2450,45132
OF4,64,ClassicImages,08-07,1087638737,1915,43567
OF4,64,ClassicImages,08-10,1353187399,2087,36627
OF4,64,ClassicImages,09-02,1930149399,1360,22702
OF4,64,ClassicImages,09-03,2337309207,2824,43899
OF4,64,ClassicImages,09-04,2230750153,1476,26572
OF4,64,ClassicImages,09-05,1876874387,1467,25106
OF4,64,ClassicImages,09-06,1605095518,1496,30164
OF4,64,ClassicImages,09-07,1724077375,2129,34718
OF4,64,ClassicImages,09-08,2562190115,1319,21671
OF4,64,ClassicImages,09-10,2614335580,1472,31272
OF4,64,GRFmoderate,01-02,1507986266,2275,29383
OF4,64,GRFmoderate,01-03,1078973876,1712,33452
OF4,64,GRFmoderate,01-04,1268747201,1587,37848
OF4,64,GRFmoderate,01-05,1559316877,1521,22893
OF4,64,GRFmoderate,01-06,2136973292,1440,22711
OF4,64,GRFmoderate,01-07,1452423125,2108,29331
OF4,64,GRFmoderate,01-08,1758601354,1492,25196
OF4,64,GRFmoderate,01-09,1424458507,1603,34740
OF4,64,GRFmoderate,01-10,1621826118,1653,46291
OF4,64,GRFmoderate,02-03,1414563783,2283,40507
OF4,64,GRFmoderate,02-04,2203122458,1526,33805
OF4,64,GRFmoderate,02-05,1844091193,2543,35040
OF4,64,GRFmoderate,02-07,1694367797,2153,35822
OF4,64,GRFmoderate,02-10,2669429490,1435,30135
OF4,64,GRFmoderate,03-07,1299362195,1591,38297
OF4,64,GRFmoderate,03-10,2128579957,1351,29542
OF4,64,GRFmoderate,04-03,1750776193,1386,23883
OF4,64,GRFmoderate,04-07,1466402664,1433,27520
OF4,64,GRFmoderate,04-10,1084949030,1691,36976
OF4,64,GRFmoderate,05-03,1162811491,1891,31823
OF4,64,GRFmoderate,05-04,1909829884,1530,31536
OF4,64,GRFmoderate,05-07,1036762954,3862,44509
OF4,64,GRFmoderate,05-10,1779056604,1443,36761
OF4,64,GRFmoderate,06-02,2160960689,1696,34829
OF4,64,GRFmoderate,06-03,1520615602,1502,30793
OF4,64,GRFmoderate,06-04,2309624437,1293,22351
OF4,64,GRFmoderate,06-05,803003806,1880,32082
OF4,64,GRFmoderate,06-07,1375340908,3169,40350
OF4,64,GRFmoderate,06-08,1355877066,1436,26204
OF4,64,GRFmoderate,06-10,1830170965,1768,38606
OF4,64,GRFmoderate,07-10,1339269661,1614,42347
OF4,64,GRFmoderate,08-02,1736991774,1480,27610
OF4,64,GRFmoderate,08-03,1141731329,1954,39912
OF4,64,GRFmoderate,08-04,1999657124,1885,43887
OF4,64,GRFmoderate,08-05,1174611435,1841,39360
OF4,64,GRFmoderate,08-07,1232702656,1575,31721
OF4,64,GRFmoderate,08-10,2366773088,1424,29247
OF4,64,GRFmoderate,09-02,1998243109,1852,23916
OF4,64,GRFmoderate,09-03,1501927864,1531,27693
OF4,64,GRFmoderate,09-04,1148494715,1570,38317
OF4,64,GRFmoderate,09-05,1163523838,2424,28191
OF4,64,GRFmoderate,09-06,1342038482,3648,33663
OF4,64,GRFmoderate,09-07,817565486,1897,28195
OF4,64,GRFmoderate,09-08,1692729654,1231,16175
OF4,64,GRFmoderate,09-10,943032317,1769,43209
OF4,64,GRFrough,01-02,382500238,2598,37692
OF4,64,GRFrough,01-03,552821680,2669,43347
OF4,64,GRFrough,01-04,630631826,1617,43672
OF4,64,GRFrough,01-05,386310551,3270,51216
OF4,64,GRFrough,01-06,415711933,3154,50451
OF4,64,GRFrough,01-07,586972888,1664,36995
OF4,64,GRFrough,01-08,379005060,2638,50125
OF4,64,GRFrough,01-09,407681987,2461,45387
OF4,64,GRFrough,01-10,447825173,5904,179706
OF4,64,GRFrough,02-03,460453555,1862,44123
OF4,64,GRFrough,02-04,568647914,2199,46803
OF4,64,GRFrough,02-05,472320858,2049,47497
OF4,64,GRFrough,02-07,432066409,1774,43952
OF4,64,GRFrough,02-10,595452814,3799,136742
OF4,64,GRFrough,03-07,390722700,4296,41570
OF4,64,GRFrough,03-10,614985066,4391,149658
OF4,64,GRFrough,04-03,505754316,1612,33058
OF4,64,GRFrough,04-07,467990223,1618,36021
OF4,64,GRFrough,04-10,636534420,3396,130352
OF4,64,GRFrough,05-03,579855768,2474,37526
OF4,64,GRFrough,05-04,619099809,2027,36288
OF4,64,GRFrough,05-07,631667883,1877,32380
OF4,64,GRFrough,05-10,389335710,5084,156174
OF4,64,GRFrough,06-02,502840992,2429,33504
OF4,64,GRFrough,06-03,597529933,2123,39630
OF4,64,GRFrough,06-04,628672872,1631,38028
OF4,64,GRFrough,06-05,322073244,2775,41230
OF4,64,GRFrough,06-07,746418509,1676,30465
OF4,64,GRFrough,06-08,500307676,2466,38920
OF4,64,GRFrough,06-10,345804971,5971,172582
OF4,64,GRFrough,07-10,653043007,3685,136675
OF4,64,GRFrough,08-02,553777142,1568,33044
OF4,64,GRFrough,08-03,638812857,2115,36804
OF4,64,GRFrough,08-04,625033311,1632,36087
OF4,64,GRFrough,08-05,435200786,2167,47286
OF4,64,GRFrough,08-07,588796264,2035,33762
OF4,64,GRFrough,08-10,447001705,5608,169300
OF4,64,GRFrough,09-02,449951104,2398,39013
OF4,64,GRFrough,09-03,625732739,1998,37565
OF4,64,GRFrough,09-04,638011787,1927,37185
OF4,64,GRFrough,09-05,263657888,2113,43375
OF4,64,GRFrough,09-06,321374890,2529,50444
OF4,64,GRFrough,09-07,671949804,1598,34000
OF4,64,GRFrough,09-08,455922680,2725,43416
OF4,64,GRFrough,09-10,395119750,5587,168918
OF4,64,GRFsmooth,01-02,3985928343,1379,29945
OF4,64,GRFsmooth,01-03,1590774080,1562,28712
OF4,64,GRFsmooth,01-04,4040553340,1391,27526
OF4,64,GRFsmooth,01-05,3977575437,1508,23908
OF4,64,GRFsmooth,01-06,1681325087,1652,41353
OF4,64,GRFsmooth,01-07,2192614025,1537,30411
OF4,64,GRFsmooth,01-08,2493646426,1644,33071
OF4,64,GRFsmooth,01-09,1791401129,1851,29859
OF4,64,GRFsmooth,01-10,3526564056,1363,18744
OF4,64,GRFsmooth,02-03,3206905866,1511,33684
OF4,64,GRFsmooth,02-04,2406279602,1754,30037
OF4,64,GRFsmooth,02-05,3317573241,1753,32971
OF4,64,GRFsmooth,02-07,4998618370,1512,28150
OF4,64,GRFsmooth,02-10,3408102301,1314,22202
OF4,64,GRFsmooth,03-07,2786667461,1489,30978
OF4,64,GRFsmooth,03-10,2668090958,1984,36142
OF4,64,GRFsmooth,04-03,3367602253,1598,29142
OF4,64,GRFsmooth,04-07,5095191132,1270,23151
OF4,64,GRFsmooth,04-10,3514980496,1534,30991
OF4,64,GRFsmooth,05-03,3652875983,1293,23266
OF4,64,GRFsmooth,05-04,2715552062,1310,24444
OF4,64,GRFsmooth,05-07,2949880511,1726,29570
OF4,64,GRFsmooth,05-10,2172178393,3299,39376
OF4,64,GRFsmooth,06-02,3502184494,1273,19467
OF4,64,GRFsmooth,06-03,1953521521,1877,27423
OF4,64,GRFsmooth,06-04,3579113357,1298,25809
OF4,64,GRFsmooth,06-05,3146345385,1497,35153
OF4,64,GRFsmooth,06-07,1882264922,2104,36901
OF4,64,GRFsmooth,06-08,1863073647,1717,30021
OF4,64,GRFsmooth,06-10,2546835602,1409,22893
OF4,64,GRFsmooth,07-10,2021249316,1441,35184
OF4,64,GRFsmooth,08-02,3590955417,1336,22556
OF4,64,GRFsmooth,08-03,1454494780,1652,24023
OF4,64,GRFsmooth,08-04,3783095006,3337,40543
OF4,64,GRFsmooth,08-05,3839108228,1988,31509
OF4,64,GRFsmooth,08-07,2765283184,1512,31957
OF4,64,GRFsmooth,08-10,2041857998,1783,32939
OF4,64,GRFsmooth,09-02,3433274724,1372,25147
OF4,64,GRFsmooth,09-03,1094270959,1610,21117
OF4,64,GRFsmooth,09-04,3584935484,1625,35561
OF4,64,GRFsmooth,09-05,4056096831,1843,32714
OF4,64,GRFsmooth,09-06,1810738411,1562,39489
OF4,64,GRFsmooth,09-07,3109613521,1486,32520
OF4,64,GRFsmooth,09-08,1748171246,1869,35309
OF4,64,GRFsmooth,09-10,3028570471,1356,20814
OF4,64,LogGRF,01-02,4307523537,2271,40701
OF4,64,LogGRF,01-03,4534117948,1659,41065
OF4,64,LogGRF,01-04,5727589096,1548,40254
OF4,64,LogGRF,01-05,4848571816,1637,38414
OF4,64,LogGRF,01-06,4854172837,1707,43776
OF4,64,LogGRF,01-07,2831950621,2047,48321
OF4,64,LogGRF,01-08,3023363939,1647,40882
OF4,64,LogGRF,01-09,4448966107,3406,55033
OF4,64,LogGRF,01-10,4218707725,1852,43480
OF4,64,LogGRF,02-03,4845768064,1589,36385
OF4,64,LogGRF,02-04,7087108499,1501,34493
OF4,64,LogGRF,02-05,5828071710,1637,48474
OF4,64,LogGRF,02-07,3625088371,1680,37560
OF4,64,LogGRF,02-10,5533566558,2448,51509
OF4,64,LogGRF,03-07,2437527580,1642,39445
OF4,64,LogGRF,03-10,2329384361,3016,41883
OF4,64,LogGRF,04-03,4357249903,1922,46361
OF4,64,LogGRF,04-07,4853745863,1712,35626
OF4,64,LogGRF,04-10,5143269892,1850,46696
OF4,64,LogGRF,05-03,2872198987,2690,53689
OF4,64,LogGRF,05-04,2946262115,2582,51579
OF4,64,LogGRF,05-07,3435706499,2249,43518
OF4,64,LogGRF,05-10,3277758926,2129,47085
OF4,64,LogGRF,06-02,5295897191,1573,34351
OF4,64,LogGRF,06-03,1757933971,1825,43410
OF4,64,LogGRF,06-04,3262687970,2691,50690
OF4,64,LogGRF,06-05,2096040176,2288,54387
OF4,64,LogGRF,06-07,2792735334,1474,31864
OF4,64,LogGRF,06-08,2564906123,2706,42254
OF4,64,LogGRF,06-10,2470359663,2491,45065
OF4,64,LogGRF,07-10,3241868467,2152,46884
OF4,64,LogGRF,08-02,5922545778,1775,37604
OF4,64,LogGRF,08-03,3270023031,2080,45258
OF4,64,LogGRF,08-04,3702611666,1774,50441
OF4,64,LogGRF,08-05,2897197693,1946,62174
OF4,64,LogGRF,08-07,3226089064,1746,42631
OF4,64,LogGRF,08-10,3511864596,1572,41547
OF4,64,LogGRF,09-02,3541242887,1512,35594
OF4,64,LogGRF,09-03,3057742990,4056,52782
OF4,64,LogGRF,09-04,5283345027,1509,33360
OF4,64,LogGRF,09-05,4278280328,1773,42241
OF4,64,LogGRF,09-06,3099864747,2116,42502
OF4,64,LogGRF,09-07,2898148260,3656,57239
OF4,64,LogGRF,09-08,4617403852,2123,40492
OF4,64,LogGRF,09-10,4573992864,2708,42804
OF4,64,LogitGRF,01-02,1518347984,2395,48655
OF4,64,LogitGRF,01-03,2657765139,2272,47829
OF4,64,LogitGRF,01-04,3140252343,1606,36041
OF4,64,LogitGRF,01-05,1468536619,2666,46305
OF4,64,LogitGRF,01-06,1596973601,2690,46843
OF4,64,LogitGRF,01-07,3699254066,1777,47721
OF4,64,LogitGRF,01-08,1980420468,2399,45632
OF4,64,LogitGRF,01-09,2021390572,2236,45286
OF4,64,LogitGRF,01-10,2593031836,1718,42356
OF4,64,LogitGRF,02-03,2717164281,1708,42752
OF4,64,LogitGRF,02-04,2844251840,1488,36776
OF4,64,LogitGRF,02-05,1925002278,2067,40171
OF4,64,LogitGRF,02-07,3453739046,1951,43606
OF4,64,LogitGRF,02-10,2563169931,1863,37860
OF4,64,LogitGRF,03-07,1782699114,3156,52880
OF4,64,LogitGRF,03-10,1132528112,3006,40618
OF4,64,LogitGRF,04-03,1986148775,4583,64688
OF4,64,LogitGRF,04-07,1955616468,1809,48466
OF4,64,LogitGRF,04-10,1270187612,2027,53807
OF4,64,LogitGRF,05-03,2465195903,2264,53039
OF4,64,LogitGRF,05-04,2437789811,2966,53138
OF4,64,LogitGRF,05-07,3001850528,1720,48940
OF4,64,LogitGRF,05-10,2075524230,1842,43877
OF4,64,LogitGRF,06-02,1733047197,1995,51904
OF4,64,LogitGRF,06-03,2706484876,1997,53674
OF4,64,LogitGRF,06-04,3010793702,1798,38314
OF4,64,LogitGRF,06-05,1687021517,2303,49793
OF4,64,LogitGRF,06-07,3473686899,1930,47217
OF4,64,LogitGRF,06-08,1965280525,2233,44161
OF4,64,LogitGRF,06-10,2404635024,1912,43222
OF4,64,LogitGRF,07-10,1621237701,1597,34059
OF4,64,LogitGRF,08-02,2177928226,2380,55383
OF4,64,LogitGRF,08-03,3113805704,1809,46999
OF4,64,LogitGRF,08-04,2114415784,1816,45365
OF4,64,LogitGRF,08-05,1663214512,2785,53638
OF4,64,LogitGRF,08-07,3406596892,1693,40953
OF4,64,LogitGRF,08-10,2353891876,2544,49183
OF4,64,LogitGRF,09-02,2159049040,1964,50269
OF4,64,LogitGRF,09-03,1521175906,2220,56740
OF4,64,LogitGRF,09-04,1597297023,1650,42472
OF4,64,LogitGRF,09-05,1676188725,2090,45593
OF4,64,LogitGRF,09-06,2206257489,2683,49821
OF4,64,LogitGRF,09-07,2096903370,1908,51507
OF4,64,LogitGRF,09-08,2100432880,1968,35038
OF4,64,LogitGRF,09-10,1171909811,2457,45071
OF4,64,MicroscopyImages,01-02,1733645127,156,14783
OF4,64,MicroscopyImages,01-03,2757171967,67,8696
OF4,64,MicroscopyImages,01-04,2757431011,148,13373
OF4,64,MicroscopyImages,01-05,5703247133,62,8932
OF4,64,MicroscopyImages,01-06,4948822092,117,12591
OF4,64,MicroscopyImages,01-07,2595871882,119,12253
OF4,64,MicroscopyImages,01-08,2988776246,213,17707
OF4,64,MicroscopyImages,01-09,7506608616,92,11835
OF4,64,MicroscopyImages,01-10,6049385483,203,17788
OF4,64,MicroscopyImages,02-03,1917785595,169,14343
OF4,64,MicroscopyImages,02-04,2486516961,399,24295
OF4,64,MicroscopyImages,02-05,4477437193,159,13794
OF4,64,MicroscopyImages,02-07,2087193819,293,20997
OF4,64,MicroscopyImages,02-10,4821780719,450,26551
OF4,64,MicroscopyImages,03-07,1868829172,143,14305
OF4,64,MicroscopyImages,03-10,3668944174,233,18249
OF4,64,MicroscopyImages,04-03,1911679888,197,17121
OF4,64,MicroscopyImages,04-07,2853647749,265,18892
OF4,64,MicroscopyImages,04-10,3542022176,445,24202
OF4,64,MicroscopyImages,05-03,3191637276,82,10074
OF4,64,MicroscopyImages,05-04,3228858910,178,14374
OF4,64,MicroscopyImages,05-07,4107903056,119,12006
OF4,64,MicroscopyImages,05-10,2203521999,227,19500
OF4,64,MicroscopyImages,06-02,4394463422,283,19327
OF4,64,MicroscopyImages,06-03,3799080165,125,13027
OF4,64,MicroscopyImages,06-04,2808335812,302,19037
OF4,64,MicroscopyImages,06-05,2221785135,140,13914
OF4,64,MicroscopyImages,06-07,4364623140,210,17809
OF4,64,MicroscopyImages,06-08,4866224296,391,22838
OF4,64,MicroscopyImages,06-10,2102746436,363,22001
OF4,64,MicroscopyImages,07-10,4465894893,356,23625
OF4,64,MicroscopyImages,08-02,2303466271,441,22694
OF4,64,MicroscopyImages,08-03,1956650836,255,19971
OF4,64,MicroscopyImages,08-04,3509714278,462,21725
OF4,64,MicroscopyImages,08-05,3753269225,211,16333
OF4,64,MicroscopyImages,08-07,1260501673,394,25200
OF4,64,MicroscopyImages,08-10,4394372431,526,24434
OF4,64,MicroscopyImages,09-02,6250857641,201,14317
OF4,64,MicroscopyImages,09-03,5003688310,89,10633
OF4,64,MicroscopyImages,09-04,4958714226,224,15693
OF4,64,MicroscopyImages,09-05,3199153190,87,9902
OF4,64,MicroscopyImages,09-06,3445981708,161,14430
OF4,64,MicroscopyImages,09-07,5763254134,139,13179
OF4,64,MicroscopyImages,09-08,5011677149,238,15067
OF4,64,MicroscopyImages,09-10,1672023866,301,21026
OF4,64,Shapes,01-02,3278080000,376,16396
OF4,64,Shapes,01-03,654400000,612,42656
OF4,64,Shapes,01-04,2054445587,557,21351
OF4,64,Shapes,01-05,1875530339,450,18966
OF4,64,Shapes,01-06,4371200000,472,27011
OF4,64,Shapes,01-07,3270559902,779,29998
OF4,64,Shapes,01-08,2278157737,329,19456
OF4,64,Shapes,01-09,1493600000,631,39400
OF4,64,Shapes,01-10,966932009,685,27090
OF4,64,Shapes,02-03,3292160000,183,11113
OF4,64,Shapes,02-04,1224658413,189,9071
OF4,64,Shapes,02-05,4195408844,192,13757
OF4,64,Shapes,02-07,3254290741,275,17914
OF4,64,Shapes,02-10,3656388946,208,12859
OF4,64,Shapes,03-07,3309460750,373,22641
OF4,64,Shapes,03-10,1164576747,305,19041
OF4,64,Shapes,04-03,2179676369,332,18753
OF4,64,Shapes,04-07,3156823219,397,20409
OF4,64,Shapes,04-10,2436135155,344,20599
OF4,64,Shapes,05-03,1947073068,242,14720
OF4,64,Shapes,05-04,2971774431,261,12878
OF4,64,Shapes,05-07,3535802246,347,21473
OF4,64,Shapes,05-10,1911451410,333,15749
OF4,64,Shapes,06-02,4549120000,242,17986
OF4,64,Shapes,06-03,4388000000,302,19267
OF4,64,Shapes,06-04,4389957854,349,20969
OF4,64,Shapes,06-05,4404159756,275,21178
OF4,64,Shapes,06-07,7540997157,400,29120
OF4,64,Shapes,06-08,4491116348,181,15740
OF4,64,Shapes,06-10,4386621352,317,21407
OF4,64,Shapes,07-10,3458630719,366,19591
OF4,64,Shapes,08-02,1618063033,134,9611
OF4,64,Shapes,08-03,2353218309,174,13294
OF4,64,Shapes,08-04,1002862764,204,11631
OF4,64,Shapes,08-05,2715276818,145,9274
OF4,64,Shapes,08-07,3210469162,235,17687
OF4,64,Shapes,08-10,2742487890,221,15103
OF4,64,Shapes,09-02,3401248000,254,17664
OF4,64,Shapes,09-03,1666400000,397,31905
OF4,64,Shapes,09-04,2785617477,336,17379
OF4,64,Shapes,09-05,2454622735,325,21836
OF4,64,Shapes,09-06,4410200000,346,18521
OF4,64,Shapes,09-07,3560132975,387,23454
OF4,64,Shapes,09-08,2871274611,189,14580
OF4,64,Shapes,09-10,1910043222,313,17399
OF4,64,WhiteNoise,01-02,215578689,3509,51584
OF4,64,WhiteNoise,01-03,217610828,2534,49183
OF4,64,WhiteNoise,01-04,239225422,2345,50512
OF4,64,WhiteNoise,01-05,242516595,2349,46403
OF4,64,WhiteNoise,01-06,226655938,3400,53394
OF4,64,WhiteNoise,01-07,308896950,2096,46204
OF4,64,WhiteNoise,01-08,273783728,2057,46579
OF4,64,WhiteNoise,01-09,257288816,1911,46756
OF4,64,WhiteNoise,01-10,265928936,2747,44479
OF4,64,WhiteNoise,02-03,252595459,2158,48257
OF4,64,WhiteNoise,02-04,265804029,2237,46075
OF4,64,WhiteNoise,02-05,240488406,2181,45869
OF4,64,WhiteNoise,02-07,295007283,1885,43612
OF4,64,WhiteNoise,02-10,271345977,2345,44484
OF4,64,WhiteNoise,03-07,330917801,3221,52765
OF4,64,WhiteNoise,03-10,289266463,2480,48901
OF4,64,WhiteNoise,04-03,226665859,2245,49058
OF4,64,WhiteNoise,04-07,298813368,3121,50317
OF4,64,WhiteNoise,04-10,255482346,4041,54899
OF4,64,WhiteNoise,05-03,236921903,2239,52830
OF4,64,WhiteNoise,05-04,240121533,2244,51188
OF4,64,WhiteNoise,05-07,249535614,2357,48831
OF4,64,WhiteNoise,05-10,222238326,2659,44897
OF4,64,WhiteNoise,06-02,215603487,3176,51828
OF4,64,WhiteNoise,06-03,252469265,2215,51829
OF4,64,WhiteNoise,06-04,239384260,2576,50176
OF4,64,WhiteNoise,06-05,226523492,2182,46515
OF4,64,WhiteNoise,06-07,237824801,2318,46467
OF4,64,WhiteNoise,06-08,227112065,2726,49561
OF4,64,WhiteNoise,06-10,243666637,2280,45964
OF4,64,WhiteNoise,07-10,230105990,2438,45958
OF4,64,WhiteNoise,08-02,289286758,3207,57927
OF4,64,WhiteNoise,08-03,273467343,3066,53707
OF4,64,WhiteNoise,08-04,229510337,3030,56445
OF4,64,WhiteNoise,08-05,258269825,3333,48496
OF4,64,WhiteNoise,08-07,244219840,2828,52280
OF4,64,WhiteNoise,08-10,235587716,4010,51593
OF4,64,WhiteNoise,09-02,284737068,3448,55765
OF4,64,WhiteNoise,09-03,259303153,4109,50123
OF4,64,WhiteNoise,09-04,217722066,2756,48884
OF4,64,WhiteNoise,09-05,260941497,3626,52828
OF4,64,WhiteNoise,09-06,237143069,3601,59970
OF4,64,WhiteNoise,09-07,276410438,3028,49836
OF4,64,WhiteNoise,09-08,223299765,1853,46605
OF4,64,WhiteNoise,09-10,257955295,4203,50409
OF4,128,CauchyDensity,01-06,62811621103,166421,378954
OF4,128,CauchyDensity,01-10,61266645531,63575,254886
OF4,128,CauchyDensity,02-01,28660975511,57688,413017
OF4,128,CauchyDensity,02-04,44316490693,33267,142783
OF4,128,CauchyDensity,02-06,57355990014,37300,166168
OF4,128,CauchyDensity,02-10,55349635994,31432,112825
OF4,128,CauchyDensity,03-01,64055352434,65531,516143
OF4,128,CauchyDensity,03-02,53959348305,48406,291724
OF4,128,CauchyDensity,03-04,18163042634,51239,166839
OF4,128,CauchyDensity,03-06,15033593967,63624,188828
OF4,128,CauchyDensity,03-07,15132082060,60817,182592
OF4,128,CauchyDensity,03-08,24352557318,40037,183482
OF4,128,CauchyDensity,03-09,22888454670,33825,175216
OF4,128,CauchyDensity,03-10,37978782456,33255,153473
OF4,128,CauchyDensity,04-01,50351630064,54329,506798
OF4,128,CauchyDensity,04-06,18036550197,98107,132335
OF4,128,CauchyDensity,04-10,37063830698,24637,126739
OF4,128,CauchyDensity,05-01,44967711710,48420,437897
OF4,128,CauchyDensity,05-02,37667718690,57672,402561
OF4,128,CauchyDensity,05-03,28123481248,34453,154456
OF4,128,CauchyDensity,05-04,20087344173,29978,125143
OF4,128,CauchyDensity,05-06,26171559769,20567,40496
OF4,128,CauchyDensity,05-07,16309766883,26803,78415
OF4,128,CauchyDensity,05-08,9702329292,23882,116356
OF4,128,CauchyDensity,05-09,21322948015,23284,82192
OF4,128,CauchyDensity,05-10,36473670483,25223,130139
OF4,128,CauchyDensity,07-01,52771800118,52657,431655
OF4,128,CauchyDensity,07-02,47216765596,44565,380503
OF4,128,CauchyDensity,07-04,12493486703,257876,302026
OF4,128,CauchyDensity,07-06,11294687699,24355,80635
OF4,128,CauchyDensity,07-10,35131081672,22134,92606
OF4,128,CauchyDensity,08-01,45002347121,68182,508966
OF4,128,CauchyDensity,08-02,41450015983,52574,413028
OF4,128,CauchyDensity,08-04,15959881331,54429,171487
OF4,128,CauchyDensity,08-06,20988526569,22762,77529
OF4,128,CauchyDensity,08-07,9871700525,26808,86703
OF4,128,CauchyDensity,08-10,28500158402,23197,111452
OF4,128,CauchyDensity,09-01,55300584129,49962,381191
OF4,128,CauchyDensity,09-02,53461498111,49193,351627
OF4,128,CauchyDensity,09-04,16427477087,49057,257208
OF4,128,CauchyDensity,09-06,12234868046,24490,101683
OF4,128,CauchyDensity,09-07,12183241863,26719,142026
OF4,128,CauchyDensity,09-08,17149399893,22787,92450
OF4,128,CauchyDensity,09-10,45091382242,21935,81065
OF4,128,CauchyDensity,10-06,42650796868,22850,72212
OF4,128,ClassicImages,01-06,16404759797,26535,123998
OF4,128,ClassicImages,01-10,17046832322,35723,183053
OF4,128,ClassicImages,02-01,11223055906,35401,208698
OF4,128,ClassicImages,02-04,5065179556,76267,272833
OF4,128,ClassicImages,02-06,6197216699,94328,165854
OF4,128,ClassicImages,02-10,10129292033,82054,184402
OF4,128,ClassicImages,03-01,11975448898,34630,229238
OF4,128,ClassicImages,03-02,9353301615,33056,195467
OF4,128,ClassicImages,03-04,7639899523,54203,202256
OF4,128,ClassicImages,03-06,10036954573,44952,166220
OF4,128,ClassicImages,03-07,11734381733,50542,239482
OF4,128,ClassicImages,03-08,9362466970,45216,204475
OF4,128,ClassicImages,03-09,18703628011,45314,170694
OF4,128,ClassicImages,03-10,14759265730,48367,167516
OF4,128,ClassicImages,04-01,9435550865,44247,230716
OF4,128,ClassicImages,04-06,9696247620,46534,125099
OF4,128,ClassicImages,04-10,13382388789,44643,163552
OF4,128,ClassicImages,05-01,11027574486,33737,197968
OF4,128,ClassicImages,05-02,5228018954,32817,122937
OF4,128,ClassicImages,05-03,9237849109,31788,155434
OF4,128,ClassicImages,05-04,6465306604,93627,220308
OF4,128,ClassicImages,05-06,8286569645,29310,105441
OF4,128,ClassicImages,05-07,6076145775,116620,217593
OF4,128,ClassicImages,05-08,7945862741,130397,261362
OF4,128,ClassicImages,05-09,15019611649,27700,135244
OF4,128,ClassicImages,05-10,12861686671,28666,165074
OF4,128,ClassicImages,07-01,13610092040,40541,225516
OF4,128,ClassicImages,07-02,5835927482,244045,238656
OF4,128,ClassicImages,07-04,8647734375,79634,262195
OF4,128,ClassicImages,07-06,7849507135,27314,119630
OF4,128,ClassicImages,07-10,11041875769,34375,185276
OF4,128,ClassicImages,08-01,11048994496,67047,234700
OF4,128,ClassicImages,08-02,6691314366,68742,209284
OF4,128,ClassicImages,08-04,6375169135,67514,241424
OF4,128,ClassicImages,08-06,8560254120,57001,224168
OF4,128,ClassicImages,08-07,8705327449,63934,251697
OF4,128,ClassicImages,08-10,10831355972,85636,220756
OF4,128,ClassicImages,09-01,20736892942,28297,142241
OF4,128,ClassicImages,09-02,15443269338,25945,117598
OF4,128,ClassicImages,09-04,17849878451,39393,163478
OF4,128,ClassicImages,09-06,12844273013,29702,168532
OF4,128,ClassicImages,09-07,13795083753,55354,193256
OF4,128,ClassicImages,09-08,20500218062,25060,116273
OF4,128,ClassicImages,09-10,20919424492,27997,161198
OF4,128,ClassicImages,10-06,9838172435,38399,211505
OF4,128,GRFmoderate,01-06,15707941355,34899,142330
OF4,128,GRFmoderate,01-10,12106531931,32124,74171
OF4,128,GRFmoderate,02-01,15090234508,43169,221218
OF4,128,GRFmoderate,02-04,11459464068,38924,197626
OF4,128,GRFmoderate,02-06,17281989049,31889,126745
OF4,128,GRFmoderate,02-10,6444883084,111809,235159
OF4,128,GRFmoderate,03-01,15754507199,30102,186106
OF4,128,GRFmoderate,03-02,10864740438,29647,179041
OF4,128,GRFmoderate,03-04,8216094935,170845,252585
OF4,128,GRFmoderate,03-06,10768732919,35333,167826
OF4,128,GRFmoderate,03-07,11755401430,51066,233060
OF4,128,GRFmoderate,03-08,9994848911,38856,226356
OF4,128,GRFmoderate,03-09,10177667877,33000,236048
OF4,128,GRFmoderate,03-10,9998254792,35605,189958
OF4,128,GRFmoderate,04-01,11732691356,34229,224941
OF4,128,GRFmoderate,04-06,11384239363,39158,138675
OF4,128,GRFmoderate,04-10,8300031251,32173,144992
OF4,128,GRFmoderate,05-01,16257322335,37125,173412
OF4,128,GRFmoderate,05-02,8870402950,61383,226236
OF4,128,GRFmoderate,05-03,9309768288,41265,175363
OF4,128,GRFmoderate,05-04,11190428667,46964,205045
OF4,128,GRFmoderate,05-06,14397655626,35267,163156
OF4,128,GRFmoderate,05-07,13065265364,44182,210450
OF4,128,GRFmoderate,05-08,10494477304,52736,216221
OF4,128,GRFmoderate,05-09,12029495255,33735,188784
OF4,128,GRFmoderate,05-10,9179999813,30014,192010
OF4,128,GRFmoderate,07-01,4517907258,160601,277508
OF4,128,GRFmoderate,07-02,12143242131,56012,139181
OF4,128,GRFmoderate,07-04,8584912215,45852,139584
OF4,128,GRFmoderate,07-06,14053678089,29294,143666
OF4,128,GRFmoderate,07-10,8664257346,26416,101027
OF4,128,GRFmoderate,08-01,9720259473,43752,202346
OF4,128,GRFmoderate,08-02,13348457858,33221,178580
OF4,128,GRFmoderate,08-04,9350414450,169842,233105
OF4,128,GRFmoderate,08-06,9155942428,58971,197750
OF4,128,GRFmoderate,08-07,8462916973,28364,157063
OF4,128,GRFmoderate,08-10,11389279030,84873,158511
OF4,128,GRFmoderate,09-01,11772804955,41086,182146
OF4,128,GRFmoderate,09-02,15608008594,33817,210635
OF4,128,GRFmoderate,09-04,11427188943,58888,210901
OF4,128,GRFmoderate,09-06,7787570697,60647,222322
OF4,128,GRFmoderate,09-07,11387155970,43246,172741
OF4,128,GRFmoderate,09-08,5776808464,67499,209421
OF4,128,GRFmoderate,09-10,14277384430,56695,222372
OF4,128,GRFmoderate,10-06,15156007840,24333,125943
OF4,128,GRFrough,01-06,4006400526,109644,254924
OF4,128,GRFrough,01-10,5851144524,64155,220908
OF4,128,GRFrough,02-01,2733295233,112293,217420
OF4,128,GRFrough,02-04,4695765446,98542,229720
OF4,128,GRFrough,02-06,3947954366,91832,236868
OF4,128,GRFrough,02-10,5914392642,49577,210811
OF4,128,GRFrough,03-01,4239595982,55452,139793
OF4,128,GRFrough,03-02,4212777891,31970,129045
OF4,128,GRFrough,03-04,2292351642,126876,248966
OF4,128,GRFrough,03-06,2623585589,122267,205195
OF4,128,GRFrough,03-07,2111139159,80443,244612
OF4,128,GRFrough,03-08,4320480651,84763,741573
OF4,128,GRFrough,03-09,3169445415,46761,158768
OF4,128,GRFrough,03-10,3708293359,109108,221261
OF4,128,GRFrough,04-01,4578397646,76565,159295
OF4,128,GRFrough,04-06,3457911092,59913,193408
OF4,128,GRFrough,04-10,3745323714,125808,206366
OF4,128,GRFrough,05-01,4252509529,87162,165623
OF4,128,GRFrough,05-02,4289566121,54444,160190
OF4,128,GRFrough,05-03,2058457182,58221,214422
OF4,128,GRFrough,05-04,2605285327,66203,224101
OF4,128,GRFrough,05-06,3084023297,141981,265326
OF4,128,GRFrough,05-07,2385587845,78569,227057
OF4,128,GRFrough,05-08,4743267150,88595,732667
OF4,128,GRFrough,05-09,3603202103,57726,176802
OF4,128,GRFrough,05-10,4065635529,60879,187575
OF4,128,GRFrough,07-01,4810711086,27851,117888
OF4,128,GRFrough,07-02,5052394307,40101,113258
OF4,128,GRFrough,07-04,2883326447,54573,221792
OF4,128,GRFrough,07-06,2781273468,71599,165393
OF4,128,GRFrough,07-10,4279469942,90267,206824
OF4,128,GRFrough,08-01,4055757825,112131,1032492
OF4,128,GRFrough,08-02,3671009549,123095,1058271
OF4,128,GRFrough,08-04,5407548490,85676,669292
OF4,128,GRFrough,08-06,3709484648,120670,973238
OF4,128,GRFrough,08-07,3829515829,85425,824081
OF4,128,GRFrough,08-10,6172844491,76028,616868
OF4,128,GRFrough,09-01,3178191280,63224,207484
OF4,128,GRFrough,09-02,3215516004,90560,192028
OF4,128,GRFrough,09-04,4206128713,64213,233988
OF4,128,GRFrough,09-06,2733135578,84185,231655
OF4,128,GRFrough,09-07,3638346128,48918,241344
OF4,128,GRFrough,09-08,3566725407,111082,930411
OF4,128,GRFrough,09-10,3859846788,111458,257385
OF4,128,GRFrough,10-06,3877896938,93875,257257
OF4,128,GRFsmooth,01-06,51774422924,21098,106976
OF4,128,GRFsmooth,01-10,30247428389,23588,118041
OF4,128,GRFsmooth,02-01,31967957533,32017,170759
OF4,128,GRFsmooth,02-04,16869670813,114944,243973
OF4,128,GRFsmooth,02-06,29614150623,47607,227706
OF4,128,GRFsmooth,02-10,9413518522,61388,206080
OF4,128,GRFsmooth,03-01,35607228352,28133,147786
OF4,128,GRFsmooth,03-02,23936783060,24859,85959
OF4,128,GRFsmooth,03-04,36055559264,25933,74474
OF4,128,GRFsmooth,03-06,20677827340,27561,152658
OF4,128,GRFsmooth,03-07,26103491136,22396,44816
OF4,128,GRFsmooth,03-08,18334004309,25166,130528
OF4,128,GRFsmooth,03-09,21222225538,39739,146447
OF4,128,GRFsmooth,03-10,25992770880,24169,95637
OF4,128,GRFsmooth,04-01,34617033564,26468,134089
OF4,128,GRFsmooth,04-06,24155230587,29849,183834
OF4,128,GRFsmooth,04-10,18073050738,37709,252055
OF4,128,GRFsmooth,05-01,28470885396,23297,89558
OF4,128,GRFsmooth,05-02,17847492366,31585,172486
OF4,128,GRFsmooth,05-03,12529109083,41954,219353
OF4,128,GRFsmooth,05-04,27454981313,25909,92098
OF4,128,GRFsmooth,05-06,24605588530,44138,238975
OF4,128,GRFsmooth,05-07,17926242280,27452,100742
OF4,128,GRFsmooth,05-08,13084271895,37696,178522
OF4,128,GRFsmooth,05-09,20724453393,39111,170368
OF4,128,GRFsmooth,05-10,17684158210,29385,126685
OF4,128,GRFsmooth,07-01,33796588844,28747,112338
OF4,128,GRFsmooth,07-02,13790254742,28543,146874
OF4,128,GRFsmooth,07-04,13756639931,42188,106162
OF4,128,GRFsmooth,07-06,21574578174,29369,154804
OF4,128,GRFsmooth,07-10,16008893881,48150,209416
OF4,128,GRFsmooth,08-01,22499035346,33390,154096
OF4,128,GRFsmooth,08-02,17246414727,27457,127141
OF4,128,GRFsmooth,08-04,21799123830,26727,115510
OF4,128,GRFsmooth,08-06,33524250617,26124,107334
OF4,128,GRFsmooth,08-07,18864142377,25080,87660
OF4,128,GRFsmooth,08-10,15495280746,27639,135016
OF4,128,GRFsmooth,09-01,33118107166,44007,256578
OF4,128,GRFsmooth,09-02,19620724566,28911,128274
OF4,128,GRFsmooth,09-04,28575325600,70148,186235
OF4,128,GRFsmooth,09-06,35609267550,68045,210405
OF4,128,GRFsmooth,09-07,24921524589,35250,151825
OF4,128,GRFsmooth,09-08,16365547995,208451,217503
OF4,128,GRFsmooth,09-10,16499009197,31748,146620
OF4,128,GRFsmooth,10-06,32115787299,30785,184947
OF4,128,LogGRF,01-06,22725796762,100594,317502
OF4,128,LogGRF,01-10,51024523073,54590,376820
OF4,128,LogGRF,02-01,49579110861,36456,188800
OF4,128,LogGRF,02-04,77355470841,38498,266452
OF4,128,LogGRF,02-06,61790258512,27538,124821
OF4,128,LogGRF,02-10,89744026283,37475,179813
OF4,128,LogGRF,03-01,30040288139,36629,171417
OF4,128,LogGRF,03-02,72061178203,43048,339670
OF4,128,LogGRF,03-04,47080606536,38331,225066
OF4,128,LogGRF,03-06,26100500671,57848,196956
OF4,128,LogGRF,03-07,54437191599,81211,302928
OF4,128,LogGRF,03-08,44616386558,48866,252048
OF4,128,LogGRF,03-09,51294917839,52733,300994
OF4,128,LogGRF,03-10,59701544356,42365,131180
OF4,128,LogGRF,04-01,56815577011,41499,229205
OF4,128,LogGRF,04-06,51858014975,32929,214126
OF4,128,LogGRF,04-10,83342260614,38483,222007
OF4,128,LogGRF,05-01,35348800482,41268,181666
OF4,128,LogGRF,05-02,64822178140,35428,268108
OF4,128,LogGRF,05-03,21261574097,46544,214264
OF4,128,LogGRF,05-04,42270197308,37059,334918
OF4,128,LogGRF,05-06,37053087768,55723,225835
OF4,128,LogGRF,05-07,43393000793,70810,324540
OF4,128,LogGRF,05-08,34231078897,31877,157511
OF4,128,LogGRF,05-09,56541832597,34035,159828
OF4,128,LogGRF,05-10,69487613839,77126,311315
OF4,128,LogGRF,07-01,36892637459,37732,253604
OF4,128,LogGRF,07-02,45113876892,28774,131338
OF4,128,LogGRF,07-04,33503246803,53778,293294
OF4,128,LogGRF,07-06,50340753406,28120,156914
OF4,128,LogGRF,07-10,78302323462,29839,212942
OF4,128,LogGRF,08-01,21713479386,29342,200430
OF4,128,LogGRF,08-02,37044643235,36500,219943
OF4,128,LogGRF,08-04,56324343834,46069,400910
OF4,128,LogGRF,08-06,39076211212,34672,192000
OF4,128,LogGRF,08-07,27326287463,31495,230211
OF4,128,LogGRF,08-10,70383053877,35455,249871
OF4,128,LogGRF,09-01,31436512871,45136,315742
OF4,128,LogGRF,09-02,28466944772,34393,228884
OF4,128,LogGRF,09-04,69350496022,36079,292190
OF4,128,LogGRF,09-06,34977401101,34638,285005
OF4,128,LogGRF,09-07,36681167192,31997,231173
OF4,128,LogGRF,09-08,26827590438,46297,315522
OF4,128,LogGRF,09-10,62771651606,36416,208996
OF4,128,LogGRF,10-06,37142740972,35481,254190
OF4,128,LogitGRF,01-06,14599264172,50219,262796
OF4,128,LogitGRF,01-10,23318381385,51911,210330
OF4,128,LogitGRF,02-01,24675674023,64237,258487
OF4,128,LogitGRF,02-04,16971878588,44937,258996
OF4,128,LogitGRF,02-06,21327624095,51517,283545
OF4,128,LogitGRF,02-10,19119702992,58352,267303
OF4,128,LogitGRF,03-01,13576299652,65737,277627
OF4,128,LogitGRF,03-02,18245887621,59427,177627
OF4,128,LogitGRF,03-04,14236083369,90885,290939
OF4,128,LogitGRF,03-06,11725377381,127369,272535
OF4,128,LogitGRF,03-07,15094701044,39978,241001
OF4,128,LogitGRF,03-08,23236973958,32591,162917
OF4,128,LogitGRF,03-09,17989507000,101914,283678
OF4,128,LogitGRF,03-10,14230037389,47303,214172
OF4,128,LogitGRF,04-01,16882054881,106583,312161
OF4,128,LogitGRF,04-06,15114132250,44509,229216
OF4,128,LogitGRF,04-10,17649381873,71635,259668
OF4,128,LogitGRF,05-01,11516044922,48111,325584
OF4,128,LogitGRF,05-02,17178376287,38930,232381
OF4,128,LogitGRF,05-03,12802960935,65995,241711
OF4,128,LogitGRF,05-04,16110190425,68363,240856
OF4,128,LogitGRF,05-06,14855507386,37327,210503
OF4,128,LogitGRF,05-07,24323967739,46592,213854
OF4,128,LogitGRF,05-08,31770646896,30372,192892
OF4,128,LogitGRF,05-09,21428532601,86680,267910
OF4,128,LogitGRF,05-10,22579392334,60740,223881
OF4,128,LogitGRF,07-01,22601561613,38809,249977
OF4,128,LogitGRF,07-02,23600865671,52153,182351
OF4,128,LogitGRF,07-04,18502419344,43781,237852
OF4,128,LogitGRF,07-06,18983139811,56668,257013
OF4,128,LogitGRF,07-10,11527692434,102177,257983
OF4,128,LogitGRF,08-01,29453674526,43232,204529
OF4,128,LogitGRF,08-02,19781197224,42348,184624
OF4,128,LogitGRF,08-04,20198857376,130416,238766
OF4,128,LogitGRF,08-06,24744168704,33950,186442
OF4,128,LogitGRF,08-07,16950801643,132674,295779
OF4,128,LogitGRF,08-10,16042537120,101615,232163
OF4,128,LogitGRF,09-01,18972482115,51312,304119
OF4,128,LogitGRF,09-02,30502933738,34633,172886
OF4,128,LogitGRF,09-04,18078261505,62816,233778
OF4,128,LogitGRF,09-06,18482142063,35657,217189
OF4,128,LogitGRF,09-07,20484884928,39751,191794
OF4,128,LogitGRF,09-08,20216781510,80504,189594
OF4,128,LogitGRF,09-10,18056697772,243161,223203
OF4,128,LogitGRF,10-06,15531773787,46162,245772
OF4,128,MicroscopyImages,01-06,29151387102,7382,148728
OF4,128,MicroscopyImages,01-10,26632514547,6174,148420
OF4,128,MicroscopyImages,02-01,8333137169,8235,172569
OF4,128,MicroscopyImages,02-04,17573556005,15733,207772
OF4,128,MicroscopyImages,02-06,29230345499,15275,236261
OF4,128,MicroscopyImages,02-10,20307025840,12698,216132
OF4,128,MicroscopyImages,03-01,20551894144,4176,98785
OF4,128,MicroscopyImages,03-02,20697324141,9295,158366
OF4,128,MicroscopyImages,03-04,5163618472,13318,205837
OF4,128,MicroscopyImages,03-06,30869980841,9771,188421
OF4,128,MicroscopyImages,03-07,39526388234,4434,130312
OF4,128,MicroscopyImages,03-08,37507612182,9137,194732
OF4,128,MicroscopyImages,03-09,38838847479,3346,110609
OF4,128,MicroscopyImages,03-10,31544229044,6841,143586
OF4,128,MicroscopyImages,04-01,17072859903,8844,145848
OF4,128,MicroscopyImages,04-06,27397375206,16979,251787
OF4,128,MicroscopyImages,04-10,30506670645,12541,220734
OF4,128,MicroscopyImages,05-01,34388132893,3627,105568
OF4,128,MicroscopyImages,05-02,34120952587,8758,186575
OF4,128,MicroscopyImages,05-03,34745385873,5362,149095
OF4,128,MicroscopyImages,05-04,31832438409,10311,200179
OF4,128,MicroscopyImages,05-06,7647903479,10265,197831
OF4,128,MicroscopyImages,05-07,38725118174,3220,88049
OF4,128,MicroscopyImages,05-08,36875817970,6966,134678
OF4,128,MicroscopyImages,05-09,51493316122,3085,111770
OF4,128,MicroscopyImages,05-10,39801777454,6274,156179
OF4,128,MicroscopyImages,07-01,39575482195,3270,98471
OF4,128,MicroscopyImages,07-02,35994555665,6940,144383
OF4,128,MicroscopyImages,07-04,38503124326,8893,169112
OF4,128,MicroscopyImages,07-06,33459139462,6599,119970
OF4,128,MicroscopyImages,07-10,40159926594,6049,147494
OF4,128,MicroscopyImages,08-01,37633163346,6075,140193
OF4,128,MicroscopyImages,08-02,34152221939,12758,217318
OF4,128,MicroscopyImages,08-04,36475673107,14881,235551
OF4,128,MicroscopyImages,08-06,31038718278,12310,171755
OF4,128,MicroscopyImages,08-07,6064910546,6679,137590
OF4,128,MicroscopyImages,08-10,38067282718,10716,211625
OF4,128,MicroscopyImages,09-01,35640331255,2554,100268
OF4,128,MicroscopyImages,09-02,29874827302,5785,150944
OF4,128,MicroscopyImages,09-04,38159213774,6325,157921
OF4,128,MicroscopyImages,09-06,47402254918,5701,165046
OF4,128,MicroscopyImages,09-07,45607914819,2572,105276
OF4,128,MicroscopyImages,09-08,43625096463,5044,140457
OF4,128,MicroscopyImages,09-10,13744051386,4560,123539
OF4,128,MicroscopyImages,10-06,34686954313,12188,224376
OF4,128,Shapes,01-06,34956800000,9453,199992
OF4,128,Shapes,01-10,7816381810,11337,134330
OF4,128,Shapes,02-01,26216960000,7244,126838
OF4,128,Shapes,02-04,9798428980,3491,59858
OF4,128,Shapes,02-06,36382720000,5009,133095
OF4,128,Shapes,02-10,29263002790,3979,97566
OF4,128,Shapes,03-01,5163200000,11573,253922
OF4,128,Shapes,03-02,26318848000,3587,76547
OF4,128,Shapes,03-04,17427277830,6716,95510
OF4,128,Shapes,03-06,35093200000,6033,85846
OF4,128,Shapes,03-07,26276633885,8253,160835
OF4,128,Shapes,03-08,18774370065,3101,66636
OF4,128,Shapes,03-09,13372800000,10745,288432
OF4,128,Shapes,03-10,9307642099,5704,93164
OF4,128,Shapes,04-01,16430543844,9857,114600
OF4,128,Shapes,04-06,35112275423,7835,148643
OF4,128,Shapes,04-10,19520531082,6315,101904
OF4,128,Shapes,05-01,14933094500,9283,127768
OF4,128,Shapes,05-02,33463705540,3992,107431
OF4,128,Shapes,05-03,15492503204,4705,74030
OF4,128,Shapes,05-04,23677289384,5311,102700
OF4,128,Shapes,05-06,35202736680,6165,155874
OF4,128,Shapes,05-07,28119869448,6746,147136
OF4,128,Shapes,05-08,21545101331,3072,83071
OF4,128,Shapes,05-09,19574726202,6588,121776
OF4,128,Shapes,05-10,15265079856,4977,81772
OF4,128,Shapes,07-01,25956307978,16849,234617
OF4,128,Shapes,07-02,25840746202,5516,126523
OF4,128,Shapes,07-04,25065985271,9118,156326
OF4,128,Shapes,07-06,60128857753,9014,231464
OF4,128,Shapes,07-10,27523899623,7981,128636
OF4,128,Shapes,08-01,18189958675,6623,111701
OF4,128,Shapes,08-02,13012951666,2525,59479
OF4,128,Shapes,08-04,8047861267,3387,58654
OF4,128,Shapes,08-06,35912803840,4482,125475
OF4,128,Shapes,08-07,25473048331,5097,126972
OF4,128,Shapes,08-10,21934375862,3659,80817
OF4,128,Shapes,09-01,11778400000,11078,233149
OF4,128,Shapes,09-02,27191472000,4592,101882
OF4,128,Shapes,09-04,22295218305,6850,94037
OF4,128,Shapes,09-06,35258400000,14320,121963
OF4,128,Shapes,09-07,28240820210,8125,164910
OF4,128,Shapes,09-08,22921218790,3877,87439
OF4,128,Shapes,09-10,15280287767,6529,97191
OF4,128,Shapes,10-06,35088701052,7139,139264
OF4,128,WhiteNoise,01-06,1069694545,75341,304796
OF4,128,WhiteNoise,01-10,912242699,87090,265755
OF4,128,WhiteNoise,02-01,944377109,117491,297611
OF4,128,WhiteNoise,02-04,1027797046,99500,313276
OF4,128,WhiteNoise,02-06,1212788600,88280,305594
OF4,128,WhiteNoise,02-10,1036934626,140954,314163
OF4,128,WhiteNoise,03-01,977010699,98936,259900
OF4,128,WhiteNoise,03-02,1017706461,137592,299551
OF4,128,WhiteNoise,03-04,1049539891,102364,274917
OF4,128,WhiteNoise,03-06,892810929,104852,284135
OF4,128,WhiteNoise,03-07,988689528,112690,275689
OF4,128,WhiteNoise,03-08,980389273,95856,279324
OF4,128,WhiteNoise,03-09,1054680563,108422,273210
OF4,128,WhiteNoise,03-10,998546410,111067,267014
OF4,128,WhiteNoise,04-01,873861780,124446,264291
OF4,128,WhiteNoise,04-06,1094025322,70379,291619
OF4,128,WhiteNoise,04-10,924210752,152937,320153
OF4,128,WhiteNoise,05-01,944158875,105857,265848
OF4,128,WhiteNoise,05-02,1163357619,181966,333609
OF4,128,WhiteNoise,05-03,1027443240,101876,288227
OF4,128,WhiteNoise,05-04,972394502,66832,258354
OF4,128,WhiteNoise,05-06,1007551663,112741,288034
OF4,128,WhiteNoise,05-07,950730947,72469,260534
OF4,128,WhiteNoise,05-08,1069766311,124534,310064
OF4,128,WhiteNoise,05-09,915777101,99111,253020
OF4,128,WhiteNoise,05-10,978186118,112693,280784
OF4,128,WhiteNoise,07-01,921642564,109627,272135
OF4,128,WhiteNoise,07-02,1119063302,158240,334845
OF4,128,WhiteNoise,07-04,926256033,88700,276602
OF4,128,WhiteNoise,07-06,1014842764,83784,297931
OF4,128,WhiteNoise,07-10,953667303,80005,271548
OF4,128,WhiteNoise,08-01,1168796976,93469,246287
OF4,128,WhiteNoise,08-02,1208351118,168393,322659
OF4,128,WhiteNoise,08-04,1130949235,87316,253915
OF4,128,WhiteNoise,08-06,1066587743,102267,280913
OF4,128,WhiteNoise,08-07,1038869945,62799,257036
OF4,128,WhiteNoise,08-10,1043921236,95020,247783
OF4,128,WhiteNoise,09-01,898444662,126511,272676
OF4,128,WhiteNoise,09-02,984451089,135942,325618
OF4,128,WhiteNoise,09-04,904161963,79997,273766
OF4,128,WhiteNoise,09-06,1140150643,74820,272448
OF4,128,WhiteNoise,09-07,1000404222,70670,279339
OF4,128,WhiteNoise,09-08,1096512571,112390,314792
OF4,128,WhiteNoise,09-10,902053326,95138,281962
OF4,128,WhiteNoise,10-06,1063715930,63691,283011
