Distance function,Image size,Instance class,Instance,Optimal objective function value,Solution time [ms],NWC time [ms],IIO step 2 basis changes,IIO iterations
OF1,32,CauchyDensity,01-02,381679867030,186,0,18374,238
OF1,32,CauchyDensity,01-03,639702236564,179,0,19357,210
OF1,32,CauchyDensity,01-04,412850049504,178,0,19015,250
OF1,32,CauchyDensity,01-05,1271790354042,109,0,13493,105
OF1,32,CauchyDensity,01-06,1206058384559,218,0,21821,294
OF1,32,CauchyDensity,01-07,706329620657,216,0,19297,340
OF1,32,CauchyDensity,01-08,641720516058,195,0,19335,296
OF1,32,CauchyDensity,01-09,511406435076,179,0,17812,263
OF1,32,CauchyDensity,01-10,1197930636345,193,0,21056,250
OF1,32,CauchyDensity,02-04,309433909655,205,0,17935,317
OF1,32,CauchyDensity,02-05,1203032347565,69,0,5921,61
OF1,32,CauchyDensity,02-06,1042676257653,166,0,16903,201
OF1,32,CauchyDensity,02-08,451423419694,255,0,20043,426
OF1,32,CauchyDensity,02-09,483000578762,279,0,22349,538
OF1,32,CauchyDensity,02-10,1038938059457,172,0,16808,182
OF1,32,CauchyDensity,03-02,452634693879,138,0,15174,147
OF1,32,CauchyDensity,03-04,328246246739,230,0,19490,321
OF1,32,CauchyDensity,03-05,803096837341,142,0,13758,134
OF1,32,CauchyDensity,03-06,635701121734,236,0,18893,336
OF1,32,CauchyDensity,03-08,308497055611,248,0,20544,345
OF1,32,CauchyDensity,03-09,582494958613,245,0,21029,342
OF1,32,CauchyDensity,03-10,607140440510,176,0,17752,189
OF1,32,CauchyDensity,04-05,1032041278880,88,0,7414,76
OF1,32,CauchyDensity,04-08,239521392338,243,0,19405,327
OF1,32,CauchyDensity,04-10,853718773723,180,0,18874,190
OF1,32,CauchyDensity,05-08,928351022318,163,0,15274,155
OF1,32,CauchyDensity,05-10,494335021350,232,0,21708,283
OF1,32,CauchyDensity,06-04,843671575076,195,0,20102,211
OF1,32,CauchyDensity,06-05,565155989066,242,0,22581,289
OF1,32,CauchyDensity,06-08,688158476474,193,0,20089,204
OF1,32,CauchyDensity,06-09,1000570542292,238,0,20765,321
OF1,32,CauchyDensity,06-10,134046572578,219,0,21959,308
OF1,32,CauchyDensity,07-02,485845054919,300,0,23726,600
OF1,32,CauchyDensity,07-03,347283576620,209,0,18089,315
OF1,32,CauchyDensity,07-04,321205042830,193,0,20713,240
OF1,32,CauchyDensity,07-05,1051148073343,159,0,14592,159
OF1,32,CauchyDensity,07-06,708313166987,178,0,17381,173
OF1,32,CauchyDensity,07-08,212809387695,204,0,20822,228
OF1,32,CauchyDensity,07-09,573579778037,163,0,19112,193
OF1,32,CauchyDensity,07-10,735728700392,176,0,16852,151
OF1,32,CauchyDensity,09-04,350622260473,194,0,19612,277
OF1,32,CauchyDensity,09-05,1045957382508,173,0,16851,166
OF1,32,CauchyDensity,09-08,399633752839,184,0,20002,220
OF1,32,CauchyDensity,09-10,999881548592,231,0,21466,283
OF1,32,CauchyDensity,10-08,708566281189,193,0,19170,199
OF1,32,ClassicImages,01-02,206116560402,248,0,22785,414
OF1,32,ClassicImages,01-03,230366264212,239,0,20139,351
OF1,32,ClassicImages,01-04,169474198532,222,0,20326,296
OF1,32,ClassicImages,01-05,195237855155,258,0,22299,391
OF1,32,ClassicImages,01-06,290990535908,248,0,23097,421
OF1,32,ClassicImages,01-07,232298183133,237,0,21209,275
OF1,32,ClassicImages,01-08,185575555991,255,0,23215,429
OF1,32,ClassicImages,01-09,341587129047,212,0,20730,227
OF1,32,ClassicImages,01-10,289184470976,306,0,25723,437
OF1,32,ClassicImages,02-04,88423074494,188,0,18953,197
OF1,32,ClassicImages,02-05,89449778556,239,0,21550,286
OF1,32,ClassicImages,02-06,104244812348,183,0,20033,212
OF1,32,ClassicImages,02-08,116958936846,218,0,19011,259
OF1,32,ClassicImages,02-09,254025703605,188,0,20410,191
OF1,32,ClassicImages,02-10,171012230834,233,0,20625,298
OF1,32,ClassicImages,03-02,160003215762,298,0,22349,462
OF1,32,ClassicImages,03-04,132396478107,223,0,19634,304
OF1,32,ClassicImages,03-05,149000530812,289,0,19698,502
OF1,32,ClassicImages,03-06,182241645629,194,0,18692,195
OF1,32,ClassicImages,03-08,161255543724,191,0,17695,177
OF1,32,ClassicImages,03-09,300822382196,194,0,18459,209
OF1,32,ClassicImages,03-10,250508839999,223,0,20493,276
OF1,32,ClassicImages,04-05,107862844914,206,0,17386,255
OF1,32,ClassicImages,04-08,110764385234,211,0,20395,204
OF1,32,ClassicImages,04-10,222790714046,248,0,19732,404
OF1,32,ClassicImages,05-08,140371648499,208,0,19548,211
OF1,32,ClassicImages,05-10,216794329022,277,0,22518,418
OF1,32,ClassicImages,06-04,161621530642,213,0,21116,221
OF1,32,ClassicImages,06-05,137062082674,221,0,21623,306
OF1,32,ClassicImages,06-08,156244037026,216,0,19218,242
OF1,32,ClassicImages,06-09,252213743001,227,0,21347,242
OF1,32,ClassicImages,06-10,169177440084,217,0,19498,254
OF1,32,ClassicImages,07-02,101986524106,171,0,17042,175
OF1,32,ClassicImages,07-03,194550788968,200,0,17970,212
OF1,32,ClassicImages,07-04,150976816021,213,0,19017,250
OF1,32,ClassicImages,07-05,103685398596,178,0,18271,175
OF1,32,ClassicImages,07-06,131670452996,211,0,21709,238
OF1,32,ClassicImages,07-08,148273858023,221,0,20879,286
OF1,32,ClassicImages,07-09,228608020255,199,0,19384,177
OF1,32,ClassicImages,07-10,186868192027,262,0,20908,356
OF1,32,ClassicImages,09-04,287373769741,177,0,17439,187
OF1,32,ClassicImages,09-05,238306777814,185,0,17254,196
OF1,32,ClassicImages,09-08,334539956114,183,0,19369,165
OF1,32,ClassicImages,09-10,368774950421,246,0,21423,298
OF1,32,ClassicImages,10-08,188604254271,235,0,20950,314
OF1,32,GRFmoderate,01-02,171884032934,231,0,21610,297
OF1,32,GRFmoderate,01-03,254137269163,200,0,21774,179
OF1,32,GRFmoderate,01-04,397444272381,188,0,21471,226
OF1,32,GRFmoderate,01-05,208898838580,195,0,20549,226
OF1,32,GRFmoderate,01-06,300044891664,205,0,20616,265
OF1,32,GRFmoderate,01-07,155551740055,183,0,19851,197
OF1,32,GRFmoderate,01-08,316529636955,179,0,18031,195
OF1,32,GRFmoderate,01-09,134174011948,187,0,19130,215
OF1,32,GRFmoderate,01-10,107233896920,189,0,20475,206
OF1,32,GRFmoderate,02-04,325981113421,211,0,20735,253
OF1,32,GRFmoderate,02-05,150638691845,213,0,19163,266
OF1,32,GRFmoderate,02-06,244688527012,225,0,20413,290
OF1,32,GRFmoderate,02-08,325477006362,181,0,18769,167
OF1,32,GRFmoderate,02-09,153873078087,186,0,19569,216
OF1,32,GRFmoderate,02-10,170753470748,203,0,19496,248
OF1,32,GRFmoderate,03-02,267722401912,240,0,20425,267
OF1,32,GRFmoderate,03-04,280583736087,218,0,21220,281
OF1,32,GRFmoderate,03-05,208185703595,185,0,19429,191
OF1,32,GRFmoderate,03-06,254943574831,196,0,19929,216
OF1,32,GRFmoderate,03-08,154149361037,196,0,18179,222
OF1,32,GRFmoderate,03-09,192693908572,210,0,19820,273
OF1,32,GRFmoderate,03-10,216030442258,197,0,19470,217
OF1,32,GRFmoderate,04-05,236669935459,211,0,21435,246
OF1,32,GRFmoderate,04-08,339522701620,205,0,21017,247
OF1,32,GRFmoderate,04-10,359731361865,215,0,21925,275
OF1,32,GRFmoderate,05-08,262152343211,183,0,19244,196
OF1,32,GRFmoderate,05-10,171525657539,189,0,20013,210
OF1,32,GRFmoderate,06-04,230276167495,194,0,20019,204
OF1,32,GRFmoderate,06-05,154397961704,189,0,18605,227
OF1,32,GRFmoderate,06-08,292945246854,215,0,19004,259
OF1,32,GRFmoderate,06-09,246346533831,205,0,21502,264
OF1,32,GRFmoderate,06-10,250099458025,180,0,20482,186
OF1,32,GRFmoderate,07-02,168009897603,239,0,20037,308
OF1,32,GRFmoderate,07-03,229427385046,245,0,21700,348
OF1,32,GRFmoderate,07-04,334258742984,191,0,20346,242
OF1,32,GRFmoderate,07-05,145181817423,198,0,20240,262
OF1,32,GRFmoderate,07-06,234507242307,204,0,19797,246
OF1,32,GRFmoderate,07-08,272644297616,176,0,19072,173
OF1,32,GRFmoderate,07-09,90005282514,196,0,19496,212
OF1,32,GRFmoderate,07-10,117818443682,200,0,20300,207
OF1,32,GRFmoderate,09-04,341989833467,211,0,21221,299
OF1,32,GRFmoderate,09-05,154172038880,214,0,19751,347
OF1,32,GRFmoderate,09-08,242059357581,184,0,17629,209
OF1,32,GRFmoderate,09-10,119607437543,313,0,22567,453
OF1,32,GRFmoderate,10-08,289836957462,201,0,20739,248
OF1,32,GRFrough,01-02,91874958702,255,0,20062,320
OF1,32,GRFrough,01-03,73997641939,216,0,18861,247
OF1,32,GRFrough,01-04,102019968685,193,0,18682,194
OF1,32,GRFrough,01-05,69717519334,209,0,19981,205
OF1,32,GRFrough,01-06,88417059005,212,0,19922,223
OF1,32,GRFrough,01-07,66227051752,186,0,16005,207
OF1,32,GRFrough,01-08,69543249664,204,0,17525,244
OF1,32,GRFrough,01-09,57431343430,187,0,16641,205
OF1,32,GRFrough,01-10,70956548247,182,0,18780,169
OF1,32,GRFrough,02-04,102019437359,200,0,19558,209
OF1,32,GRFrough,02-05,60895475073,204,0,19122,212
OF1,32,GRFrough,02-06,101421742248,250,0,22783,278
OF1,32,GRFrough,02-08,87302901898,220,0,19435,277
OF1,32,GRFrough,02-09,70479296476,199,0,20227,207
OF1,32,GRFrough,02-10,68012573674,207,0,17392,224
OF1,32,GRFrough,03-02,106692794066,183,0,17959,218
OF1,32,GRFrough,03-04,97522873946,191,0,19033,226
OF1,32,GRFrough,03-05,93502854974,166,0,16762,175
OF1,32,GRFrough,03-06,69957958560,238,0,20704,273
OF1,32,GRFrough,03-08,82953436822,189,0,18276,216
OF1,32,GRFrough,03-09,89396995090,193,0,18056,218
OF1,32,GRFrough,03-10,80399205009,212,0,20260,234
OF1,32,GRFrough,04-05,117013224733,215,0,20299,230
OF1,32,GRFrough,04-08,120093767029,245,0,19723,348
OF1,32,GRFrough,04-10,103855355899,207,0,20491,222
OF1,32,GRFrough,05-08,65112749053,210,0,20442,220
OF1,32,GRFrough,05-10,51369462907,198,0,17527,200
OF1,32,GRFrough,06-04,89541097642,213,0,20600,244
OF1,32,GRFrough,06-05,95863430317,201,0,18168,210
OF1,32,GRFrough,06-08,100921363350,206,0,19625,190
OF1,32,GRFrough,06-09,91692251060,200,0,18556,194
OF1,32,GRFrough,06-10,77963054707,230,0,21322,247
OF1,32,GRFrough,07-02,103789178098,202,0,19681,232
OF1,32,GRFrough,07-03,68589190116,222,0,20014,208
OF1,32,GRFrough,07-04,114494924773,209,0,20756,231
OF1,32,GRFrough,07-05,80074011412,222,0,20627,244
OF1,32,GRFrough,07-06,92921525873,203,0,17545,257
OF1,32,GRFrough,07-08,59703616002,209,0,19407,210
OF1,32,GRFrough,07-09,67051090360,249,0,20940,283
OF1,32,GRFrough,07-10,89462578404,180,0,20459,202
OF1,32,GRFrough,09-04,112261067558,169,0,17445,160
OF1,32,GRFrough,09-05,54093876172,202,0,17638,218
OF1,32,GRFrough,09-08,64158761791,196,0,18093,219
OF1,32,GRFrough,09-10,63217843948,160,0,16186,153
OF1,32,GRFrough,10-08,81336719033,189,0,18842,216
OF1,32,GRFsmooth,01-02,403842162860,189,0,18643,211
OF1,32,GRFsmooth,01-03,697856605326,211,0,20306,234
OF1,32,GRFsmooth,01-04,373911573885,197,0,19048,222
OF1,32,GRFsmooth,01-05,297729064938,209,0,20139,282
OF1,32,GRFsmooth,01-06,259629479824,219,0,21158,258
OF1,32,GRFsmooth,01-07,138799197840,267,0,25026,339
OF1,32,GRFsmooth,01-08,383713623984,173,0,15813,189
OF1,32,GRFsmooth,01-09,327953388574,236,0,22314,320
OF1,32,GRFsmooth,01-10,446012564039,201,0,18607,245
OF1,32,GRFsmooth,02-04,695828640108,226,0,19783,246
OF1,32,GRFsmooth,02-05,506849834076,195,0,19177,223
OF1,32,GRFsmooth,02-06,278850001796,198,0,17426,240
OF1,32,GRFsmooth,02-08,234095195285,201,0,19687,236
OF1,32,GRFsmooth,02-09,456026688321,188,0,19241,212
OF1,32,GRFsmooth,02-10,379977180450,195,0,21000,218
OF1,32,GRFsmooth,03-02,558632756688,198,0,21205,251
OF1,32,GRFsmooth,03-04,840569253383,169,0,17703,170
OF1,32,GRFsmooth,03-05,738317538229,227,0,21635,263
OF1,32,GRFsmooth,03-06,541390988378,243,0,22560,306
OF1,32,GRFsmooth,03-08,404005721605,214,0,21662,245
OF1,32,GRFsmooth,03-09,496898116814,224,0,18936,321
OF1,32,GRFsmooth,03-10,433513687067,206,0,19877,208
OF1,32,GRFsmooth,04-05,270165960994,197,0,19580,237
OF1,32,GRFsmooth,04-08,626336320388,164,0,15550,173
OF1,32,GRFsmooth,04-10,486414760690,136,0,14745,125
OF1,32,GRFsmooth,05-08,475088710766,186,0,19171,176
OF1,32,GRFsmooth,05-10,394613715679,226,0,21151,306
OF1,32,GRFsmooth,06-04,473390987728,202,0,20534,217
OF1,32,GRFsmooth,06-05,309789506399,217,0,21461,266
OF1,32,GRFsmooth,06-08,213794664855,200,0,19919,224
OF1,32,GRFsmooth,06-09,322293151395,270,0,21145,361
OF1,32,GRFsmooth,06-10,283217896601,232,0,20745,296
OF1,32,GRFsmooth,07-02,366323901452,187,0,19308,189
OF1,32,GRFsmooth,07-03,721063489712,268,0,22000,326
OF1,32,GRFsmooth,07-04,422490857745,205,0,20180,217
OF1,32,GRFsmooth,07-05,290741726016,228,0,20482,241
OF1,32,GRFsmooth,07-06,227933659028,231,0,21044,269
OF1,32,GRFsmooth,07-08,365598131836,185,0,20224,188
OF1,32,GRFsmooth,07-09,348269920197,197,0,21529,251
OF1,32,GRFsmooth,07-10,378164308851,218,0,19558,284
OF1,32,GRFsmooth,09-04,415669235129,173,0,18390,164
OF1,32,GRFsmooth,09-05,357776853222,262,0,20911,366
OF1,32,GRFsmooth,09-08,293907355242,203,0,18661,200
OF1,32,GRFsmooth,09-10,236698230761,231,0,20762,296
OF1,32,GRFsmooth,10-08,230845592661,273,0,23718,449
OF1,32,LogGRF,01-02,388080355449,206,0,18205,245
OF1,32,LogGRF,01-03,731166838529,259,0,22698,340
OF1,32,LogGRF,01-04,696013438540,241,0,19831,388
OF1,32,LogGRF,01-05,1177229400290,179,0,18715,184
OF1,32,LogGRF,01-06,501866953266,178,0,20434,210
OF1,32,LogGRF,01-07,285623439437,201,0,19184,207
OF1,32,LogGRF,01-08,540550350076,239,0,20161,342
OF1,32,LogGRF,01-09,1099790842629,241,0,22625,316
OF1,32,LogGRF,01-10,847354854882,180,0,18722,186
OF1,32,LogGRF,02-04,550030641540,227,0,20862,309
OF1,32,LogGRF,02-05,943017112280,168,0,15704,149
OF1,32,LogGRF,02-06,382661155100,177,0,18390,193
OF1,32,LogGRF,02-08,299066934684,184,0,18242,223
OF1,32,LogGRF,02-09,843561714048,216,0,21026,258
OF1,32,LogGRF,02-10,587866598843,180,0,17057,171
OF1,32,LogGRF,03-02,564226151798,217,0,20190,280
OF1,32,LogGRF,03-04,871541920874,246,0,24540,297
OF1,32,LogGRF,03-05,829337896562,267,0,20322,488
OF1,32,LogGRF,03-06,660345809787,195,0,20036,249
OF1,32,LogGRF,03-08,611046609980,279,0,24663,352
OF1,32,LogGRF,03-09,813087523418,258,0,21709,299
OF1,32,LogGRF,03-10,604018471603,254,0,20217,411
OF1,32,LogGRF,04-05,836210874339,195,0,17156,266
OF1,32,LogGRF,04-08,485346904215,209,0,19227,263
OF1,32,LogGRF,04-10,560389981853,257,0,21057,479
OF1,32,LogGRF,05-08,732000819700,158,0,16593,156
OF1,32,LogGRF,05-10,464954297767,175,0,17622,185
OF1,32,LogGRF,06-04,772543483823,241,0,22230,341
OF1,32,LogGRF,06-05,1173610074928,160,0,16164,167
OF1,32,LogGRF,06-08,581340592011,207,0,20706,290
OF1,32,LogGRF,06-09,760751470109,220,0,21103,253
OF1,32,LogGRF,06-10,811939161755,168,0,17215,176
OF1,32,LogGRF,07-02,455085991593,245,0,21365,323
OF1,32,LogGRF,07-03,698146793833,244,0,22987,307
OF1,32,LogGRF,07-04,705506373846,269,0,19775,407
OF1,32,LogGRF,07-05,1057784144167,190,0,19371,206
OF1,32,LogGRF,07-06,633432661811,199,0,20889,256
OF1,32,LogGRF,07-08,480471447078,206,0,19168,233
OF1,32,LogGRF,07-09,1152383340952,239,0,24339,309
OF1,32,LogGRF,07-10,771177657445,219,0,21310,247
OF1,32,LogGRF,09-04,1038208324024,229,0,23432,292
OF1,32,LogGRF,09-05,957469197853,249,0,22083,313
OF1,32,LogGRF,09-08,833753863897,193,0,20339,247
OF1,32,LogGRF,09-10,721543011766,215,0,21377,276
OF1,32,LogGRF,10-08,435567537352,186,0,18423,208
OF1,32,LogitGRF,01-02,322586026369,295,0,23324,455
OF1,32,LogitGRF,01-03,331328964841,212,0,20034,281
OF1,32,LogitGRF,01-04,264270922095,286,0,22855,446
OF1,32,LogitGRF,01-05,220283295781,209,0,19722,251
OF1,32,LogitGRF,01-06,235155854599,219,0,20401,278
OF1,32,LogitGRF,01-07,319390732952,213,0,20632,248
OF1,32,LogitGRF,01-08,191795113953,240,0,20875,276
OF1,32,LogitGRF,01-09,486802003287,210,0,21202,248
OF1,32,LogitGRF,01-10,312401040771,187,0,20738,221
OF1,32,LogitGRF,02-04,228236351842,188,0,19237,225
OF1,32,LogitGRF,02-05,294144602068,250,0,22791,331
OF1,32,LogitGRF,02-06,324391127655,204,0,21281,230
OF1,32,LogitGRF,02-08,374219736214,269,0,24003,379
OF1,32,LogitGRF,02-09,405684647023,273,0,20136,369
OF1,32,LogitGRF,02-10,275475244714,204,0,19958,225
OF1,32,LogitGRF,03-02,374386568218,192,0,17614,203
OF1,32,LogitGRF,03-04,403832168459,206,0,19189,232
OF1,32,LogitGRF,03-05,253943172301,190,0,18431,194
OF1,32,LogitGRF,03-06,292835729059,181,0,20138,180
OF1,32,LogitGRF,03-08,417384627240,224,0,20686,292
OF1,32,LogitGRF,03-09,292241786710,204,0,20572,275
OF1,32,LogitGRF,03-10,279342740158,203,0,19207,240
OF1,32,LogitGRF,04-05,304310070392,226,0,18931,324
OF1,32,LogitGRF,04-08,280112188427,247,0,21280,314
OF1,32,LogitGRF,04-10,300775775460,193,0,18334,208
OF1,32,LogitGRF,05-08,287036860572,198,0,19896,226
OF1,32,LogitGRF,05-10,308783084581,215,0,19642,269
OF1,32,LogitGRF,06-04,313069262978,169,0,17180,180
OF1,32,LogitGRF,06-05,248110042993,190,0,19005,197
OF1,32,LogitGRF,06-08,264403590782,200,0,20887,214
OF1,32,LogitGRF,06-09,440461524614,226,0,21963,264
OF1,32,LogitGRF,06-10,265124486590,216,0,21892,314
OF1,32,LogitGRF,07-02,489986217505,233,0,21512,257
OF1,32,LogitGRF,07-03,266848497871,262,0,23323,376
OF1,32,LogitGRF,07-04,450596081245,200,0,21023,223
OF1,32,LogitGRF,07-05,346893390200,212,0,20003,240
OF1,32,LogitGRF,07-06,262583774247,230,0,20098,279
OF1,32,LogitGRF,07-08,417586631018,248,0,19574,340
OF1,32,LogitGRF,07-09,485462180104,239,0,22940,385
OF1,32,LogitGRF,07-10,384457073795,234,0,22064,291
OF1,32,LogitGRF,09-04,475514556590,234,0,21917,317
OF1,32,LogitGRF,09-05,388010485342,208,0,20371,257
OF1,32,LogitGRF,09-08,561804465922,248,0,22578,321
OF1,32,LogitGRF,09-10,274662715678,200,0,18599,258
OF1,32,LogitGRF,10-08,378689105553,230,0,21585,280
OF1,32,MicroscopyImages,01-02,288091795570,111,0,11651,208
OF1,32,MicroscopyImages,01-03,863488996159,86,0,10325,211
OF1,32,MicroscopyImages,01-04,602487193894,107,0,12653,184
OF1,32,MicroscopyImages,01-05,716655024595,121,0,12678,278
OF1,32,MicroscopyImages,01-06,752182099161,135,0,14976,236
OF1,32,MicroscopyImages,01-07,640614484066,111,0,13069,227
OF1,32,MicroscopyImages,01-08,654978042776,143,0,16016,278
OF1,32,MicroscopyImages,01-09,601240068693,109,0,10697,284
OF1,32,MicroscopyImages,01-10,499921086020,142,0,13942,337
OF1,32,MicroscopyImages,02-04,696264304203,147,0,16264,208
OF1,32,MicroscopyImages,02-05,622013405235,169,0,17255,257
OF1,32,MicroscopyImages,02-06,696224545500,189,0,18440,267
OF1,32,MicroscopyImages,02-08,683046538051,182,0,19376,272
OF1,32,MicroscopyImages,02-09,470174194943,107,0,11318,144
OF1,32,MicroscopyImages,02-10,380216936218,139,0,15161,163
OF1,32,MicroscopyImages,03-02,943241979264,123,0,13882,250
OF1,32,MicroscopyImages,03-04,326306850920,113,0,11792,228
OF1,32,MicroscopyImages,03-05,551197004237,108,0,12821,226
OF1,32,MicroscopyImages,03-06,406106431361,129,0,13847,258
OF1,32,MicroscopyImages,03-08,561310235684,101,0,12116,181
OF1,32,MicroscopyImages,03-09,619376404603,115,0,12617,259
OF1,32,MicroscopyImages,03-10,675376408824,133,0,15038,238
OF1,32,MicroscopyImages,04-05,486469592884,150,0,14995,245
OF1,32,MicroscopyImages,04-08,477932408499,148,0,15756,182
OF1,32,MicroscopyImages,04-10,431337791807,221,0,21528,340
OF1,32,MicroscopyImages,05-08,461378393734,161,0,18508,263
OF1,32,MicroscopyImages,05-10,383069883167,230,0,19972,384
OF1,32,MicroscopyImages,06-04,435624394866,214,0,18581,301
OF1,32,MicroscopyImages,06-05,178464486235,148,0,14999,198
OF1,32,MicroscopyImages,06-08,460501289132,237,0,21128,334
OF1,32,MicroscopyImages,06-09,448202218031,155,0,16304,260
OF1,32,MicroscopyImages,06-10,440203903174,266,0,22331,406
OF1,32,MicroscopyImages,07-02,648015919312,145,0,16212,257
OF1,32,MicroscopyImages,07-03,593554669312,79,0,9865,140
OF1,32,MicroscopyImages,07-04,483244181894,122,0,14186,184
OF1,32,MicroscopyImages,07-05,464929547495,144,0,15426,244
OF1,32,MicroscopyImages,07-06,476673645602,177,0,17044,289
OF1,32,MicroscopyImages,07-08,146064523201,124,0,13422,159
OF1,32,MicroscopyImages,07-09,667405694496,139,0,15233,269
OF1,32,MicroscopyImages,07-10,617854201292,151,0,16913,268
OF1,32,MicroscopyImages,09-04,481036145335,169,0,16446,354
OF1,32,MicroscopyImages,09-05,422424966228,150,0,15581,287
OF1,32,MicroscopyImages,09-08,673725392410,150,0,17056,254
OF1,32,MicroscopyImages,09-10,217002116859,154,0,14559,273
OF1,32,MicroscopyImages,10-08,626166563729,203,0,20067,319
OF1,32,Shapes,01-02,470495776000,114,0,12550,312
OF1,32,Shapes,01-03,88614400000,63,0,6178,135
OF1,32,Shapes,01-04,327099771023,181,0,15448,447
OF1,32,Shapes,01-05,249596333584,95,0,13083,143
OF1,32,Shapes,01-06,611118800000,116,0,16188,197
OF1,32,Shapes,01-07,441757895836,129,0,15625,207
OF1,32,Shapes,01-08,346687557361,70,0,11685,144
OF1,32,Shapes,01-09,229883600000,102,0,12902,151
OF1,32,Shapes,01-10,158095790368,97,0,11961,142
OF1,32,Shapes,02-04,156858382442,50,0,6782,138
OF1,32,Shapes,02-05,557533779434,53,0,6868,186
OF1,32,Shapes,02-06,577436896000,56,0,9077,158
OF1,32,Shapes,02-08,219258534999,34,0,5008,152
OF1,32,Shapes,02-09,514296672000,74,0,8507,292
OF1,32,Shapes,02-10,555213532931,48,0,6512,143
OF1,32,Shapes,03-02,472479232000,46,0,6988,145
OF1,32,Shapes,03-04,332983350461,61,0,9143,156
OF1,32,Shapes,03-05,256777101052,49,0,8432,111
OF1,32,Shapes,03-06,613242200000,75,0,11949,226
OF1,32,Shapes,03-08,351798520196,42,0,6818,142
OF1,32,Shapes,03-09,234633600000,51,0,7605,122
OF1,32,Shapes,03-10,177476288970,48,0,7405,113
OF1,32,Shapes,04-05,407594177630,115,0,10408,477
OF1,32,Shapes,04-08,141250968845,46,0,5987,133
OF1,32,Shapes,04-10,412176631684,112,0,11402,447
OF1,32,Shapes,05-08,374715170072,107,0,7247,644
OF1,32,Shapes,05-10,284555510052,64,0,9676,154
OF1,32,Shapes,06-04,552783340482,72,0,11778,202
OF1,32,Shapes,06-05,643339299281,61,0,12522,158
OF1,32,Shapes,06-08,575416475748,48,0,8366,165
OF1,32,Shapes,06-09,635712000000,77,0,12906,204
OF1,32,Shapes,06-10,638897571089,112,0,18502,361
OF1,32,Shapes,07-02,462919981985,67,0,10398,183
OF1,32,Shapes,07-03,447638330547,70,0,10376,187
OF1,32,Shapes,07-04,420470543441,91,0,14316,200
OF1,32,Shapes,07-05,505379987939,73,0,11090,177
OF1,32,Shapes,07-06,968532082158,99,0,15158,273
OF1,32,Shapes,07-08,439586401911,64,0,9479,226
OF1,32,Shapes,07-09,494049863913,90,0,11883,263
OF1,32,Shapes,07-10,490806292603,86,0,12233,216
OF1,32,Shapes,09-04,399924053927,78,0,10094,219
OF1,32,Shapes,09-05,342734072695,67,0,10236,161
OF1,32,Shapes,09-08,416224515635,61,0,7993,253
OF1,32,Shapes,09-10,278084896387,59,0,8779,139
OF1,32,Shapes,10-08,447574964719,47,0,7037,153
OF1,32,WhiteNoise,01-02,57155605881,175,0,16541,177
OF1,32,WhiteNoise,01-03,60369901313,186,0,16276,190
OF1,32,WhiteNoise,01-04,72488445412,187,0,15499,189
OF1,32,WhiteNoise,01-05,62577225562,199,0,16194,211
OF1,32,WhiteNoise,01-06,53211775118,186,0,14294,212
OF1,32,WhiteNoise,01-07,58499517183,203,0,18017,235
OF1,32,WhiteNoise,01-08,56645248683,200,0,16841,190
OF1,32,WhiteNoise,01-09,70309185938,182,0,14638,193
OF1,32,WhiteNoise,01-10,60256268958,152,0,12656,160
OF1,32,WhiteNoise,02-04,71415060782,224,0,17968,242
OF1,32,WhiteNoise,02-05,61544691084,176,0,14694,172
OF1,32,WhiteNoise,02-06,59979296430,215,0,18081,234
OF1,32,WhiteNoise,02-08,54465738427,228,0,18231,259
OF1,32,WhiteNoise,02-09,61597100671,170,0,15168,170
OF1,32,WhiteNoise,02-10,62767766263,202,0,16309,218
OF1,32,WhiteNoise,03-02,60877218031,184,0,16452,211
OF1,32,WhiteNoise,03-04,72336751987,239,0,19266,288
OF1,32,WhiteNoise,03-05,63637961939,178,0,16189,185
OF1,32,WhiteNoise,03-06,53300577644,222,0,16589,233
OF1,32,WhiteNoise,03-08,66106390383,191,0,16430,188
OF1,32,WhiteNoise,03-09,63904260588,200,0,15045,221
OF1,32,WhiteNoise,03-10,55557939020,206,0,16409,214
OF1,32,WhiteNoise,04-05,59571305412,174,0,16419,176
OF1,32,WhiteNoise,04-08,72055977501,198,0,17551,200
OF1,32,WhiteNoise,04-10,82129694629,176,0,16495,180
OF1,32,WhiteNoise,05-08,63884105234,182,0,17709,179
OF1,32,WhiteNoise,05-10,66996773336,216,0,17240,236
OF1,32,WhiteNoise,06-04,64151622677,157,0,12605,149
OF1,32,WhiteNoise,06-05,57460836232,248,0,18890,265
OF1,32,WhiteNoise,06-08,58543744204,174,0,17387,165
OF1,32,WhiteNoise,06-09,66349396194,220,0,17921,249
OF1,32,WhiteNoise,06-10,56552190012,191,0,16033,209
OF1,32,WhiteNoise,07-02,60202485137,185,0,17149,178
OF1,32,WhiteNoise,07-03,61772519243,177,0,17119,184
OF1,32,WhiteNoise,07-04,84820822316,201,0,17372,194
OF1,32,WhiteNoise,07-05,62578915474,220,0,16592,231
OF1,32,WhiteNoise,07-06,62701007042,197,0,18890,207
OF1,32,WhiteNoise,07-08,60528626107,214,0,17442,242
OF1,32,WhiteNoise,07-09,72576196605,164,0,16867,159
OF1,32,WhiteNoise,07-10,62909519326,211,0,18283,237
OF1,32,WhiteNoise,09-04,62744672684,229,0,17456,243
OF1,32,WhiteNoise,09-05,59168931048,199,0,15467,210
OF1,32,WhiteNoise,09-08,68820545275,186,0,16225,188
OF1,32,WhiteNoise,09-10,70298454355,170,0,14541,173
OF1,32,WhiteNoise,10-08,65906474169,194,0,17072,225
OF1,64,CauchyDensity,01-02,6653857293715,3312,1,143593,872
OF1,64,CauchyDensity,01-03,2523834973386,2202,1,120253,640
OF1,64,CauchyDensity,01-04,4471420698880,3724,1,139075,1112
OF1,64,CauchyDensity,01-05,4749139124340,4883,1,143259,2024
OF1,64,CauchyDensity,01-06,6520771207191,3995,1,151582,1517
OF1,64,CauchyDensity,01-07,4139762572768,2333,1,110450,953
OF1,64,CauchyDensity,01-08,5850102307228,4150,1,150024,1791
OF1,64,CauchyDensity,01-09,5130424442222,4390,1,141327,1658
OF1,64,CauchyDensity,01-10,4741722110268,2629,1,120758,963
OF1,64,CauchyDensity,02-03,6079084769127,3486,1,124943,802
OF1,64,CauchyDensity,02-04,5649398348810,3853,1,132421,1055
OF1,64,CauchyDensity,02-05,3440181273882,4075,1,119344,1343
OF1,64,CauchyDensity,02-07,5335315634880,3427,1,123633,926
OF1,64,CauchyDensity,02-10,5876446962533,4120,1,133882,1530
OF1,64,CauchyDensity,03-07,1934644856809,3740,1,118247,1377
OF1,64,CauchyDensity,03-10,2643236812099,4207,1,118453,1670
OF1,64,CauchyDensity,04-03,3494493972315,3538,1,113980,811
OF1,64,CauchyDensity,04-07,2878775308787,3336,1,118734,867
OF1,64,CauchyDensity,04-10,3086445603426,4200,1,129310,1092
OF1,64,CauchyDensity,05-03,4103810441278,3873,1,120670,977
OF1,64,CauchyDensity,05-04,4416924725125,3565,2,127833,1200
OF1,64,CauchyDensity,05-07,3629319437167,2918,1,115364,614
OF1,64,CauchyDensity,05-10,4726290578521,2948,1,114592,572
OF1,64,CauchyDensity,06-02,4507454596558,3171,1,113278,1123
OF1,64,CauchyDensity,06-03,5453921307581,3109,1,112283,766
OF1,64,CauchyDensity,06-04,3435682719301,4054,1,120925,1057
OF1,64,CauchyDensity,06-05,3698020717861,4327,1,129586,1596
OF1,64,CauchyDensity,06-07,4670987787000,3429,1,100609,611
OF1,64,CauchyDensity,06-08,3870453438721,2900,1,114450,642
OF1,64,CauchyDensity,06-10,5668413666949,4227,1,97752,626
OF1,64,CauchyDensity,07-10,1310453241754,3092,1,135723,669
OF1,64,CauchyDensity,08-02,3150777172450,4580,1,105351,2776
OF1,64,CauchyDensity,08-03,5503691462107,3414,1,124878,769
OF1,64,CauchyDensity,08-04,4810623408165,3702,1,132332,1097
OF1,64,CauchyDensity,08-05,2487656309051,3854,1,126614,1258
OF1,64,CauchyDensity,08-07,5025980291563,4753,1,122497,913
OF1,64,CauchyDensity,08-10,5850132527727,3977,1,128220,851
OF1,64,CauchyDensity,09-02,5343423785813,5050,1,104808,2298
OF1,64,CauchyDensity,09-03,4055821286677,3660,1,136167,1501
OF1,64,CauchyDensity,09-04,5169028056968,3212,1,123504,676
OF1,64,CauchyDensity,09-05,4520600416535,3231,1,112273,608
OF1,64,CauchyDensity,09-06,7175107436589,3323,1,114423,641
OF1,64,CauchyDensity,09-07,3428804575648,3205,1,120295,674
OF1,64,CauchyDensity,09-08,5414125782906,3002,1,105577,560
OF1,64,CauchyDensity,09-10,3120294042572,2418,1,109312,522
OF1,64,ClassicImages,01-02,1650419011023,4285,1,150039,1644
OF1,64,ClassicImages,01-03,1845206737909,2971,1,119755,907
OF1,64,ClassicImages,01-04,1357707677184,3590,1,130789,1186
OF1,64,ClassicImages,01-05,1564673831507,2909,1,122485,770
OF1,64,ClassicImages,01-06,2330197751573,3793,1,141817,1556
OF1,64,ClassicImages,01-07,1861094480955,3519,1,129664,1310
OF1,64,ClassicImages,01-08,1487766933570,3582,1,146614,1465
OF1,64,ClassicImages,01-09,2733350533250,3417,1,130412,1059
OF1,64,ClassicImages,01-10,2319314344592,5004,1,156566,1726
OF1,64,ClassicImages,02-03,1281841472680,5545,1,140789,2079
OF1,64,ClassicImages,02-04,708537437712,3086,1,121871,850
OF1,64,ClassicImages,02-05,717229093587,4122,1,144789,1157
OF1,64,ClassicImages,02-07,818570783569,2995,1,114176,787
OF1,64,ClassicImages,02-10,1371796268814,4786,1,126830,1589
OF1,64,ClassicImages,03-07,1558865552426,5931,1,129273,1696
OF1,64,ClassicImages,03-10,2008539394834,3903,1,116773,974
OF1,64,ClassicImages,04-03,1060734805248,5085,1,113341,1199
OF1,64,ClassicImages,04-07,1209714733124,3205,1,122272,786
OF1,64,ClassicImages,04-10,1786025372333,4633,1,132765,1446
OF1,64,ClassicImages,05-03,1193980436307,5900,1,119412,2093
OF1,64,ClassicImages,05-04,865482897787,3658,1,132400,1096
OF1,64,ClassicImages,05-07,833147671541,3670,1,121728,1114
OF1,64,ClassicImages,05-10,1738168593170,4775,1,132580,1491
OF1,64,ClassicImages,06-02,836038037726,2825,1,128856,734
OF1,64,ClassicImages,06-03,1459953467883,3068,1,119172,916
OF1,64,ClassicImages,06-04,1294244869845,3070,1,134461,874
OF1,64,ClassicImages,06-05,1097492836154,3431,1,143305,1111
OF1,64,ClassicImages,06-07,1055167005051,3578,1,135781,1489
OF1,64,ClassicImages,06-08,1251737027754,3356,1,123410,929
OF1,64,ClassicImages,06-10,1357155018157,4215,1,135030,1725
OF1,64,ClassicImages,07-10,1499032784854,3536,1,127759,1048
OF1,64,ClassicImages,08-02,938053549875,3644,1,132827,928
OF1,64,ClassicImages,08-03,1292121443038,2518,1,107470,553
OF1,64,ClassicImages,08-04,888732550365,3325,1,127543,834
OF1,64,ClassicImages,08-05,1125330278056,3468,1,124300,993
OF1,64,ClassicImages,08-07,1188449535199,4777,1,133891,1437
OF1,64,ClassicImages,08-10,1513217775641,4445,1,128173,1615
OF1,64,ClassicImages,09-02,2032536913223,2865,1,129960,581
OF1,64,ClassicImages,09-03,2406954622370,3199,1,122353,965
OF1,64,ClassicImages,09-04,2299181820214,3170,1,121529,787
OF1,64,ClassicImages,09-05,1906825298287,2674,1,114010,487
OF1,64,ClassicImages,09-06,2017605138837,3624,1,132606,741
OF1,64,ClassicImages,09-07,1830277204574,2995,1,116339,744
OF1,64,ClassicImages,09-08,2676768805595,2877,1,120420,562
OF1,64,ClassicImages,09-10,2951865378671,3668,1,130365,1178
OF1,64,GRFmoderate,01-02,1587947829345,3706,1,120165,805
OF1,64,GRFmoderate,01-03,1245776267821,3786,1,123120,1114
OF1,64,GRFmoderate,01-04,1321747307651,3321,1,138718,892
OF1,64,GRFmoderate,01-05,1608520228750,2840,1,121168,510
OF1,64,GRFmoderate,01-06,2147452330968,2819,1,101291,515
OF1,64,GRFmoderate,01-07,1529971122870,3754,1,131222,1240
OF1,64,GRFmoderate,01-08,1908145800542,3459,1,139678,1152
OF1,64,GRFmoderate,01-09,1528486038499,3194,1,124818,1113
OF1,64,GRFmoderate,01-10,1906764492456,3299,1,131882,1277
OF1,64,GRFmoderate,02-03,1501060284905,3799,1,125329,833
OF1,64,GRFmoderate,02-04,2238627699241,2557,1,121773,580
OF1,64,GRFmoderate,02-05,2118732661175,3494,1,129426,758
OF1,64,GRFmoderate,02-07,1962053656606,4058,1,135287,1378
OF1,64,GRFmoderate,02-10,2797317824183,3070,1,117951,769
OF1,64,GRFmoderate,03-07,1474849931647,3252,1,126984,1003
OF1,64,GRFmoderate,03-10,2179979770929,2705,1,124672,716
OF1,64,GRFmoderate,04-03,1999434438166,3190,1,130320,894
OF1,64,GRFmoderate,04-07,1702306119303,3911,1,135735,1126
OF1,64,GRFmoderate,04-10,1137785417836,4652,1,149306,1722
OF1,64,GRFmoderate,05-03,1295935498137,4206,1,132246,1219
OF1,64,GRFmoderate,05-04,2246808832916,3299,1,129801,729
OF1,64,GRFmoderate,05-07,1082470255574,4930,1,152292,1721
OF1,64,GRFmoderate,05-10,2115513861763,3581,1,133173,839
OF1,64,GRFmoderate,06-02,2405164628826,2918,1,119382,613
OF1,64,GRFmoderate,06-03,1659032213686,3060,1,124369,653
OF1,64,GRFmoderate,06-04,2594181228593,3933,1,136788,988
OF1,64,GRFmoderate,06-05,893301231240,2861,1,124381,876
OF1,64,GRFmoderate,06-07,1524596181805,3291,1,138640,1064
OF1,64,GRFmoderate,06-08,1395637169301,3604,1,136166,1242
OF1,64,GRFmoderate,06-10,2380512888409,4732,1,151878,1235
OF1,64,GRFmoderate,07-10,1522621140231,4409,1,157399,1515
OF1,64,GRFmoderate,08-02,1843172628332,4353,1,126976,1072
OF1,64,GRFmoderate,08-03,1327372020528,3878,1,124056,944
OF1,64,GRFmoderate,08-04,2626935344637,3574,1,122872,823
OF1,64,GRFmoderate,08-05,1277586520411,3692,1,127239,1105
OF1,64,GRFmoderate,08-07,1351075108941,3839,1,136270,846
OF1,64,GRFmoderate,08-10,2616323138874,3656,1,132178,688
OF1,64,GRFmoderate,09-02,2215428380859,3071,1,125060,850
OF1,64,GRFmoderate,09-03,1635033984379,2755,1,129791,696
OF1,64,GRFmoderate,09-04,1316434868118,3082,1,137181,775
OF1,64,GRFmoderate,09-05,1325859253029,3980,1,135819,1580
OF1,64,GRFmoderate,09-06,1633572599834,2869,1,130943,572
OF1,64,GRFmoderate,09-07,869904875357,3326,1,129595,1168
OF1,64,GRFmoderate,09-08,1836258009876,2760,1,122943,637
OF1,64,GRFmoderate,09-10,1142204972437,3200,1,132485,989
OF1,64,GRFrough,01-02,452581794007,4547,1,170491,1118
OF1,64,GRFrough,01-03,631941731636,3169,1,120498,885
OF1,64,GRFrough,01-04,650412393179,4169,1,148234,1289
OF1,64,GRFrough,01-05,411038457628,2677,1,112015,559
OF1,64,GRFrough,01-06,481454118384,3451,1,137718,878
OF1,64,GRFrough,01-07,650060467149,3840,1,127284,1206
OF1,64,GRFrough,01-08,434038374397,3497,1,126716,935
OF1,64,GRFrough,01-09,444965432991,3905,1,129218,1150
OF1,64,GRFrough,01-10,519754349351,3440,1,124646,844
OF1,64,GRFrough,02-03,528041798093,4288,1,136440,1018
OF1,64,GRFrough,02-04,634590853248,3761,1,135629,1179
OF1,64,GRFrough,02-05,554041370566,2683,1,119323,608
OF1,64,GRFrough,02-07,505772722060,4175,2,151069,1065
OF1,64,GRFrough,02-10,673415428604,4482,1,129155,1436
OF1,64,GRFrough,03-07,426728677692,3205,1,124675,625
OF1,64,GRFrough,03-10,694242856815,2824,1,115662,581
OF1,64,GRFrough,04-03,552358327099,3487,1,132983,982
OF1,64,GRFrough,04-07,501597861464,3195,1,129165,691
OF1,64,GRFrough,04-10,680606037915,3747,1,123883,805
OF1,64,GRFrough,05-03,699444515405,3595,1,134760,863
OF1,64,GRFrough,05-04,636305059675,3578,1,125045,886
OF1,64,GRFrough,05-07,705214757490,3059,1,119333,543
OF1,64,GRFrough,05-10,431307582774,2636,1,106115,506
OF1,64,GRFrough,06-02,598182969925,3370,1,115961,826
OF1,64,GRFrough,06-03,705991201475,3326,1,132244,834
OF1,64,GRFrough,06-04,658456718333,3710,1,139588,876
OF1,64,GRFrough,06-05,349291287413,5023,1,143082,1188
OF1,64,GRFrough,06-07,794899500179,3188,1,133105,812
OF1,64,GRFrough,06-08,563791345697,3825,1,110271,827
OF1,64,GRFrough,06-10,392993469369,2877,1,114309,545
OF1,64,GRFrough,07-10,746266060214,2380,1,111025,560
OF1,64,GRFrough,08-02,593172741341,3044,1,117742,756
OF1,64,GRFrough,08-03,686673836939,3923,1,143410,871
OF1,64,GRFrough,08-04,677305569676,3997,1,119538,938
OF1,64,GRFrough,08-05,497354031542,3824,1,132622,1090
OF1,64,GRFrough,08-07,646271809038,3694,1,125588,767
OF1,64,GRFrough,08-10,490232870729,3837,1,119717,963
OF1,64,GRFrough,09-02,531855214099,2703,2,121677,639
OF1,64,GRFrough,09-03,727417517758,3901,1,141061,1027
OF1,64,GRFrough,09-04,668052935773,3642,1,126435,870
OF1,64,GRFrough,09-05,300923953434,2983,1,113923,641
OF1,64,GRFrough,09-06,365977322435,4305,1,129733,1072
OF1,64,GRFrough,09-07,721479170969,3711,1,131679,716
OF1,64,GRFrough,09-08,534133854616,3364,1,114905,958
OF1,64,GRFrough,09-10,437309503118,3099,1,120927,597
OF1,64,GRFsmooth,01-02,5297057360225,5386,1,134255,1149
OF1,64,GRFsmooth,01-03,1913657792704,4315,1,127048,1041
OF1,64,GRFsmooth,01-04,4674171121480,3972,1,123518,1089
OF1,64,GRFsmooth,01-05,4057451613673,5020,1,150961,2127
OF1,64,GRFsmooth,01-06,1915760468740,2643,1,129263,663
OF1,64,GRFsmooth,01-07,2721228824028,4475,1,134034,1834
OF1,64,GRFsmooth,01-08,2534625112002,5005,1,174279,1904
OF1,64,GRFsmooth,01-09,2107048301960,3822,1,125532,967
OF1,64,GRFsmooth,01-10,3672225748908,2596,1,120950,625
OF1,64,GRFsmooth,02-03,4212587703429,4408,1,134519,1043
OF1,64,GRFsmooth,02-04,2479896800332,5397,1,123604,2135
OF1,64,GRFsmooth,02-05,3424238927238,4305,1,124786,1426
OF1,64,GRFsmooth,02-07,5547066022081,3788,1,126110,655
OF1,64,GRFsmooth,02-10,3553472976582,3725,1,120539,708
OF1,64,GRFsmooth,03-07,2874559196106,3688,1,122994,977
OF1,64,GRFsmooth,03-10,2780074459666,4342,1,159045,1840
OF1,64,GRFsmooth,04-03,3604261148335,3335,1,127048,792
OF1,64,GRFsmooth,04-07,5180192001680,3673,1,109251,581
OF1,64,GRFsmooth,04-10,3745012261152,4855,1,139798,1796
OF1,64,GRFsmooth,05-03,3682727014252,4672,1,147577,1736
OF1,64,GRFsmooth,05-04,2965490408811,3650,1,122002,910
OF1,64,GRFsmooth,05-07,3551904129499,3572,1,124266,777
OF1,64,GRFsmooth,05-10,2280256480557,4579,1,134905,1505
OF1,64,GRFsmooth,06-02,4345207123734,4257,1,131951,1184
OF1,64,GRFsmooth,06-03,2039206900789,3038,1,115015,951
OF1,64,GRFsmooth,06-04,4179762606991,4455,1,125775,1073
OF1,64,GRFsmooth,06-05,3409328418196,2960,1,117845,748
OF1,64,GRFsmooth,06-07,2186697701990,3813,1,124881,824
OF1,64,GRFsmooth,06-08,1938416774896,3839,1,135200,1377
OF1,64,GRFsmooth,06-10,2603053906446,4569,1,118219,2267
OF1,64,GRFsmooth,07-10,2444362004411,3245,1,132629,791
OF1,64,GRFsmooth,08-02,4011797573436,3665,1,124360,684
OF1,64,GRFsmooth,08-03,1610297204330,3817,1,140609,1344
OF1,64,GRFsmooth,08-04,4048003911882,3261,1,112243,715
OF1,64,GRFsmooth,08-05,3921024347933,4300,1,114240,1234
OF1,64,GRFsmooth,08-07,2821552928408,3613,1,127765,918
OF1,64,GRFsmooth,08-10,2145270271630,5266,1,152979,2377
OF1,64,GRFsmooth,09-02,4211625393345,3408,1,129768,824
OF1,64,GRFsmooth,09-03,1251800430402,3828,1,124534,1289
OF1,64,GRFsmooth,09-04,3783728345286,4148,1,130971,1513
OF1,64,GRFsmooth,09-05,4202218314121,3657,1,125514,1083
OF1,64,GRFsmooth,09-06,1866761065451,3778,1,127787,1322
OF1,64,GRFsmooth,09-07,3404416437192,3290,1,125313,768
OF1,64,GRFsmooth,09-08,1964822961148,3437,1,136130,842
OF1,64,GRFsmooth,09-10,3283010477409,3344,1,132299,1098
OF1,64,LogGRF,01-02,4413971397729,3429,1,116106,1140
OF1,64,LogGRF,01-03,4773398278773,3905,1,135760,1592
OF1,64,LogGRF,01-04,6430597192246,3586,1,144111,829
OF1,64,LogGRF,01-05,5099953822104,3348,1,130692,917
OF1,64,LogGRF,01-06,4943849501683,4257,1,127436,2138
OF1,64,LogGRF,01-07,3089737491242,3377,1,124502,909
OF1,64,LogGRF,01-08,3360381636524,4136,1,143636,1155
OF1,64,LogGRF,01-09,5022200296555,3650,1,131286,961
OF1,64,LogGRF,01-10,4580581105265,3151,1,132744,770
OF1,64,LogGRF,02-03,5306059466673,3944,1,134037,1255
OF1,64,LogGRF,02-04,8597918892762,4080,1,140691,927
OF1,64,LogGRF,02-05,7073531615396,4601,1,149770,857
OF1,64,LogGRF,02-07,4100752005590,4017,1,129324,1074
OF1,64,LogGRF,02-10,5793649935291,3733,1,130647,901
OF1,64,LogGRF,03-07,2747100395147,4092,1,133126,1481
OF1,64,LogGRF,03-10,2460384483948,4794,1,117516,1300
OF1,64,LogGRF,04-03,4548391866643,3389,1,114396,693
OF1,64,LogGRF,04-07,5515605355848,3944,1,137724,1021
OF1,64,LogGRF,04-10,5226260654190,4039,1,116580,1409
OF1,64,LogGRF,05-03,3376828870413,3545,1,126465,836
OF1,64,LogGRF,05-04,3026732919546,5279,1,128749,1335
OF1,64,LogGRF,05-07,4047026440701,3736,1,138309,1009
OF1,64,LogGRF,05-10,3420423714813,2985,1,118297,737
OF1,64,LogGRF,06-02,6259665047923,3546,1,135307,910
OF1,64,LogGRF,06-03,1857392157829,3736,1,123308,1024
OF1,64,LogGRF,06-04,3388397307933,3481,1,126596,1134
OF1,64,LogGRF,06-05,2405874195226,3621,1,136857,1265
OF1,64,LogGRF,06-07,3047187375409,3351,1,127988,1090
OF1,64,LogGRF,06-08,3121778633810,3807,1,138536,1235
OF1,64,LogGRF,06-10,2609902986421,3739,1,122630,996
OF1,64,LogGRF,07-10,3391423276777,5276,1,146450,2427
OF1,64,LogGRF,08-02,6343456509286,2659,1,112991,535
OF1,64,LogGRF,08-03,4064461267726,3431,1,130612,934
OF1,64,LogGRF,08-04,3832687600359,5887,1,159020,3129
OF1,64,LogGRF,08-05,3024377273237,2619,1,113943,732
OF1,64,LogGRF,08-07,3451346462176,2817,1,112337,735
OF1,64,LogGRF,08-10,3918799413711,3950,1,130826,1469
OF1,64,LogGRF,09-02,4019492892097,4046,1,148169,1470
OF1,64,LogGRF,09-03,3242691767704,3406,1,122467,1376
OF1,64,LogGRF,09-04,5516402871527,2739,1,118071,633
OF1,64,LogGRF,09-05,4565356708895,3674,1,130584,1150
OF1,64,LogGRF,09-06,3477364194211,3761,1,133357,1190
OF1,64,LogGRF,09-07,3408640118832,5067,1,133766,1763
OF1,64,LogGRF,09-08,4826185827204,3575,1,123387,1003
OF1,64,LogGRF,09-10,4687613809386,4228,1,132876,1671
OF1,64,LogitGRF,01-02,1703422463193,2729,1,110603,623
OF1,64,LogitGRF,01-03,3022664827816,4084,1,136363,1073
OF1,64,LogitGRF,01-04,3260474197838,3348,1,116655,995
OF1,64,LogitGRF,01-05,1609123655028,4004,1,137918,1365
OF1,64,LogitGRF,01-06,1839145346825,3114,1,125722,894
OF1,64,LogitGRF,01-07,4087198064406,3694,1,125752,890
OF1,64,LogitGRF,01-08,2365185324975,2929,1,118018,751
OF1,64,LogitGRF,01-09,2242341366828,5915,1,141639,2262
OF1,64,LogitGRF,01-10,2745184640811,3209,1,125106,945
OF1,64,LogitGRF,02-03,2952691724222,4011,1,127582,1520
OF1,64,LogitGRF,02-04,2972703128162,3543,1,120381,1197
OF1,64,LogitGRF,02-05,2155845848846,3511,1,116146,939
OF1,64,LogitGRF,02-07,3761680835654,4047,1,128272,899
OF1,64,LogitGRF,02-10,2689369288363,3328,1,114844,754
OF1,64,LogitGRF,03-07,2090136534895,3186,1,118509,865
OF1,64,LogitGRF,03-10,1262521953321,3586,1,134726,1258
OF1,64,LogitGRF,04-03,2266251737066,5029,1,146101,1967
OF1,64,LogitGRF,04-07,2159201534639,3215,1,126485,883
OF1,64,LogitGRF,04-10,1477412071987,4131,1,133768,1280
OF1,64,LogitGRF,05-03,2836662510348,4391,1,137733,1400
OF1,64,LogitGRF,05-04,2661368312031,3786,1,123190,911
OF1,64,LogitGRF,05-07,3633600399909,3902,1,133021,921
OF1,64,LogitGRF,05-10,2345004196559,3191,1,123031,728
OF1,64,LogitGRF,06-02,1923339635328,3525,1,113973,1126
OF1,64,LogitGRF,06-03,3296019188181,5145,1,144884,2038
OF1,64,LogitGRF,06-04,3301069518953,3810,1,123197,1300
OF1,64,LogitGRF,06-05,1810817083285,3588,1,115969,820
OF1,64,LogitGRF,06-07,4222610193154,5146,1,139213,1466
OF1,64,LogitGRF,06-08,2249144308913,3454,1,118689,1020
OF1,64,LogitGRF,06-10,2846349937053,4462,1,143634,1581
OF1,64,LogitGRF,07-10,1814786707555,4468,1,135009,1769
OF1,64,LogitGRF,08-02,2422620342729,3533,1,122529,732
OF1,64,LogitGRF,08-03,3463453166383,4481,1,127399,2015
OF1,64,LogitGRF,08-04,2360765345015,3833,1,130834,869
OF1,64,LogitGRF,08-05,1889298097874,3601,1,125942,1044
OF1,64,LogitGRF,08-07,3885451602718,3554,1,128802,916
OF1,64,LogitGRF,08-10,2732100437731,2771,1,120966,686
OF1,64,LogitGRF,09-02,2381492612002,4180,1,128792,1516
OF1,64,LogitGRF,09-03,1684359436554,3401,1,122049,1214
OF1,64,LogitGRF,09-04,1910836785893,3092,1,120464,910
OF1,64,LogitGRF,09-05,1993415423710,3688,1,134686,1261
OF1,64,LogitGRF,09-06,2541406926194,3344,1,122200,952
OF1,64,LogitGRF,09-07,2384447743957,4523,1,131099,1275
OF1,64,LogitGRF,09-08,2253039809959,3311,1,121740,1317
OF1,64,LogitGRF,09-10,1333910026421,3437,1,119325,776
OF1,64,MicroscopyImages,01-02,1933037880809,467,0,31591,428
OF1,64,MicroscopyImages,01-03,2913786476146,241,0,18281,345
OF1,64,MicroscopyImages,01-04,3153047709639,357,0,27996,316
OF1,64,MicroscopyImages,01-05,5863531025202,198,0,18274,288
OF1,64,MicroscopyImages,01-06,5612320711696,398,0,28540,420
OF1,64,MicroscopyImages,01-07,3058514524690,506,0,29581,687
OF1,64,MicroscopyImages,01-08,3650626027421,517,0,39987,473
OF1,64,MicroscopyImages,01-09,7695100332637,211,0,17467,227
OF1,64,MicroscopyImages,01-10,6329927187984,459,0,35689,359
OF1,64,MicroscopyImages,02-03,2170464758729,512,0,32181,505
OF1,64,MicroscopyImages,02-04,2883756037376,987,1,56530,591
OF1,64,MicroscopyImages,02-05,4908976186911,457,0,33877,382
OF1,64,MicroscopyImages,02-07,2501047169748,1119,0,48190,848
OF1,64,MicroscopyImages,02-10,5540044862079,1225,1,65574,572
OF1,64,MicroscopyImages,03-07,2192286373935,448,0,29040,530
OF1,64,MicroscopyImages,03-10,4277400131119,606,0,43488,506
OF1,64,MicroscopyImages,04-03,2024651660949,448,0,34071,420
OF1,64,MicroscopyImages,04-07,3115113651894,1080,0,50615,839
OF1,64,MicroscopyImages,04-10,3605880416081,784,1,49188,329
OF1,64,MicroscopyImages,05-03,3524903057245,243,0,20166,329
OF1,64,MicroscopyImages,05-04,3423885169647,518,0,31614,524
OF1,64,MicroscopyImages,05-07,4748714785186,413,0,31844,484
OF1,64,MicroscopyImages,05-10,2619748054248,634,0,38735,510
OF1,64,MicroscopyImages,06-02,5149652433058,843,0,51888,494
OF1,64,MicroscopyImages,06-03,4114613075499,506,0,34208,498
OF1,64,MicroscopyImages,06-04,2999307391786,731,0,41919,394
OF1,64,MicroscopyImages,06-05,2442054261902,393,0,29021,419
OF1,64,MicroscopyImages,06-07,5266205612655,723,0,48354,470
OF1,64,MicroscopyImages,06-08,5406339046079,1054,1,62929,607
OF1,64,MicroscopyImages,06-10,2371726484262,856,1,48775,421
OF1,64,MicroscopyImages,07-10,5451472021700,845,1,53881,434
OF1,64,MicroscopyImages,08-02,2529021911286,1091,1,61849,680
OF1,64,MicroscopyImages,08-03,2233731565815,496,0,37848,417
OF1,64,MicroscopyImages,08-04,3610028766017,944,1,60419,517
OF1,64,MicroscopyImages,08-05,4517215059933,640,0,43450,561
OF1,64,MicroscopyImages,08-07,1426292299736,1047,1,52207,637
OF1,64,MicroscopyImages,08-10,5262818256291,1488,1,73293,544
OF1,64,MicroscopyImages,09-02,6732046577118,660,0,39248,491
OF1,64,MicroscopyImages,09-03,5396010944121,264,0,22168,312
OF1,64,MicroscopyImages,09-04,5155035200875,486,0,31308,345
OF1,64,MicroscopyImages,09-05,3641341154263,278,0,22345,325
OF1,64,MicroscopyImages,09-06,3911287705934,476,0,31340,444
OF1,64,MicroscopyImages,09-07,6466455185640,446,0,34044,367
OF1,64,MicroscopyImages,09-08,6065603354691,755,0,50516,497
OF1,64,MicroscopyImages,09-10,1980076094442,652,0,40348,387
OF1,64,Shapes,01-02,3761703152000,2177,1,78532,1682
OF1,64,Shapes,01-03,661218000000,767,1,52616,237
OF1,64,Shapes,01-04,2635573393625,3892,1,93386,2799
OF1,64,Shapes,01-05,2020997141137,1305,1,88175,423
OF1,64,Shapes,01-06,4885707600000,1220,1,95817,367
OF1,64,Shapes,01-07,3445903605052,1721,1,90907,652
OF1,64,Shapes,01-08,2777837723233,1005,1,72906,480
OF1,64,Shapes,01-09,1816923600000,1284,1,84993,355
OF1,64,Shapes,01-10,1128737854197,1723,1,81592,666
OF1,64,Shapes,02-03,3775127856000,731,0,46227,484
OF1,64,Shapes,02-04,1228244787651,545,0,44264,177
OF1,64,Shapes,02-05,4466036637098,783,0,47708,671
OF1,64,Shapes,02-07,3618592877774,1007,0,56502,784
OF1,64,Shapes,02-10,4282528170073,720,0,50763,406
OF1,64,Shapes,03-07,3490280055972,1070,1,70746,715
OF1,64,Shapes,03-10,1285017332704,830,1,52120,360
OF1,64,Shapes,04-03,2672276707461,1066,1,58189,755
OF1,64,Shapes,04-07,3264657445338,1169,1,78155,481
OF1,64,Shapes,04-10,3142263030962,2295,1,83967,2724
OF1,64,Shapes,05-03,2074974882391,733,0,64054,388
OF1,64,Shapes,05-04,3293049404345,2289,1,62923,2921
OF1,64,Shapes,05-07,3994971609563,1297,1,70314,970
OF1,64,Shapes,05-10,2169436235431,1161,0,68376,703
OF1,64,Shapes,06-02,4614142224000,761,0,60549,573
OF1,64,Shapes,06-03,4901329800000,1011,0,80586,574
OF1,64,Shapes,06-04,4425880294942,879,1,65342,474
OF1,64,Shapes,06-05,5146550274460,864,0,91165,471
OF1,64,Shapes,06-07,7642591175087,1407,0,96664,738
OF1,64,Shapes,06-08,4609379525989,563,0,53573,436
OF1,64,Shapes,06-10,5034161044137,1357,0,121125,734
OF1,64,Shapes,07-10,3739652566870,1339,1,77510,900
OF1,64,Shapes,08-02,1771554713405,416,0,32825,437
OF1,64,Shapes,08-03,2810418115382,884,0,44513,738
OF1,64,Shapes,08-04,1140406275471,591,0,40198,441
OF1,64,Shapes,08-05,2992125727277,817,0,40550,1119
OF1,64,Shapes,08-07,3418959273438,880,0,54915,846
OF1,64,Shapes,08-10,3428930465738,712,0,46222,697
OF1,64,Shapes,09-02,4105034336000,707,0,49337,480
OF1,64,Shapes,09-03,1861470800000,666,0,56330,297
OF1,64,Shapes,09-04,3203137960472,1501,1,70175,1138
OF1,64,Shapes,09-05,2750655501402,934,0,74427,494
OF1,64,Shapes,09-06,5075084000000,1025,0,90944,603
OF1,64,Shapes,09-07,3859935056691,1376,1,73824,853
OF1,64,Shapes,09-08,3312279739180,815,0,53257,779
OF1,64,Shapes,09-10,2136910932614,932,0,56174,510
OF1,64,WhiteNoise,01-02,245363033670,3596,1,116303,696
OF1,64,WhiteNoise,01-03,247737532099,3859,1,110832,806
OF1,64,WhiteNoise,01-04,272130427874,4006,1,118757,823
OF1,64,WhiteNoise,01-05,272157736657,3923,1,122692,793
OF1,64,WhiteNoise,01-06,260097810597,3601,1,117902,734
OF1,64,WhiteNoise,01-07,357909445388,3612,1,121406,793
OF1,64,WhiteNoise,01-08,311019961042,2615,1,109738,566
OF1,64,WhiteNoise,01-09,290591373588,3726,1,124187,815
OF1,64,WhiteNoise,01-10,295542271238,3923,1,131386,837
OF1,64,WhiteNoise,02-03,283852277029,2882,1,105150,522
OF1,64,WhiteNoise,02-04,303732973620,2226,1,100684,423
OF1,64,WhiteNoise,02-05,276121003013,3243,1,113388,678
OF1,64,WhiteNoise,02-07,330335743829,3151,1,118232,671
OF1,64,WhiteNoise,02-10,305780170982,3569,1,115162,777
OF1,64,WhiteNoise,03-07,375280623011,3239,1,116243,663
OF1,64,WhiteNoise,03-10,323626758518,3389,1,116085,749
OF1,64,WhiteNoise,04-03,257943632786,3059,1,101718,600
OF1,64,WhiteNoise,04-07,347170394351,3473,1,112546,693
OF1,64,WhiteNoise,04-10,293940873389,2791,1,92071,530
OF1,64,WhiteNoise,05-03,271272677144,4543,1,134117,926
OF1,64,WhiteNoise,05-04,280191432226,4252,1,128612,845
OF1,64,WhiteNoise,05-07,295464679242,3872,1,122012,744
OF1,64,WhiteNoise,05-10,256359741139,3320,1,108639,595
OF1,64,WhiteNoise,06-02,246790579470,2367,1,97900,390
OF1,64,WhiteNoise,06-03,288059431860,3081,1,103065,597
OF1,64,WhiteNoise,06-04,271152270983,3395,1,96664,629
OF1,64,WhiteNoise,06-05,262101081129,4423,1,133565,863
OF1,64,WhiteNoise,06-07,270386824871,3322,1,117529,639
OF1,64,WhiteNoise,06-08,261052633068,3400,1,108747,644
OF1,64,WhiteNoise,06-10,275050371286,2840,1,101690,482
OF1,64,WhiteNoise,07-10,264914314246,3147,1,111526,652
OF1,64,WhiteNoise,08-02,321729913398,3328,1,122441,679
OF1,64,WhiteNoise,08-03,309762362025,2740,1,113845,549
OF1,64,WhiteNoise,08-04,261072617114,3369,1,109432,704
OF1,64,WhiteNoise,08-05,289564282929,3173,1,99322,630
OF1,64,WhiteNoise,08-07,278888168807,3689,1,111790,784
OF1,64,WhiteNoise,08-10,268728138733,2619,1,102178,510
OF1,64,WhiteNoise,09-02,317312248838,3434,1,114889,689
OF1,64,WhiteNoise,09-03,291549084250,3692,1,113562,828
OF1,64,WhiteNoise,09-04,247412557394,2631,1,86529,459
OF1,64,WhiteNoise,09-05,299051975851,3068,1,111716,669
OF1,64,WhiteNoise,09-06,266336102255,4501,1,123033,893
OF1,64,WhiteNoise,09-07,317155592220,3068,1,105272,616
OF1,64,WhiteNoise,09-08,255076297419,2379,1,98601,422
OF1,64,WhiteNoise,09-10,303166476022,3369,1,111359,655
OF1,128,CauchyDensity,01-06,77963299850289,72058,5,1033803,4707
OF1,128,CauchyDensity,01-10,61875262685587,71217,5,822813,6021
OF1,128,CauchyDensity,02-01,30812793496257,102830,5,874631,10781
OF1,128,CauchyDensity,02-04,51195433057164,84212,5,791557,2517
OF1,128,CauchyDensity,02-06,65514207500694,88065,5,896680,4216
OF1,128,CauchyDensity,02-10,57192961117153,65381,4,721353,3102
OF1,128,CauchyDensity,03-01,73696269732703,112558,5,2714218,8770
OF1,128,CauchyDensity,03-02,59516838218496,70035,5,890850,2465
OF1,128,CauchyDensity,03-04,18384075888514,130080,5,916163,10662
OF1,128,CauchyDensity,03-06,17094008844641,73763,5,730492,5347
OF1,128,CauchyDensity,03-07,16893881607251,74704,5,845259,6178
OF1,128,CauchyDensity,03-08,25833169795630,83757,5,831881,7113
OF1,128,CauchyDensity,03-09,25173056046715,86081,5,795800,5379
OF1,128,CauchyDensity,03-10,39628022461514,111809,5,773182,7647
OF1,128,CauchyDensity,04-01,63030129283372,97601,5,1078448,4777
OF1,128,CauchyDensity,04-06,20596577009951,62135,5,646603,2936
OF1,128,CauchyDensity,04-10,40929794269548,77061,5,689243,2684
OF1,128,CauchyDensity,05-01,56014326624270,89322,5,1242702,8175
OF1,128,CauchyDensity,05-02,45310007026125,96743,5,904107,6470
OF1,128,CauchyDensity,05-03,30672106912821,75493,6,728726,4392
OF1,128,CauchyDensity,05-04,23552431785544,51295,4,641785,2242
OF1,128,CauchyDensity,05-06,27544619876812,53273,5,631651,1950
OF1,128,CauchyDensity,05-07,18809364503402,99115,5,778773,5652
OF1,128,CauchyDensity,05-08,12498458319466,123155,5,888525,8459
OF1,128,CauchyDensity,05-09,24317766472158,65408,5,654884,2589
OF1,128,CauchyDensity,05-10,44217068822603,108134,5,692601,2266
OF1,128,CauchyDensity,07-01,65653384149236,121987,5,1281825,8252
OF1,128,CauchyDensity,07-02,52813762999471,76071,5,929171,4114
OF1,128,CauchyDensity,07-04,13411305066066,55388,5,572858,2409
OF1,128,CauchyDensity,07-06,13608330559134,68884,5,707963,2111
OF1,128,CauchyDensity,07-10,36246294552419,75376,4,618436,1968
OF1,128,CauchyDensity,08-01,56231166872867,115236,5,1307786,8625
OF1,128,CauchyDensity,08-02,44935745936252,88487,5,977107,8118
OF1,128,CauchyDensity,08-04,18763135084420,91139,4,621984,9299
OF1,128,CauchyDensity,08-06,24479717566067,83074,5,660065,2192
OF1,128,CauchyDensity,08-07,11272390035382,67165,4,820773,2888
OF1,128,CauchyDensity,08-10,33278492795992,75427,5,653570,2112
OF1,128,CauchyDensity,09-01,72863850813014,114523,5,1277282,6143
OF1,128,CauchyDensity,09-02,62968921752438,105542,4,1017071,5802
OF1,128,CauchyDensity,09-04,18630730462643,96165,5,675417,4947
OF1,128,CauchyDensity,09-06,12646547887306,88403,5,894112,5136
OF1,128,CauchyDensity,09-07,12779102989005,66883,4,740861,2555
OF1,128,CauchyDensity,09-08,21176136549638,59262,5,649465,1849
OF1,128,CauchyDensity,09-10,45291741454828,121824,5,614287,2770
OF1,128,CauchyDensity,10-06,42692842755151,89235,5,600374,2630
OF1,128,ClassicImages,01-06,18645112594246,90798,5,924964,7832
OF1,128,ClassicImages,01-10,18563499273621,103581,5,1003717,8098
OF1,128,ClassicImages,02-01,13206694367645,91940,5,944728,7776
OF1,128,ClassicImages,02-04,5673372720574,82102,4,811549,4949
OF1,128,ClassicImages,02-06,6691698021871,39751,4,661220,1754
OF1,128,ClassicImages,02-10,10982106645912,110013,5,706484,4454
OF1,128,ClassicImages,03-01,14768389887219,84916,5,717233,4413
OF1,128,ClassicImages,03-02,10258678098769,105868,5,717216,4898
OF1,128,ClassicImages,03-04,8489030441482,194727,5,738375,7175
OF1,128,ClassicImages,03-06,11684227895866,75903,5,724098,3225
OF1,128,ClassicImages,03-07,12476695498653,72327,5,680589,3044
OF1,128,ClassicImages,03-08,10343178878721,121252,4,692227,4038
OF1,128,ClassicImages,03-09,19261299686961,83898,5,804582,4745
OF1,128,ClassicImages,03-10,16076139528521,105532,4,694388,5263
OF1,128,ClassicImages,04-01,10866773043380,70852,5,726365,4510
OF1,128,ClassicImages,04-06,10358148166491,80069,4,823123,4758
OF1,128,ClassicImages,04-10,14296530070605,165344,5,790895,7928
OF1,128,ClassicImages,05-01,12522807904697,72739,4,739985,3063
OF1,128,ClassicImages,05-02,5743010652191,74558,5,777587,4390
OF1,128,ClassicImages,05-03,9556461438684,85685,6,762090,7417
OF1,128,ClassicImages,05-04,6931031311429,82287,4,810167,5154
OF1,128,ClassicImages,05-06,8784823286820,73059,5,852264,4825
OF1,128,ClassicImages,05-07,6672373462404,71279,5,763225,4217
OF1,128,ClassicImages,05-08,9008630815202,84690,5,782975,5352
OF1,128,ClassicImages,05-09,15259404860920,58883,5,692295,2329
OF1,128,ClassicImages,05-10,13911921114858,81505,5,701732,3804
OF1,128,ClassicImages,07-01,14894533644273,97854,5,755928,4890
OF1,128,ClassicImages,07-02,6556387310073,79742,4,812941,5830
OF1,128,ClassicImages,07-04,9684796622234,88779,5,752366,4643
OF1,128,ClassicImages,07-06,8445711952337,65306,5,834470,6277
OF1,128,ClassicImages,07-10,12000191091797,108772,4,781425,6378
OF1,128,ClassicImages,08-01,11907678255251,87914,5,950680,6770
OF1,128,ClassicImages,08-02,7508434309823,64538,4,777797,3223
OF1,128,ClassicImages,08-04,7116201888494,66844,4,720428,3354
OF1,128,ClassicImages,08-06,10018194379967,69641,5,737222,3383
OF1,128,ClassicImages,08-07,9513296149889,82616,5,799582,5544
OF1,128,ClassicImages,08-10,12114936622660,105479,4,767781,6414
OF1,128,ClassicImages,09-01,21870505265167,93817,5,759128,3932
OF1,128,ClassicImages,09-02,16263210078575,74675,4,724757,2506
OF1,128,ClassicImages,09-04,18398249756278,90725,4,744168,4681
OF1,128,ClassicImages,09-06,16143212846843,78317,5,775629,2911
OF1,128,ClassicImages,09-07,14647337691591,68106,5,669170,3653
OF1,128,ClassicImages,09-08,21417660911901,95404,5,668517,2498
OF1,128,ClassicImages,09-10,23620331569406,101529,5,802842,8086
OF1,128,ClassicImages,10-06,10865574426979,93855,5,789645,7044
OF1,128,GRFmoderate,01-06,18004323104391,73658,5,811644,2864
OF1,128,GRFmoderate,01-10,13025131748517,71463,5,803400,3578
OF1,128,GRFmoderate,02-01,16732468400280,79791,5,743273,8005
OF1,128,GRFmoderate,02-04,11973171667197,71817,5,749212,4628
OF1,128,GRFmoderate,02-06,18211035937440,97919,5,816214,5486
OF1,128,GRFmoderate,02-10,7223653228073,61712,4,689862,3693
OF1,128,GRFmoderate,03-01,16688563299008,54402,5,666416,2917
OF1,128,GRFmoderate,03-02,11799641301110,95826,4,869302,4993
OF1,128,GRFmoderate,03-04,9785291942801,76364,4,734363,3835
OF1,128,GRFmoderate,03-06,11501493052799,110612,5,848699,5278
OF1,128,GRFmoderate,03-07,13104137894084,73521,5,804145,5330
OF1,128,GRFmoderate,03-08,11063019823572,80396,4,928154,6978
OF1,128,GRFmoderate,03-09,12287439884137,85772,5,819499,3803
OF1,128,GRFmoderate,03-10,11270154230759,60576,5,761673,3843
OF1,128,GRFmoderate,04-01,12792022868696,75830,4,759579,3751
OF1,128,GRFmoderate,04-06,11744087178498,90100,5,820768,6680
OF1,128,GRFmoderate,04-10,8873743298105,61526,5,687075,3595
OF1,128,GRFmoderate,05-01,16998601269615,65356,5,766996,4465
OF1,128,GRFmoderate,05-02,9164391833923,104498,5,717012,3907
OF1,128,GRFmoderate,05-03,10204488340916,91997,6,760973,6936
OF1,128,GRFmoderate,05-04,12221432143446,88420,4,818525,4682
OF1,128,GRFmoderate,05-06,15417159063306,85323,5,833391,5341
OF1,128,GRFmoderate,05-07,13762206849961,64975,5,730432,3200
OF1,128,GRFmoderate,05-08,12088026701749,97829,5,920414,8504
OF1,128,GRFmoderate,05-09,13879594007581,66634,5,805137,3749
OF1,128,GRFmoderate,05-10,10317167375880,70299,5,709798,3915
OF1,128,GRFmoderate,07-01,5033811539606,64932,4,883925,5908
OF1,128,GRFmoderate,07-02,13419479742561,53877,5,686910,2317
OF1,128,GRFmoderate,07-04,9752516526886,79250,4,868341,6268
OF1,128,GRFmoderate,07-06,15900390503948,100051,5,739683,3284
OF1,128,GRFmoderate,07-10,9887326300578,73908,4,808626,5398
OF1,128,GRFmoderate,08-01,11697336584242,99472,5,809961,7396
OF1,128,GRFmoderate,08-02,15682318929533,80009,5,766922,3260
OF1,128,GRFmoderate,08-04,9921449300725,96667,5,862985,7542
OF1,128,GRFmoderate,08-06,9861122259353,113169,5,827900,7678
OF1,128,GRFmoderate,08-07,9288623980515,75808,5,834553,4299
OF1,128,GRFmoderate,08-10,12475583399688,71241,5,767371,3207
OF1,128,GRFmoderate,09-01,13596328690000,84320,5,821025,4631
OF1,128,GRFmoderate,09-02,17553728661713,70224,5,730672,2703
OF1,128,GRFmoderate,09-04,11884936307899,60137,5,771348,3581
OF1,128,GRFmoderate,09-06,8876521248183,71854,5,808280,4806
OF1,128,GRFmoderate,09-07,12160176339086,105137,5,854978,5789
OF1,128,GRFmoderate,09-08,6497886284575,57365,4,714895,2555
OF1,128,GRFmoderate,09-10,15168370945046,66492,5,699863,3041
OF1,128,GRFmoderate,10-06,15933146050288,63537,4,770485,2478
OF1,128,GRFrough,01-06,4301278131920,59001,5,798822,4442
OF1,128,GRFrough,01-10,6518980949921,81679,5,813926,4280
OF1,128,GRFrough,02-01,3090139928989,80969,5,833426,5058
OF1,128,GRFrough,02-04,5676004921186,54930,5,701539,2464
OF1,128,GRFrough,02-06,4239565778851,55179,5,654361,2448
OF1,128,GRFrough,02-10,6748394846441,81446,4,810177,4838
OF1,128,GRFrough,03-01,4665434196411,76410,5,725337,4154
OF1,128,GRFrough,03-02,4784887158154,48921,4,689704,2320
OF1,128,GRFrough,03-04,2597477672661,83432,5,826908,4258
OF1,128,GRFrough,03-06,2917666073980,58566,4,729571,2890
OF1,128,GRFrough,03-07,2394953589408,76011,5,1005746,3743
OF1,128,GRFrough,03-08,4614064157728,87792,5,936741,4863
OF1,128,GRFrough,03-09,3455339052598,54961,4,718401,2692
OF1,128,GRFrough,03-10,4131150140962,75717,4,916836,4458
OF1,128,GRFrough,04-01,5394117348174,74295,5,848938,4515
OF1,128,GRFrough,04-06,3922270425744,72479,4,783346,4425
OF1,128,GRFrough,04-10,4212644869679,65454,5,747999,2907
OF1,128,GRFrough,05-01,4968827759197,64200,5,830133,4236
OF1,128,GRFrough,05-02,5322277434497,52464,5,711297,3043
OF1,128,GRFrough,05-03,2359536283315,109304,6,1315130,5443
OF1,128,GRFrough,05-04,2879003184487,67658,5,782430,4119
OF1,128,GRFrough,05-06,3505768328281,80692,5,940881,5305
OF1,128,GRFrough,05-07,2702303507037,60879,5,813086,2571
OF1,128,GRFrough,05-08,4981440597656,69809,5,765986,3111
OF1,128,GRFrough,05-09,3955434245973,88329,5,920487,5221
OF1,128,GRFrough,05-10,4453047616196,67102,4,883952,3776
OF1,128,GRFrough,07-01,5113821380202,43937,5,717149,2087
OF1,128,GRFrough,07-02,5422662717714,50645,5,741986,3006
OF1,128,GRFrough,07-04,3183399782252,84865,4,996195,4575
OF1,128,GRFrough,07-06,3006645192990,73206,5,933059,4937
OF1,128,GRFrough,07-10,4897060887107,68164,5,778598,3870
OF1,128,GRFrough,08-01,4499836387493,66575,4,706455,3125
OF1,128,GRFrough,08-02,4274373175937,52264,5,734139,2655
OF1,128,GRFrough,08-04,5662232477420,86936,5,772692,3689
OF1,128,GRFrough,08-06,4331285357316,90088,5,848717,4498
OF1,128,GRFrough,08-07,4247029871478,51206,5,695144,2350
OF1,128,GRFrough,08-10,6641105505926,61810,4,765189,2906
OF1,128,GRFrough,09-01,3688292870371,67983,5,771201,3947
OF1,128,GRFrough,09-02,3531935185790,70260,4,836185,4285
OF1,128,GRFrough,09-04,4494350290632,58042,4,768873,3267
OF1,128,GRFrough,09-06,3039258253375,63632,4,839165,4153
OF1,128,GRFrough,09-07,3887609285497,55183,4,693658,2522
OF1,128,GRFrough,09-08,4184236245876,91475,4,883837,4465
OF1,128,GRFrough,09-10,4438724131284,88989,4,798452,4261
OF1,128,GRFrough,10-06,4425034030122,67523,5,726560,3561
OF1,128,GRFsmooth,01-06,53439015895241,89963,5,643910,2316
OF1,128,GRFsmooth,01-10,34904835491997,96940,5,817750,3417
OF1,128,GRFsmooth,02-01,37243781732103,84201,5,754248,3601
OF1,128,GRFsmooth,02-04,21398145985173,78930,4,751837,3987
OF1,128,GRFsmooth,02-06,32011582221489,77757,5,767758,3055
OF1,128,GRFsmooth,02-10,10375259188844,70782,5,778863,5222
OF1,128,GRFsmooth,03-01,37686363162718,109273,5,717894,4984
OF1,128,GRFsmooth,03-02,27349305222037,76838,4,747270,3653
OF1,128,GRFsmooth,03-04,36389706453401,53946,4,652109,2868
OF1,128,GRFsmooth,03-06,22879571194216,61191,5,703929,2163
OF1,128,GRFsmooth,03-07,26294455821625,68407,4,686680,7419
OF1,128,GRFsmooth,03-08,23297219783926,103070,4,825311,3715
OF1,128,GRFsmooth,03-09,25680786947393,76108,5,706961,3999
OF1,128,GRFsmooth,03-10,29918838766429,86006,4,810481,6647
OF1,128,GRFsmooth,04-01,45713520087917,105173,5,777870,3671
OF1,128,GRFsmooth,04-06,31414667879191,123445,5,848341,6111
OF1,128,GRFsmooth,04-10,21220040821175,96909,5,777574,4517
OF1,128,GRFsmooth,05-01,29236925387602,156052,4,709328,9296
OF1,128,GRFsmooth,05-02,20143963186499,75553,5,791800,6132
OF1,128,GRFsmooth,05-03,13553463121783,105610,6,754315,10267
OF1,128,GRFsmooth,05-04,28283750277119,57729,5,703014,4023
OF1,128,GRFsmooth,05-06,25768496296079,95165,5,778704,6064
OF1,128,GRFsmooth,05-07,19608508798965,64820,5,744792,3706
OF1,128,GRFsmooth,05-08,15250437080770,90470,5,835955,5511
OF1,128,GRFsmooth,05-09,22975867873182,72654,5,735846,4509
OF1,128,GRFsmooth,05-10,20151463508304,69674,5,779887,4337
OF1,128,GRFsmooth,07-01,40653887697867,90782,5,745045,2866
OF1,128,GRFsmooth,07-02,15408235205923,94558,5,720536,3917
OF1,128,GRFsmooth,07-04,14855633023906,80646,4,784679,7565
OF1,128,GRFsmooth,07-06,24169703736748,73227,5,789368,2947
OF1,128,GRFsmooth,07-10,16878368784097,75333,5,710454,2967
OF1,128,GRFsmooth,08-01,25238567232877,88436,5,703767,3668
OF1,128,GRFsmooth,08-02,19472007010714,100613,4,771700,5478
OF1,128,GRFsmooth,08-04,26359742364128,82175,4,805837,3083
OF1,128,GRFsmooth,08-06,33866096446838,85221,5,669089,2286
OF1,128,GRFsmooth,08-07,21084408547268,70311,5,796172,2863
OF1,128,GRFsmooth,08-10,17025245406443,81989,5,730461,3596
OF1,128,GRFsmooth,09-01,33496301226506,111792,5,821884,9834
OF1,128,GRFsmooth,09-02,21023153280592,60121,4,669585,3197
OF1,128,GRFsmooth,09-04,29472582063690,127922,5,1159607,13487
OF1,128,GRFsmooth,09-06,36921040677799,124701,5,827450,8425
OF1,128,GRFsmooth,09-07,25876226926993,80822,5,740345,5773
OF1,128,GRFsmooth,09-08,17594018440047,72582,5,674482,3463
OF1,128,GRFsmooth,09-10,17174275595279,94698,5,900951,6610
OF1,128,GRFsmooth,10-06,34374458006626,77991,4,753045,4275
OF1,128,LogGRF,01-06,24580620072831,71819,5,702872,5073
OF1,128,LogGRF,01-10,59455378776508,94592,5,881765,5596
OF1,128,LogGRF,02-01,58046922593176,122425,5,900706,3821
OF1,128,LogGRF,02-04,81357596365442,107305,5,1084983,10130
OF1,128,LogGRF,02-06,70908370980894,95027,5,804992,2875
OF1,128,LogGRF,02-10,90208679397495,97754,5,588483,2721
OF1,128,LogGRF,03-01,34315722050261,69315,5,878931,4324
OF1,128,LogGRF,03-02,86917129127640,89278,5,967376,4752
OF1,128,LogGRF,03-04,51847317030800,61265,5,713355,2706
OF1,128,LogGRF,03-06,29578124168244,66115,5,823571,4218
OF1,128,LogGRF,03-07,56382652541634,87489,5,732481,3189
OF1,128,LogGRF,03-08,48466122169358,74045,5,764752,4165
OF1,128,LogGRF,03-09,64028457878244,99833,5,847334,4705
OF1,128,LogGRF,03-10,68018700761749,101763,5,1038509,4670
OF1,128,LogGRF,04-01,63563854566502,111643,5,977157,7261
OF1,128,LogGRF,04-06,65487036515466,108727,4,961796,3561
OF1,128,LogGRF,04-10,110487394364018,119786,5,1098268,4728
OF1,128,LogGRF,05-01,37632416503094,74580,5,815646,6849
OF1,128,LogGRF,05-02,84409920169559,127963,5,1070429,6844
OF1,128,LogGRF,05-03,23203514974400,72925,5,702394,4884
OF1,128,LogGRF,05-04,43428300233227,138355,4,847488,16348
OF1,128,LogGRF,05-06,39509528417376,119132,5,854134,10974
OF1,128,LogGRF,05-07,47897339974810,98314,5,762735,3766
OF1,128,LogGRF,05-08,41615000832369,70011,5,808947,4458
OF1,128,LogGRF,05-09,63625841632060,74658,6,876414,4024
OF1,128,LogGRF,05-10,82108299212657,96542,5,967855,3964
OF1,128,LogGRF,07-01,42364256207723,82593,5,780934,3505
OF1,128,LogGRF,07-02,47929109827245,90365,5,833076,8495
OF1,128,LogGRF,07-04,35544558853350,136063,5,1122925,12192
OF1,128,LogGRF,07-06,55991618726552,85815,5,733004,3386
OF1,128,LogGRF,07-10,93859011669719,100389,5,859353,3213
OF1,128,LogGRF,08-01,23821369830959,87098,5,719554,3013
OF1,128,LogGRF,08-02,46688155781131,124466,5,942707,7091
OF1,128,LogGRF,08-04,58138961325686,137802,5,1026711,16392
OF1,128,LogGRF,08-06,40625830747794,71267,5,734705,4791
OF1,128,LogGRF,08-07,28377538235511,145094,5,889290,8196
OF1,128,LogGRF,08-10,76091124681464,124565,5,1009073,10460
OF1,128,LogGRF,09-01,35714466627944,108099,5,882799,8337
OF1,128,LogGRF,09-02,31508146493813,83171,5,685817,3483
OF1,128,LogGRF,09-04,72660560770441,87149,5,950628,7337
OF1,128,LogGRF,09-06,45164066135076,89441,5,837558,4226
OF1,128,LogGRF,09-07,40471894445501,66580,5,744520,2901
OF1,128,LogGRF,09-08,28783268172002,85222,5,825093,6617
OF1,128,LogGRF,09-10,65171057975260,74479,5,641070,1964
OF1,128,LogGRF,10-06,46858287834855,102626,5,835304,4174
OF1,128,LogitGRF,01-06,16400998469268,94278,5,798022,5225
OF1,128,LogitGRF,01-10,24811937649547,119264,5,755429,7033
OF1,128,LogitGRF,02-01,28534716601722,60662,5,783176,3063
OF1,128,LogitGRF,02-04,18135419068320,69810,5,813453,6116
OF1,128,LogitGRF,02-06,22944585397588,102801,5,923388,9476
OF1,128,LogitGRF,02-10,20103207245035,86172,5,774692,5122
OF1,128,LogitGRF,03-01,14234553813978,108691,5,766130,6360
OF1,128,LogitGRF,03-02,20427281142643,73679,5,763910,4078
OF1,128,LogitGRF,03-04,15134810665636,74466,5,774540,5274
OF1,128,LogitGRF,03-06,13429292091100,69264,4,788606,4211
OF1,128,LogitGRF,03-07,16023303613345,54613,4,656713,2692
OF1,128,LogitGRF,03-08,24188914599918,112310,5,746301,3914
OF1,128,LogitGRF,03-09,20846768921413,100194,4,768157,5133
OF1,128,LogitGRF,03-10,14827513087646,92452,5,789005,5124
OF1,128,LogitGRF,04-01,19702280732321,63882,5,773739,3343
OF1,128,LogitGRF,04-06,17311654365108,108324,5,866342,8750
OF1,128,LogitGRF,04-10,20006202039826,91803,5,804424,5602
OF1,128,LogitGRF,05-01,12537274006911,89759,5,771211,7599
OF1,128,LogitGRF,05-02,21699864084243,158097,5,877761,6611
OF1,128,LogitGRF,05-03,13807895859004,107119,5,797678,6413
OF1,128,LogitGRF,05-04,17200747910575,107018,4,773393,5865
OF1,128,LogitGRF,05-06,15897836325632,109186,5,807944,6280
OF1,128,LogitGRF,05-07,25341284719884,82415,5,709606,3873
OF1,128,LogitGRF,05-08,32779430488129,90381,5,724753,4041
OF1,128,LogitGRF,05-09,25573491432380,94190,5,806020,4817
OF1,128,LogitGRF,05-10,23432363593510,104241,5,711109,5033
OF1,128,LogitGRF,07-01,23597615687560,80630,5,789168,4691
OF1,128,LogitGRF,07-02,24221262832406,85094,5,759465,6885
OF1,128,LogitGRF,07-04,19846796446840,83262,5,790791,6290
OF1,128,LogitGRF,07-06,20643447087734,187730,5,771080,6325
OF1,128,LogitGRF,07-10,12472596684234,110456,5,789841,4725
OF1,128,LogitGRF,08-01,32462943183610,71459,5,744091,3462
OF1,128,LogitGRF,08-02,22865707494156,85387,5,813493,4254
OF1,128,LogitGRF,08-04,20891600730345,184431,5,811353,11583
OF1,128,LogitGRF,08-06,26966061840605,73889,5,786308,2889
OF1,128,LogitGRF,08-07,18593237086281,100529,5,813538,5763
OF1,128,LogitGRF,08-10,17913596576819,93051,4,794900,6082
OF1,128,LogitGRF,09-01,22550329024280,69896,5,710095,3545
OF1,128,LogitGRF,09-02,31237892251606,69242,5,788775,4817
OF1,128,LogitGRF,09-04,20347388664861,63463,5,816624,4888
OF1,128,LogitGRF,09-06,20438189951212,103318,4,826100,6762
OF1,128,LogitGRF,09-07,21758642231815,102004,5,788057,9945
OF1,128,LogitGRF,09-08,24861592643487,93299,5,849263,4967
OF1,128,LogitGRF,09-10,18742471409056,78043,5,754192,6003
OF1,128,LogitGRF,10-06,16322582048733,96201,5,899412,6675
OF1,128,MicroscopyImages,01-06,31964076390576,27045,3,392084,4443
OF1,128,MicroscopyImages,01-10,29105081220100,19587,2,306799,2041
OF1,128,MicroscopyImages,02-01,9067253622236,16301,3,338447,1586
OF1,128,MicroscopyImages,02-04,19365105272179,36674,4,588884,2868
OF1,128,MicroscopyImages,02-06,31528172115919,54748,3,600793,6243
OF1,128,MicroscopyImages,02-10,22229399414960,30270,4,479845,2442
OF1,128,MicroscopyImages,03-01,21978039336810,15232,2,267319,2150
OF1,128,MicroscopyImages,03-02,22677880592743,26536,3,414352,2887
OF1,128,MicroscopyImages,03-04,5909491457648,25790,3,385439,1830
OF1,128,MicroscopyImages,03-06,33607069672071,39702,3,495266,4783
OF1,128,MicroscopyImages,03-07,43290658260925,19528,2,321838,4058
OF1,128,MicroscopyImages,03-08,40553726110401,24691,3,378608,3167
OF1,128,MicroscopyImages,03-09,41252464001998,12390,1,269166,2364
OF1,128,MicroscopyImages,03-10,37206188541900,24579,3,409248,2737
OF1,128,MicroscopyImages,04-01,18427238619388,34220,3,376953,2792
OF1,128,MicroscopyImages,04-06,30482742444564,63290,4,711327,6828
OF1,128,MicroscopyImages,04-10,34701393839153,41185,4,575780,3544
OF1,128,MicroscopyImages,05-01,38336121289788,34397,2,351827,7496
OF1,128,MicroscopyImages,05-02,37892088656180,48928,2,504427,7495
OF1,128,MicroscopyImages,05-03,38929345632814,25809,2,437087,4312
OF1,128,MicroscopyImages,05-04,36195114826070,51837,3,534784,5607
OF1,128,MicroscopyImages,05-06,8577637201539,22874,3,374046,2438
OF1,128,MicroscopyImages,05-07,45694629534839,10931,2,258355,1416
OF1,128,MicroscopyImages,05-08,44134927383277,19668,3,356910,2014
OF1,128,MicroscopyImages,05-09,54689954678689,15585,2,249637,3148
OF1,128,MicroscopyImages,05-10,42465006109702,42786,2,347459,5678
OF1,128,MicroscopyImages,07-01,44992884634117,13959,1,255052,2880
OF1,128,MicroscopyImages,07-02,43692830847747,19991,2,397732,2177
OF1,128,MicroscopyImages,07-04,42403862792043,25848,3,428536,4102
OF1,128,MicroscopyImages,07-06,40070623920443,18874,2,381535,2063
OF1,128,MicroscopyImages,07-10,44627715842083,24518,2,427145,3309
OF1,128,MicroscopyImages,08-01,42544508340125,17052,2,324556,2315
OF1,128,MicroscopyImages,08-02,40406607504373,34350,3,524529,2358
OF1,128,MicroscopyImages,08-04,39496574970305,42126,4,540701,4389
OF1,128,MicroscopyImages,08-06,37716801898623,43337,3,490509,2340
OF1,128,MicroscopyImages,08-07,6860865761332,11635,2,253565,1273
OF1,128,MicroscopyImages,08-10,41392587670255,43459,3,569816,5682
OF1,128,MicroscopyImages,09-01,37776180493478,9459,1,245602,2403
OF1,128,MicroscopyImages,09-02,31397838641571,14438,2,300854,1981
OF1,128,MicroscopyImages,09-04,39753794376469,22603,2,338579,2062
OF1,128,MicroscopyImages,09-06,49413956355481,25482,2,349547,5027
OF1,128,MicroscopyImages,09-07,50620334739458,14437,1,384892,4231
OF1,128,MicroscopyImages,09-08,47117113113342,22012,2,395041,3638
OF1,128,MicroscopyImages,09-10,15418041366957,15777,2,280706,2775
OF1,128,MicroscopyImages,10-06,36978122251185,30380,3,449347,2602
OF1,128,Shapes,01-06,39079581200000,28666,3,596436,1564
OF1,128,Shapes,01-10,9116360473270,27758,4,437895,2087
OF1,128,Shapes,02-01,30089682768000,57443,3,487266,11097
OF1,128,Shapes,02-04,9828079538621,17855,2,268856,4045
OF1,128,Shapes,02-06,36902727232000,15974,2,350374,2732
OF1,128,Shapes,02-10,34309484066648,33725,2,310222,6912
OF1,128,Shapes,03-01,5215058400000,22421,3,418601,978
OF1,128,Shapes,03-02,30191854640000,15732,2,276341,1951
OF1,128,Shapes,03-04,21405975170708,17052,2,345422,2309
OF1,128,Shapes,03-06,39201057000000,18848,2,703430,1548
OF1,128,Shapes,03-07,27724179163594,21963,2,528886,2837
OF1,128,Shapes,03-08,22413663182980,10916,2,260724,1901
OF1,128,Shapes,03-09,14884410000000,11180,2,349014,858
OF1,128,Shapes,03-10,10308090338288,15171,2,286672,1505
OF1,128,Shapes,04-01,21122970788875,90611,4,571618,12638
OF1,128,Shapes,04-06,35393684496039,15531,2,360590,1405
OF1,128,Shapes,04-10,25257237660889,44210,2,517387,11709
OF1,128,Shapes,05-01,16104272362320,39126,3,663193,2866
OF1,128,Shapes,05-02,35632863187626,17584,2,285697,4973
OF1,128,Shapes,05-03,16538091788224,21357,3,405373,3053
OF1,128,Shapes,05-04,26286605059705,28847,2,331090,6243
OF1,128,Shapes,05-06,41140952832632,14475,2,548670,1447
OF1,128,Shapes,05-07,31788646140061,20499,3,480978,2507
OF1,128,Shapes,05-08,23777487020325,95197,2,327721,46740
OF1,128,Shapes,05-09,21941713050148,16982,2,495838,1896
OF1,128,Shapes,05-10,17339885619272,17762,2,394150,2443
OF1,128,Shapes,07-01,27369103071814,34554,4,533497,2956
OF1,128,Shapes,07-02,28792951239766,19464,2,340976,3379
OF1,128,Shapes,07-04,25958138667557,21229,3,444520,1420
OF1,128,Shapes,07-06,60957454023330,27333,3,688190,2672
OF1,128,Shapes,07-10,29802054674412,36221,3,617098,6063
OF1,128,Shapes,08-01,22160431238274,25635,3,468060,3772
OF1,128,Shapes,08-02,14217096526661,13227,1,213456,4622
OF1,128,Shapes,08-04,9126415302412,16615,2,256920,2142
OF1,128,Shapes,08-06,36858918817906,14054,2,302894,3744
OF1,128,Shapes,08-07,27153789865175,16778,2,316316,3572
OF1,128,Shapes,08-10,27443247840388,21130,2,327612,6079
OF1,128,Shapes,09-01,14491963200000,30822,3,520591,1211
OF1,128,Shapes,09-02,32821224192000,17591,2,332645,3878
OF1,128,Shapes,09-04,25645830549206,37261,2,454243,5491
OF1,128,Shapes,09-06,40573869400000,17648,2,635572,1413
OF1,128,Shapes,09-07,30639181422955,33338,3,598847,5010
OF1,128,Shapes,09-08,26380187673473,24677,2,289273,3558
OF1,128,Shapes,09-10,17110674476862,36223,2,330737,3792
OF1,128,Shapes,10-06,40286995373499,24820,2,891527,2828
OF1,128,WhiteNoise,01-06,1217611100004,61979,5,753385,1839
OF1,128,WhiteNoise,01-10,1041588985415,94927,5,789722,2825
OF1,128,WhiteNoise,02-01,1079452759766,91342,5,766369,2587
OF1,128,WhiteNoise,02-04,1164039060605,109387,5,860633,3116
OF1,128,WhiteNoise,02-06,1381849138685,57343,5,660652,1862
OF1,128,WhiteNoise,02-10,1195895819678,104494,5,901238,3093
OF1,128,WhiteNoise,03-01,1126179413511,93978,5,860993,2962
OF1,128,WhiteNoise,03-02,1184678895027,93895,5,879610,3042
OF1,128,WhiteNoise,03-04,1209491561768,79801,5,733225,2489
OF1,128,WhiteNoise,03-06,1022950327079,72781,5,647134,2050
OF1,128,WhiteNoise,03-07,1140090617639,65036,5,629810,1801
OF1,128,WhiteNoise,03-08,1121800162833,107575,5,885510,3122
OF1,128,WhiteNoise,03-09,1200888396510,92751,5,795212,2856
OF1,128,WhiteNoise,03-10,1141048784113,83952,5,784576,2597
OF1,128,WhiteNoise,04-01,996723490415,107869,5,913140,3092
OF1,128,WhiteNoise,04-06,1248102495158,87012,5,757964,2802
OF1,128,WhiteNoise,04-10,1054168748157,96763,5,769729,2658
OF1,128,WhiteNoise,05-01,1097056994561,68331,5,695016,2136
OF1,128,WhiteNoise,05-02,1351846772000,96992,5,982154,3012
OF1,128,WhiteNoise,05-03,1184297185103,86305,6,760235,2656
OF1,128,WhiteNoise,05-04,1120112645646,92218,4,933325,2904
OF1,128,WhiteNoise,05-06,1146550918690,96019,5,938638,2962
OF1,128,WhiteNoise,05-07,1098679323434,107527,5,1030350,3243
OF1,128,WhiteNoise,05-08,1218571771786,89441,5,825201,2854
OF1,128,WhiteNoise,05-09,1067014196027,106195,5,1004677,3131
OF1,128,WhiteNoise,05-10,1131462264626,86063,5,777732,2657
OF1,128,WhiteNoise,07-01,1068195966606,52774,5,625813,1548
OF1,128,WhiteNoise,07-02,1270420921956,66747,5,677062,1993
OF1,128,WhiteNoise,07-04,1065182515019,85358,5,790595,2608
OF1,128,WhiteNoise,07-06,1157528936889,111226,5,840131,3065
OF1,128,WhiteNoise,07-10,1081331325832,108326,5,1019424,3257
OF1,128,WhiteNoise,08-01,1314700559997,106102,4,1022630,3449
OF1,128,WhiteNoise,08-02,1417306493934,66481,5,702555,2423
OF1,128,WhiteNoise,08-04,1275972346465,64467,4,727874,2267
OF1,128,WhiteNoise,08-06,1200982136193,84216,5,724575,2577
OF1,128,WhiteNoise,08-07,1192262832245,59033,5,628164,1686
OF1,128,WhiteNoise,08-10,1180375339436,50769,5,634921,1721
OF1,128,WhiteNoise,09-01,1025084636345,94517,5,807745,2776
OF1,128,WhiteNoise,09-02,1130115811805,88033,5,724697,2620
OF1,128,WhiteNoise,09-04,1035199628864,119069,4,1039258,3389
OF1,128,WhiteNoise,09-06,1288967852992,90836,5,878681,2933
OF1,128,WhiteNoise,09-07,1129804284892,75079,5,709607,2153
OF1,128,WhiteNoise,09-08,1235609237816,90613,5,820596,2951
OF1,128,WhiteNoise,09-10,1026881770307,108745,5,963761,3086
OF1,128,WhiteNoise,10-06,1203978296128,62190,4,685113,2305
OF1,256,CauchyDensity,01-03,728309691619119,2381615,26,20660898,31031
OF1,256,CauchyDensity,01-04,629197380856461,2740373,26,25804592,38716
OF1,256,CauchyDensity,01-06,724477956536579,2748278,27,6458646,13813
OF1,256,CauchyDensity,01-08,458437637696654,2066164,28,5581017,17818
OF1,256,CauchyDensity,01-09,488678729649795,1807627,27,6062400,25214
OF1,256,CauchyDensity,02-01,511386086697240,3246487,30,25756235,40307
OF1,256,CauchyDensity,02-03,553477648804056,2907069,30,4546298,9407
OF1,256,CauchyDensity,02-04,196400304710014,4252310,28,4820460,27183
OF1,256,CauchyDensity,02-05,327848467413103,3316331,31,3709561,9465
OF1,256,CauchyDensity,02-06,621674686180893,2393978,27,5228569,13651
OF1,256,CauchyDensity,02-07,634423044704968,2843744,32,4030664,10240
OF1,256,CauchyDensity,02-08,440868012449295,3556985,28,4179367,15771
OF1,256,CauchyDensity,02-09,264475847961427,4496581,26,5833125,30229
OF1,256,CauchyDensity,02-10,424908753055980,2743953,30,6169170,20376
OF1,256,CauchyDensity,03-04,476456973935516,3700693,27,3484808,12168
OF1,256,CauchyDensity,03-06,253612679077354,3619162,29,4511912,30096
OF1,256,CauchyDensity,03-08,321846362384780,3511993,27,6923593,43417
OF1,256,CauchyDensity,03-09,353905464907022,3488309,29,6815299,55388
OF1,256,CauchyDensity,04-08,466713966332294,3451708,27,4758443,14230
OF1,256,CauchyDensity,05-01,506019757374096,2360534,28,24829975,36675
OF1,256,CauchyDensity,05-03,266546429316028,2175547,29,4941553,21600
OF1,256,CauchyDensity,05-04,326641387047419,2252565,27,3565664,8689
OF1,256,CauchyDensity,05-06,311838682236178,2650616,27,4688866,16702
OF1,256,CauchyDensity,05-08,171260797337880,2478143,28,4614006,15053
OF1,256,CauchyDensity,05-09,129280910409038,3476628,27,6248254,30223
OF1,256,CauchyDensity,05-10,194861635492687,2493630,26,4755199,17193
OF1,256,CauchyDensity,06-04,566699483941619,3623073,28,3409096,11669
OF1,256,CauchyDensity,06-08,276086343137702,2266328,27,4055441,12070
OF1,256,CauchyDensity,07-01,674624639880162,2525692,26,12869250,26713
OF1,256,CauchyDensity,07-03,205164106165362,2422968,28,5287632,23545
OF1,256,CauchyDensity,07-04,607355822047879,2828466,28,4100007,11533
OF1,256,CauchyDensity,07-05,306585557318436,3015976,29,3510982,10000
OF1,256,CauchyDensity,07-06,141089473027692,2236833,29,4693740,22816
OF1,256,CauchyDensity,07-08,244917248602486,2311937,28,4000623,8615
OF1,256,CauchyDensity,07-09,401097204622158,3246729,27,3667500,11372
OF1,256,CauchyDensity,07-10,313594912445530,2540025,28,3940393,9780
OF1,256,CauchyDensity,09-04,236126941783527,3075044,26,4098475,9971
OF1,256,CauchyDensity,09-06,385451545693952,2615820,27,4113617,9913
OF1,256,CauchyDensity,09-08,231147215876918,2699271,27,3921632,8604
OF1,256,CauchyDensity,10-01,654712305593385,1986041,26,17853761,25040
OF1,256,CauchyDensity,10-03,227147774969437,4626791,26,4640587,25306
OF1,256,CauchyDensity,10-04,323303997445380,3982124,27,3699655,10704
OF1,256,CauchyDensity,10-06,251042539780228,2899672,28,3536176,10407
OF1,256,CauchyDensity,10-08,278263868998731,1748270,28,3984142,9502
OF1,256,CauchyDensity,10-09,200806022772462,2218121,27,3817972,9485
OF1,256,ClassicImages,01-03,118160409524485,1607356,27,4374000,19019
OF1,256,ClassicImages,01-04,86944828855955,1698648,26,4544026,16586
OF1,256,ClassicImages,01-06,149168238762729,2800451,28,6170116,42361
OF1,256,ClassicImages,01-08,95272697017857,2173759,28,7002312,39056
OF1,256,ClassicImages,01-09,174971574603145,2061568,28,4745682,18276
OF1,256,ClassicImages,02-01,105661558455492,2283183,30,6458944,38496
OF1,256,ClassicImages,02-03,82083010035960,3769268,30,3869917,27808
OF1,256,ClassicImages,02-04,45400735103277,2191041,27,6747481,26521
OF1,256,ClassicImages,02-05,45952658780818,1722672,31,5020294,18881
OF1,256,ClassicImages,02-06,53541358221743,1329030,27,4028036,13502
OF1,256,ClassicImages,02-07,52468039982097,1506766,31,4741683,17253
OF1,256,ClassicImages,02-08,60080776419872,2240832,28,5676546,26465
OF1,256,ClassicImages,02-09,130116966118804,1501733,27,4150018,11723
OF1,256,ClassicImages,02-10,87871921948919,2770171,30,4769262,22505
OF1,256,ClassicImages,03-04,67930095707623,5916678,28,3899244,30014
OF1,256,ClassicImages,03-06,93487607510318,1444821,29,4181535,10611
OF1,256,ClassicImages,03-08,82762641084860,3010642,29,4257841,27847
OF1,256,ClassicImages,03-09,154105751873013,2355689,29,5571291,27173
OF1,256,ClassicImages,04-08,56946602101008,1683102,27,4873636,15134
OF1,256,ClassicImages,05-01,100192603756076,2047917,28,4538362,16512
OF1,256,ClassicImages,05-03,76463798369722,2284712,30,4324775,23975
OF1,256,ClassicImages,05-04,55464666379930,1854773,28,5095609,18158
OF1,256,ClassicImages,05-06,70289128720404,1641562,28,6132236,26885
OF1,256,ClassicImages,05-08,72084568102623,2237058,28,4985064,22043
OF1,256,ClassicImages,05-09,122086663428024,2134175,27,4038796,13224
OF1,256,ClassicImages,05-10,111313321441744,2265765,28,4219752,21522
OF1,256,ClassicImages,06-04,82876950461230,1904274,26,5500446,24443
OF1,256,ClassicImages,06-08,80156622310621,1485999,26,4738410,15922
OF1,256,ClassicImages,07-01,119167413702763,4028158,28,4619908,32181
OF1,256,ClassicImages,07-03,99830299574743,3077320,27,4672136,23212
OF1,256,ClassicImages,07-04,77496388392549,2905216,26,6880174,35389
OF1,256,ClassicImages,07-05,53398121176458,1826311,28,4844256,19091
OF1,256,ClassicImages,07-06,67580273223967,1584456,27,6064688,30824
OF1,256,ClassicImages,07-08,76123195480933,2463770,29,5531217,31185
OF1,256,ClassicImages,07-09,117193853940465,2611562,27,4132692,20247
OF1,256,ClassicImages,07-10,96018490651370,3061963,29,4739879,22959
OF1,256,ClassicImages,09-04,147197136636885,2938339,28,4724631,21340
OF1,256,ClassicImages,09-06,129156878764684,1800989,29,4622924,11633
OF1,256,ClassicImages,09-08,171352761322387,2161758,28,3927790,12971
OF1,256,ClassicImages,10-01,148525249068062,2140451,29,6363599,31977
OF1,256,ClassicImages,10-03,128631370162549,2826728,27,4187034,22170
OF1,256,ClassicImages,10-04,114389627691590,3006209,27,4828399,32528
OF1,256,ClassicImages,10-06,86943791614602,2579258,27,5234015,32096
OF1,256,ClassicImages,10-08,96939346942576,2697694,29,5246463,27392
OF1,256,ClassicImages,10-09,188977614152587,2392069,27,4844200,29900
OF1,256,GRFmoderate,01-03,83371985413632,2266162,29,4655166,20051
OF1,256,GRFmoderate,01-04,115804989734758,2148036,27,5134429,29536
OF1,256,GRFmoderate,01-06,78823121935866,1681668,27,4618548,23132
OF1,256,GRFmoderate,01-08,129981207591502,3566250,27,6045945,28488
OF1,256,GRFmoderate,01-09,147621422773752,1693819,27,5986962,18750
OF1,256,GRFmoderate,02-01,118017260266342,1774064,30,4871356,17105
OF1,256,GRFmoderate,02-03,162016650557446,2032649,30,5080671,24269
OF1,256,GRFmoderate,02-04,144533321042312,3187323,29,5520261,36173
OF1,256,GRFmoderate,02-05,84317626883444,2046594,30,5166726,22692
OF1,256,GRFmoderate,02-06,103272618618626,2518878,28,4722340,21566
OF1,256,GRFmoderate,02-07,114579697088730,2118691,31,4491653,13922
OF1,256,GRFmoderate,02-08,107051210351978,1733782,28,4794609,16074
OF1,256,GRFmoderate,02-09,70194311143066,2245010,27,6320284,24852
OF1,256,GRFmoderate,02-10,118254570991501,2282033,31,5608000,22477
OF1,256,GRFmoderate,03-04,157989435414683,2204150,27,4494365,14245
OF1,256,GRFmoderate,03-06,101159923055180,3616632,29,6329341,44773
OF1,256,GRFmoderate,03-08,144366899483374,1895580,28,4865199,19666
OF1,256,GRFmoderate,03-09,195074637536085,2184916,28,4498473,14889
OF1,256,GRFmoderate,04-08,211987033392769,2926260,27,4737874,25819
OF1,256,GRFmoderate,05-01,92707140496997,2312684,29,5407809,21012
OF1,256,GRFmoderate,05-03,137556779602743,1400988,27,4205830,10172
OF1,256,GRFmoderate,05-04,112899534703105,4013413,27,4814304,36496
OF1,256,GRFmoderate,05-06,81050351709493,1494761,27,4237602,20555
OF1,256,GRFmoderate,05-08,127982471227120,2871110,28,4780834,13440
OF1,256,GRFmoderate,05-09,105969172851540,1530341,28,4665931,17174
OF1,256,GRFmoderate,05-10,106173341659487,1740045,28,4793200,18759
OF1,256,GRFmoderate,06-04,113378277095699,4022194,29,4659130,14889
OF1,256,GRFmoderate,06-08,127145985323524,3772590,27,4475479,26422
OF1,256,GRFmoderate,07-01,55399894541619,2816949,27,5067701,22507
OF1,256,GRFmoderate,07-03,89512723648617,1832949,28,6032742,28022
OF1,256,GRFmoderate,07-04,95218083462960,1721101,27,4324809,13332
OF1,256,GRFmoderate,07-05,83902818924995,1988918,29,5422020,31271
OF1,256,GRFmoderate,07-06,75590860400609,2585749,27,5661717,37507
OF1,256,GRFmoderate,07-08,139218476623654,2631144,27,5058939,23937
OF1,256,GRFmoderate,07-09,145280384245280,2264597,29,5040549,23902
OF1,256,GRFmoderate,07-10,90662860796462,2606991,26,5592076,32913
OF1,256,GRFmoderate,09-04,142315710156281,3542462,27,4958691,31073
OF1,256,GRFmoderate,09-06,113959319381900,2388739,29,5360774,27364
OF1,256,GRFmoderate,09-08,144788780642440,1793500,28,4655083,14768
OF1,256,GRFmoderate,10-01,100426122954465,2374174,28,5444957,24085
OF1,256,GRFmoderate,10-03,111191777390292,1689036,28,4108526,13944
OF1,256,GRFmoderate,10-04,96941238565500,4792001,28,6620904,65726
OF1,256,GRFmoderate,10-06,72229003362044,1801937,26,5573747,24866
OF1,256,GRFmoderate,10-08,148810218677398,1888542,27,4174483,9110
OF1,256,GRFmoderate,10-09,130257845582970,1974372,27,5060883,21635
OF1,256,GRFrough,01-03,52527006995073,2249286,27,5120187,17572
OF1,256,GRFrough,01-04,46335204658792,1657656,27,4640976,19600
OF1,256,GRFrough,01-06,35460196641936,1736144,28,4763622,17223
OF1,256,GRFrough,01-08,29886815402107,1837103,26,5055146,21465
OF1,256,GRFrough,01-09,27970968449358,1811070,28,5027360,21269
OF1,256,GRFrough,02-01,31952978792786,1681522,30,5209579,16235
OF1,256,GRFrough,02-03,46854876306700,2038897,30,5654597,25722
OF1,256,GRFrough,02-04,51328067897070,1698614,28,4476199,11223
OF1,256,GRFrough,02-05,40813761656123,2342103,30,6106773,26435
OF1,256,GRFrough,02-06,40150477713057,1668259,27,6237734,26745
OF1,256,GRFrough,02-07,35631029703970,1600822,33,4443431,11698
OF1,256,GRFrough,02-08,34715203669201,1511788,29,5038719,16170
OF1,256,GRFrough,02-09,38515948905788,1288937,27,4578272,15199
OF1,256,GRFrough,02-10,25010086008732,2101860,30,5450681,23087
OF1,256,GRFrough,03-04,34582919487893,1986985,28,7447470,27393
OF1,256,GRFrough,03-06,30635312038139,2189875,29,7004546,20891
OF1,256,GRFrough,03-08,44016639267942,1935816,27,5293322,15034
OF1,256,GRFrough,03-09,49669285340246,1480877,27,5195066,17626
OF1,256,GRFrough,04-08,36099231948256,2289467,26,4934366,22779
OF1,256,GRFrough,05-01,38006757834972,2225066,28,5668151,23677
OF1,256,GRFrough,05-03,57626328384464,2079536,29,5461855,15278
OF1,256,GRFrough,05-04,49080185356643,1106873,27,4421611,12627
OF1,256,GRFrough,05-06,44581077973364,1687339,27,4484589,16010
OF1,256,GRFrough,05-08,37261262722438,1260440,27,5236708,15026
OF1,256,GRFrough,05-09,35630915447803,1540804,28,5929502,18046
OF1,256,GRFrough,05-10,37579713664840,1656969,27,5968907,23250
OF1,256,GRFrough,06-04,27034086368140,1077056,27,4079796,8823
OF1,256,GRFrough,06-08,30038430127402,1578080,29,4708618,15646
OF1,256,GRFrough,07-01,28574619589408,1525300,27,4720531,15615
OF1,256,GRFrough,07-03,36090655262603,1954860,28,6742185,20705
OF1,256,GRFrough,07-04,27481331892233,1866612,29,5199197,23705
OF1,256,GRFrough,07-05,33687950225253,1596684,29,4563060,13302
OF1,256,GRFrough,07-06,21172876539483,1337628,27,4368008,13436
OF1,256,GRFrough,07-08,24640289882387,1907785,28,4120526,11988
OF1,256,GRFrough,07-09,23182590555174,2221838,27,5497284,21751
OF1,256,GRFrough,07-10,25332003860991,1291562,27,5169046,15159
OF1,256,GRFrough,09-04,34510797838591,2019337,27,6086811,24165
OF1,256,GRFrough,09-06,27488918407979,1919986,26,7471325,26567
OF1,256,GRFrough,09-08,25669166505738,1544614,27,4574997,17302
OF1,256,GRFrough,10-01,28274526686130,1734513,29,6372281,23402
OF1,256,GRFrough,10-03,42125035106749,2287737,28,5530491,15631
OF1,256,GRFrough,10-04,42630077994870,1766390,28,5325766,24456
OF1,256,GRFrough,10-06,29913036932631,1230335,29,4325030,11957
OF1,256,GRFrough,10-08,28508771015956,1889586,26,5066169,17352
OF1,256,GRFrough,10-09,32153677935818,1862333,29,5971342,24061
OF1,256,GRFsmooth,01-03,250833137231608,3105524,27,4410748,15515
OF1,256,GRFsmooth,01-04,248565253493065,2425760,27,4953396,16975
OF1,256,GRFsmooth,01-06,202336351134022,2216359,26,5257509,25596
OF1,256,GRFsmooth,01-08,118677401470839,1856787,27,4993166,17782
OF1,256,GRFsmooth,01-09,183430526459706,2697715,28,3898720,10509
OF1,256,GRFsmooth,02-01,148442456852985,2408595,32,6446897,28525
OF1,256,GRFsmooth,02-03,345179147930254,3826683,30,3518353,12466
OF1,256,GRFsmooth,02-04,374792037237500,3255476,29,4601196,12226
OF1,256,GRFsmooth,02-05,287524008150298,2509597,31,4213031,12356
OF1,256,GRFsmooth,02-06,303583461412141,2473784,28,4152012,9490
OF1,256,GRFsmooth,02-07,212029739943805,2535019,31,5416383,13796
OF1,256,GRFsmooth,02-08,154118343484152,2030114,27,4640724,17247
OF1,256,GRFsmooth,02-09,304994201304696,2613887,28,4478902,13538
OF1,256,GRFsmooth,02-10,391222609926117,4811080,31,5158648,19760
OF1,256,GRFsmooth,03-04,153507181945510,2462184,28,5255550,23025
OF1,256,GRFsmooth,03-06,134970237185129,2718870,29,6801091,45386
OF1,256,GRFsmooth,03-08,217028997287867,3960948,28,5076776,84012
OF1,256,GRFsmooth,03-09,142179947560518,2207924,28,4931244,24294
OF1,256,GRFsmooth,04-08,276062558908375,2823477,27,4898503,16027
OF1,256,GRFsmooth,05-01,184974008921432,3054904,27,4455907,20145
OF1,256,GRFsmooth,05-03,130271587887048,3419994,28,5180776,35292
OF1,256,GRFsmooth,05-04,151743258925351,1425893,28,4168207,13732
OF1,256,GRFsmooth,05-06,157956441803481,2887148,27,8374602,67505
OF1,256,GRFsmooth,05-08,166426268211743,4173579,26,5003322,20956
OF1,256,GRFsmooth,05-09,88542696643055,2300888,27,6696810,41340
OF1,256,GRFsmooth,05-10,224337880828338,1449106,28,3904468,13255
OF1,256,GRFsmooth,06-04,108741916987820,2583178,28,4947065,27365
OF1,256,GRFsmooth,06-08,204691631752545,2360856,27,5639617,28324
OF1,256,GRFsmooth,07-01,113732800552343,2107495,28,5261957,20179
OF1,256,GRFsmooth,07-03,229214775352142,2764160,27,5903407,39909
OF1,256,GRFsmooth,07-04,189285336902351,2300908,27,4019539,9785
OF1,256,GRFsmooth,07-05,195704139036407,3332394,27,7737535,36430
OF1,256,GRFsmooth,07-06,149296822971005,1786761,27,5542882,20246
OF1,256,GRFsmooth,07-08,164952400732056,1582229,27,4949349,15432
OF1,256,GRFsmooth,07-09,173011867107843,2498470,28,4443683,16517
OF1,256,GRFsmooth,07-10,198693499339636,2747178,28,6325367,27874
OF1,256,GRFsmooth,09-04,121467585764957,3747636,27,5452114,21007
OF1,256,GRFsmooth,09-06,114602204717877,2152455,29,4766629,33954
OF1,256,GRFsmooth,09-08,193582678428217,1944765,27,4211857,11556
OF1,256,GRFsmooth,10-01,265362839874176,3479038,28,6609314,36867
OF1,256,GRFsmooth,10-03,234224673455403,1430007,27,3784747,9349
OF1,256,GRFsmooth,10-04,98095233988307,1463920,28,4394215,17719
OF1,256,GRFsmooth,10-06,144209352433457,3641356,27,6236469,38743
OF1,256,GRFsmooth,10-08,318984148517981,2506126,27,4510283,13664
OF1,256,GRFsmooth,10-09,179354325616740,2057354,29,4989886,20799
OF1,256,LogGRF,01-03,451396366237211,3467216,28,7162061,37149
OF1,256,LogGRF,01-04,261068695406110,2438282,30,4715277,23620
OF1,256,LogGRF,01-06,260166848024471,4397114,27,6548594,52851
OF1,256,LogGRF,01-08,148437862336598,1414876,28,4464113,14100
OF1,256,LogGRF,01-09,198994472946425,1626737,28,4872533,20818
OF1,256,LogGRF,02-01,221324946790360,3081130,30,6071174,35829
OF1,256,LogGRF,02-03,258189330227828,3745680,32,6779593,56396
OF1,256,LogGRF,02-04,226853486716723,2446419,29,6688178,29432
OF1,256,LogGRF,02-05,337025298773860,2717988,31,6473727,44763
OF1,256,LogGRF,02-06,436480331444937,2396466,28,5174861,16888
OF1,256,LogGRF,02-07,296526116594096,2208778,31,5531105,25641
OF1,256,LogGRF,02-08,300902319207860,1795850,29,4561711,11290
OF1,256,LogGRF,02-09,267672049384234,2867263,27,4782026,44208
OF1,256,LogGRF,02-10,155365216200724,2743959,31,4123782,14559
OF1,256,LogGRF,03-04,335627818338991,2183157,28,5793372,31045
OF1,256,LogGRF,03-06,665799818556070,3378823,27,6317663,26234
OF1,256,LogGRF,03-08,506480046688377,2301971,28,5608601,17583
OF1,256,LogGRF,03-09,438763393171383,2652552,28,4744113,24012
OF1,256,LogGRF,04-08,331101370446726,2017590,28,5521834,21000
OF1,256,LogGRF,05-01,238415828775626,1757657,27,4449933,16287
OF1,256,LogGRF,05-03,530575624143828,2768659,28,6384010,18345
OF1,256,LogGRF,05-04,283534381643938,2350339,28,5648378,27090
OF1,256,LogGRF,05-06,240287765510908,2538924,29,4511822,18203
OF1,256,LogGRF,05-08,187740839749228,1609883,28,4895322,17941
OF1,256,LogGRF,05-09,372170238353524,1749570,28,5304924,24536
OF1,256,LogGRF,05-10,306740411657793,2059978,27,5612446,35432
OF1,256,LogGRF,06-04,467821925018909,3195977,27,8355642,39601
OF1,256,LogGRF,06-08,238353676069056,3782501,29,7240547,72617
OF1,256,LogGRF,07-01,134167182358394,1989762,30,4474756,18347
OF1,256,LogGRF,07-03,522240052167363,3760428,29,6237852,24276
OF1,256,LogGRF,07-04,315049130274420,2195400,27,4762693,17946
OF1,256,LogGRF,07-05,170025106737374,1473635,28,4621225,20877
OF1,256,LogGRF,07-06,179216483844813,3086006,29,4946096,37095
OF1,256,LogGRF,07-08,168347364006741,2181373,28,4981652,16255
OF1,256,LogGRF,07-09,289078116638432,2083964,30,5959508,35380
OF1,256,LogGRF,07-10,243902392036669,1941824,27,5594262,22811
OF1,256,LogGRF,09-04,346998871444240,2184680,27,5257386,19256
OF1,256,LogGRF,09-06,357500159072635,2087388,26,5860840,26900
OF1,256,LogGRF,09-08,221130532526215,3029306,27,5755203,45550
OF1,256,LogGRF,10-01,167183841407959,2111615,27,5351463,26865
OF1,256,LogGRF,10-03,356942302259883,2620398,28,5388662,23758
OF1,256,LogGRF,10-04,267325228729129,2525685,31,4676691,15839
OF1,256,LogGRF,10-06,375282064347173,3165277,29,6240599,28116
OF1,256,LogGRF,10-08,215732136706177,2640861,27,4656265,20766
OF1,256,LogGRF,10-09,157162294158768,2460380,29,4670936,28473
OF1,256,LogitGRF,01-03,158323009796217,1733882,26,4633072,23142
OF1,256,LogitGRF,01-04,236100525902506,2809889,27,5386942,42419
OF1,256,LogitGRF,01-06,201134824688332,3101112,29,4827652,20419
OF1,256,LogitGRF,01-08,156163314748578,1882678,28,5090483,19075
OF1,256,LogitGRF,01-09,165175700964429,2462839,29,4958171,26483
OF1,256,LogitGRF,02-01,247767757307999,2409992,31,5481993,15665
OF1,256,LogitGRF,02-03,231568010682753,2848226,30,6136397,57557
OF1,256,LogitGRF,02-04,153967814215814,3272843,29,5143061,28114
OF1,256,LogitGRF,02-05,225933710606288,2229929,30,5275078,28790
OF1,256,LogitGRF,02-06,272700616973270,2347057,28,6323062,51565
OF1,256,LogitGRF,02-07,330118143368698,2569494,31,5312535,30396
OF1,256,LogitGRF,02-08,212002093144081,3834053,28,4628323,22592
OF1,256,LogitGRF,02-09,133168013196210,1560559,27,4809731,17234
OF1,256,LogitGRF,02-10,153994822878055,2883586,31,5380573,23495
OF1,256,LogitGRF,03-04,229025934698847,2503495,29,4627629,29709
OF1,256,LogitGRF,03-06,137526792048494,3466555,29,6926101,40272
OF1,256,LogitGRF,03-08,146227645675808,2699177,28,5350025,22791
OF1,256,LogitGRF,03-09,160123862155716,3983118,28,5314265,31968
OF1,256,LogitGRF,04-08,162901876711528,1962921,29,4586099,29378
OF1,256,LogitGRF,05-01,164171897806788,2553868,29,4082560,18980
OF1,256,LogitGRF,05-03,149116590088099,1831239,27,4464089,27344
OF1,256,LogitGRF,05-04,246021081550321,2313752,28,4999918,40053
OF1,256,LogitGRF,05-06,187359888680088,2140408,30,4791328,28835
OF1,256,LogitGRF,05-08,186505582552567,3495283,28,6791791,47168
OF1,256,LogitGRF,05-09,161760834721882,2087066,27,5345618,30850
OF1,256,LogitGRF,05-10,177580008565687,2632145,27,4740574,31173
OF1,256,LogitGRF,06-04,300573210905941,2257765,28,5086411,25372
OF1,256,LogitGRF,06-08,258752082793196,2686059,29,4864230,18720
OF1,256,LogitGRF,07-01,119729871126123,1951000,27,4473790,16805
OF1,256,LogitGRF,07-03,204833651562836,1896402,28,5157648,17841
OF1,256,LogitGRF,07-04,321282457581072,2104928,27,5267908,18942
OF1,256,LogitGRF,07-05,203489597684033,2413169,30,4702251,24336
OF1,256,LogitGRF,07-06,222749932518726,3264818,29,5030466,18021
OF1,256,LogitGRF,07-08,218200938528035,2528055,29,5648813,46905
OF1,256,LogitGRF,07-09,236211140779812,1964855,27,5003843,23031
OF1,256,LogitGRF,07-10,261517795406225,2187864,27,5364212,19680
OF1,256,LogitGRF,09-04,146718252444198,2478059,27,5408858,25324
OF1,256,LogitGRF,09-06,205464218677408,1694206,28,4906631,14549
OF1,256,LogitGRF,09-08,151014424193845,2503746,27,5265630,21043
OF1,256,LogitGRF,10-01,170128092703238,2224589,28,4533891,18087
OF1,256,LogitGRF,10-03,174675525998682,1861585,28,4542767,17903
OF1,256,LogitGRF,10-04,191660600486628,3027999,27,5113281,19697
OF1,256,LogitGRF,10-06,228886049389127,1937800,28,5228353,20562
OF1,256,LogitGRF,10-08,183922757036990,2054866,28,4572264,17160
OF1,256,LogitGRF,10-09,128877715932416,2685692,30,6469669,32949
OF1,256,MicroscopyImages,01-03,214083017681778,510141,11,1968908,14089
OF1,256,MicroscopyImages,01-04,203627332884564,1269153,15,3723209,35570
OF1,256,MicroscopyImages,01-06,308247282222700,918858,16,3373673,14647
OF1,256,MicroscopyImages,01-08,286518856099935,947808,15,2747443,12304
OF1,256,MicroscopyImages,01-09,207227322537075,435537,10,1962030,17074
OF1,256,MicroscopyImages,02-01,32933527002195,549314,19,2446873,7348
OF1,256,MicroscopyImages,02-03,204212471912981,786860,14,2598659,17576
OF1,256,MicroscopyImages,02-04,189130598441004,1787391,23,3624191,22182
OF1,256,MicroscopyImages,02-05,316270890283942,857926,17,3110999,12287
OF1,256,MicroscopyImages,02-06,307718952090762,1643105,23,4004248,17613
OF1,256,MicroscopyImages,02-07,347034635966882,531492,14,2521561,9587
OF1,256,MicroscopyImages,02-08,285674028886329,1118094,22,4155224,14518
OF1,256,MicroscopyImages,02-09,193209963170659,554872,13,2451555,19005
OF1,256,MicroscopyImages,02-10,139655064276558,1147762,28,3083263,13131
OF1,256,MicroscopyImages,03-04,62136196162267,476686,14,2059905,6041
OF1,256,MicroscopyImages,03-06,233539588838958,842508,15,2389528,8852
OF1,256,MicroscopyImages,03-08,245523649530032,1046764,13,4045898,32986
OF1,256,MicroscopyImages,03-09,220565258715204,320702,9,1716457,9156
OF1,256,MicroscopyImages,04-08,265614934373064,1262069,21,6188812,32498
OF1,256,MicroscopyImages,05-01,316940090557777,686396,11,2207973,12739
OF1,256,MicroscopyImages,05-03,242142666161155,660025,10,2253713,18241
OF1,256,MicroscopyImages,05-04,262596587338639,1116036,15,3716595,27399
OF1,256,MicroscopyImages,05-06,30981179418616,408629,15,2435182,6797
OF1,256,MicroscopyImages,05-08,118464913710650,1035122,15,2377234,14898
OF1,256,MicroscopyImages,05-09,385723529329399,489412,10,2051350,15678
OF1,256,MicroscopyImages,05-10,330673993708309,653137,15,2580241,13245
OF1,256,MicroscopyImages,06-04,250678479363784,2478088,24,4745317,38084
OF1,256,MicroscopyImages,06-08,111348455654556,1600765,22,3360752,14754
OF1,256,MicroscopyImages,07-01,345586513389130,374859,10,1655505,7078
OF1,256,MicroscopyImages,07-03,286252995446585,571478,9,2936186,30609
OF1,256,MicroscopyImages,07-04,314199568020372,889907,14,3839657,22227
OF1,256,MicroscopyImages,07-05,145736698882525,303174,10,1625833,6611
OF1,256,MicroscopyImages,07-06,143619142626232,674045,14,2446407,12457
OF1,256,MicroscopyImages,07-08,71178538968060,469796,14,1992540,8348
OF1,256,MicroscopyImages,07-09,421144983742987,253979,8,1920455,8709
OF1,256,MicroscopyImages,07-10,371131533675640,590927,13,2268679,7515
OF1,256,MicroscopyImages,09-04,185163585579669,370475,12,2426721,10135
OF1,256,MicroscopyImages,09-06,370917230076284,755530,13,2818505,21077
OF1,256,MicroscopyImages,09-08,378769890223404,622602,12,2799183,16631
OF1,256,MicroscopyImages,10-01,158523826915467,710731,15,2146429,11464
OF1,256,MicroscopyImages,10-03,180301720507910,529054,13,2350241,13354
OF1,256,MicroscopyImages,10-04,146985223596814,1336195,21,3277675,15285
OF1,256,MicroscopyImages,10-06,316358651470072,1298268,21,3885913,22497
OF1,256,MicroscopyImages,10-08,319575282354090,830050,20,3284799,11363
OF1,256,MicroscopyImages,10-09,75015339685624,379457,12,1847689,6959
OF1,256,Shapes,01-03,41571606800000,393424,19,3169585,3056
OF1,256,Shapes,01-04,168812593064202,3252067,21,3518581,64675
OF1,256,Shapes,01-06,312626240800000,645197,18,3764752,5943
OF1,256,Shapes,01-08,177131295613637,905377,14,3299005,22636
OF1,256,Shapes,01-09,115849799600000,700418,19,3861219,4744
OF1,256,Shapes,02-01,240710432896000,1043025,15,2741832,26378
OF1,256,Shapes,02-03,241519485408000,475261,10,1782175,10776
OF1,256,Shapes,02-04,78780092439510,267889,11,1475774,4034
OF1,256,Shapes,02-05,284739577528085,244246,10,1791136,7204
OF1,256,Shapes,02-06,295201839376000,323668,10,2320431,13521
OF1,256,Shapes,02-07,229713710341000,434577,11,2179154,17182
OF1,256,Shapes,02-08,114178207615987,392427,8,1283988,23885
OF1,256,Shapes,02-09,262532889696000,394594,10,2688918,15827
OF1,256,Shapes,02-10,274538160986939,646483,12,1909609,17461
OF1,256,Shapes,03-04,171067632349523,353281,13,2075657,7963
OF1,256,Shapes,03-06,313593235200000,411628,11,3959013,6701
OF1,256,Shapes,03-08,179149946412412,305648,10,1612861,9328
OF1,256,Shapes,03-09,119116910000000,218582,11,2246822,2516
OF1,256,Shapes,04-08,73294146021210,302089,10,1497644,6364
OF1,256,Shapes,05-01,129030246999589,1045413,19,5107968,14813
OF1,256,Shapes,05-03,132457746105075,299736,11,2577584,6919
OF1,256,Shapes,05-04,209776150489821,2154747,13,2254386,119534
OF1,256,Shapes,05-06,329084467287826,289186,11,3740153,5048
OF1,256,Shapes,05-08,189458327688682,1331765,9,1820266,152705
OF1,256,Shapes,05-09,175581346841708,712666,12,3262435,10787
OF1,256,Shapes,05-10,139352826153240,836682,13,2323423,31009
OF1,256,Shapes,06-04,283043157962136,333796,13,2112975,5735
OF1,256,Shapes,06-08,294921352046923,273783,9,1818528,13262
OF1,256,Shapes,07-01,218445827214611,738232,23,3007816,9435
OF1,256,Shapes,07-03,221268035182740,633797,13,4067817,18787
OF1,256,Shapes,07-04,207017198496872,757389,17,2767320,8618
OF1,256,Shapes,07-05,253946828054387,649605,14,3708940,21036
OF1,256,Shapes,07-06,486990939865004,605234,14,16426204,9979
OF1,256,Shapes,07-08,216622666714578,281868,11,1972649,9445
OF1,256,Shapes,07-09,244409333072142,644908,14,4238809,18916
OF1,256,Shapes,07-10,238200890218031,766235,15,6452766,26298
OF1,256,Shapes,09-04,204992322375952,584441,13,3093090,17284
OF1,256,Shapes,09-06,324511395000000,388377,11,4463465,7249
OF1,256,Shapes,09-08,210676955506370,689410,9,1930893,15083
OF1,256,Shapes,10-01,73287106962187,1248917,21,2956182,22004
OF1,256,Shapes,10-03,82731058504756,495230,14,1769039,8797
OF1,256,Shapes,10-04,201946127246670,827924,14,2556031,42844
OF1,256,Shapes,10-06,322312042936413,523128,13,5927633,12774
OF1,256,Shapes,10-08,219355919373304,435348,10,1781026,23131
OF1,256,Shapes,10-09,136961926001719,905627,15,2089194,14366
OF1,256,WhiteNoise,01-03,5209005452688,1064681,29,3097087,5569
OF1,256,WhiteNoise,01-04,4932972714666,1378064,27,4951212,6642
OF1,256,WhiteNoise,01-06,4552287681674,1242183,27,3698087,6507
OF1,256,WhiteNoise,01-08,4506785542342,2670466,27,8583214,11854
OF1,256,WhiteNoise,01-09,4445823914996,1435530,28,4564403,6281
OF1,256,WhiteNoise,02-01,4943016225376,1473731,30,4367042,7354
OF1,256,WhiteNoise,02-03,4600417339815,1921576,31,4725297,8780
OF1,256,WhiteNoise,02-04,4917045543585,1454239,28,5176661,6514
OF1,256,WhiteNoise,02-05,4638949776327,1547340,31,4657307,8192
OF1,256,WhiteNoise,02-06,4499993998335,1372298,29,4399450,7327
OF1,256,WhiteNoise,02-07,5232563502783,1461962,31,3979979,7082
OF1,256,WhiteNoise,02-08,5121487243654,2042268,29,7244007,10391
OF1,256,WhiteNoise,02-09,4375930185108,1918157,26,5806648,8028
OF1,256,WhiteNoise,02-10,5348354067602,1425378,31,4464786,6556
OF1,256,WhiteNoise,03-04,5632128226387,1621223,29,6940457,9205
OF1,256,WhiteNoise,03-06,5023739629829,1169576,28,3621989,6584
OF1,256,WhiteNoise,03-08,5599982013805,2077549,29,7399280,10545
OF1,256,WhiteNoise,03-09,5225289051817,1163283,29,3544685,5490
OF1,256,WhiteNoise,04-08,4641230033393,2241576,28,6961882,11123
OF1,256,WhiteNoise,05-01,5202772226455,1221110,27,3533486,6718
OF1,256,WhiteNoise,05-03,5398357568004,1924238,29,6122920,9590
OF1,256,WhiteNoise,05-04,4782588018850,1384480,29,4361155,6181
OF1,256,WhiteNoise,05-06,4399651324714,2248477,29,6592203,10632
OF1,256,WhiteNoise,05-08,5016417428513,2428937,30,8990340,11751
OF1,256,WhiteNoise,05-09,4733170579794,1060414,27,3424585,4997
OF1,256,WhiteNoise,05-10,5089996019699,1449065,28,4125881,6962
OF1,256,WhiteNoise,06-04,4494251182516,1290409,28,4610259,6333
OF1,256,WhiteNoise,06-08,4864731645339,2109697,27,6916715,10920
OF1,256,WhiteNoise,07-01,4448128530691,1915215,28,5679629,9282
OF1,256,WhiteNoise,07-03,5182828459903,1742520,28,5837989,8660
OF1,256,WhiteNoise,07-04,5882156788531,1656189,27,5624674,9256
OF1,256,WhiteNoise,07-05,5714956217529,1606147,29,5242410,8977
OF1,256,WhiteNoise,07-06,5195063692251,2038789,30,6406737,10216
OF1,256,WhiteNoise,07-08,5338920045454,1917153,27,6720733,9870
OF1,256,WhiteNoise,07-09,4886096435684,1052590,29,3492842,5339
OF1,256,WhiteNoise,07-10,5067724093611,1841215,27,6307849,10068
OF1,256,WhiteNoise,09-04,5056561560154,1126410,28,4013337,6687
OF1,256,WhiteNoise,09-06,4440252773750,2281107,28,7387968,11238
OF1,256,WhiteNoise,09-08,4859919777669,1994491,29,6861823,10658
OF1,256,WhiteNoise,10-01,4443937540346,1277826,28,4070198,6044
OF1,256,WhiteNoise,10-03,5698770478308,1572963,27,5988573,8886
OF1,256,WhiteNoise,10-04,4988992922857,1516039,27,4617148,7126
OF1,256,WhiteNoise,10-06,4660634146865,1828255,26,5699286,9475
OF1,256,WhiteNoise,10-08,4701798707830,2322633,28,8445279,11655
OF1,256,WhiteNoise,10-09,4775101176993,1137712,28,3902076,6283
OF2,32,CauchyDensity,01-02,1792196707,112,0,13316,199
OF2,32,CauchyDensity,01-03,5121354077,93,0,12571,162
OF2,32,CauchyDensity,01-04,2397780369,95,0,12325,149
OF2,32,CauchyDensity,01-05,17909851849,91,0,12164,131
OF2,32,CauchyDensity,01-06,17730415512,124,0,14821,216
OF2,32,CauchyDensity,01-07,6243912576,109,0,13491,184
OF2,32,CauchyDensity,01-08,5688298977,100,0,11735,179
OF2,32,CauchyDensity,01-09,4097564224,112,0,12818,206
OF2,32,CauchyDensity,01-10,17220924118,115,0,14189,193
OF2,32,CauchyDensity,02-04,1358071384,115,0,15692,227
OF2,32,CauchyDensity,02-05,15509602618,134,0,17180,216
OF2,32,CauchyDensity,02-06,13310503857,177,0,18334,287
OF2,32,CauchyDensity,02-08,2838665716,159,0,17690,250
OF2,32,CauchyDensity,02-09,3570958089,158,0,18909,262
OF2,32,CauchyDensity,02-10,12660462669,165,0,18006,284
OF2,32,CauchyDensity,03-02,2252576302,127,0,14445,201
OF2,32,CauchyDensity,03-04,1340888028,138,0,15535,249
OF2,32,CauchyDensity,03-05,6852192960,136,0,16141,192
OF2,32,CauchyDensity,03-06,5282453447,170,0,17862,263
OF2,32,CauchyDensity,03-08,1286987748,167,0,16412,339
OF2,32,CauchyDensity,03-09,3964919205,143,0,17650,237
OF2,32,CauchyDensity,03-10,4552295541,167,0,17519,281
OF2,32,CauchyDensity,04-05,10991486054,135,0,15347,187
OF2,32,CauchyDensity,04-08,827596960,117,0,14371,175
OF2,32,CauchyDensity,04-10,8245624221,139,0,16704,189
OF2,32,CauchyDensity,05-08,9303877284,152,0,18139,202
OF2,32,CauchyDensity,05-10,3096475867,148,0,17496,236
OF2,32,CauchyDensity,06-04,8522432379,152,0,18631,226
OF2,32,CauchyDensity,06-05,4281530985,155,0,18752,266
OF2,32,CauchyDensity,06-08,5520715675,153,0,18799,213
OF2,32,CauchyDensity,06-09,10977793522,186,0,20562,308
OF2,32,CauchyDensity,06-10,262412234,116,0,15285,225
OF2,32,CauchyDensity,07-02,3071265843,151,0,18017,254
OF2,32,CauchyDensity,07-03,1621406347,121,0,15764,217
OF2,32,CauchyDensity,07-04,1217239633,116,0,16060,175
OF2,32,CauchyDensity,07-05,11658175111,139,0,16027,199
OF2,32,CauchyDensity,07-06,5714245194,148,0,17395,207
OF2,32,CauchyDensity,07-08,524243513,117,0,15805,203
OF2,32,CauchyDensity,07-09,3626689554,138,0,17081,278
OF2,32,CauchyDensity,07-10,5851790240,139,0,16882,179
OF2,32,CauchyDensity,09-04,1513708625,123,0,14837,227
OF2,32,CauchyDensity,09-05,11776812105,162,0,17879,255
OF2,32,CauchyDensity,09-08,1792520801,135,0,17135,232
OF2,32,CauchyDensity,09-10,10834612538,160,0,19388,237
OF2,32,CauchyDensity,10-08,5450830299,137,0,18420,171
OF2,32,ClassicImages,01-02,642064623,151,0,16724,292
OF2,32,ClassicImages,01-03,764360198,122,0,15566,216
OF2,32,ClassicImages,01-04,421791280,138,0,16279,278
OF2,32,ClassicImages,01-05,540989401,136,0,17169,240
OF2,32,ClassicImages,01-06,1163234480,167,0,18247,340
OF2,32,ClassicImages,01-07,865212037,152,0,18248,271
OF2,32,ClassicImages,01-08,609060037,163,0,17893,327
OF2,32,ClassicImages,01-09,1697348934,139,0,16448,222
OF2,32,ClassicImages,01-10,1331537051,212,0,19358,468
OF2,32,ClassicImages,02-04,164211261,121,0,15447,242
OF2,32,ClassicImages,02-05,155820730,159,0,15947,460
OF2,32,ClassicImages,02-06,187296273,141,0,17292,319
OF2,32,ClassicImages,02-08,224243244,117,0,15163,218
OF2,32,ClassicImages,02-09,838588231,174,0,16122,370
OF2,32,ClassicImages,02-10,414270674,150,0,17425,300
OF2,32,ClassicImages,03-02,374909903,180,0,17223,374
OF2,32,ClassicImages,03-04,285454110,138,0,15863,277
OF2,32,ClassicImages,03-05,326952787,145,0,15310,317
OF2,32,ClassicImages,03-06,487928608,134,0,15200,240
OF2,32,ClassicImages,03-08,371014643,125,0,14807,271
OF2,32,ClassicImages,03-09,1258549336,129,0,14275,207
OF2,32,ClassicImages,03-10,843443801,152,0,16993,291
OF2,32,ClassicImages,04-05,208241169,155,0,15320,436
OF2,32,ClassicImages,04-08,187999133,180,0,17967,470
OF2,32,ClassicImages,04-10,643276729,129,0,15868,225
OF2,32,ClassicImages,05-08,318902136,124,0,15847,222
OF2,32,ClassicImages,05-10,644833928,127,0,15769,230
OF2,32,ClassicImages,06-04,362148416,141,0,17031,268
OF2,32,ClassicImages,06-05,297953779,123,0,15750,253
OF2,32,ClassicImages,06-08,359332959,110,0,13592,217
OF2,32,ClassicImages,06-09,822271864,133,0,16120,236
OF2,32,ClassicImages,06-10,474006191,133,0,16360,283
OF2,32,ClassicImages,07-02,170977130,116,0,14170,248
OF2,32,ClassicImages,07-03,535268331,125,0,16171,201
OF2,32,ClassicImages,07-04,376860113,127,0,15538,241
OF2,32,ClassicImages,07-05,186011698,152,0,16747,360
OF2,32,ClassicImages,07-06,254800901,136,0,17185,280
OF2,32,ClassicImages,07-08,353883358,126,0,16482,208
OF2,32,ClassicImages,07-09,689172553,144,0,16098,270
OF2,32,ClassicImages,07-10,506634068,134,0,16578,234
OF2,32,ClassicImages,09-04,1133114680,169,0,15494,344
OF2,32,ClassicImages,09-05,723010961,156,0,14352,345
OF2,32,ClassicImages,09-08,1437741601,127,0,15445,194
OF2,32,ClassicImages,09-10,1740589599,132,0,16161,195
OF2,32,ClassicImages,10-08,496835542,174,0,18665,385
OF2,32,GRFmoderate,01-02,417043033,124,0,16321,210
OF2,32,GRFmoderate,01-03,908194803,158,0,17717,264
OF2,32,GRFmoderate,01-04,2058476023,155,0,18321,293
OF2,32,GRFmoderate,01-05,622772266,125,0,15892,253
OF2,32,GRFmoderate,01-06,1276934640,144,0,16270,280
OF2,32,GRFmoderate,01-07,406183035,128,0,14973,282
OF2,32,GRFmoderate,01-08,1317918110,169,0,16367,316
OF2,32,GRFmoderate,01-09,288510370,114,0,15150,206
OF2,32,GRFmoderate,01-10,209422385,124,0,15461,269
OF2,32,GRFmoderate,02-04,1256712988,148,0,15919,314
OF2,32,GRFmoderate,02-05,364164385,139,0,16098,290
OF2,32,GRFmoderate,02-06,893322779,165,0,16763,352
OF2,32,GRFmoderate,02-08,1362745945,138,0,16506,218
OF2,32,GRFmoderate,02-09,349434325,143,0,15923,325
OF2,32,GRFmoderate,02-10,450423650,150,0,16644,308
OF2,32,GRFmoderate,03-02,949126052,130,0,15731,202
OF2,32,GRFmoderate,03-04,1120855514,142,0,16835,273
OF2,32,GRFmoderate,03-05,632468053,127,0,15578,235
OF2,32,GRFmoderate,03-06,885827463,155,0,15780,348
OF2,32,GRFmoderate,03-08,358653571,141,0,15902,324
OF2,32,GRFmoderate,03-09,632453437,130,0,15432,249
OF2,32,GRFmoderate,03-10,670620770,157,0,17218,307
OF2,32,GRFmoderate,04-05,746068593,142,0,17229,278
OF2,32,GRFmoderate,04-08,1467827953,135,0,17043,225
OF2,32,GRFmoderate,04-10,1767724806,155,0,17881,286
OF2,32,GRFmoderate,05-08,922413636,165,0,16785,334
OF2,32,GRFmoderate,05-10,415758811,123,0,15922,232
OF2,32,GRFmoderate,06-04,740953195,131,0,16176,230
OF2,32,GRFmoderate,06-05,379468874,129,0,15674,286
OF2,32,GRFmoderate,06-08,1307654414,179,0,17359,362
OF2,32,GRFmoderate,06-09,876517322,156,0,17260,327
OF2,32,GRFmoderate,06-10,996419923,134,0,16729,252
OF2,32,GRFmoderate,07-02,407470852,140,0,16586,282
OF2,32,GRFmoderate,07-03,805376224,142,0,16373,255
OF2,32,GRFmoderate,07-04,1517326078,119,0,16364,197
OF2,32,GRFmoderate,07-05,299561843,117,0,15092,240
OF2,32,GRFmoderate,07-06,867378169,122,0,16328,207
OF2,32,GRFmoderate,07-08,954142553,136,0,16156,240
OF2,32,GRFmoderate,07-09,159044387,131,0,15640,319
OF2,32,GRFmoderate,07-10,234106414,136,0,16231,275
OF2,32,GRFmoderate,09-04,1436318905,168,0,17974,369
OF2,32,GRFmoderate,09-05,339332532,110,0,14249,211
OF2,32,GRFmoderate,09-08,759504426,126,0,14950,215
OF2,32,GRFmoderate,09-10,242499731,134,0,15826,248
OF2,32,GRFmoderate,10-08,1074961309,141,0,17635,232
OF2,32,GRFrough,01-02,151156309,150,0,17035,386
OF2,32,GRFrough,01-03,105799763,145,0,16479,367
OF2,32,GRFrough,01-04,170020029,156,0,16114,403
OF2,32,GRFrough,01-05,96074176,151,0,17803,374
OF2,32,GRFrough,01-06,130973107,136,0,16174,297
OF2,32,GRFrough,01-07,84752158,118,0,12911,342
OF2,32,GRFrough,01-08,94084457,121,0,14579,300
OF2,32,GRFrough,01-09,75566352,114,0,14032,273
OF2,32,GRFrough,01-10,101264476,126,0,16436,271
OF2,32,GRFrough,02-04,177882234,160,0,17394,395
OF2,32,GRFrough,02-05,80379813,142,0,16832,375
OF2,32,GRFrough,02-06,187739330,182,0,18511,436
OF2,32,GRFrough,02-08,130160550,128,0,15536,281
OF2,32,GRFrough,02-09,100041181,148,0,16977,392
OF2,32,GRFrough,02-10,96820985,122,0,14406,284
OF2,32,GRFrough,03-02,183408184,141,0,14951,344
OF2,32,GRFrough,03-04,153466728,142,0,16445,354
OF2,32,GRFrough,03-05,149549061,117,0,13781,305
OF2,32,GRFrough,03-06,98235286,144,0,15922,390
OF2,32,GRFrough,03-08,121005994,131,0,15431,344
OF2,32,GRFrough,03-09,133254415,111,0,14420,236
OF2,32,GRFrough,03-10,122400625,120,0,15653,238
OF2,32,GRFrough,04-05,209710895,207,0,18434,492
OF2,32,GRFrough,04-08,205655006,171,0,16508,351
OF2,32,GRFrough,04-10,183862247,158,0,16591,338
OF2,32,GRFrough,05-08,87788389,140,0,17317,284
OF2,32,GRFrough,05-10,68134702,152,0,16372,367
OF2,32,GRFrough,06-04,138220966,162,0,17479,425
OF2,32,GRFrough,06-05,162308605,166,0,15554,402
OF2,32,GRFrough,06-08,185928034,145,0,17105,279
OF2,32,GRFrough,06-09,150840939,157,0,16031,364
OF2,32,GRFrough,06-10,117139219,160,0,16566,376
OF2,32,GRFrough,07-02,167036651,114,0,15393,244
OF2,32,GRFrough,07-03,95364267,168,0,17983,450
OF2,32,GRFrough,07-04,190470457,140,0,15938,319
OF2,32,GRFrough,07-05,122695058,138,0,16180,352
OF2,32,GRFrough,07-06,158446987,129,0,14164,315
OF2,32,GRFrough,07-08,76879099,134,0,16932,334
OF2,32,GRFrough,07-09,89287872,147,0,16756,382
OF2,32,GRFrough,07-10,136614510,129,0,16870,297
OF2,32,GRFrough,09-04,194897565,161,0,15819,346
OF2,32,GRFrough,09-05,69804222,142,0,14680,349
OF2,32,GRFrough,09-08,85992103,138,0,15806,336
OF2,32,GRFrough,09-10,88268958,146,0,15179,350
OF2,32,GRFrough,10-08,122263939,138,0,16829,325
OF2,32,GRFsmooth,01-02,2192628583,152,0,17306,247
OF2,32,GRFsmooth,01-03,5859784556,183,0,18872,313
OF2,32,GRFsmooth,01-04,1935825471,188,0,18617,352
OF2,32,GRFsmooth,01-05,1278120742,140,0,16843,257
OF2,32,GRFsmooth,01-06,998903875,146,0,15870,272
OF2,32,GRFsmooth,01-07,370907675,140,0,15514,302
OF2,32,GRFsmooth,01-08,1919398687,128,0,13767,214
OF2,32,GRFsmooth,01-09,1352756959,133,0,17478,235
OF2,32,GRFsmooth,01-10,2398552683,158,0,17224,278
OF2,32,GRFsmooth,02-04,6078514050,153,0,18500,221
OF2,32,GRFsmooth,02-05,3489604383,140,0,17163,200
OF2,32,GRFsmooth,02-06,1093335490,167,0,15925,347
OF2,32,GRFsmooth,02-08,735397096,124,0,15887,240
OF2,32,GRFsmooth,02-09,2483493688,131,0,16685,208
OF2,32,GRFsmooth,02-10,2270731530,175,0,18362,330
OF2,32,GRFsmooth,03-02,4072302973,134,0,18032,206
OF2,32,GRFsmooth,03-04,8720841903,142,0,16539,204
OF2,32,GRFsmooth,03-05,6930003006,174,0,19310,269
OF2,32,GRFsmooth,03-06,3809446997,150,0,16719,258
OF2,32,GRFsmooth,03-08,2090817265,140,0,16399,263
OF2,32,GRFsmooth,03-09,3169266845,120,0,16435,163
OF2,32,GRFsmooth,03-10,2550004137,142,0,16866,239
OF2,32,GRFsmooth,04-05,929198859,129,0,15628,224
OF2,32,GRFsmooth,04-08,4633448114,142,0,16056,217
OF2,32,GRFsmooth,04-10,3106598072,140,0,17228,194
OF2,32,GRFsmooth,05-08,2641344483,135,0,17317,181
OF2,32,GRFsmooth,05-10,2299669915,147,0,17630,235
OF2,32,GRFsmooth,06-04,3032271612,175,0,18972,271
OF2,32,GRFsmooth,06-05,1356711709,154,0,16191,291
OF2,32,GRFsmooth,06-08,750194750,191,0,18030,391
OF2,32,GRFsmooth,06-09,1340901494,146,0,17061,265
OF2,32,GRFsmooth,06-10,1367176930,164,0,17823,295
OF2,32,GRFsmooth,07-02,1691797832,147,0,17028,241
OF2,32,GRFsmooth,07-03,6102346267,158,0,18432,228
OF2,32,GRFsmooth,07-04,2163936616,152,0,16988,251
OF2,32,GRFsmooth,07-05,1267127657,155,0,17132,297
OF2,32,GRFsmooth,07-06,767096158,166,0,17917,330
OF2,32,GRFsmooth,07-08,1639328430,127,0,15766,206
OF2,32,GRFsmooth,07-09,1432067894,126,0,17248,196
OF2,32,GRFsmooth,07-10,1986458394,157,0,17367,288
OF2,32,GRFsmooth,09-04,2005629276,138,0,15700,212
OF2,32,GRFsmooth,09-05,1610084355,121,0,16120,168
OF2,32,GRFsmooth,09-08,1100107608,119,0,14981,179
OF2,32,GRFsmooth,09-10,755517558,131,0,15953,222
OF2,32,GRFsmooth,10-08,1014648180,157,0,17291,300
OF2,32,LogGRF,01-02,1965745245,129,0,15979,223
OF2,32,LogGRF,01-03,8694492219,234,0,22953,471
OF2,32,LogGRF,01-04,6480024361,193,0,19532,348
OF2,32,LogGRF,01-05,17205783639,173,0,19600,271
OF2,32,LogGRF,01-06,3229519112,140,0,18184,270
OF2,32,LogGRF,01-07,1335892375,144,0,17290,249
OF2,32,LogGRF,01-08,3919672441,154,0,17678,281
OF2,32,LogGRF,01-09,14659395961,206,0,22424,421
OF2,32,LogGRF,01-10,8878243714,177,0,19523,300
OF2,32,LogGRF,02-04,4252932996,197,0,20544,375
OF2,32,LogGRF,02-05,10377222264,153,0,17300,233
OF2,32,LogGRF,02-06,1815590147,140,0,17138,250
OF2,32,LogGRF,02-08,1203369810,133,0,16001,239
OF2,32,LogGRF,02-09,8119403846,153,0,19801,257
OF2,32,LogGRF,02-10,3990752541,147,0,16783,248
OF2,32,LogGRF,03-02,5428342044,184,0,20327,334
OF2,32,LogGRF,03-04,10608431310,257,0,26277,511
OF2,32,LogGRF,03-05,9054858322,201,0,20897,358
OF2,32,LogGRF,03-06,5788811237,211,0,21379,366
OF2,32,LogGRF,03-08,5800943878,203,0,22494,378
OF2,32,LogGRF,03-09,8259967534,194,0,22211,358
OF2,32,LogGRF,03-10,4608541127,207,0,21301,387
OF2,32,LogGRF,04-05,9404884288,202,0,20655,345
OF2,32,LogGRF,04-08,2979160606,166,0,18601,308
OF2,32,LogGRF,04-10,4158961923,197,0,20736,399
OF2,32,LogGRF,05-08,6192225618,128,0,16349,171
OF2,32,LogGRF,05-10,2567696637,135,0,16749,206
OF2,32,LogGRF,06-04,8610066159,229,0,24106,427
OF2,32,LogGRF,06-05,16409543573,155,0,17837,234
OF2,32,LogGRF,06-08,4177327967,154,0,19207,239
OF2,32,LogGRF,06-09,7047150347,200,0,20469,349
OF2,32,LogGRF,06-10,8063474482,176,0,19181,300
OF2,32,LogGRF,07-02,2676762566,160,0,17997,299
OF2,32,LogGRF,07-03,6597397664,218,0,22838,410
OF2,32,LogGRF,07-04,5871678556,219,0,19852,433
OF2,32,LogGRF,07-05,14474713246,193,0,20219,322
OF2,32,LogGRF,07-06,4607070487,145,0,18712,273
OF2,32,LogGRF,07-08,3351691604,174,0,18912,325
OF2,32,LogGRF,07-09,16324292722,206,0,23116,472
OF2,32,LogGRF,07-10,7671692129,207,0,21607,367
OF2,32,LogGRF,09-04,12879358992,176,0,23425,380
OF2,32,LogGRF,09-05,10517415150,159,0,20025,259
OF2,32,LogGRF,09-08,8015762412,159,0,19388,344
OF2,32,LogGRF,09-10,6675200023,154,0,19893,295
OF2,32,LogGRF,10-08,2385191327,130,0,16148,224
OF2,32,LogitGRF,01-02,1734786131,159,0,17896,308
OF2,32,LogitGRF,01-03,1541589601,168,0,17855,320
OF2,32,LogitGRF,01-04,1099587926,174,0,17727,357
OF2,32,LogitGRF,01-05,669189205,146,0,17499,268
OF2,32,LogitGRF,01-06,771856370,180,0,19637,347
OF2,32,LogitGRF,01-07,1459837111,181,0,18751,332
OF2,32,LogitGRF,01-08,585110612,188,0,19700,399
OF2,32,LogitGRF,01-09,3305342258,155,0,19322,257
OF2,32,LogitGRF,01-10,1528658852,152,0,17943,303
OF2,32,LogitGRF,02-04,814646253,117,0,15784,210
OF2,32,LogitGRF,02-05,1488019704,160,0,18381,294
OF2,32,LogitGRF,02-06,1458165119,151,0,17512,266
OF2,32,LogitGRF,02-08,1995448687,211,0,20754,427
OF2,32,LogitGRF,02-09,2394452805,197,0,18710,404
OF2,32,LogitGRF,02-10,1155488377,133,0,17256,239
OF2,32,LogitGRF,03-02,2276718360,191,0,19099,361
OF2,32,LogitGRF,03-04,2375471039,237,0,20641,469
OF2,32,LogitGRF,03-05,956947752,140,0,16162,244
OF2,32,LogitGRF,03-06,1400098481,146,0,18353,270
OF2,32,LogitGRF,03-08,2269511669,159,0,17751,273
OF2,32,LogitGRF,03-09,1151562337,135,0,17136,256
OF2,32,LogitGRF,03-10,1165578561,128,0,16896,211
OF2,32,LogitGRF,04-05,1281138037,188,0,18730,387
OF2,32,LogitGRF,04-08,1228374494,245,0,22260,543
OF2,32,LogitGRF,04-10,1579418934,144,0,16493,262
OF2,32,LogitGRF,05-08,1114201435,136,0,17775,194
OF2,32,LogitGRF,05-10,1317770009,129,0,16504,218
OF2,32,LogitGRF,06-04,1362585730,142,0,16500,235
OF2,32,LogitGRF,06-05,917695103,143,0,16902,284
OF2,32,LogitGRF,06-08,1041451750,126,0,16986,185
OF2,32,LogitGRF,06-09,2841771926,169,0,19928,323
OF2,32,LogitGRF,06-10,1130739680,115,0,17072,228
OF2,32,LogitGRF,07-02,3031423402,155,0,18691,241
OF2,32,LogitGRF,07-03,1128095288,161,0,17514,328
OF2,32,LogitGRF,07-04,2769335017,149,0,17911,208
OF2,32,LogitGRF,07-05,1658562170,138,0,16473,237
OF2,32,LogitGRF,07-06,1033728317,130,0,17326,190
OF2,32,LogitGRF,07-08,2399560381,148,0,15747,265
OF2,32,LogitGRF,07-09,3199824953,178,0,19434,364
OF2,32,LogitGRF,07-10,1949831135,155,0,17427,301
OF2,32,LogitGRF,09-04,3237239400,165,0,18545,280
OF2,32,LogitGRF,09-05,2067002647,117,0,16013,196
OF2,32,LogitGRF,09-08,4231362120,143,0,18692,219
OF2,32,LogitGRF,09-10,1331916570,157,0,16873,302
OF2,32,LogitGRF,10-08,2038417282,140,0,17466,234
OF2,32,MicroscopyImages,01-02,1113439145,63,0,9956,162
OF2,32,MicroscopyImages,01-03,9127985268,80,0,10405,234
OF2,32,MicroscopyImages,01-04,4375274325,80,0,11646,189
OF2,32,MicroscopyImages,01-05,6404851276,128,0,15454,333
OF2,32,MicroscopyImages,01-06,7407039052,115,0,14971,273
OF2,32,MicroscopyImages,01-07,5636671272,89,0,11937,293
OF2,32,MicroscopyImages,01-08,6309242060,115,0,15694,300
OF2,32,MicroscopyImages,01-09,4895665785,100,0,12028,322
OF2,32,MicroscopyImages,01-10,2975148890,87,0,12270,212
OF2,32,MicroscopyImages,02-04,5615986990,106,0,14107,190
OF2,32,MicroscopyImages,02-05,5055032825,159,0,17644,345
OF2,32,MicroscopyImages,02-06,6640787263,178,0,19079,375
OF2,32,MicroscopyImages,02-08,5876045361,146,0,17733,315
OF2,32,MicroscopyImages,02-09,3985490722,141,0,14705,366
OF2,32,MicroscopyImages,02-10,2151446473,130,0,14968,263
OF2,32,MicroscopyImages,03-02,10368915611,104,0,13032,259
OF2,32,MicroscopyImages,03-04,1458056103,71,0,10268,220
OF2,32,MicroscopyImages,03-05,4076134672,87,0,11531,232
OF2,32,MicroscopyImages,03-06,2499003470,93,0,12231,224
OF2,32,MicroscopyImages,03-08,4441900634,91,0,12606,192
OF2,32,MicroscopyImages,03-09,4820437077,73,0,10098,221
OF2,32,MicroscopyImages,03-10,5286615562,93,0,13160,202
OF2,32,MicroscopyImages,04-05,3326211681,129,0,15609,287
OF2,32,MicroscopyImages,04-08,3049428353,179,0,17152,381
OF2,32,MicroscopyImages,04-10,2773701599,153,0,16720,326
OF2,32,MicroscopyImages,05-08,2929547244,112,0,15625,230
OF2,32,MicroscopyImages,05-10,2198895408,136,0,15504,323
OF2,32,MicroscopyImages,06-04,2486900891,158,0,17518,297
OF2,32,MicroscopyImages,06-05,465637718,93,0,12989,226
OF2,32,MicroscopyImages,06-08,2863284268,145,0,17706,277
OF2,32,MicroscopyImages,06-09,2587922603,102,0,14596,240
OF2,32,MicroscopyImages,06-10,2708490782,163,0,17531,337
OF2,32,MicroscopyImages,07-02,5341166391,103,0,14136,260
OF2,32,MicroscopyImages,07-03,4912835614,76,0,10226,177
OF2,32,MicroscopyImages,07-04,3067474949,109,0,14153,242
OF2,32,MicroscopyImages,07-05,2956463676,97,0,13072,256
OF2,32,MicroscopyImages,07-06,3007911002,120,0,14716,273
OF2,32,MicroscopyImages,07-08,337039790,79,0,11857,182
OF2,32,MicroscopyImages,07-09,5735521479,106,0,14997,322
OF2,32,MicroscopyImages,07-10,4667825704,95,0,14888,212
OF2,32,MicroscopyImages,09-04,3530608744,113,0,14773,284
OF2,32,MicroscopyImages,09-05,2288966075,88,0,13077,219
OF2,32,MicroscopyImages,09-08,5551601535,110,0,15341,255
OF2,32,MicroscopyImages,09-10,869092881,97,0,13293,254
OF2,32,MicroscopyImages,10-08,4745611100,120,0,17409,214
OF2,32,Shapes,01-02,2498560000,60,0,9849,152
OF2,32,Shapes,01-03,136000000,36,0,5270,165
OF2,32,Shapes,01-04,1380876504,83,0,11976,186
OF2,32,Shapes,01-05,974472630,69,0,11679,178
OF2,32,Shapes,01-06,4886800000,82,0,14364,184
OF2,32,Shapes,01-07,2856691337,99,0,13306,241
OF2,32,Shapes,01-08,1677590960,49,0,9699,159
OF2,32,Shapes,01-09,778000000,77,0,11574,290
OF2,32,Shapes,01-10,341166340,61,0,10119,181
OF2,32,Shapes,02-04,352115986,33,0,5344,187
OF2,32,Shapes,02-05,3227151522,36,0,6145,129
OF2,32,Shapes,02-06,3891264000,42,0,7307,184
OF2,32,Shapes,02-08,629300580,23,0,4276,151
OF2,32,Shapes,02-09,2960160000,39,0,6194,156
OF2,32,Shapes,02-10,3509690032,37,0,6014,157
OF2,32,Shapes,03-02,2560096000,35,0,5866,131
OF2,32,Shapes,03-04,1453457196,43,0,7640,188
OF2,32,Shapes,03-05,1050860320,38,0,8408,156
OF2,32,Shapes,03-06,4951600000,51,0,9998,245
OF2,32,Shapes,03-08,1735402504,30,0,5647,136
OF2,32,Shapes,03-09,834400000,36,0,7433,171
OF2,32,Shapes,03-10,432434912,35,0,6740,150
OF2,32,Shapes,04-05,1851552136,46,0,7911,169
OF2,32,Shapes,04-08,340140112,28,0,5110,177
OF2,32,Shapes,04-10,2250417600,54,0,9613,206
OF2,32,Shapes,05-08,1545470204,30,0,5678,150
OF2,32,Shapes,05-10,1263731228,46,0,8835,184
OF2,32,Shapes,06-04,3595726992,50,0,8904,181
OF2,32,Shapes,06-05,5472922118,49,0,10500,173
OF2,32,Shapes,06-08,3906389576,34,0,6579,158
OF2,32,Shapes,06-09,5411200000,60,0,11754,218
OF2,32,Shapes,06-10,5777420840,51,0,9270,209
OF2,32,Shapes,07-02,2589584123,45,0,8050,173
OF2,32,Shapes,07-03,2931901317,55,0,8962,220
OF2,32,Shapes,07-04,2040807815,63,0,10732,191
OF2,32,Shapes,07-05,3381665761,53,0,9369,181
OF2,32,Shapes,07-06,10775897657,81,0,12530,321
OF2,32,Shapes,07-08,2346634519,43,0,7092,213
OF2,32,Shapes,07-09,3487215639,57,0,9652,207
OF2,32,Shapes,07-10,3639101183,66,0,10708,229
OF2,32,Shapes,09-04,1957490118,47,0,8263,194
OF2,32,Shapes,09-05,1745648268,46,0,9735,172
OF2,32,Shapes,09-08,2278436924,34,0,5925,153
OF2,32,Shapes,09-10,930355024,41,0,8049,162
OF2,32,Shapes,10-08,2543288816,35,0,6335,157
OF2,32,WhiteNoise,01-02,72631474,152,0,16964,446
OF2,32,WhiteNoise,01-03,77475839,152,0,17031,438
OF2,32,WhiteNoise,01-04,98469247,125,0,14759,312
OF2,32,WhiteNoise,01-05,80924888,139,0,16171,358
OF2,32,WhiteNoise,01-06,66044153,149,0,15564,443
OF2,32,WhiteNoise,01-07,73705465,137,0,17005,346
OF2,32,WhiteNoise,01-08,71791015,116,0,15649,254
OF2,32,WhiteNoise,01-09,94176366,134,0,14682,387
OF2,32,WhiteNoise,01-10,78316204,102,0,11785,279
OF2,32,WhiteNoise,02-04,95227651,181,0,17842,507
OF2,32,WhiteNoise,02-05,76939238,122,0,14912,335
OF2,32,WhiteNoise,02-06,76607451,151,0,17315,420
OF2,32,WhiteNoise,02-08,68138269,151,0,16864,432
OF2,32,WhiteNoise,02-09,79764058,118,0,14111,324
OF2,32,WhiteNoise,02-10,83020178,147,0,16352,413
OF2,32,WhiteNoise,03-02,79716769,128,0,15697,316
OF2,32,WhiteNoise,03-04,99770800,191,0,19058,532
OF2,32,WhiteNoise,03-05,82048023,142,0,16825,369
OF2,32,WhiteNoise,03-06,66730834,146,0,16685,423
OF2,32,WhiteNoise,03-08,86971808,118,0,15463,278
OF2,32,WhiteNoise,03-09,84280449,133,0,14946,365
OF2,32,WhiteNoise,03-10,70089433,156,0,17822,419
OF2,32,WhiteNoise,04-05,77180629,131,0,16311,362
OF2,32,WhiteNoise,04-08,97534768,122,0,15976,244
OF2,32,WhiteNoise,04-10,119068103,122,0,14961,292
OF2,32,WhiteNoise,05-08,83570883,139,0,17453,317
OF2,32,WhiteNoise,05-10,88253438,149,0,16322,403
OF2,32,WhiteNoise,06-04,83850164,113,0,12578,329
OF2,32,WhiteNoise,06-05,73267053,177,0,18391,491
OF2,32,WhiteNoise,06-08,74716462,128,0,16688,285
OF2,32,WhiteNoise,06-09,87470769,166,0,17568,481
OF2,32,WhiteNoise,06-10,71464641,144,0,15272,422
OF2,32,WhiteNoise,07-02,77529055,133,0,16672,329
OF2,32,WhiteNoise,07-03,81831112,139,0,16490,366
OF2,32,WhiteNoise,07-04,124288292,124,0,16112,268
OF2,32,WhiteNoise,07-05,79855821,116,0,15224,256
OF2,32,WhiteNoise,07-06,82416958,166,0,18693,439
OF2,32,WhiteNoise,07-08,77792116,140,0,15938,375
OF2,32,WhiteNoise,07-09,100452347,130,0,16522,327
OF2,32,WhiteNoise,07-10,81917349,140,0,16922,380
OF2,32,WhiteNoise,09-04,83115435,137,0,16496,349
OF2,32,WhiteNoise,09-05,76746646,112,0,14318,275
OF2,32,WhiteNoise,09-08,91426453,123,0,15245,310
OF2,32,WhiteNoise,09-10,95253472,150,0,14830,414
OF2,32,WhiteNoise,10-08,85910655,126,0,15787,333
OF2,64,CauchyDensity,01-02,144304310665,1782,1,129201,718
OF2,64,CauchyDensity,01-03,21901458378,1099,1,105870,344
OF2,64,CauchyDensity,01-04,65575610400,1628,1,128216,566
OF2,64,CauchyDensity,01-05,72157399142,1538,1,120466,569
OF2,64,CauchyDensity,01-06,129576229366,2021,1,137367,693
OF2,64,CauchyDensity,01-07,56024485389,1208,1,112618,494
OF2,64,CauchyDensity,01-08,110773437996,1810,1,135788,630
OF2,64,CauchyDensity,01-09,83471564505,1592,1,122487,676
OF2,64,CauchyDensity,01-10,71925648284,1440,1,123939,597
OF2,64,CauchyDensity,02-03,121472957977,2482,1,127152,831
OF2,64,CauchyDensity,02-04,99779684705,2216,1,130823,750
OF2,64,CauchyDensity,02-05,38491248233,1792,1,105241,623
OF2,64,CauchyDensity,02-07,87292819360,1802,1,111066,547
OF2,64,CauchyDensity,02-10,105613729341,1933,1,113579,562
OF2,64,CauchyDensity,03-07,12782169843,1242,1,96396,405
OF2,64,CauchyDensity,03-10,22228627248,1296,1,103785,403
OF2,64,CauchyDensity,04-03,40017765318,1747,1,110785,554
OF2,64,CauchyDensity,04-07,30103261989,1604,1,109098,471
OF2,64,CauchyDensity,04-10,33222875862,1866,1,112853,653
OF2,64,CauchyDensity,05-03,53392841146,1877,1,114120,648
OF2,64,CauchyDensity,05-04,69672501810,2111,1,129706,718
OF2,64,CauchyDensity,05-07,37437454913,2046,1,113930,738
OF2,64,CauchyDensity,05-10,65218213342,2830,1,136000,1120
OF2,64,CauchyDensity,06-02,59571687809,1301,1,102786,437
OF2,64,CauchyDensity,06-03,95588179542,2552,1,128870,692
OF2,64,CauchyDensity,06-04,35980303100,2170,1,109778,765
OF2,64,CauchyDensity,06-05,46470625090,2643,1,130464,967
OF2,64,CauchyDensity,06-07,65139016001,2174,1,113222,611
OF2,64,CauchyDensity,06-08,41212944250,1521,1,108302,569
OF2,64,CauchyDensity,06-10,87541684044,2167,1,112601,598
OF2,64,CauchyDensity,07-10,5561007617,2002,1,109318,962
OF2,64,CauchyDensity,08-02,31766180869,1476,1,96004,464
OF2,64,CauchyDensity,08-03,100770903796,2887,1,144670,900
OF2,64,CauchyDensity,08-04,70492312460,2264,1,134953,886
OF2,64,CauchyDensity,08-05,20066313380,1676,1,105902,576
OF2,64,CauchyDensity,08-07,70495478851,2027,1,122358,636
OF2,64,CauchyDensity,08-10,93076186740,2303,1,131075,765
OF2,64,CauchyDensity,09-02,91272973178,1339,1,96813,393
OF2,64,CauchyDensity,09-03,52414815905,1787,1,124272,715
OF2,64,CauchyDensity,09-04,82075851253,2284,1,133005,784
OF2,64,CauchyDensity,09-05,65605277869,1772,1,123211,506
OF2,64,CauchyDensity,09-06,137677854051,2178,1,132700,676
OF2,64,CauchyDensity,09-07,33262583478,1724,1,114563,689
OF2,64,CauchyDensity,09-08,78892276321,1962,1,117320,678
OF2,64,CauchyDensity,09-10,26640695577,1463,1,103023,592
OF2,64,ClassicImages,01-02,9953483267,1601,1,102677,691
OF2,64,ClassicImages,01-03,11894246639,1347,1,97430,505
OF2,64,ClassicImages,01-04,6446736234,1638,1,100348,724
OF2,64,ClassicImages,01-05,8302069493,1609,1,97116,724
OF2,64,ClassicImages,01-06,18286640020,1708,1,108521,692
OF2,64,ClassicImages,01-07,13547702160,1863,1,108245,848
OF2,64,ClassicImages,01-08,9430749326,1420,1,96494,625
OF2,64,ClassicImages,01-09,26816496931,2517,1,124296,1163
OF2,64,ClassicImages,01-10,20971373979,2459,1,123953,1156
OF2,64,ClassicImages,02-03,5656430460,2678,1,119138,1191
OF2,64,ClassicImages,02-04,2279622099,1461,1,92981,607
OF2,64,ClassicImages,02-05,2160463172,1512,1,91836,678
OF2,64,ClassicImages,02-07,2407959135,1944,1,97299,980
OF2,64,ClassicImages,02-10,6291167666,1306,1,94990,384
OF2,64,ClassicImages,03-07,8215840617,1477,1,98307,507
OF2,64,ClassicImages,03-10,13151915480,1335,1,98708,381
OF2,64,ClassicImages,04-03,4241030265,1292,1,89158,461
OF2,64,ClassicImages,04-07,5702778540,1518,1,99539,506
OF2,64,ClassicImages,04-10,9969669003,2254,1,113698,1035
OF2,64,ClassicImages,05-03,4914443054,1635,1,94787,691
OF2,64,ClassicImages,05-04,2998646733,2763,1,112739,1387
OF2,64,ClassicImages,05-07,2659114721,1964,1,105046,894
OF2,64,ClassicImages,05-10,9987637388,1827,1,99335,710
OF2,64,ClassicImages,06-02,2686823485,1895,1,106371,905
OF2,64,ClassicImages,06-03,7465547845,1565,1,94552,671
OF2,64,ClassicImages,06-04,5441375542,1355,1,98223,493
OF2,64,ClassicImages,06-05,4415729455,1179,1,92444,437
OF2,64,ClassicImages,06-07,3752998244,1352,1,96665,536
OF2,64,ClassicImages,06-08,5386752230,1593,1,93181,695
OF2,64,ClassicImages,06-10,7250340401,1804,1,99363,716
OF2,64,ClassicImages,07-10,7776826313,1594,1,95624,646
OF2,64,ClassicImages,08-02,3264445361,2035,1,102967,908
OF2,64,ClassicImages,08-03,5599011975,1207,1,88749,369
OF2,64,ClassicImages,08-04,2680410324,1597,1,96093,685
OF2,64,ClassicImages,08-05,4757657035,1763,1,94679,767
OF2,64,ClassicImages,08-07,5336141428,1517,1,96825,536
OF2,64,ClassicImages,08-10,7627977153,1457,1,95071,491
OF2,64,ClassicImages,09-02,13059583616,1924,1,105916,825
OF2,64,ClassicImages,09-03,19791546582,1232,1,96559,340
OF2,64,ClassicImages,09-04,17769434943,2254,1,111674,991
OF2,64,ClassicImages,09-05,11202578774,2008,1,105294,877
OF2,64,ClassicImages,09-06,12805351579,1369,1,95178,471
OF2,64,ClassicImages,09-07,10704435987,1558,1,97239,625
OF2,64,ClassicImages,09-08,22622648081,1665,1,103238,608
OF2,64,ClassicImages,09-10,27485497854,1646,1,105278,579
OF2,64,GRFmoderate,01-02,8132167619,1194,1,92823,421
OF2,64,GRFmoderate,01-03,6355757748,1438,1,96710,568
OF2,64,GRFmoderate,01-04,6681767624,1297,1,95223,499
OF2,64,GRFmoderate,01-05,9079611068,1609,1,101529,579
OF2,64,GRFmoderate,01-06,16029822397,1702,1,97982,660
OF2,64,GRFmoderate,01-07,8249865108,1414,1,95030,573
OF2,64,GRFmoderate,01-08,14850939526,1740,1,104056,686
OF2,64,GRFmoderate,01-09,8227234109,1472,1,98686,555
OF2,64,GRFmoderate,01-10,11569587745,1732,1,101633,798
OF2,64,GRFmoderate,02-03,7317183825,1591,1,96979,676
OF2,64,GRFmoderate,02-04,17980085403,1511,1,103368,650
OF2,64,GRFmoderate,02-05,14671507357,1556,1,104084,546
OF2,64,GRFmoderate,02-07,15045364921,1632,1,101025,719
OF2,64,GRFmoderate,02-10,26098845944,1431,1,101628,566
OF2,64,GRFmoderate,03-07,7058912140,1871,1,100742,898
OF2,64,GRFmoderate,03-10,15095133053,1453,1,101419,598
OF2,64,GRFmoderate,04-03,14529840714,1787,1,106518,748
OF2,64,GRFmoderate,04-07,9320590548,1272,1,93302,447
OF2,64,GRFmoderate,04-10,4804053417,1612,1,100530,651
OF2,64,GRFmoderate,05-03,6174743488,2008,1,104679,941
OF2,64,GRFmoderate,05-04,16305725086,1250,1,95941,370
OF2,64,GRFmoderate,05-07,4197703782,1553,1,91537,761
OF2,64,GRFmoderate,05-10,14897825377,1793,1,108143,719
OF2,64,GRFmoderate,06-02,18782525652,1438,1,100941,508
OF2,64,GRFmoderate,06-03,9155069317,1661,1,100434,683
OF2,64,GRFmoderate,06-04,21282613557,1339,1,103570,365
OF2,64,GRFmoderate,06-05,2969639407,1534,1,93384,728
OF2,64,GRFmoderate,06-07,7462538721,1593,1,99042,676
OF2,64,GRFmoderate,06-08,6862114921,1684,1,101334,790
OF2,64,GRFmoderate,06-10,17926038764,1697,1,104810,641
OF2,64,GRFmoderate,07-10,10277970509,1771,1,103542,799
OF2,64,GRFmoderate,08-02,11376680217,1665,1,101196,776
OF2,64,GRFmoderate,08-03,6546746864,1558,1,100564,605
OF2,64,GRFmoderate,08-04,24200847982,1686,1,104766,708
OF2,64,GRFmoderate,08-05,5995058038,1774,1,101831,776
OF2,64,GRFmoderate,08-07,7033534482,1199,1,91713,462
OF2,64,GRFmoderate,08-10,24705809725,1569,1,107248,590
OF2,64,GRFmoderate,09-02,17500939330,1348,1,103880,470
OF2,64,GRFmoderate,09-03,9308631963,1638,1,103082,730
OF2,64,GRFmoderate,09-04,6448189615,1482,1,96800,607
OF2,64,GRFmoderate,09-05,6215925365,1631,1,98177,756
OF2,64,GRFmoderate,09-06,8456122476,1646,1,98834,674
OF2,64,GRFmoderate,09-07,3084205255,1936,1,105700,932
OF2,64,GRFmoderate,09-08,10976833841,1329,1,97410,485
OF2,64,GRFmoderate,09-10,5616579748,1628,1,99927,724
OF2,64,GRFrough,01-02,833990071,2879,1,136154,1618
OF2,64,GRFrough,01-03,1489027910,1102,1,91136,364
OF2,64,GRFrough,01-04,1691484296,1676,1,99234,840
OF2,64,GRFrough,01-05,715303700,1370,1,89826,768
OF2,64,GRFrough,01-06,900745961,1977,1,105819,1206
OF2,64,GRFrough,01-07,1413319109,1966,1,101027,1024
OF2,64,GRFrough,01-08,843679703,2030,1,101041,1307
OF2,64,GRFrough,01-09,802908520,2113,1,102451,1345
OF2,64,GRFrough,01-10,1084004306,1466,1,95921,719
OF2,64,GRFrough,02-03,1100651743,1926,1,96717,1057
OF2,64,GRFrough,02-04,1454565095,1616,1,92495,773
OF2,64,GRFrough,02-05,1224476959,1543,1,92797,733
OF2,64,GRFrough,02-07,968366236,2446,1,111434,1360
OF2,64,GRFrough,02-10,1660440873,1757,1,100928,795
OF2,64,GRFrough,03-07,839650835,1396,1,96793,643
OF2,64,GRFrough,03-10,1779530240,1243,1,87301,494
OF2,64,GRFrough,04-03,1165848740,1714,1,97916,804
OF2,64,GRFrough,04-07,1005214285,1896,1,108089,925
OF2,64,GRFrough,04-10,1711738484,1742,1,94347,791
OF2,64,GRFrough,05-03,1838111102,1556,1,95549,626
OF2,64,GRFrough,05-04,1441439828,2063,1,94901,1050
OF2,64,GRFrough,05-07,1745648261,2329,1,102696,1269
OF2,64,GRFrough,05-10,784454276,1260,1,84362,537
OF2,64,GRFrough,06-02,1337246218,1847,1,90539,763
OF2,64,GRFrough,06-03,1810540789,2163,1,105220,1095
OF2,64,GRFrough,06-04,1677512729,3222,2,129752,1576
OF2,64,GRFrough,06-05,594608343,2691,1,109296,1586
OF2,64,GRFrough,06-07,2120931526,2511,1,114477,1205
OF2,64,GRFrough,06-08,1202759936,1852,1,87180,848
OF2,64,GRFrough,06-10,700510387,1663,1,94469,845
OF2,64,GRFrough,07-10,1905287265,1691,1,88000,908
OF2,64,GRFrough,08-02,1460352722,1939,1,97000,1063
OF2,64,GRFrough,08-03,1754379047,2306,1,107632,1156
OF2,64,GRFrough,08-04,1706242913,1802,1,100131,790
OF2,64,GRFrough,08-05,1018628823,1745,1,97005,935
OF2,64,GRFrough,08-07,1476985294,1777,1,98477,849
OF2,64,GRFrough,08-10,1028719229,1899,1,96883,992
OF2,64,GRFrough,09-02,1188609089,1623,1,94408,889
OF2,64,GRFrough,09-03,2000943470,3015,1,120437,1383
OF2,64,GRFrough,09-04,1609295810,1743,1,96317,900
OF2,64,GRFrough,09-05,437944436,1565,1,97177,898
OF2,64,GRFrough,09-06,626632865,1671,1,92275,1071
OF2,64,GRFrough,09-07,1901074359,2780,1,115276,1311
OF2,64,GRFrough,09-08,1174556991,2051,1,104367,1181
OF2,64,GRFrough,09-10,844550106,2185,1,107460,1028
OF2,64,GRFsmooth,01-02,89541335245,2285,1,137364,778
OF2,64,GRFsmooth,01-03,16642031179,1874,1,106249,839
OF2,64,GRFsmooth,01-04,66107747364,2045,1,119356,754
OF2,64,GRFsmooth,01-05,56029226935,1861,1,119220,805
OF2,64,GRFsmooth,01-06,11108627936,1536,1,104530,551
OF2,64,GRFsmooth,01-07,28085122474,2394,1,122625,1087
OF2,64,GRFsmooth,01-08,27202083144,1642,1,108401,656
OF2,64,GRFsmooth,01-09,17036313052,1843,1,107607,738
OF2,64,GRFsmooth,01-10,50058475172,1773,1,121803,731
OF2,64,GRFsmooth,02-03,62293290776,2984,1,138416,1148
OF2,64,GRFsmooth,02-04,20846051365,2207,1,110704,913
OF2,64,GRFsmooth,02-05,36925804290,1878,1,112669,735
OF2,64,GRFsmooth,02-07,104204654551,2998,1,141382,941
OF2,64,GRFsmooth,02-10,41089047403,2325,1,114779,764
OF2,64,GRFsmooth,03-07,31708130999,2936,1,133433,1301
OF2,64,GRFsmooth,03-10,34230177901,1925,1,116558,883
OF2,64,GRFsmooth,04-03,50947666579,3357,1,148514,1418
OF2,64,GRFsmooth,04-07,81851289900,2324,1,122756,824
OF2,64,GRFsmooth,04-10,46219612118,2541,1,123414,1006
OF2,64,GRFsmooth,05-03,50520820870,2315,1,121557,947
OF2,64,GRFsmooth,05-04,27939477841,1941,1,102664,595
OF2,64,GRFsmooth,05-07,38888729167,2005,1,115784,711
OF2,64,GRFsmooth,05-10,17291631723,2776,1,122300,1248
OF2,64,GRFsmooth,06-02,62710785561,2228,1,128845,838
OF2,64,GRFsmooth,06-03,13132763041,1192,1,98133,375
OF2,64,GRFsmooth,06-04,55167501402,2130,1,121631,851
OF2,64,GRFsmooth,06-05,36780410941,1683,1,107240,734
OF2,64,GRFsmooth,06-07,17568973166,1772,2,106996,731
OF2,64,GRFsmooth,06-08,12781102570,1702,1,107770,675
OF2,64,GRFsmooth,06-10,22568096146,1517,1,101527,706
OF2,64,GRFsmooth,07-10,26788949874,1975,1,115110,803
OF2,64,GRFsmooth,08-02,54576376699,1976,1,119933,654
OF2,64,GRFsmooth,08-03,11123650773,1814,1,103901,860
OF2,64,GRFsmooth,08-04,62328000320,2383,1,122716,1008
OF2,64,GRFsmooth,08-05,46398140509,1753,1,113604,624
OF2,64,GRFsmooth,08-07,31541733026,1639,1,111764,551
OF2,64,GRFsmooth,08-10,20298193434,1674,1,102967,716
OF2,64,GRFsmooth,09-02,55096322475,2245,1,123746,967
OF2,64,GRFsmooth,09-03,6741270309,2215,1,114652,1049
OF2,64,GRFsmooth,09-04,51299902762,2432,1,127787,1094
OF2,64,GRFsmooth,09-05,57294776937,2250,1,127897,1016
OF2,64,GRFsmooth,09-06,13739422518,1601,1,99816,647
OF2,64,GRFsmooth,09-07,44917860564,2875,1,141347,1201
OF2,64,GRFsmooth,09-08,13191435262,1502,1,99720,653
OF2,64,GRFsmooth,09-10,39211381116,2170,1,122222,994
OF2,64,LogGRF,01-02,60444562865,2494,1,132798,1034
OF2,64,LogGRF,01-03,79111387984,1960,1,139665,765
OF2,64,LogGRF,01-04,127480949762,3528,1,179547,1466
OF2,64,LogGRF,01-05,84240436809,2585,1,140707,1127
OF2,64,LogGRF,01-06,77803869953,2484,1,139429,1267
OF2,64,LogGRF,01-07,30808931834,1770,1,111699,722
OF2,64,LogGRF,01-08,36137376385,1843,1,115845,715
OF2,64,LogGRF,01-09,83911542122,2721,1,142780,1203
OF2,64,LogGRF,01-10,73163343695,1905,1,134399,743
OF2,64,LogGRF,02-03,86066609519,2682,1,137851,1097
OF2,64,LogGRF,02-04,220320450715,3424,1,166599,1144
OF2,64,LogGRF,02-05,157515987678,3875,1,180680,1287
OF2,64,LogGRF,02-07,55684226651,2433,1,129908,866
OF2,64,LogGRF,02-10,107492101526,3098,1,149293,1143
OF2,64,LogGRF,03-07,30797181126,2333,1,120554,1077
OF2,64,LogGRF,03-10,20009665463,1878,1,110487,731
OF2,64,LogGRF,04-03,68362963876,2915,1,140736,1108
OF2,64,LogGRF,04-07,99140064746,2727,1,143334,943
OF2,64,LogGRF,04-10,90418398697,3179,1,149208,1214
OF2,64,LogGRF,05-03,40780476849,1856,1,115018,604
OF2,64,LogGRF,05-04,31966648109,1954,1,113583,728
OF2,64,LogGRF,05-07,63544616435,3596,1,158464,1512
OF2,64,LogGRF,05-10,35124479310,1860,1,107806,675
OF2,64,LogGRF,06-02,119601021310,3239,1,157577,1296
OF2,64,LogGRF,06-03,11085002307,2251,1,112445,916
OF2,64,LogGRF,06-04,37089339211,2760,1,131672,1127
OF2,64,LogGRF,06-05,21088675508,2026,1,111965,744
OF2,64,LogGRF,06-07,33824349945,2742,1,122342,1308
OF2,64,LogGRF,06-08,37083632640,2399,1,126662,941
OF2,64,LogGRF,06-10,23465997116,2425,1,121179,1001
OF2,64,LogGRF,07-10,44980231399,2332,1,124119,1164
OF2,64,LogGRF,08-02,125450990842,3022,1,142104,1185
OF2,64,LogGRF,08-03,56862317167,1808,1,119097,530
OF2,64,LogGRF,08-04,51427592241,3283,1,151605,1448
OF2,64,LogGRF,08-05,36223722182,1714,1,111161,684
OF2,64,LogGRF,08-07,41664225471,3673,1,139099,1697
OF2,64,LogGRF,08-10,47347635696,3376,1,146699,1549
OF2,64,LogGRF,09-02,58736659995,2381,1,130936,1070
OF2,64,LogGRF,09-03,31959267346,3037,1,132281,1215
OF2,64,LogGRF,09-04,101847969264,2622,1,136231,718
OF2,64,LogGRF,09-05,74703238567,3252,1,145812,1221
OF2,64,LogGRF,09-06,43796973909,3217,1,150644,1488
OF2,64,LogGRF,09-07,38580285974,3230,1,138290,1372
OF2,64,LogGRF,09-08,92978186293,4371,1,176400,1859
OF2,64,LogGRF,09-10,71853105013,2374,1,132156,861
OF2,64,LogitGRF,01-02,10287515484,1312,1,98507,453
OF2,64,LogitGRF,01-03,30753934080,2094,1,122237,823
OF2,64,LogitGRF,01-04,33189772975,1775,1,109194,554
OF2,64,LogitGRF,01-05,11018603464,2793,1,126500,1495
OF2,64,LogitGRF,01-06,12920787428,1555,1,101999,623
OF2,64,LogitGRF,01-07,54357093325,2223,1,120283,787
OF2,64,LogitGRF,01-08,17597040421,1644,1,103928,685
OF2,64,LogitGRF,01-09,17856865429,1344,1,101886,380
OF2,64,LogitGRF,01-10,25251804100,2157,1,117525,917
OF2,64,LogitGRF,02-03,28727313308,1805,1,111584,601
OF2,64,LogitGRF,02-04,26911845639,1554,1,105723,416
OF2,64,LogitGRF,02-05,16816522996,1851,1,105303,746
OF2,64,LogitGRF,02-07,46239536907,2332,1,117485,913
OF2,64,LogitGRF,02-10,22755955366,1636,1,104154,521
OF2,64,LogitGRF,03-07,16249810663,1813,1,108920,753
OF2,64,LogitGRF,03-10,7354437612,1471,1,101745,569
OF2,64,LogitGRF,04-03,17740000047,1654,1,105834,596
OF2,64,LogitGRF,04-07,17578911698,1693,1,103396,724
OF2,64,LogitGRF,04-10,7896713619,1326,1,93426,410
OF2,64,LogitGRF,05-03,28726848860,2062,1,119437,739
OF2,64,LogitGRF,05-04,23582284579,2202,1,115306,821
OF2,64,LogitGRF,05-07,41770944463,1936,1,116846,661
OF2,64,LogitGRF,05-10,20153879650,1838,1,108079,729
OF2,64,LogitGRF,06-02,14331210616,1256,1,96379,471
OF2,64,LogitGRF,06-03,36175628140,2414,1,122519,860
OF2,64,LogitGRF,06-04,33853397901,3042,1,119627,1127
OF2,64,LogitGRF,06-05,12830732014,2025,1,104972,728
OF2,64,LogitGRF,06-07,58166758151,2235,1,121770,612
OF2,64,LogitGRF,06-08,18941863295,1366,1,98819,491
OF2,64,LogitGRF,06-10,27123586562,2457,1,114027,933
OF2,64,LogitGRF,07-10,13441967993,1949,1,114116,837
OF2,64,LogitGRF,08-02,20066071555,1629,1,106011,598
OF2,64,LogitGRF,08-03,35819640431,1865,1,113381,758
OF2,64,LogitGRF,08-04,19016601376,1420,1,99043,438
OF2,64,LogitGRF,08-05,12161073497,1432,1,100639,461
OF2,64,LogitGRF,08-07,49254929976,1755,1,115456,548
OF2,64,LogitGRF,08-10,23515334681,1856,1,109805,721
OF2,64,LogitGRF,09-02,17825057319,1736,1,105064,727
OF2,64,LogitGRF,09-03,9819150905,2265,1,114313,1121
OF2,64,LogitGRF,09-04,12278775404,2086,1,109789,1021
OF2,64,LogitGRF,09-05,16693759641,2121,1,115842,979
OF2,64,LogitGRF,09-06,21645745543,2159,1,114173,1040
OF2,64,LogitGRF,09-07,21887124490,1386,1,104850,419
OF2,64,LogitGRF,09-08,17046581856,1335,1,98552,545
OF2,64,LogitGRF,09-10,6632591625,1390,1,97379,526
OF2,64,MicroscopyImages,01-02,16482926894,395,0,31297,609
OF2,64,MicroscopyImages,01-03,26621280364,170,0,19576,393
OF2,64,MicroscopyImages,01-04,31511921329,250,0,27491,290
OF2,64,MicroscopyImages,01-05,97755493707,226,0,20864,387
OF2,64,MicroscopyImages,01-06,95581340884,344,0,30800,432
OF2,64,MicroscopyImages,01-07,28895420926,257,0,25462,476
OF2,64,MicroscopyImages,01-08,40684280331,322,0,36490,331
OF2,64,MicroscopyImages,01-09,177274246615,165,0,19186,279
OF2,64,MicroscopyImages,01-10,125153328737,394,0,37042,375
OF2,64,MicroscopyImages,02-03,16486784608,320,0,29365,464
OF2,64,MicroscopyImages,02-04,27812672667,621,0,48418,571
OF2,64,MicroscopyImages,02-05,73135922495,421,0,36689,452
OF2,64,MicroscopyImages,02-07,22699285402,744,0,44651,636
OF2,64,MicroscopyImages,02-10,99980787659,736,1,59167,515
OF2,64,MicroscopyImages,03-07,18785515748,244,0,26316,419
OF2,64,MicroscopyImages,03-10,58126264317,392,0,41142,354
OF2,64,MicroscopyImages,04-03,13124200181,268,0,29409,371
OF2,64,MicroscopyImages,04-07,32137075009,725,0,47258,667
OF2,64,MicroscopyImages,04-10,44801632006,656,1,50052,438
OF2,64,MicroscopyImages,05-03,42610208271,213,0,21203,433
OF2,64,MicroscopyImages,05-04,37310469260,402,0,33094,521
OF2,64,MicroscopyImages,05-07,71796971349,314,0,29272,414
OF2,64,MicroscopyImages,05-10,23867749568,374,0,35476,462
OF2,64,MicroscopyImages,06-02,84288113520,965,0,59124,849
OF2,64,MicroscopyImages,06-03,52625070536,405,0,32700,516
OF2,64,MicroscopyImages,06-04,30695978351,510,0,40759,505
OF2,64,MicroscopyImages,06-05,20394908933,246,0,26588,363
OF2,64,MicroscopyImages,06-07,83838768646,735,0,50520,618
OF2,64,MicroscopyImages,06-08,88003338767,745,1,63135,554
OF2,64,MicroscopyImages,06-10,17357642175,508,1,44281,378
OF2,64,MicroscopyImages,07-10,87134939987,855,0,57000,507
OF2,64,MicroscopyImages,08-02,20371519439,648,1,54529,477
OF2,64,MicroscopyImages,08-03,16321606925,287,0,34842,336
OF2,64,MicroscopyImages,08-04,38962932958,599,1,58130,472
OF2,64,MicroscopyImages,08-05,63519767222,415,0,40296,430
OF2,64,MicroscopyImages,08-07,9373947165,597,0,43362,386
OF2,64,MicroscopyImages,08-10,84206568456,1035,1,72551,619
OF2,64,MicroscopyImages,09-02,142270669177,389,0,34757,353
OF2,64,MicroscopyImages,09-03,89436557345,206,0,22006,373
OF2,64,MicroscopyImages,09-04,82911478762,371,0,32922,375
OF2,64,MicroscopyImages,09-05,40259116424,201,0,21316,408
OF2,64,MicroscopyImages,09-06,46031340585,326,0,28508,317
OF2,64,MicroscopyImages,09-07,122342886271,369,0,34397,471
OF2,64,MicroscopyImages,09-08,114646308392,530,0,47766,421
OF2,64,MicroscopyImages,09-10,13132851844,365,0,35694,319
OF2,64,Shapes,01-02,39485440000,733,1,68720,358
OF2,64,Shapes,01-03,1694000000,533,1,47010,872
OF2,64,Shapes,01-04,21846108552,1301,1,78383,808
OF2,64,Shapes,01-05,15615080434,904,1,76869,644
OF2,64,Shapes,01-06,77692400000,1080,1,110307,537
OF2,64,Shapes,01-07,43361216615,1022,1,83996,533
OF2,64,Shapes,01-08,26623569312,979,1,64718,1011
OF2,64,Shapes,01-09,11839600000,694,1,78801,314
OF2,64,Shapes,01-10,4192698874,688,1,63439,375
OF2,64,Shapes,02-03,40457664000,440,0,41284,352
OF2,64,Shapes,02-04,4992134016,407,0,36821,369
OF2,64,Shapes,02-05,51567712558,483,0,43684,416
OF2,64,Shapes,02-07,39407248313,563,0,44918,480
OF2,64,Shapes,02-10,51778666636,431,0,45938,250
OF2,64,Shapes,03-07,44440401501,754,1,60348,626
OF2,64,Shapes,03-10,5395188022,491,1,44490,396
OF2,64,Shapes,04-03,22879329786,521,0,47865,341
OF2,64,Shapes,04-07,30714562273,777,1,64721,556
OF2,64,Shapes,04-10,32511786008,770,0,80370,554
OF2,64,Shapes,05-03,16751164068,463,0,61563,376
OF2,64,Shapes,05-04,29880414584,771,0,51790,840
OF2,64,Shapes,05-07,52306678067,742,0,62806,594
OF2,64,Shapes,05-10,18842738256,680,0,54160,595
OF2,64,Shapes,06-02,61735712000,481,0,49574,450
OF2,64,Shapes,06-03,78673600000,674,0,81487,379
OF2,64,Shapes,06-04,57032294190,696,1,58306,622
OF2,64,Shapes,06-05,87463223068,765,0,90800,630
OF2,64,Shapes,06-07,167937934719,1139,0,94243,946
OF2,64,Shapes,06-08,62291445530,351,0,48164,355
OF2,64,Shapes,06-10,88538596160,1276,0,93933,1064
OF2,64,Shapes,07-10,52935617529,861,1,72370,745
OF2,64,Shapes,08-02,9941900604,260,0,27530,342
OF2,64,Shapes,08-03,27477075902,351,0,37506,385
OF2,64,Shapes,08-04,5121715666,434,0,34690,577
OF2,64,Shapes,08-05,24280105952,411,0,37966,553
OF2,64,Shapes,08-07,35350981429,377,0,45053,319
OF2,64,Shapes,08-10,37176913080,450,0,41705,507
OF2,64,Shapes,09-02,46781984000,450,0,44112,324
OF2,64,Shapes,09-03,12799200000,374,0,51287,234
OF2,64,Shapes,09-04,31029093214,797,0,56295,632
OF2,64,Shapes,09-05,27661476718,692,0,67925,728
OF2,64,Shapes,09-06,85985600000,680,0,82095,441
OF2,64,Shapes,09-07,53207349267,735,0,63565,549
OF2,64,Shapes,09-08,35675236008,348,0,39550,327
OF2,64,Shapes,09-10,13352698622,411,0,46597,243
OF2,64,WhiteNoise,01-02,319604347,2318,1,124789,1437
OF2,64,WhiteNoise,01-03,320143335,2139,1,105346,1474
OF2,64,WhiteNoise,01-04,366941152,2188,1,113078,1473
OF2,64,WhiteNoise,01-05,366592745,2458,1,126279,1625
OF2,64,WhiteNoise,01-06,343817331,2135,1,115448,1468
OF2,64,WhiteNoise,01-07,545316364,2054,1,110344,1357
OF2,64,WhiteNoise,01-08,440818184,1416,1,100551,825
OF2,64,WhiteNoise,01-09,403705254,2339,1,122253,1533
OF2,64,WhiteNoise,01-10,413028478,2990,1,143773,1896
OF2,64,WhiteNoise,02-03,386857778,1989,1,108662,1169
OF2,64,WhiteNoise,02-04,425225567,1430,1,94506,743
OF2,64,WhiteNoise,02-05,377729882,2091,1,109694,1273
OF2,64,WhiteNoise,02-07,495691735,2007,1,108355,1259
OF2,64,WhiteNoise,02-10,448651719,2705,1,127715,1636
OF2,64,WhiteNoise,03-07,577195541,1900,1,109316,1112
OF2,64,WhiteNoise,03-10,462520685,2046,1,110022,1327
OF2,64,WhiteNoise,04-03,339103207,1477,1,96455,830
OF2,64,WhiteNoise,04-07,512204036,2162,1,111935,1250
OF2,64,WhiteNoise,04-10,409098194,1366,1,85370,756
OF2,64,WhiteNoise,05-03,367917114,3040,1,140006,1770
OF2,64,WhiteNoise,05-04,380175567,2790,1,131366,1653
OF2,64,WhiteNoise,05-07,410829851,2707,1,124621,1617
OF2,64,WhiteNoise,05-10,335017723,1923,1,105189,1151
OF2,64,WhiteNoise,06-02,319604426,1268,1,95544,628
OF2,64,WhiteNoise,06-03,394606058,1549,1,94615,990
OF2,64,WhiteNoise,06-04,367474939,1917,1,100783,1343
OF2,64,WhiteNoise,06-05,346480252,2822,1,138811,1753
OF2,64,WhiteNoise,06-07,361884761,2160,1,118307,1403
OF2,64,WhiteNoise,06-08,349710159,1966,1,107288,1295
OF2,64,WhiteNoise,06-10,375211029,1593,1,99785,991
OF2,64,WhiteNoise,07-10,352028108,2055,1,113766,1296
OF2,64,WhiteNoise,08-02,453944929,2092,1,117173,1243
OF2,64,WhiteNoise,08-03,443428975,1780,1,111026,989
OF2,64,WhiteNoise,08-04,349815104,1870,1,102508,1193
OF2,64,WhiteNoise,08-05,402320215,1744,1,97817,1096
OF2,64,WhiteNoise,08-07,378069848,2486,1,118964,1563
OF2,64,WhiteNoise,08-10,353368450,1641,1,98984,965
OF2,64,WhiteNoise,09-02,456957989,1527,1,102145,874
OF2,64,WhiteNoise,09-03,397267661,1992,1,106733,1347
OF2,64,WhiteNoise,09-04,320756358,1353,1,86818,921
OF2,64,WhiteNoise,09-05,418927239,1839,1,106760,1179
OF2,64,WhiteNoise,09-06,359484777,2953,1,135544,1861
OF2,64,WhiteNoise,09-07,451848482,1604,1,100743,1002
OF2,64,WhiteNoise,09-08,337226548,1327,1,95132,716
OF2,64,WhiteNoise,09-10,428767514,1889,1,104855,1261
OF2,128,CauchyDensity,01-06,4900357948345,32196,5,1044179,2426
OF2,128,CauchyDensity,01-10,3124262173582,26663,5,923082,2312
OF2,128,CauchyDensity,02-01,777271120646,34619,5,888239,2794
OF2,128,CauchyDensity,02-04,1788629719137,30638,5,876716,2169
OF2,128,CauchyDensity,02-06,3220884257339,29098,5,873872,2107
OF2,128,CauchyDensity,02-10,2621356774390,27916,5,883722,2397
OF2,128,CauchyDensity,03-01,4412375167301,45584,5,1154601,2540
OF2,128,CauchyDensity,03-02,2436908334629,32416,5,1011938,2049
OF2,128,CauchyDensity,03-04,274209840576,37022,4,897295,2655
OF2,128,CauchyDensity,03-06,238865336670,23563,5,653639,1802
OF2,128,CauchyDensity,03-07,241883895060,29069,5,748144,2265
OF2,128,CauchyDensity,03-08,545722250492,30738,5,796640,2586
OF2,128,CauchyDensity,03-09,534019709754,34346,5,867294,2730
OF2,128,CauchyDensity,03-10,1281374287445,32735,5,812806,2260
OF2,128,CauchyDensity,04-01,3067878353595,37137,5,1070757,2225
OF2,128,CauchyDensity,04-06,341861065654,21376,4,640137,1849
OF2,128,CauchyDensity,04-10,1187416858953,29059,4,763526,1776
OF2,128,CauchyDensity,05-01,2885528036630,48424,5,1359821,3219
OF2,128,CauchyDensity,05-02,1719118049312,35961,5,995314,2897
OF2,128,CauchyDensity,05-03,747780542649,28686,5,735022,2094
OF2,128,CauchyDensity,05-04,434983973867,21228,5,666244,1466
OF2,128,CauchyDensity,05-06,543221381833,25898,5,718882,2183
OF2,128,CauchyDensity,05-07,258142399381,22050,5,623700,1721
OF2,128,CauchyDensity,05-08,130154142595,17715,5,555847,1312
OF2,128,CauchyDensity,05-09,409660642213,21935,5,643346,1790
OF2,128,CauchyDensity,05-10,1350577954178,34068,5,819057,2515
OF2,128,CauchyDensity,07-01,3644588668747,50778,4,1458203,3535
OF2,128,CauchyDensity,07-02,2186082481789,35900,5,1015430,2778
OF2,128,CauchyDensity,07-04,141437306220,19952,5,564457,1915
OF2,128,CauchyDensity,07-06,130660923826,16331,4,576390,1083
OF2,128,CauchyDensity,07-10,930075518993,31362,4,779577,2404
OF2,128,CauchyDensity,08-01,2834655483739,48547,5,1351951,3366
OF2,128,CauchyDensity,08-02,1729203736741,35456,5,972551,2926
OF2,128,CauchyDensity,08-04,268810708132,22243,5,620374,1780
OF2,128,CauchyDensity,08-06,402566487866,21730,5,676078,1521
OF2,128,CauchyDensity,08-07,96679172018,27196,5,648116,2467
OF2,128,CauchyDensity,08-10,743655192177,28834,5,726471,2354
OF2,128,CauchyDensity,09-01,4227189814593,53443,4,1477111,3546
OF2,128,CauchyDensity,09-02,3002147922383,43295,5,1217948,3400
OF2,128,CauchyDensity,09-04,265548487190,19846,5,606070,1489
OF2,128,CauchyDensity,09-06,126955964288,35155,5,832163,3193
OF2,128,CauchyDensity,09-07,145596471164,21254,4,634366,1744
OF2,128,CauchyDensity,09-08,309478266524,26685,5,666669,2336
OF2,128,CauchyDensity,09-10,1381354031189,27978,5,730477,1772
OF2,128,CauchyDensity,10-06,1295336428247,28133,5,827209,2146
OF2,128,ClassicImages,01-06,291226837612,25263,5,703707,2545
OF2,128,ClassicImages,01-10,334236719497,22188,5,663638,1910
OF2,128,ClassicImages,02-01,157845295987,18950,5,595563,1443
OF2,128,ClassicImages,02-04,35106560232,17853,5,516445,1656
OF2,128,ClassicImages,02-06,41611605969,21288,5,549294,2121
OF2,128,ClassicImages,02-10,99256086008,29129,5,638523,3123
OF2,128,ClassicImages,03-01,188906687813,26023,5,654834,2550
OF2,128,ClassicImages,03-02,89056972964,21706,5,593420,1839
OF2,128,ClassicImages,03-04,66494780538,27106,5,610966,2879
OF2,128,ClassicImages,03-06,118072712957,21814,5,593287,1905
OF2,128,ClassicImages,03-07,130078420765,19967,5,604910,1523
OF2,128,ClassicImages,03-08,88213501885,19848,5,579825,1699
OF2,128,ClassicImages,03-09,315244757111,23565,5,652255,1672
OF2,128,ClassicImages,03-10,209081844476,23108,5,628041,2162
OF2,128,ClassicImages,04-01,101830740511,26070,5,620955,3007
OF2,128,ClassicImages,04-06,85655193319,30883,5,703555,3335
OF2,128,ClassicImages,04-10,158152181612,29403,5,666551,3067
OF2,128,ClassicImages,05-01,131458313953,27657,5,639046,2872
OF2,128,ClassicImages,05-02,33102781582,17597,5,519000,1698
OF2,128,ClassicImages,05-03,77228616554,18060,6,554400,1429
OF2,128,ClassicImages,05-04,46587143650,26084,5,611843,2628
OF2,128,ClassicImages,05-06,69239430791,22519,5,576562,2340
OF2,128,ClassicImages,05-07,41162259853,21037,5,593970,1900
OF2,128,ClassicImages,05-08,74803209217,23556,5,575457,2379
OF2,128,ClassicImages,05-09,177838533037,32292,5,712096,3191
OF2,128,ClassicImages,05-10,158406860066,39711,5,823437,4080
OF2,128,ClassicImages,07-01,215510150348,23489,4,671726,1709
OF2,128,ClassicImages,07-02,37184885785,28636,5,644966,2923
OF2,128,ClassicImages,07-04,89904984455,23731,5,595263,2384
OF2,128,ClassicImages,07-06,58718924256,23035,5,572435,2437
OF2,128,ClassicImages,07-10,123108732721,30117,5,659290,3159
OF2,128,ClassicImages,08-01,149596865512,26507,5,661807,2671
OF2,128,ClassicImages,08-02,50854646209,21406,4,560790,2061
OF2,128,ClassicImages,08-04,41536568813,36648,5,754624,3773
OF2,128,ClassicImages,08-06,84846128876,20392,5,561362,1900
OF2,128,ClassicImages,08-07,84029333630,21574,5,575771,1938
OF2,128,ClassicImages,08-10,120664563601,25329,5,641362,2386
OF2,128,ClassicImages,09-01,427705465706,37036,5,775280,3826
OF2,128,ClassicImages,09-02,207563491975,31653,5,692935,3097
OF2,128,ClassicImages,09-04,282903383977,27175,5,671775,2425
OF2,128,ClassicImages,09-06,203445046784,23865,4,613262,2154
OF2,128,ClassicImages,09-07,169905133770,22145,4,586082,1901
OF2,128,ClassicImages,09-08,360568225912,20935,5,610863,1455
OF2,128,ClassicImages,09-10,438374223205,27604,5,674167,2288
OF2,128,ClassicImages,10-06,114629312053,22425,5,632898,2262
OF2,128,GRFmoderate,01-06,254353547484,26130,5,672458,2706
OF2,128,GRFmoderate,01-10,138331384168,27549,5,648547,3203
OF2,128,GRFmoderate,02-01,227261231593,23506,5,674616,1974
OF2,128,GRFmoderate,02-04,132241842123,30687,5,688587,3292
OF2,128,GRFmoderate,02-06,351812506039,28492,5,706626,2448
OF2,128,GRFmoderate,02-10,42897611173,21128,5,582030,1895
OF2,128,GRFmoderate,03-01,236655201496,22608,5,634215,2169
OF2,128,GRFmoderate,03-02,133534233141,34392,4,742821,3538
OF2,128,GRFmoderate,03-04,81329135664,41408,5,787544,4765
OF2,128,GRFmoderate,03-06,124927137328,26265,5,633065,2578
OF2,128,GRFmoderate,03-07,158718039936,26166,5,641892,2734
OF2,128,GRFmoderate,03-08,105088551273,17851,4,543368,1646
OF2,128,GRFmoderate,03-09,138512117909,26856,5,643288,2728
OF2,128,GRFmoderate,03-10,104788121592,24077,5,616689,2328
OF2,128,GRFmoderate,04-01,124956086908,20042,4,582938,1786
OF2,128,GRFmoderate,04-06,112295052484,25269,5,609024,2470
OF2,128,GRFmoderate,04-10,73345187892,19981,5,560257,1811
OF2,128,GRFmoderate,05-01,235389262367,21774,5,615594,2136
OF2,128,GRFmoderate,05-02,77025414324,27224,5,663231,2720
OF2,128,GRFmoderate,05-03,89736023581,29103,5,660377,2942
OF2,128,GRFmoderate,05-04,123841259579,38542,4,821549,4001
OF2,128,GRFmoderate,05-06,218036410209,30786,5,708418,3187
OF2,128,GRFmoderate,05-07,158933623949,28825,4,664458,3066
OF2,128,GRFmoderate,05-08,118903167468,36761,5,779232,3879
OF2,128,GRFmoderate,05-09,170292583254,36373,5,777681,3808
OF2,128,GRFmoderate,05-10,93299134715,16959,4,538022,1255
OF2,128,GRFmoderate,07-01,23249291812,15222,5,515527,1211
OF2,128,GRFmoderate,07-02,153186699005,30516,4,699555,3067
OF2,128,GRFmoderate,07-04,76475523440,25402,5,597002,2652
OF2,128,GRFmoderate,07-06,207750082566,26405,4,618321,2711
OF2,128,GRFmoderate,07-10,83852929226,19641,4,579159,1629
OF2,128,GRFmoderate,08-01,122330305589,31327,5,656455,3417
OF2,128,GRFmoderate,08-02,203676644672,24456,4,662739,2098
OF2,128,GRFmoderate,08-04,82404146495,24667,5,582021,2732
OF2,128,GRFmoderate,08-06,91789725221,33541,5,710899,3422
OF2,128,GRFmoderate,08-07,81998782015,36228,5,769807,3652
OF2,128,GRFmoderate,08-10,150187302061,23109,5,614765,2119
OF2,128,GRFmoderate,09-01,173600759911,37205,5,798725,3753
OF2,128,GRFmoderate,09-02,297857194666,22806,5,641351,1767
OF2,128,GRFmoderate,09-04,118028408041,29472,5,641143,3099
OF2,128,GRFmoderate,09-06,78477549723,25364,5,587884,2846
OF2,128,GRFmoderate,09-07,147333830817,22090,5,593836,1877
OF2,128,GRFmoderate,09-08,42443827434,17643,4,549759,1371
OF2,128,GRFmoderate,09-10,240477075817,28260,5,692675,2482
OF2,128,GRFmoderate,10-06,250472830146,27260,4,698720,2822
OF2,128,GRFrough,01-06,17609679733,24737,5,575517,2775
OF2,128,GRFrough,01-10,34860644423,21548,5,549560,2298
OF2,128,GRFrough,02-01,9143191263,29840,5,625776,3327
OF2,128,GRFrough,02-04,26469047718,26765,5,575611,2953
OF2,128,GRFrough,02-06,16943205258,17673,4,489802,1851
OF2,128,GRFrough,02-10,37909444440,19600,5,540101,1753
OF2,128,GRFrough,03-01,19042037158,22805,4,558432,2354
OF2,128,GRFrough,03-02,19149369113,20731,5,530099,2246
OF2,128,GRFrough,03-04,6917272159,29879,5,628042,3191
OF2,128,GRFrough,03-06,7753992989,26242,4,588380,2791
OF2,128,GRFrough,03-07,5602119230,35460,4,689693,3778
OF2,128,GRFrough,03-08,18371575843,32195,5,682721,2927
OF2,128,GRFrough,03-09,11184562127,14686,5,478060,1253
OF2,128,GRFrough,03-10,16835201851,26894,5,597143,2974
OF2,128,GRFrough,04-01,24289380331,20721,5,557458,2049
OF2,128,GRFrough,04-06,13037615230,27365,5,610679,2942
OF2,128,GRFrough,04-10,16504107030,24614,5,574599,2585
OF2,128,GRFrough,05-01,20856189512,27982,4,594730,3080
OF2,128,GRFrough,05-02,23234234853,24543,5,578102,2552
OF2,128,GRFrough,05-03,5645678092,68990,5,1152894,6593
OF2,128,GRFrough,05-04,7649198073,24427,4,569649,2731
OF2,128,GRFrough,05-06,10677684055,39600,5,727684,4389
OF2,128,GRFrough,05-07,6980133028,21315,5,547584,2151
OF2,128,GRFrough,05-08,21861472957,19359,5,528101,1588
OF2,128,GRFrough,05-09,13255312693,47436,5,822850,4640
OF2,128,GRFrough,05-10,17833083329,40184,5,761023,3792
OF2,128,GRFrough,07-01,23667407424,18744,5,524985,1875
OF2,128,GRFrough,07-02,24676454665,28166,5,618196,2978
OF2,128,GRFrough,07-04,9037931887,41359,5,764473,4205
OF2,128,GRFrough,07-06,8428076633,38767,5,706579,4368
OF2,128,GRFrough,07-10,21862023743,28007,5,611680,2922
OF2,128,GRFrough,08-01,17666935933,20157,4,519313,1973
OF2,128,GRFrough,08-02,15339910076,18889,5,545761,1623
OF2,128,GRFrough,08-04,26721532710,35874,4,677403,3499
OF2,128,GRFrough,08-06,15964314078,31450,5,632427,3268
OF2,128,GRFrough,08-07,14486663407,23376,5,526181,2477
OF2,128,GRFrough,08-10,38047825990,32874,4,662900,3362
OF2,128,GRFrough,09-01,14410263671,39331,5,733464,4122
OF2,128,GRFrough,09-02,10596394504,25201,5,579767,2746
OF2,128,GRFrough,09-04,17672719542,19174,4,538565,1818
OF2,128,GRFrough,09-06,9084316068,26892,5,568422,3015
OF2,128,GRFrough,09-07,14371659969,17036,5,507607,1579
OF2,128,GRFrough,09-08,15559958682,24480,5,620179,2145
OF2,128,GRFrough,09-10,17810573104,34500,5,654896,3693
OF2,128,GRFrough,10-06,17408256958,31005,4,629783,3402
OF2,128,GRFsmooth,01-06,2034679263933,32378,5,839703,1905
OF2,128,GRFsmooth,01-10,974406672497,47929,5,982263,5073
OF2,128,GRFsmooth,02-01,1094571365051,42352,4,940459,3964
OF2,128,GRFsmooth,02-04,356963072028,23505,5,674090,2065
OF2,128,GRFsmooth,02-06,999251951278,37084,5,857757,3415
OF2,128,GRFsmooth,02-10,99309943026,29515,5,702908,3008
OF2,128,GRFsmooth,03-01,1057558163913,40772,4,882403,3541
OF2,128,GRFsmooth,03-02,580734893046,29587,5,745357,2380
OF2,128,GRFsmooth,03-04,1009348929770,21578,5,652271,2078
OF2,128,GRFsmooth,03-06,462110445798,30302,5,740272,2772
OF2,128,GRFsmooth,03-07,476713205219,27774,4,702881,3274
OF2,128,GRFsmooth,03-08,434249100554,25708,5,661699,2202
OF2,128,GRFsmooth,03-09,641224567123,33134,5,756240,2956
OF2,128,GRFsmooth,03-10,672431360072,27010,5,728037,1880
OF2,128,GRFsmooth,04-01,1716149552557,46802,5,1050220,4137
OF2,128,GRFsmooth,04-06,791035425126,37594,5,829601,4039
OF2,128,GRFsmooth,04-10,375542891932,27334,5,670075,2410
OF2,128,GRFsmooth,05-01,722494776334,40415,5,859162,3891
OF2,128,GRFsmooth,05-02,370043098123,24047,5,675210,2067
OF2,128,GRFsmooth,05-03,148607103881,25512,5,638065,2454
OF2,128,GRFsmooth,05-04,706763273157,22718,5,709712,1835
OF2,128,GRFsmooth,05-06,567412273293,27101,4,714205,2081
OF2,128,GRFsmooth,05-07,308979525816,22526,5,670180,2107
OF2,128,GRFsmooth,05-08,207578480247,29743,5,696350,2911
OF2,128,GRFsmooth,05-09,452193929900,59252,5,1272485,6154
OF2,128,GRFsmooth,05-10,344552024197,23778,5,686377,1813
OF2,128,GRFsmooth,07-01,1292783189238,42398,5,919063,3660
OF2,128,GRFsmooth,07-02,206404701957,24672,5,627229,2388
OF2,128,GRFsmooth,07-04,190815149799,24847,5,629524,2743
OF2,128,GRFsmooth,07-06,515698895811,29695,5,712415,2680
OF2,128,GRFsmooth,07-10,270926887651,30783,5,682897,3159
OF2,128,GRFsmooth,08-01,498915474113,29241,4,750230,2382
OF2,128,GRFsmooth,08-02,302316902278,30196,5,703140,2834
OF2,128,GRFsmooth,08-04,582404938436,34296,5,778006,3364
OF2,128,GRFsmooth,08-06,927563175144,28571,5,747769,2010
OF2,128,GRFsmooth,08-07,346078250145,31501,5,722051,3191
OF2,128,GRFsmooth,08-10,242220338316,25091,5,634313,2412
OF2,128,GRFsmooth,09-01,947212789834,57915,5,1113472,7038
OF2,128,GRFsmooth,09-02,373893603803,45630,5,879888,5280
OF2,128,GRFsmooth,09-04,755035890013,36803,5,832307,3915
OF2,128,GRFsmooth,09-06,1230032486793,45007,5,980287,4114
OF2,128,GRFsmooth,09-07,563084384354,22404,5,675981,1603
OF2,128,GRFsmooth,09-08,229647264307,21397,5,644688,1718
OF2,128,GRFsmooth,09-10,311364856005,54820,5,1032839,6363
OF2,128,GRFsmooth,10-06,1069453468644,31715,5,800205,2562
OF2,128,LogGRF,01-06,478632133878,22357,5,692159,1671
OF2,128,LogGRF,01-10,2776809343133,44050,5,1071168,3805
OF2,128,LogGRF,02-01,2751908617042,58515,5,1303883,5564
OF2,128,LogGRF,02-04,4796032265002,34291,5,1015272,3275
OF2,128,LogGRF,02-06,3628132347230,39187,4,936987,2407
OF2,128,LogGRF,02-10,5883794089381,43039,5,918456,3702
OF2,128,LogGRF,03-01,987535119076,39599,5,920924,3344
OF2,128,LogGRF,03-02,5685874028202,56058,5,1401269,4433
OF2,128,LogGRF,03-04,2223595678124,37458,5,890254,2748
OF2,128,LogGRF,03-06,745192657576,34117,5,922016,2747
OF2,128,LogGRF,03-07,2612049691988,47840,5,1058851,4226
OF2,128,LogGRF,03-08,1894143100488,48602,5,1126779,4032
OF2,128,LogGRF,03-09,3079408876288,50615,5,1243851,4808
OF2,128,LogGRF,03-10,3392128493789,40505,4,1013526,3193
OF2,128,LogGRF,04-01,2850696677494,39621,5,905114,2968
OF2,128,LogGRF,04-06,3005925603314,39259,4,1015253,2213
OF2,128,LogGRF,04-10,8205136957673,51071,4,1395047,3726
OF2,128,LogGRF,05-01,1175720628903,33439,5,839285,3195
OF2,128,LogGRF,05-02,5385919602205,46828,5,1251670,3129
OF2,128,LogGRF,05-03,462943895443,33298,5,763320,3155
OF2,128,LogGRF,05-04,1552390962459,37683,4,818920,3045
OF2,128,LogGRF,05-06,1164288816513,27780,5,808856,1930
OF2,128,LogGRF,05-07,1774001632305,34244,5,830872,2464
OF2,128,LogGRF,05-08,1447370410449,37674,5,918154,3309
OF2,128,LogGRF,05-09,3013152434899,36070,5,962586,3277
OF2,128,LogGRF,05-10,4768401120414,55207,5,1458984,5020
OF2,128,LogGRF,07-01,1617025797166,39663,5,886278,2867
OF2,128,LogGRF,07-02,1913079464286,36276,5,976260,3417
OF2,128,LogGRF,07-04,1102669644406,35609,5,848671,3258
OF2,128,LogGRF,07-06,2203595227702,38096,5,897369,2672
OF2,128,LogGRF,07-10,6072752152283,54931,5,1304727,4404
OF2,128,LogGRF,08-01,450889415988,31052,5,811244,2393
OF2,128,LogGRF,08-02,1856967459262,60017,5,1383762,5505
OF2,128,LogGRF,08-04,2370604195824,41320,5,1050514,4069
OF2,128,LogGRF,08-06,1192888862676,39220,5,934736,3433
OF2,128,LogGRF,08-07,780001179008,34103,5,856414,3009
OF2,128,LogGRF,08-10,4182374670341,56704,5,1380919,4804
OF2,128,LogGRF,09-01,1031072969272,28636,5,752765,1835
OF2,128,LogGRF,09-02,829202400714,38741,5,844670,3635
OF2,128,LogGRF,09-04,3840998179204,31582,5,981638,2482
OF2,128,LogGRF,09-06,1600056716678,36574,5,876660,2505
OF2,128,LogGRF,09-07,1245356581372,33712,5,861974,3079
OF2,128,LogGRF,09-08,662454238482,31234,5,756437,3277
OF2,128,LogGRF,09-10,3177687170687,50214,5,1146203,4266
OF2,128,LogGRF,10-06,1689821130579,36993,5,949176,3212
OF2,128,LogitGRF,01-06,237850771633,32467,5,781880,3294
OF2,128,LogitGRF,01-10,501999468484,30904,5,769902,2880
OF2,128,LogitGRF,02-01,646692784149,29491,5,781083,2458
OF2,128,LogitGRF,02-04,316950256157,22802,5,687305,2115
OF2,128,LogitGRF,02-06,445889962466,38924,5,865336,3867
OF2,128,LogitGRF,02-10,408594548595,31326,5,735934,3121
OF2,128,LogitGRF,03-01,166651278222,23488,5,616236,2402
OF2,128,LogitGRF,03-02,377916299579,25951,5,717732,2362
OF2,128,LogitGRF,03-04,202630576614,23697,5,678837,2039
OF2,128,LogitGRF,03-06,160070673577,37640,5,785993,4218
OF2,128,LogitGRF,03-07,236505390215,31350,5,712588,2943
OF2,128,LogitGRF,03-08,543477720803,30861,5,737506,2797
OF2,128,LogitGRF,03-09,361494892775,29614,5,706530,2740
OF2,128,LogitGRF,03-10,220215517724,37836,5,800826,4034
OF2,128,LogitGRF,04-01,343140513862,24299,5,666143,1769
OF2,128,LogitGRF,04-06,285728497815,24068,5,657898,1969
OF2,128,LogitGRF,04-10,318636737524,43664,5,895082,4430
OF2,128,LogitGRF,05-01,167128280223,22629,5,611731,2320
OF2,128,LogitGRF,05-02,455874099848,26909,5,735106,1975
OF2,128,LogitGRF,05-03,193428804081,22326,5,631549,1719
OF2,128,LogitGRF,05-04,256899337969,31541,5,726605,3193
OF2,128,LogitGRF,05-06,236462873314,35365,5,769776,3017
OF2,128,LogitGRF,05-07,550133035678,35311,5,779310,2998
OF2,128,LogitGRF,05-08,930708278090,45179,5,995600,3930
OF2,128,LogitGRF,05-09,598846612704,44255,5,898136,4317
OF2,128,LogitGRF,05-10,494207401725,26471,5,702220,2111
OF2,128,LogitGRF,07-01,458636581613,23926,5,692750,1786
OF2,128,LogitGRF,07-02,498595050530,28881,5,708791,2865
OF2,128,LogitGRF,07-04,304812520837,37193,5,841871,3572
OF2,128,LogitGRF,07-06,377682144672,29493,5,737545,2750
OF2,128,LogitGRF,07-10,157249187831,32330,5,731463,3672
OF2,128,LogitGRF,08-01,930486421847,35872,5,848615,2985
OF2,128,LogitGRF,08-02,455445077846,25794,5,682427,2216
OF2,128,LogitGRF,08-04,381740237387,36784,5,757121,4374
OF2,128,LogitGRF,08-06,707318940580,38092,5,820850,3522
OF2,128,LogitGRF,08-07,305916851758,23765,5,635411,1958
OF2,128,LogitGRF,08-10,293994056357,25109,5,678326,2126
OF2,128,LogitGRF,09-01,467608427609,26621,5,710865,2226
OF2,128,LogitGRF,09-02,898616147102,24720,5,720082,2224
OF2,128,LogitGRF,09-04,427741174735,29881,5,719059,2938
OF2,128,LogitGRF,09-06,381430749834,29025,5,716568,2631
OF2,128,LogitGRF,09-07,366207426836,35433,5,755470,4386
OF2,128,LogitGRF,09-08,562956797830,26557,5,737512,1993
OF2,128,LogitGRF,09-10,303211858315,31565,5,723412,3676
OF2,128,LogitGRF,10-06,252932783483,23315,5,661920,2171
OF2,128,MicroscopyImages,01-06,796771338714,10424,2,399708,1979
OF2,128,MicroscopyImages,01-10,814721030364,10852,2,333521,2000
OF2,128,MicroscopyImages,02-01,83773435957,6534,3,288010,1010
OF2,128,MicroscopyImages,02-04,306025227824,14584,4,497992,1394
OF2,128,MicroscopyImages,02-06,793131673653,20964,3,584341,2432
OF2,128,MicroscopyImages,02-10,503067543801,17084,3,456549,1931
OF2,128,MicroscopyImages,03-01,378463738169,6371,2,267600,1622
OF2,128,MicroscopyImages,03-02,410914503012,11938,3,390753,1365
OF2,128,MicroscopyImages,03-04,38315833128,9012,3,326845,1386
OF2,128,MicroscopyImages,03-06,970881727787,15204,3,474883,2533
OF2,128,MicroscopyImages,03-07,1567077181260,12124,2,360562,2483
OF2,128,MicroscopyImages,03-08,1386764985483,18665,3,441542,2429
OF2,128,MicroscopyImages,03-09,1296841636076,8473,2,326631,2193
OF2,128,MicroscopyImages,03-10,1007114719411,16038,2,404241,2031
OF2,128,MicroscopyImages,04-01,281250936243,9903,3,356000,1896
OF2,128,MicroscopyImages,04-06,793799305521,27874,4,709230,2996
OF2,128,MicroscopyImages,04-10,899902977473,21643,4,576167,2272
OF2,128,MicroscopyImages,05-01,1120162886700,9436,2,353203,2519
OF2,128,MicroscopyImages,05-02,1144312909977,22455,2,586950,3353
OF2,128,MicroscopyImages,05-03,1262750197649,17747,2,560457,3562
OF2,128,MicroscopyImages,05-04,1090217051973,19489,3,545817,2762
OF2,128,MicroscopyImages,05-06,77823368296,7863,2,280008,1283
OF2,128,MicroscopyImages,05-07,1534066655511,8751,2,290011,2123
OF2,128,MicroscopyImages,05-08,1450485404758,12999,3,383470,1710
OF2,128,MicroscopyImages,05-09,2407968601845,8007,2,321718,2505
OF2,128,MicroscopyImages,05-10,1541378769962,18423,2,468208,2773
OF2,128,MicroscopyImages,07-01,1636341974029,9772,1,346952,2086
OF2,128,MicroscopyImages,07-02,1551430988866,15446,2,473054,2019
OF2,128,MicroscopyImages,07-04,1450098462466,18380,3,464889,2566
OF2,128,MicroscopyImages,07-06,1201856875277,15175,2,412564,2291
OF2,128,MicroscopyImages,07-10,1757475306099,17034,2,468595,2608
OF2,128,MicroscopyImages,08-01,1415673746620,11504,2,352742,1624
OF2,128,MicroscopyImages,08-02,1312958507313,28095,3,626044,2306
OF2,128,MicroscopyImages,08-04,1270446903989,23441,4,571201,2060
OF2,128,MicroscopyImages,08-06,1103811079698,19764,3,536411,2164
OF2,128,MicroscopyImages,08-07,49251612631,5692,2,219564,953
OF2,128,MicroscopyImages,08-10,1482109563330,18277,3,559676,2384
OF2,128,MicroscopyImages,09-01,1315762937853,9560,1,339995,2775
OF2,128,MicroscopyImages,09-02,928264085734,8839,2,343893,1743
OF2,128,MicroscopyImages,09-04,1260762055258,14124,2,447230,2448
OF2,128,MicroscopyImages,09-06,1993411461761,13372,2,412793,2588
OF2,128,MicroscopyImages,09-07,2331489934468,12112,1,567269,3493
OF2,128,MicroscopyImages,09-08,2000551814119,13662,2,447464,2701
OF2,128,MicroscopyImages,09-10,209203922589,5060,2,214648,1394
OF2,128,MicroscopyImages,10-06,1186573733684,18209,3,572699,2731
OF2,128,Shapes,01-06,1241048000000,13903,3,729261,1211
OF2,128,Shapes,01-10,66072776558,9415,4,376906,1182
OF2,128,Shapes,02-01,629800960000,11213,3,445137,1108
OF2,128,Shapes,02-04,78688844154,4740,2,214632,833
OF2,128,Shapes,02-06,985665344000,7204,2,311959,1573
OF2,128,Shapes,02-10,829222275228,6466,2,307267,900
OF2,128,Shapes,03-01,25018800000,9380,3,379837,1292
OF2,128,Shapes,03-02,645056672000,6272,2,270986,771
OF2,128,Shapes,03-04,366232268076,7135,2,311922,1119
OF2,128,Shapes,03-06,1256590800000,10353,2,711917,1224
OF2,128,Shapes,03-07,700042111545,12414,3,444938,2219
OF2,128,Shapes,03-08,435547933768,8065,2,257622,2875
OF2,128,Shapes,03-09,202881600000,5196,2,349072,709
OF2,128,Shapes,03-10,85171131206,6369,2,250712,1261
OF2,128,Shapes,04-01,350031298578,20281,4,526383,2701
OF2,128,Shapes,04-06,910633592124,8928,2,363927,1555
OF2,128,Shapes,04-10,523834103036,11405,2,486542,2184
OF2,128,Shapes,05-01,247290313686,22435,3,657508,4199
OF2,128,Shapes,05-02,819433074692,9311,2,291552,2715
OF2,128,Shapes,05-03,264988573724,6526,2,390801,1914
OF2,128,Shapes,05-04,474593430052,12409,2,332404,3451
OF2,128,Shapes,05-06,1394651078262,16387,2,515419,4762
OF2,128,Shapes,05-07,825153002341,16105,3,458819,3768
OF2,128,Shapes,05-08,382785539164,39026,2,282197,21720
OF2,128,Shapes,05-09,439171951500,11961,2,468451,3374
OF2,128,Shapes,05-10,300253654116,9129,2,333298,1755
OF2,128,Shapes,07-01,683084977715,19334,4,557168,2372
OF2,128,Shapes,07-02,623917189419,11259,2,357526,2181
OF2,128,Shapes,07-04,485057967701,10153,3,400922,1393
OF2,128,Shapes,07-06,2671398261727,19329,3,746221,2822
OF2,128,Shapes,07-10,837941706349,18870,3,511049,3274
OF2,128,Shapes,08-01,422030832032,12790,3,468866,2427
OF2,128,Shapes,08-02,158669016146,6085,1,182878,2570
OF2,128,Shapes,08-04,80461018254,4526,2,219061,933
OF2,128,Shapes,08-06,994635807750,6734,2,308230,2121
OF2,128,Shapes,08-07,557623961887,7576,2,305049,1642
OF2,128,Shapes,08-10,593319666410,11752,2,321854,3741
OF2,128,Shapes,09-01,186952800000,11219,3,567916,812
OF2,128,Shapes,09-02,746230112000,8397,2,314230,1375
OF2,128,Shapes,09-04,496981115814,10705,2,341362,1874
OF2,128,Shapes,09-06,1373592400000,12335,2,729678,1546
OF2,128,Shapes,09-07,839764152669,14029,3,457184,2237
OF2,128,Shapes,09-08,563044189044,7867,2,287275,2057
OF2,128,Shapes,09-10,211333776054,5504,2,282837,696
OF2,128,Shapes,10-06,1417223021078,13744,2,546210,2730
OF2,128,WhiteNoise,01-06,1708270377,30639,5,749226,3634
OF2,128,WhiteNoise,01-10,1373468805,50941,5,947992,6415
OF2,128,WhiteNoise,02-01,1439261920,47103,5,862494,5665
OF2,128,WhiteNoise,02-04,1617048808,56633,5,1016397,6273
OF2,128,WhiteNoise,02-06,2020156289,23923,5,613026,2830
OF2,128,WhiteNoise,02-10,1687473349,61243,5,1061217,6587
OF2,128,WhiteNoise,03-01,1519431778,52357,5,981988,6074
OF2,128,WhiteNoise,03-02,1636843102,53592,5,979422,6407
OF2,128,WhiteNoise,03-04,1694959542,34664,5,691072,4716
OF2,128,WhiteNoise,03-06,1355707641,28556,5,668659,3577
OF2,128,WhiteNoise,03-07,1559976526,25693,5,611800,3327
OF2,128,WhiteNoise,03-08,1518777492,60247,5,1086138,6457
OF2,128,WhiteNoise,03-09,1676560192,39413,5,813422,4953
OF2,128,WhiteNoise,03-10,1562502611,35600,5,701957,4620
OF2,128,WhiteNoise,04-01,1297969386,56813,5,1000897,6464
OF2,128,WhiteNoise,04-06,1783281341,40394,5,793331,5045
OF2,128,WhiteNoise,04-10,1422583837,46543,5,845560,5978
OF2,128,WhiteNoise,05-01,1477173654,28778,5,682987,3706
OF2,128,WhiteNoise,05-02,2016976756,52954,5,972961,5918
OF2,128,WhiteNoise,05-03,1643819632,36330,5,719225,4912
OF2,128,WhiteNoise,05-04,1534551820,45246,5,863390,5434
OF2,128,WhiteNoise,05-06,1573006101,48375,5,882047,5857
OF2,128,WhiteNoise,05-07,1483606856,66430,5,1151291,6901
OF2,128,WhiteNoise,05-08,1705401320,45128,5,863137,5814
OF2,128,WhiteNoise,05-09,1427123590,56547,5,1006990,6420
OF2,128,WhiteNoise,05-10,1534102657,40002,5,771454,5352
OF2,128,WhiteNoise,07-01,1430800902,29429,5,657593,3943
OF2,128,WhiteNoise,07-02,1840980374,28225,5,679922,3417
OF2,128,WhiteNoise,07-04,1432373070,39509,5,764554,5080
OF2,128,WhiteNoise,07-06,1605965979,44439,5,794763,5612
OF2,128,WhiteNoise,07-10,1467342733,57974,5,1039799,6369
OF2,128,WhiteNoise,08-01,1906196218,58037,5,1041616,6291
OF2,128,WhiteNoise,08-02,2162586380,35343,5,723018,4730
OF2,128,WhiteNoise,08-04,1834875334,31864,5,719320,3950
OF2,128,WhiteNoise,08-06,1701758875,40704,5,767483,4951
OF2,128,WhiteNoise,08-07,1664135972,21834,5,596964,2727
OF2,128,WhiteNoise,08-10,1629477121,19047,5,576123,2147
OF2,128,WhiteNoise,09-01,1350218890,47228,5,845836,5836
OF2,128,WhiteNoise,09-02,1547097590,37199,5,706275,4878
OF2,128,WhiteNoise,09-04,1359239810,70843,5,1217607,7184
OF2,128,WhiteNoise,09-06,1867374587,44644,4,893983,5129
OF2,128,WhiteNoise,09-07,1542281090,35509,4,746092,4590
OF2,128,WhiteNoise,09-08,1744106054,45704,5,865472,5578
OF2,128,WhiteNoise,09-10,1349960859,63797,5,1160658,6835
OF2,128,WhiteNoise,10-06,1693410540,23789,5,639156,3477
OF2,256,CauchyDensity,01-03,104830190547827,1206685,28,69194483,18438
OF2,256,CauchyDensity,01-04,75513577391033,1309019,27,66096227,21137
OF2,256,CauchyDensity,01-06,91857020875892,693233,29,9516540,9436
OF2,256,CauchyDensity,01-08,44644648526796,566044,30,7346325,7783
OF2,256,CauchyDensity,01-09,49531847174191,495095,28,7935213,7571
OF2,256,CauchyDensity,02-01,53266513473056,853540,29,19024212,15678
OF2,256,CauchyDensity,02-03,53508360652287,643035,30,7556355,8813
OF2,256,CauchyDensity,02-04,6972141360363,396596,28,4666304,6841
OF2,256,CauchyDensity,02-05,21050764930494,420859,30,4385512,5028
OF2,256,CauchyDensity,02-06,70960872836116,545484,28,5361018,6092
OF2,256,CauchyDensity,02-07,69894260530601,517190,31,4912920,5436
OF2,256,CauchyDensity,02-08,40642850878614,584692,29,5667805,7769
OF2,256,CauchyDensity,02-09,17547771706765,451465,29,4277302,5686
OF2,256,CauchyDensity,02-10,36521955889749,575842,30,5896416,7797
OF2,256,CauchyDensity,03-04,39835704328680,628228,30,6027875,8582
OF2,256,CauchyDensity,03-06,13200074715377,633692,32,7109505,10747
OF2,256,CauchyDensity,03-08,21221267283541,631337,30,7937187,10877
OF2,256,CauchyDensity,03-09,23613833911748,508326,29,5231881,7852
OF2,256,CauchyDensity,04-08,39339346015347,656701,29,7444519,11293
OF2,256,CauchyDensity,05-01,56248156089812,1268662,30,61206546,19802
OF2,256,CauchyDensity,05-03,12418383248905,506838,29,5690181,8434
OF2,256,CauchyDensity,05-04,17755225876269,483696,27,4723841,7024
OF2,256,CauchyDensity,05-06,18936072129588,594710,28,5525456,9369
OF2,256,CauchyDensity,05-08,6315963648998,497319,29,5382589,8364
OF2,256,CauchyDensity,05-09,3384493117647,510245,29,5294520,10430
OF2,256,CauchyDensity,05-10,6998030256173,402136,29,4433540,7924
OF2,256,CauchyDensity,06-04,56482092866237,604965,31,5932295,8853
OF2,256,CauchyDensity,06-08,13012874662918,506917,30,5547828,9548
OF2,256,CauchyDensity,07-01,89735638459635,1120419,26,55740359,19160
OF2,256,CauchyDensity,07-03,8811715983372,478647,28,5687950,8493
OF2,256,CauchyDensity,07-04,61268263957080,544953,28,4703243,6494
OF2,256,CauchyDensity,07-05,15678300682447,418777,28,4234724,6321
OF2,256,CauchyDensity,07-06,4536640999237,645471,30,7152990,12755
OF2,256,CauchyDensity,07-08,10837835416435,468193,28,4409614,8260
OF2,256,CauchyDensity,07-09,27659627630306,467995,28,4354491,6231
OF2,256,CauchyDensity,07-10,16813271680608,611121,30,5821617,10004
OF2,256,CauchyDensity,09-04,11939237305560,402257,27,4306992,5052
OF2,256,CauchyDensity,09-06,25655959846853,469656,31,4759784,5196
OF2,256,CauchyDensity,09-08,9112534533111,471753,32,4781865,7889
OF2,256,CauchyDensity,10-01,81245546993603,1164032,29,56823875,18570
OF2,256,CauchyDensity,10-03,10691924432590,546226,30,6524160,8911
OF2,256,CauchyDensity,10-04,20356022457514,446568,32,4397984,4822
OF2,256,CauchyDensity,10-06,11384331578337,441625,28,4680150,5575
OF2,256,CauchyDensity,10-08,13130126689035,437193,29,4960722,8261
OF2,256,CauchyDensity,10-09,6882420628620,329560,31,3972904,5131
OF2,256,ClassicImages,01-03,3017036861142,542389,29,4873688,13839
OF2,256,ClassicImages,01-04,1623916459117,583224,30,5380825,15712
OF2,256,ClassicImages,01-06,4654198750376,548802,28,5251490,12837
OF2,256,ClassicImages,01-08,2388230036782,575502,29,5678434,14331
OF2,256,ClassicImages,01-09,6837795547991,860137,31,6679299,20817
OF2,256,ClassicImages,02-01,2520155922523,506693,30,4420576,12708
OF2,256,ClassicImages,02-03,1419098621313,448245,30,4303330,9776
OF2,256,ClassicImages,02-04,556225747792,473767,30,4241012,11523
OF2,256,ClassicImages,02-05,524166284979,383083,30,4030602,7662
OF2,256,ClassicImages,02-06,660118916935,277037,32,3472730,5395
OF2,256,ClassicImages,02-07,589519617432,380605,31,4178071,8122
OF2,256,ClassicImages,02-08,808180785249,566061,28,5434436,12815
OF2,256,ClassicImages,02-09,3315421578234,355687,29,3841616,6174
OF2,256,ClassicImages,02-10,1582559893055,697402,30,6519097,15478
OF2,256,ClassicImages,03-04,1058401311977,283453,29,3234229,5666
OF2,256,ClassicImages,03-06,1883652560650,489154,30,4802363,10395
OF2,256,ClassicImages,03-08,1405886127954,325622,29,4023722,6176
OF2,256,ClassicImages,03-09,5038285521963,412232,31,3918254,8257
OF2,256,ClassicImages,04-08,659121013509,335867,31,4204802,8140
OF2,256,ClassicImages,05-01,2097794174846,732838,31,5836588,17835
OF2,256,ClassicImages,05-03,1230084718940,479903,30,4567368,10533
OF2,256,ClassicImages,05-04,739892058401,559593,32,5038443,12132
OF2,256,ClassicImages,05-06,1102215426590,333756,32,3625038,6523
OF2,256,ClassicImages,05-08,1191451774140,381482,32,3712563,8170
OF2,256,ClassicImages,05-09,2839839121591,427426,30,4156439,7568
OF2,256,ClassicImages,05-10,2529076322188,703066,30,6397973,14729
OF2,256,ClassicImages,06-04,1364926528505,561475,30,5873157,13014
OF2,256,ClassicImages,06-08,1352093775778,363537,28,3863985,8395
OF2,256,ClassicImages,07-01,3443132809415,481660,29,4614657,10848
OF2,256,ClassicImages,07-03,2075729754879,468707,29,4866180,10487
OF2,256,ClassicImages,07-04,1433217023502,783540,29,8169735,17032
OF2,256,ClassicImages,07-05,653153965259,435157,29,4379285,8724
OF2,256,ClassicImages,07-06,934083144431,314825,30,3577234,6798
OF2,256,ClassicImages,07-08,1339005136747,541504,30,5247670,11580
OF2,256,ClassicImages,07-09,2713049914160,397984,29,3977437,7439
OF2,256,ClassicImages,07-10,1964359401557,564364,31,5013497,12397
OF2,256,ClassicImages,09-04,4520970180246,384683,29,3894783,7187
OF2,256,ClassicImages,09-06,3249577915785,396753,31,3787761,8358
OF2,256,ClassicImages,09-08,5763678576617,353558,30,3834089,5667
OF2,256,ClassicImages,10-01,5342228436402,778012,31,7031243,16118
OF2,256,ClassicImages,10-03,3339851965094,475018,30,4586009,10391
OF2,256,ClassicImages,10-04,2524929779255,733918,29,7340095,16577
OF2,256,ClassicImages,10-06,1828599086238,530579,31,5063579,11768
OF2,256,ClassicImages,10-08,1925214790796,736473,29,7770569,16319
OF2,256,ClassicImages,10-09,7008568181769,659451,31,5785536,13707
OF2,256,GRFmoderate,01-03,1455887736533,496247,30,4893514,11472
OF2,256,GRFmoderate,01-04,2659373174070,409496,30,3903003,8995
OF2,256,GRFmoderate,01-06,1752982013064,713949,31,6734898,16723
OF2,256,GRFmoderate,01-08,3997561660254,445686,29,4041923,9752
OF2,256,GRFmoderate,01-09,5414526474685,665670,30,6649113,14213
OF2,256,GRFmoderate,02-01,2919405582387,610780,31,5771990,13326
OF2,256,GRFmoderate,02-03,5417230610202,417301,30,4562603,8453
OF2,256,GRFmoderate,02-04,4278998854131,617948,30,5969562,12501
OF2,256,GRFmoderate,02-05,1595763168808,467212,31,4662622,10860
OF2,256,GRFmoderate,02-06,2172383614295,439798,30,4869309,9735
OF2,256,GRFmoderate,02-07,2736694790330,354754,30,4039933,6477
OF2,256,GRFmoderate,02-08,2852474749749,467352,31,4845377,10034
OF2,256,GRFmoderate,02-09,1325176269726,520768,29,6015967,11157
OF2,256,GRFmoderate,02-10,2923142961375,393795,30,4159892,8277
OF2,256,GRFmoderate,03-04,5056698287553,354875,30,3829525,7455
OF2,256,GRFmoderate,03-06,2535331573429,459207,29,4311707,10899
OF2,256,GRFmoderate,03-08,4388828582203,549111,30,5178469,11526
OF2,256,GRFmoderate,03-09,8679595713436,679735,30,7440871,13904
OF2,256,GRFmoderate,04-08,8614311097558,449826,29,4979538,11943
OF2,256,GRFmoderate,05-01,1893316784215,371802,29,4301136,7519
OF2,256,GRFmoderate,05-03,3787160454026,377760,33,3900089,8407
OF2,256,GRFmoderate,05-04,2552348981347,315034,29,3765034,4721
OF2,256,GRFmoderate,05-06,1463982517511,408635,28,3848609,9706
OF2,256,GRFmoderate,05-08,3464074070667,354300,29,3830550,6808
OF2,256,GRFmoderate,05-09,2625553768562,791042,29,8386429,16842
OF2,256,GRFmoderate,05-10,2935706408555,575585,29,5431101,12587
OF2,256,GRFmoderate,06-04,2554138423678,427038,31,4276208,9470
OF2,256,GRFmoderate,06-08,3096145153894,329727,29,3672358,7112
OF2,256,GRFmoderate,07-01,714078187461,519346,30,4850849,11657
OF2,256,GRFmoderate,07-03,1654901555004,384128,33,4142607,8137
OF2,256,GRFmoderate,07-04,1881535230835,363876,29,3773051,7748
OF2,256,GRFmoderate,07-05,1632253144422,405546,28,3828531,9748
OF2,256,GRFmoderate,07-06,1441478077017,489875,31,4760967,11348
OF2,256,GRFmoderate,07-08,4583318083747,401223,30,4059162,7665
OF2,256,GRFmoderate,07-09,4879053466216,558668,29,5322770,12327
OF2,256,GRFmoderate,07-10,1660555536171,742018,30,7610855,16480
OF2,256,GRFmoderate,09-04,4727899759493,382176,30,4175534,6401
OF2,256,GRFmoderate,09-06,3893005693721,607047,30,6166216,14142
OF2,256,GRFmoderate,09-08,4554565305601,362469,29,3916211,7290
OF2,256,GRFmoderate,10-01,2159885547658,678964,32,6373890,15171
OF2,256,GRFmoderate,10-03,2841248096183,633505,29,6131560,13391
OF2,256,GRFmoderate,10-04,2166270713424,668823,30,6292580,15261
OF2,256,GRFmoderate,10-06,1203226485624,521570,31,5026947,11703
OF2,256,GRFmoderate,10-08,4782718077334,458253,30,4337023,9198
OF2,256,GRFmoderate,10-09,3796236081837,566488,30,5615198,11732
OF2,256,GRFrough,01-03,584592875835,395076,29,3689261,9034
OF2,256,GRFrough,01-04,437690063316,433621,31,3983749,9759
OF2,256,GRFrough,01-06,257436582126,494409,30,4338039,12061
OF2,256,GRFrough,01-08,185715025015,501916,31,4343879,12127
OF2,256,GRFrough,01-09,171758443783,560792,31,5160780,12452
OF2,256,GRFrough,02-01,236662856282,624962,30,5463928,14763
OF2,256,GRFrough,02-03,435214417465,288928,30,3176410,5907
OF2,256,GRFrough,02-04,507133338724,460140,31,4210068,10460
OF2,256,GRFrough,02-05,336470810047,662208,30,6059105,14154
OF2,256,GRFrough,02-06,353295298004,295180,30,3456785,5958
OF2,256,GRFrough,02-07,287940793711,388224,30,3541258,8988
OF2,256,GRFrough,02-08,274071286119,420483,30,3710430,10268
OF2,256,GRFrough,02-09,385707110321,435754,30,3866601,10238
OF2,256,GRFrough,02-10,142590079231,242546,30,2764807,5251
OF2,256,GRFrough,03-04,258356513733,643599,28,5897901,13844
OF2,256,GRFrough,03-06,216060036457,608558,29,5673017,13026
OF2,256,GRFrough,03-08,462616965340,405501,31,3837671,9063
OF2,256,GRFrough,03-09,538973190530,378941,28,3515930,8684
OF2,256,GRFrough,04-08,298758089359,255540,29,3212258,6432
OF2,256,GRFrough,05-01,291328574387,677177,29,6394912,14504
OF2,256,GRFrough,05-03,759295156136,717298,31,6711976,15578
OF2,256,GRFrough,05-04,499131837077,291298,31,3273773,6333
OF2,256,GRFrough,05-06,483212202629,577032,32,5165775,13157
OF2,256,GRFrough,05-08,360571632924,309179,29,3362363,6938
OF2,256,GRFrough,05-09,291821452950,531099,32,4727181,12274
OF2,256,GRFrough,05-10,331163680572,394608,29,4194409,8310
OF2,256,GRFrough,06-04,159834253416,259402,30,3052365,5698
OF2,256,GRFrough,06-08,198075743491,365473,30,3836917,10402
OF2,256,GRFrough,07-01,179462175633,344558,31,3215627,8598
OF2,256,GRFrough,07-03,291117617086,544712,29,4948812,12207
OF2,256,GRFrough,07-04,166510954581,422230,30,3763768,9760
OF2,256,GRFrough,07-05,259024796768,614123,30,5412034,14251
OF2,256,GRFrough,07-06,101813129331,424208,28,3709310,10026
OF2,256,GRFrough,07-08,129868675054,292640,30,3184197,6350
OF2,256,GRFrough,07-09,112136486906,431669,29,3729340,10510
OF2,256,GRFrough,07-10,144048634964,359601,29,3515876,8619
OF2,256,GRFrough,09-04,249732211301,353282,29,3428156,7956
OF2,256,GRFrough,09-06,169789613881,619100,29,5509448,14104
OF2,256,GRFrough,09-08,147110716064,254663,30,3146067,4827
OF2,256,GRFrough,10-01,169488188737,556286,30,4806027,12842
OF2,256,GRFrough,10-03,376482301262,367393,32,3615651,8052
OF2,256,GRFrough,10-04,369173072377,633135,30,5840184,14124
OF2,256,GRFrough,10-06,206617142461,252204,32,2923275,5733
OF2,256,GRFrough,10-08,168228918632,408116,29,3685654,9738
OF2,256,GRFrough,10-09,225836938878,608547,29,5384042,13418
OF2,256,GRFsmooth,01-03,12565813172505,637082,29,5772526,11820
OF2,256,GRFsmooth,01-04,12553492251018,441993,29,4554410,6427
OF2,256,GRFsmooth,01-06,7907196565289,379567,30,4216962,5899
OF2,256,GRFsmooth,01-08,2907119281971,536183,29,5341258,11903
OF2,256,GRFsmooth,01-09,6929603976350,425415,30,4285305,6599
OF2,256,GRFsmooth,02-01,6259064277107,378688,30,4169568,5511
OF2,256,GRFsmooth,02-03,21019841160466,554215,30,5007755,8292
OF2,256,GRFsmooth,02-04,26612432518307,656081,29,5953392,10766
OF2,256,GRFsmooth,02-05,16664972043291,498745,30,4712064,7761
OF2,256,GRFsmooth,02-06,16870286392398,604428,28,5567530,10788
OF2,256,GRFsmooth,02-07,11134618668875,744554,31,7329399,14134
OF2,256,GRFsmooth,02-08,5570635803350,465638,29,4444685,8792
OF2,256,GRFsmooth,02-09,18926962865539,556616,30,5218857,8607
OF2,256,GRFsmooth,02-10,29144030978032,792725,30,7723604,14715
OF2,256,GRFsmooth,03-04,6121554730283,491516,30,5401878,10775
OF2,256,GRFsmooth,03-06,4038123985456,484697,29,5168013,10231
OF2,256,GRFsmooth,03-08,8803219816156,464118,29,4187120,8751
OF2,256,GRFsmooth,03-09,4495799391993,572017,29,5591178,11687
OF2,256,GRFsmooth,04-08,14581446376331,601702,29,7403756,14867
OF2,256,GRFsmooth,05-01,7527797444012,500449,30,4802109,9288
OF2,256,GRFsmooth,05-03,3549692354767,681925,29,6729725,14739
OF2,256,GRFsmooth,05-04,4595705034034,326597,29,3920204,6005
OF2,256,GRFsmooth,05-06,4858338503127,647866,29,6762846,14229
OF2,256,GRFsmooth,05-08,5730540682991,372815,32,4247291,6449
OF2,256,GRFsmooth,05-09,1699511364524,453603,30,5576876,8938
OF2,256,GRFsmooth,05-10,9610645467737,459721,31,4990859,10549
OF2,256,GRFsmooth,06-04,2971854475459,334723,30,3885444,6547
OF2,256,GRFsmooth,06-08,8470086894240,566435,32,5843601,12722
OF2,256,GRFsmooth,07-01,3355507630518,737158,31,7687184,15631
OF2,256,GRFsmooth,07-03,10135137000829,446954,31,4666996,7679
OF2,256,GRFsmooth,07-04,9153984400296,605038,28,5405967,11417
OF2,256,GRFsmooth,07-05,8938458441116,434318,29,4791518,7694
OF2,256,GRFsmooth,07-06,4859000035769,372805,30,3948841,6772
OF2,256,GRFsmooth,07-08,6000255244803,489294,30,4610277,11262
OF2,256,GRFsmooth,07-09,6846452513094,509526,31,5065168,9441
OF2,256,GRFsmooth,07-10,8659501662607,444523,29,4550438,7620
OF2,256,GRFsmooth,09-04,2913513724970,381428,30,4070681,7899
OF2,256,GRFsmooth,09-06,2661065944509,370820,29,4152310,8049
OF2,256,GRFsmooth,09-08,6898206550119,636067,29,6388193,14533
OF2,256,GRFsmooth,10-01,13609159031247,447031,30,4461558,7559
OF2,256,GRFsmooth,10-03,11618052554698,343507,29,4378470,6711
OF2,256,GRFsmooth,10-04,1943597695659,407695,29,4012260,9114
OF2,256,GRFsmooth,10-06,5229470104060,499714,31,5231984,11688
OF2,256,GRFsmooth,10-08,19299458109920,661204,28,6960168,13558
OF2,256,GRFsmooth,10-09,6688717416339,450419,33,4742809,10016
OF2,256,LogGRF,01-03,40632112129660,842731,31,7323906,16246
OF2,256,LogGRF,01-04,15207547261083,675314,29,5936360,14693
OF2,256,LogGRF,01-06,13985872428812,588629,30,6565146,11762
OF2,256,LogGRF,01-08,5149246948845,569067,29,6086371,11856
OF2,256,LogGRF,01-09,7805227985363,388250,30,4912590,7996
OF2,256,LogGRF,02-01,10076047357629,676218,30,5193559,9735
OF2,256,LogGRF,02-03,14565207129457,752914,32,6393337,15988
OF2,256,LogGRF,02-04,11897391591654,551719,30,5667028,8766
OF2,256,LogGRF,02-05,24532874202309,816641,31,7730977,14665
OF2,256,LogGRF,02-06,37161336530637,1074482,30,11350011,19308
OF2,256,LogGRF,02-07,18267256045296,712092,31,7022996,14707
OF2,256,LogGRF,02-08,17474118804830,684707,30,6458753,13451
OF2,256,LogGRF,02-09,13705744315346,535764,30,5455481,11104
OF2,256,LogGRF,02-10,4842153272088,428145,30,4322152,9283
OF2,256,LogGRF,03-04,22973455823817,738382,29,7571132,17754
OF2,256,LogGRF,03-06,83355494455550,1048438,28,13258840,19366
OF2,256,LogGRF,03-08,52506692233287,706499,31,6814174,12107
OF2,256,LogGRF,03-09,38206426800249,635063,30,5353445,12144
OF2,256,LogGRF,04-08,24639287462770,632822,29,6792574,13946
OF2,256,LogGRF,05-01,11359380328380,737956,29,6357991,20451
OF2,256,LogGRF,05-03,56962430516066,1083728,32,13320821,19597
OF2,256,LogGRF,05-04,20603512975727,651649,29,6632242,11536
OF2,256,LogGRF,05-06,13074751520846,660489,27,5747832,14859
OF2,256,LogGRF,05-08,7818353937795,615014,30,5604990,14946
OF2,256,LogGRF,05-09,25821209458267,562166,31,6113222,12232
OF2,256,LogGRF,05-10,18907599219581,702817,29,7181823,16317
OF2,256,LogGRF,06-04,44299768358173,876043,30,8298285,16987
OF2,256,LogGRF,06-08,11590529340691,527844,32,6065393,11767
OF2,256,LogGRF,07-01,4111463411317,522572,31,5464018,13007
OF2,256,LogGRF,07-03,53033104195255,902965,30,8708849,15783
OF2,256,LogGRF,07-04,20366762703648,622899,29,5567724,11381
OF2,256,LogGRF,07-05,6243753254485,795848,33,7021775,21069
OF2,256,LogGRF,07-06,6397889933795,342025,31,4328141,6149
OF2,256,LogGRF,07-08,5638422166102,721755,29,6478004,14568
OF2,256,LogGRF,07-09,15890967544456,571494,31,6787136,12214
OF2,256,LogGRF,07-10,12339747853410,422861,28,4966622,8018
OF2,256,LogGRF,09-04,24882530802272,745514,30,7047086,13694
OF2,256,LogGRF,09-06,26893634165235,716277,30,8357875,13202
OF2,256,LogGRF,09-08,8872489153356,420702,30,4824323,7948
OF2,256,LogGRF,10-01,5846633862549,549977,28,5414612,12697
OF2,256,LogGRF,10-03,23816589586019,850763,32,7172029,16842
OF2,256,LogGRF,10-04,14371054044668,626420,31,5623667,13003
OF2,256,LogGRF,10-06,27917474735435,859936,28,9604275,17053
OF2,256,LogGRF,10-08,9106807397352,514081,28,5155692,9523
OF2,256,LogGRF,10-09,5004796084306,435828,28,4669671,8513
OF2,256,LogitGRF,01-03,5254682969922,547712,28,5301142,12122
OF2,256,LogitGRF,01-04,11648125845585,687196,29,8260593,15316
OF2,256,LogitGRF,01-06,9560139924363,470927,31,4922114,7357
OF2,256,LogitGRF,01-08,5605405046104,600474,28,5905627,14643
OF2,256,LogitGRF,01-09,6060444340618,666800,30,5945115,12407
OF2,256,LogitGRF,02-01,13267623772614,832113,30,7068556,19673
OF2,256,LogitGRF,02-03,9895712256446,711075,30,6603372,19782
OF2,256,LogitGRF,02-04,6581604579053,615700,31,5802671,13398
OF2,256,LogitGRF,02-05,11961699795563,493695,30,5312008,11632
OF2,256,LogitGRF,02-06,16869252020305,692859,29,7359190,17050
OF2,256,LogitGRF,02-07,22698693750534,663506,30,6496827,14365
OF2,256,LogitGRF,02-08,9473591217088,615278,28,5386591,13682
OF2,256,LogitGRF,02-09,4387135016004,607656,30,5698021,15459
OF2,256,LogitGRF,02-10,5340815270013,571685,31,6883202,12673
OF2,256,LogitGRF,03-04,9650075542275,439602,29,5061210,9466
OF2,256,LogitGRF,03-06,3633168486779,507429,29,5143815,11194
OF2,256,LogitGRF,03-08,4091526098472,312657,30,3758883,5224
OF2,256,LogitGRF,03-09,5314533841844,626696,30,6694360,13952
OF2,256,LogitGRF,04-08,5477209215807,421438,29,4619821,9644
OF2,256,LogitGRF,05-01,5085557033171,793641,29,6004111,15895
OF2,256,LogitGRF,05-03,4609377109541,654770,30,7382097,14767
OF2,256,LogitGRF,05-04,13694663069992,482653,29,5543787,9611
OF2,256,LogitGRF,05-06,7366557999230,634393,29,6272251,13558
OF2,256,LogitGRF,05-08,8101374019673,469913,28,5157638,9600
OF2,256,LogitGRF,05-09,5871281834979,450056,31,5079248,9270
OF2,256,LogitGRF,05-10,6075970901098,494874,33,5053137,10244
OF2,256,LogitGRF,06-04,17708258362300,480467,31,6027668,9992
OF2,256,LogitGRF,06-08,11948792532979,420834,29,4535445,7667
OF2,256,LogitGRF,07-01,3328577697482,551255,28,4904664,11685
OF2,256,LogitGRF,07-03,8607140396848,686083,29,6647515,15124
OF2,256,LogitGRF,07-04,21430080299981,735786,28,8783679,16172
OF2,256,LogitGRF,07-05,7949303776837,776178,30,6725510,17957
OF2,256,LogitGRF,07-06,11218126924439,751716,29,6456039,12930
OF2,256,LogitGRF,07-08,10583248779788,473944,30,5267708,10821
OF2,256,LogitGRF,07-09,12319792510260,791518,33,6376357,21999
OF2,256,LogitGRF,07-10,12739193035227,804469,29,7042239,20274
OF2,256,LogitGRF,09-04,5656714909731,812430,28,8857272,22057
OF2,256,LogitGRF,09-06,10036367428907,489580,29,5858043,9047
OF2,256,LogitGRF,09-08,5941620553332,493921,30,5553974,9628
OF2,256,LogitGRF,10-01,5915866100217,482792,30,4427324,10919
OF2,256,LogitGRF,10-03,6247067704837,738388,28,8023588,16652
OF2,256,LogitGRF,10-04,8160391790252,752784,30,8019162,17160
OF2,256,LogitGRF,10-06,13093782443352,884033,30,10253394,17513
OF2,256,LogitGRF,10-08,7359639745997,745767,28,7970222,15337
OF2,256,LogitGRF,10-09,3792921274603,808432,31,7848620,17606
OF2,256,MicroscopyImages,01-03,9781788298239,161770,10,1897012,6160
OF2,256,MicroscopyImages,01-04,8739335747432,290564,16,2747728,6676
OF2,256,MicroscopyImages,01-06,19377365509860,407736,16,3892873,10076
OF2,256,MicroscopyImages,01-08,16193824586606,391342,15,3020356,8254
OF2,256,MicroscopyImages,01-09,8826220129063,165324,10,1902496,7557
OF2,256,MicroscopyImages,02-01,336906302201,150398,19,2191270,5027
OF2,256,MicroscopyImages,02-03,8730862801052,227252,15,2628746,5922
OF2,256,MicroscopyImages,02-04,7481156944017,467480,22,4558988,10619
OF2,256,MicroscopyImages,02-05,19928328270952,290057,16,3158180,6344
OF2,256,MicroscopyImages,02-06,18851259408501,459992,24,3924260,7683
OF2,256,MicroscopyImages,02-07,23566725547572,366634,14,4578930,11454
OF2,256,MicroscopyImages,02-08,16346036114575,489622,22,5045724,11833
OF2,256,MicroscopyImages,02-09,7963701827410,176410,14,2307241,5835
OF2,256,MicroscopyImages,02-10,4219941067180,301074,28,3470289,8231
OF2,256,MicroscopyImages,03-04,1003952089923,140293,13,1886425,4932
OF2,256,MicroscopyImages,03-06,11031695829109,238822,14,2752061,6488
OF2,256,MicroscopyImages,03-08,13288876789413,413516,13,4407628,12854
OF2,256,MicroscopyImages,03-09,10155175413246,100757,9,1723448,6120
OF2,256,MicroscopyImages,04-08,15580170071190,543715,21,8574586,17487
OF2,256,MicroscopyImages,05-01,20385607584243,207649,11,2267684,7565
OF2,256,MicroscopyImages,05-03,11800432505684,188973,10,2217148,7019
OF2,256,MicroscopyImages,05-04,13829566966355,271910,15,3375641,9048
OF2,256,MicroscopyImages,05-06,308442078681,170673,15,2528533,6298
OF2,256,MicroscopyImages,05-08,3168041239533,243283,16,2757430,8155
OF2,256,MicroscopyImages,05-09,26878517045652,192219,9,2525737,7938
OF2,256,MicroscopyImages,05-10,20148418814964,312780,14,3230997,10723
OF2,256,MicroscopyImages,06-04,12628827813298,501521,24,4258173,9627
OF2,256,MicroscopyImages,06-08,2922235683928,266709,23,3615346,7765
OF2,256,MicroscopyImages,07-01,22974078939579,230925,11,3018687,10333
OF2,256,MicroscopyImages,07-03,18757411598978,228737,9,4052230,12650
OF2,256,MicroscopyImages,07-04,21935124469139,354586,14,5097619,12556
OF2,256,MicroscopyImages,07-05,4769109035938,115936,11,1784975,5465
OF2,256,MicroscopyImages,07-06,4804572336203,231096,15,3212251,8124
OF2,256,MicroscopyImages,07-08,1830846911879,158602,13,1955205,5336
OF2,256,MicroscopyImages,07-09,32392800830642,229748,8,3855318,11629
OF2,256,MicroscopyImages,07-10,25815356819388,313649,13,4077927,11691
OF2,256,MicroscopyImages,09-04,7126032959105,147672,12,2236119,5489
OF2,256,MicroscopyImages,09-06,25053157903289,251906,14,3154508,6897
OF2,256,MicroscopyImages,09-08,26492754098593,334242,12,4144443,11418
OF2,256,MicroscopyImages,10-01,5236682421759,205441,15,2234393,6056
OF2,256,MicroscopyImages,10-03,7009688821922,190185,13,2139079,6246
OF2,256,MicroscopyImages,10-04,4589441442567,262769,21,3102242,7037
OF2,256,MicroscopyImages,10-06,18588284811861,423432,21,3712398,5299
OF2,256,MicroscopyImages,10-08,19504657717409,531954,21,5624259,12954
OF2,256,MicroscopyImages,10-09,1351367782252,111445,12,1570090,5863
OF2,256,Shapes,01-03,392096000000,163345,19,3203899,4787
OF2,256,Shapes,01-04,5589530482324,321242,22,3331906,8720
OF2,256,Shapes,01-06,19848698800000,201398,18,4827033,2931
OF2,256,Shapes,01-08,6737143999132,276295,15,3297896,13187
OF2,256,Shapes,01-09,2981203200000,203016,18,5167265,2530
OF2,256,Shapes,02-01,10068951040000,132752,15,2494768,2123
OF2,256,Shapes,02-03,10312437120000,73808,10,1509254,2539
OF2,256,Shapes,02-04,1262992346658,72479,12,1446617,2685
OF2,256,Shapes,02-05,13085877809486,85581,9,1876223,3260
OF2,256,Shapes,02-06,15762042528000,92176,11,1844917,3589
OF2,256,Shapes,02-07,9925883566740,123275,11,2051842,4745
OF2,256,Shapes,02-08,2553099582794,124174,8,1154342,13618
OF2,256,Shapes,02-09,11930539360000,143421,10,2365062,5502
OF2,256,Shapes,02-10,13268559928114,85359,11,1671396,3765
OF2,256,Shapes,03-04,5848841591828,114999,13,2039374,4393
OF2,256,Shapes,03-06,20096787200000,121559,11,3991370,2434
OF2,256,Shapes,03-08,6953257328566,88996,10,1492788,4337
OF2,256,Shapes,03-09,3242604800000,67433,11,2424820,1302
OF2,256,Shapes,04-08,1290485843642,67679,11,1469121,3361
OF2,256,Shapes,05-01,3964049664148,300210,19,6281016,7455
OF2,256,Shapes,05-03,4246379022864,108814,12,2469427,5894
OF2,256,Shapes,05-04,7563668734240,312601,15,1901173,24022
OF2,256,Shapes,05-06,22296130445498,314072,12,3730705,23440
OF2,256,Shapes,05-08,6075700062758,810447,10,1806070,104375
OF2,256,Shapes,05-09,7027537688090,203092,12,3180712,12268
OF2,256,Shapes,05-10,4825833591184,382556,13,2078524,29580
OF2,256,Shapes,06-04,14562348631348,147920,14,2426881,5667
OF2,256,Shapes,06-08,15918011084734,149396,10,2124579,12465
OF2,256,Shapes,07-01,10876837844768,301675,24,3346281,7087
OF2,256,Shapes,07-03,11146751332720,297223,14,4102942,11754
OF2,256,Shapes,07-04,7710173266458,311869,19,10218341,9608
OF2,256,Shapes,07-05,13151139533976,247273,14,2992650,11610
OF2,256,Shapes,07-06,42626039579982,473921,15,18367844,12231
OF2,256,Shapes,07-08,8872955076062,120212,11,1886159,6672
OF2,256,Shapes,07-09,13375357389316,272379,15,4185190,9071
OF2,256,Shapes,07-10,13367313445274,259595,16,4152153,7993
OF2,256,Shapes,09-04,7934131101684,122544,13,2163888,3495
OF2,256,Shapes,09-06,21971486400000,191851,11,5372583,4088
OF2,256,Shapes,09-08,8963385122978,158625,9,1987482,8330
OF2,256,Shapes,10-01,1059328488444,242886,22,2752010,8096
OF2,256,Shapes,10-03,1363670365146,151916,14,1540204,9094
OF2,256,Shapes,10-04,8384186528874,175824,15,2718124,8034
OF2,256,Shapes,10-06,22680428622712,335602,13,4949841,10902
OF2,256,Shapes,10-08,9487134688060,197055,10,1908249,15749
OF2,256,Shapes,10-09,3372403850074,86533,14,1777197,2463
OF2,256,WhiteNoise,01-03,7619638099,337829,31,3087192,8823
OF2,256,WhiteNoise,01-04,6997651354,519249,29,4967300,10377
OF2,256,WhiteNoise,01-06,6235996779,394117,30,3566463,10397
OF2,256,WhiteNoise,01-08,6168900167,1835211,29,12842296,27210
OF2,256,WhiteNoise,01-09,6057342074,516373,30,4950741,10462
OF2,256,WhiteNoise,02-01,7015138992,445900,30,4067654,9835
OF2,256,WhiteNoise,02-03,6336986149,539731,30,4062609,12945
OF2,256,WhiteNoise,02-04,6982569306,532235,31,5068223,10460
OF2,256,WhiteNoise,02-05,6414500093,608113,30,4563883,14453
OF2,256,WhiteNoise,02-06,6136383573,525190,29,3959947,12973
OF2,256,WhiteNoise,02-07,7603332789,490500,31,4057800,11753
OF2,256,WhiteNoise,02-08,7443807953,1155674,30,8284638,20081
OF2,256,WhiteNoise,02-09,5900410252,761942,30,6823146,13860
OF2,256,WhiteNoise,02-10,7902065718,473142,30,4427624,9917
OF2,256,WhiteNoise,03-04,8593530595,926978,29,8255212,16390
OF2,256,WhiteNoise,03-06,7169229600,362458,30,3307348,9342
OF2,256,WhiteNoise,03-08,8611839916,1358976,29,9468045,22755
OF2,256,WhiteNoise,03-09,7626655129,335096,29,3267265,8160
OF2,256,WhiteNoise,04-08,6420950461,1033326,29,8588342,22006
OF2,256,WhiteNoise,05-01,7559539663,370128,31,3200398,10130
OF2,256,WhiteNoise,05-03,8196863452,935223,29,7206911,17597
OF2,256,WhiteNoise,05-04,6702393589,447473,28,4042719,10353
OF2,256,WhiteNoise,05-06,5955796762,1343549,29,9237864,21837
OF2,256,WhiteNoise,05-08,7178931808,2373965,28,17370182,30533
OF2,256,WhiteNoise,05-09,6620916663,375410,30,3425568,9653
OF2,256,WhiteNoise,05-10,7531595975,453242,28,4146876,10198
OF2,256,WhiteNoise,06-04,6173248035,423459,29,4276296,8935
OF2,256,WhiteNoise,06-08,6822487866,903693,29,7525686,18840
OF2,256,WhiteNoise,07-01,6025750293,714523,28,5341913,15622
OF2,256,WhiteNoise,07-03,7558067930,995562,28,7472993,18436
OF2,256,WhiteNoise,07-04,8971915551,841875,31,6348084,16534
OF2,256,WhiteNoise,07-05,8797481874,759885,27,5576419,17175
OF2,256,WhiteNoise,07-06,7503825878,997230,29,7148546,19168
OF2,256,WhiteNoise,07-08,7752307154,1388281,28,9749511,23158
OF2,256,WhiteNoise,07-09,6894517121,448103,28,3627887,11334
OF2,256,WhiteNoise,07-10,7224614673,970169,29,7023839,18690
OF2,256,WhiteNoise,09-04,7385625854,396370,29,3736982,9979
OF2,256,WhiteNoise,09-06,6030475093,1310924,28,9047705,22362
OF2,256,WhiteNoise,09-08,6894709715,894849,29,6826634,17456
OF2,256,WhiteNoise,10-01,6050722610,387109,30,3846926,8714
OF2,256,WhiteNoise,10-03,8700282143,904149,32,7113099,17800
OF2,256,WhiteNoise,10-04,7186477560,469371,30,4391585,10310
OF2,256,WhiteNoise,10-06,6512893415,1081436,30,7513204,20831
OF2,256,WhiteNoise,10-08,6512484471,1867087,29,13225728,27015
OF2,256,WhiteNoise,10-09,6755743230,462376,29,3929012,11314
OF3,32,CauchyDensity,01-02,509582395,88,0,4791,227
OF3,32,CauchyDensity,01-03,873134543,53,0,3451,114
OF3,32,CauchyDensity,01-04,533707125,212,0,6986,701
OF3,32,CauchyDensity,01-05,1428612311,31,0,2493,41
OF3,32,CauchyDensity,01-06,1606904908,115,0,6350,268
OF3,32,CauchyDensity,01-07,939354302,129,0,6761,303
OF3,32,CauchyDensity,01-08,829605141,186,0,6461,554
OF3,32,CauchyDensity,01-09,583820578,104,0,5368,282
OF3,32,CauchyDensity,01-10,1598134906,80,0,4676,163
OF3,32,CauchyDensity,02-04,362767942,65,0,5444,119
OF3,32,CauchyDensity,02-05,1253153406,32,0,2231,41
OF3,32,CauchyDensity,02-06,1294873279,63,0,4307,107
OF3,32,CauchyDensity,02-08,484190268,140,0,8324,319
OF3,32,CauchyDensity,02-09,633920857,114,0,7572,171
OF3,32,CauchyDensity,02-10,1295188237,55,0,3618,81
OF3,32,CauchyDensity,03-02,565636512,41,0,3145,45
OF3,32,CauchyDensity,03-04,406045590,68,0,5925,77
OF3,32,CauchyDensity,03-05,969186040,44,0,3249,50
OF3,32,CauchyDensity,03-06,758427407,160,0,8843,298
OF3,32,CauchyDensity,03-08,350992658,154,0,8459,392
OF3,32,CauchyDensity,03-09,728214071,105,0,8228,162
OF3,32,CauchyDensity,03-10,730611005,101,0,7018,163
OF3,32,CauchyDensity,04-05,1071565730,42,0,2651,50
OF3,32,CauchyDensity,04-08,303858580,102,0,7689,183
OF3,32,CauchyDensity,04-10,1135409119,48,0,3801,52
OF3,32,CauchyDensity,05-08,1050138000,50,0,4081,51
OF3,32,CauchyDensity,05-10,683517633,72,0,6395,81
OF3,32,CauchyDensity,06-04,1135008989,55,0,4433,65
OF3,32,CauchyDensity,06-05,763229671,97,0,7382,132
OF3,32,CauchyDensity,06-08,928543127,52,0,4548,53
OF3,32,CauchyDensity,06-09,1411017516,51,0,3869,58
OF3,32,CauchyDensity,06-10,153327876,144,0,11335,297
OF3,32,CauchyDensity,07-02,510767911,180,0,12289,430
OF3,32,CauchyDensity,07-03,430872527,95,0,8440,165
OF3,32,CauchyDensity,07-04,423439793,76,0,7703,100
OF3,32,CauchyDensity,07-05,1314329747,38,0,2448,38
OF3,32,CauchyDensity,07-06,836523450,62,0,4776,72
OF3,32,CauchyDensity,07-08,266086367,95,0,9354,98
OF3,32,CauchyDensity,07-09,613533328,86,0,9011,115
OF3,32,CauchyDensity,07-10,824927136,56,0,4691,49
OF3,32,CauchyDensity,09-04,477301409,88,0,6709,168
OF3,32,CauchyDensity,09-05,1266404765,38,0,3050,37
OF3,32,CauchyDensity,09-08,482474389,79,0,8326,74
OF3,32,CauchyDensity,09-10,1411417646,48,0,4040,51
OF3,32,CauchyDensity,10-08,928943257,52,0,4854,47
OF3,32,ClassicImages,01-02,258319795,165,0,11116,367
OF3,32,ClassicImages,01-03,310023556,117,0,9212,220
OF3,32,ClassicImages,01-04,208274376,123,0,10449,226
OF3,32,ClassicImages,01-05,245829059,118,0,10657,208
OF3,32,ClassicImages,01-06,370316108,117,0,9341,214
OF3,32,ClassicImages,01-07,280989545,108,0,11137,148
OF3,32,ClassicImages,01-08,222472679,140,0,12025,281
OF3,32,ClassicImages,01-09,403918210,105,0,8817,141
OF3,32,ClassicImages,01-10,348265937,182,0,12223,400
OF3,32,ClassicImages,02-04,105320729,112,0,11112,203
OF3,32,ClassicImages,02-05,111663666,129,0,11039,267
OF3,32,ClassicImages,02-06,126631797,126,0,11866,192
OF3,32,ClassicImages,02-08,145832232,103,0,9823,156
OF3,32,ClassicImages,02-09,310876861,104,0,8524,115
OF3,32,ClassicImages,02-10,200379612,118,0,11708,200
OF3,32,ClassicImages,03-02,190590447,125,0,10438,220
OF3,32,ClassicImages,03-04,160853976,100,0,9960,131
OF3,32,ClassicImages,03-05,166456271,121,0,10203,203
OF3,32,ClassicImages,03-06,233756294,94,0,8849,116
OF3,32,ClassicImages,03-08,203129131,88,0,9074,107
OF3,32,ClassicImages,03-09,348070300,98,0,7757,123
OF3,32,ClassicImages,03-10,303619147,121,0,10077,225
OF3,32,ClassicImages,04-05,128138199,104,0,9248,223
OF3,32,ClassicImages,04-08,131546471,142,0,12381,298
OF3,32,ClassicImages,04-10,257092567,152,0,10368,354
OF3,32,ClassicImages,05-08,165402782,143,0,10726,298
OF3,32,ClassicImages,05-10,255779012,146,0,11006,285
OF3,32,ClassicImages,06-04,199532592,136,0,11418,181
OF3,32,ClassicImages,06-05,162723901,120,0,10990,200
OF3,32,ClassicImages,06-08,204045907,141,0,8969,264
OF3,32,ClassicImages,06-09,345481766,86,0,7939,87
OF3,32,ClassicImages,06-10,206761251,113,0,10516,169
OF3,32,ClassicImages,07-02,124400988,128,0,10000,268
OF3,32,ClassicImages,07-03,224471383,105,0,10237,181
OF3,32,ClassicImages,07-04,176629457,130,0,10120,266
OF3,32,ClassicImages,07-05,124617964,115,0,11031,206
OF3,32,ClassicImages,07-06,155036647,127,0,12188,252
OF3,32,ClassicImages,07-08,174791352,149,0,11248,322
OF3,32,ClassicImages,07-09,267673597,103,0,9304,144
OF3,32,ClassicImages,07-10,228547682,168,0,11824,338
OF3,32,ClassicImages,09-04,323205576,87,0,7238,111
OF3,32,ClassicImages,09-05,263578247,91,0,7468,122
OF3,32,ClassicImages,09-08,391335555,99,0,7712,134
OF3,32,ClassicImages,09-10,468572763,95,0,7928,93
OF3,32,ClassicImages,10-08,227262394,166,0,12386,383
OF3,32,GRFmoderate,01-02,202507111,113,0,11130,150
OF3,32,GRFmoderate,01-03,344779095,107,0,9452,110
OF3,32,GRFmoderate,01-04,484736535,91,0,9313,91
OF3,32,GRFmoderate,01-05,255289188,98,0,9962,128
OF3,32,GRFmoderate,01-06,360414420,125,0,9976,186
OF3,32,GRFmoderate,01-07,189466411,117,0,10343,209
OF3,32,GRFmoderate,01-08,389558618,92,0,6882,112
OF3,32,GRFmoderate,01-09,163898502,118,0,10529,208
OF3,32,GRFmoderate,01-10,127029889,123,0,11577,172
OF3,32,GRFmoderate,02-04,417400558,83,0,7896,77
OF3,32,GRFmoderate,02-05,186965843,109,0,10143,165
OF3,32,GRFmoderate,02-06,294615731,114,0,9906,165
OF3,32,GRFmoderate,02-08,381376191,91,0,7878,103
OF3,32,GRFmoderate,02-09,188243511,134,0,10458,273
OF3,32,GRFmoderate,02-10,195968886,114,0,10457,177
OF3,32,GRFmoderate,03-02,332927088,94,0,7912,108
OF3,32,GRFmoderate,03-04,370408162,108,0,9304,184
OF3,32,GRFmoderate,03-05,261576189,108,0,9308,161
OF3,32,GRFmoderate,03-06,320864351,119,0,9065,217
OF3,32,GRFmoderate,03-08,181980679,97,0,9568,162
OF3,32,GRFmoderate,03-09,246151585,109,0,9712,212
OF3,32,GRFmoderate,03-10,280699096,101,0,9510,130
OF3,32,GRFmoderate,04-05,286780319,112,0,10611,176
OF3,32,GRFmoderate,04-08,450308601,97,0,9197,121
OF3,32,GRFmoderate,04-10,400016072,137,0,11597,232
OF3,32,GRFmoderate,05-08,331592808,97,0,8318,137
OF3,32,GRFmoderate,05-10,195233333,119,0,11173,205
OF3,32,GRFmoderate,06-04,267871593,144,0,11047,284
OF3,32,GRFmoderate,06-05,183495458,108,0,10588,188
OF3,32,GRFmoderate,06-08,389038338,102,0,8124,161
OF3,32,GRFmoderate,06-09,289694602,106,0,10746,148
OF3,32,GRFmoderate,06-10,288077573,123,0,11135,194
OF3,32,GRFmoderate,07-02,199075284,116,0,10854,187
OF3,32,GRFmoderate,07-03,300693852,143,0,10403,256
OF3,32,GRFmoderate,07-04,396722570,108,0,9949,149
OF3,32,GRFmoderate,07-05,176799677,93,0,10019,138
OF3,32,GRFmoderate,07-06,281348293,122,0,10304,228
OF3,32,GRFmoderate,07-08,338550751,96,0,8588,113
OF3,32,GRFmoderate,07-09,110053133,132,0,11742,269
OF3,32,GRFmoderate,07-10,150533640,103,0,11139,148
OF3,32,GRFmoderate,09-04,397859161,104,0,9729,144
OF3,32,GRFmoderate,09-05,186179942,95,0,9788,126
OF3,32,GRFmoderate,09-08,272248604,91,0,8080,121
OF3,32,GRFmoderate,09-10,146184241,144,0,11394,302
OF3,32,GRFmoderate,10-08,339353105,106,0,10026,135
OF3,32,GRFrough,01-02,110209359,138,0,12374,240
OF3,32,GRFrough,01-03,85260847,127,0,12037,231
OF3,32,GRFrough,01-04,132602737,131,0,10700,242
OF3,32,GRFrough,01-05,80260476,140,0,13460,250
OF3,32,GRFrough,01-06,106360167,132,0,12061,245
OF3,32,GRFrough,01-07,78093628,123,0,9841,299
OF3,32,GRFrough,01-08,80632669,113,0,10425,243
OF3,32,GRFrough,01-09,68721222,127,0,10674,246
OF3,32,GRFrough,01-10,86517806,111,0,11803,207
OF3,32,GRFrough,02-04,118876248,137,0,12133,216
OF3,32,GRFrough,02-05,71246013,119,0,12681,228
OF3,32,GRFrough,02-06,124025104,137,0,12446,222
OF3,32,GRFrough,02-08,113247400,116,0,11372,249
OF3,32,GRFrough,02-09,85975395,124,0,12675,231
OF3,32,GRFrough,02-10,77457379,121,0,11420,246
OF3,32,GRFrough,03-02,134008132,108,0,10192,165
OF3,32,GRFrough,03-04,119215482,129,0,11081,209
OF3,32,GRFrough,03-05,121397383,103,0,9430,155
OF3,32,GRFrough,03-06,86152702,135,0,11692,269
OF3,32,GRFrough,03-08,103998630,104,0,10279,156
OF3,32,GRFrough,03-09,105184065,121,0,10397,205
OF3,32,GRFrough,03-10,105385829,123,0,11480,204
OF3,32,GRFrough,04-05,141549731,133,0,10279,226
OF3,32,GRFrough,04-08,153777188,147,0,10628,268
OF3,32,GRFrough,04-10,126286625,131,0,11513,226
OF3,32,GRFrough,05-08,79047955,120,0,13487,216
OF3,32,GRFrough,05-10,61797082,108,0,10939,203
OF3,32,GRFrough,06-04,105417862,166,0,13412,368
OF3,32,GRFrough,06-05,114263469,109,0,9732,182
OF3,32,GRFrough,06-08,121119844,119,0,11962,189
OF3,32,GRFrough,06-09,106646015,147,0,11447,270
OF3,32,GRFrough,06-10,95565719,137,0,11702,263
OF3,32,GRFrough,07-02,130524503,118,0,11288,214
OF3,32,GRFrough,07-03,86157013,120,0,12249,189
OF3,32,GRFrough,07-04,151526227,135,0,11105,213
OF3,32,GRFrough,07-05,102546336,132,0,11598,238
OF3,32,GRFrough,07-06,109255333,130,0,9406,290
OF3,32,GRFrough,07-08,71595903,121,0,12686,180
OF3,32,GRFrough,07-09,84957080,133,0,11985,202
OF3,32,GRFrough,07-10,111755368,134,0,12913,287
OF3,32,GRFrough,09-04,141091129,121,0,9556,160
OF3,32,GRFrough,09-05,64996708,119,0,10895,284
OF3,32,GRFrough,09-08,75451341,122,0,11624,273
OF3,32,GRFrough,09-10,78393096,104,0,10563,184
OF3,32,GRFrough,10-08,98594103,119,0,12188,232
OF3,32,GRFsmooth,01-02,513546339,99,0,7836,143
OF3,32,GRFsmooth,01-03,926937802,56,0,5093,54
OF3,32,GRFsmooth,01-04,475984987,94,0,7795,128
OF3,32,GRFsmooth,01-05,371317160,159,0,10482,309
OF3,32,GRFsmooth,01-06,316592345,101,0,8379,158
OF3,32,GRFsmooth,01-07,163712709,219,0,12284,531
OF3,32,GRFsmooth,01-08,434341293,75,0,6000,113
OF3,32,GRFsmooth,01-09,437902607,120,0,9732,205
OF3,32,GRFsmooth,01-10,514320287,107,0,7852,195
OF3,32,GRFsmooth,02-04,915411394,68,0,5540,90
OF3,32,GRFsmooth,02-05,653748297,73,0,6238,82
OF3,32,GRFsmooth,02-06,365900848,80,0,7046,109
OF3,32,GRFsmooth,02-08,277394070,124,0,10800,223
OF3,32,GRFsmooth,02-09,608040090,90,0,7610,136
OF3,32,GRFsmooth,02-10,448761802,105,0,9831,153
OF3,32,GRFsmooth,03-02,708413217,112,0,8897,173
OF3,32,GRFsmooth,03-04,998199831,41,0,3261,42
OF3,32,GRFsmooth,03-05,951660294,64,0,4981,70
OF3,32,GRFsmooth,03-06,743003639,71,0,5835,75
OF3,32,GRFsmooth,03-08,533528727,92,0,7820,146
OF3,32,GRFsmooth,03-09,622640049,77,0,7350,101
OF3,32,GRFsmooth,03-10,565858843,94,0,7604,152
OF3,32,GRFsmooth,04-05,345289703,123,0,8701,232
OF3,32,GRFsmooth,04-08,733142930,55,0,4196,68
OF3,32,GRFsmooth,04-10,511346908,65,0,5612,78
OF3,32,GRFsmooth,05-08,587229823,69,0,6727,67
OF3,32,GRFsmooth,05-10,517189823,96,0,7883,134
OF3,32,GRFsmooth,06-04,598319956,79,0,6964,92
OF3,32,GRFsmooth,06-05,400060215,82,0,7268,104
OF3,32,GRFsmooth,06-08,256418092,101,0,9105,139
OF3,32,GRFsmooth,06-09,436773264,90,0,8667,123
OF3,32,GRFsmooth,06-10,369692906,117,0,9802,176
OF3,32,GRFsmooth,07-02,459206126,96,0,8451,119
OF3,32,GRFsmooth,07-03,977279031,75,0,5555,100
OF3,32,GRFsmooth,07-04,585305900,72,0,6358,78
OF3,32,GRFsmooth,07-05,384309607,99,0,9080,119
OF3,32,GRFsmooth,07-06,281396618,138,0,10122,291
OF3,32,GRFsmooth,07-08,473022334,79,0,7109,84
OF3,32,GRFsmooth,07-09,459380552,111,0,9197,195
OF3,32,GRFsmooth,07-10,452319464,106,0,9100,153
OF3,32,GRFsmooth,09-04,462350614,99,0,7592,157
OF3,32,GRFsmooth,09-05,479479079,106,0,8135,178
OF3,32,GRFsmooth,09-08,375333574,109,0,8311,167
OF3,32,GRFsmooth,09-10,305433992,103,0,8827,154
OF3,32,GRFsmooth,10-08,253442710,149,0,11554,280
OF3,32,LogGRF,01-02,512558289,107,0,8410,187
OF3,32,LogGRF,01-03,964453131,110,0,7626,170
OF3,32,LogGRF,01-04,764462503,156,0,9306,335
OF3,32,LogGRF,01-05,1402242233,59,0,4671,78
OF3,32,LogGRF,01-06,561691716,124,0,11314,227
OF3,32,LogGRF,01-07,342264683,167,0,10496,394
OF3,32,LogGRF,01-08,669311055,102,0,8052,189
OF3,32,LogGRF,01-09,1506886753,100,0,6842,171
OF3,32,LogGRF,01-10,1059376060,68,0,5599,97
OF3,32,LogGRF,02-04,727391052,122,0,7750,226
OF3,32,LogGRF,02-05,1015218136,75,0,5296,115
OF3,32,LogGRF,02-06,491964437,102,0,8971,145
OF3,32,LogGRF,02-08,347642538,144,0,10481,308
OF3,32,LogGRF,02-09,1076182312,74,0,6769,91
OF3,32,LogGRF,02-10,692753497,71,0,6120,80
OF3,32,LogGRF,03-02,750803570,90,0,7383,140
OF3,32,LogGRF,03-04,940658592,243,0,15354,514
OF3,32,LogGRF,03-05,928623988,109,0,7811,201
OF3,32,LogGRF,03-06,822468585,88,0,6995,143
OF3,32,LogGRF,03-08,807667248,137,0,10416,245
OF3,32,LogGRF,03-09,994746864,135,0,9248,259
OF3,32,LogGRF,03-10,698504047,148,0,9905,326
OF3,32,LogGRF,04-05,997116628,75,0,5863,103
OF3,32,LogGRF,04-08,624144708,155,0,9483,375
OF3,32,LogGRF,04-10,632018989,127,0,10343,231
OF3,32,LogGRF,05-08,830374424,71,0,5684,89
OF3,32,LogGRF,05-10,594286173,84,0,6967,117
OF3,32,LogGRF,06-04,1035001803,165,0,9190,325
OF3,32,LogGRF,06-05,1388995035,50,0,3220,52
OF3,32,LogGRF,06-08,764683473,91,0,8251,113
OF3,32,LogGRF,06-09,1035435291,52,0,4447,56
OF3,32,LogGRF,06-10,993220856,56,0,4581,58
OF3,32,LogGRF,07-02,580399518,134,0,10192,235
OF3,32,LogGRF,07-03,944861314,72,0,6394,84
OF3,32,LogGRF,07-04,754698774,163,0,9458,356
OF3,32,LogGRF,07-05,1338325098,44,0,3642,47
OF3,32,LogGRF,07-06,745787813,108,0,8977,176
OF3,32,LogGRF,07-08,652029818,98,0,8318,158
OF3,32,LogGRF,07-09,1476650824,132,0,9881,215
OF3,32,LogGRF,07-10,1022921179,65,0,5769,77
OF3,32,LogGRF,09-04,1207371242,135,0,11327,233
OF3,32,LogGRF,09-05,1316124032,95,0,7180,139
OF3,32,LogGRF,09-08,943417238,123,0,9493,206
OF3,32,LogGRF,09-10,907590773,114,0,9482,171
OF3,32,LogGRF,10-08,569077283,100,0,7659,157
OF3,32,LogitGRF,01-02,372783347,202,0,13274,411
OF3,32,LogitGRF,01-03,396487083,149,0,10700,272
OF3,32,LogitGRF,01-04,288735382,198,0,12745,436
OF3,32,LogitGRF,01-05,269508871,134,0,11343,250
OF3,32,LogitGRF,01-06,277578632,122,0,11374,197
OF3,32,LogitGRF,01-07,395280515,97,0,9026,126
OF3,32,LogitGRF,01-08,228290022,128,0,11508,231
OF3,32,LogitGRF,01-09,615558744,112,0,9780,156
OF3,32,LogitGRF,01-10,400725650,100,0,9602,139
OF3,32,LogitGRF,02-04,277349729,120,0,10415,219
OF3,32,LogitGRF,02-05,362289994,184,0,12192,377
OF3,32,LogitGRF,02-06,405207393,117,0,10500,157
OF3,32,LogitGRF,02-08,407109231,174,0,13028,359
OF3,32,LogitGRF,02-09,446559439,173,0,10867,340
OF3,32,LogitGRF,02-10,325419265,157,0,10970,355
OF3,32,LogitGRF,03-02,423039084,104,0,9000,170
OF3,32,LogitGRF,03-04,468619663,106,0,8467,154
OF3,32,LogitGRF,03-05,318701242,88,0,8745,120
OF3,32,LogitGRF,03-06,336543797,131,0,11551,261
OF3,32,LogitGRF,03-08,494878629,108,0,8354,176
OF3,32,LogitGRF,03-09,336792089,160,0,12436,377
OF3,32,LogitGRF,03-10,319412815,121,0,10739,230
OF3,32,LogitGRF,04-05,396775695,144,0,8936,345
OF3,32,LogitGRF,04-08,321850662,137,0,11528,265
OF3,32,LogitGRF,04-10,395283022,101,0,8725,158
OF3,32,LogitGRF,05-08,354451775,115,0,11149,169
OF3,32,LogitGRF,05-10,403021801,98,0,9713,153
OF3,32,LogitGRF,06-04,369378510,104,0,9253,165
OF3,32,LogitGRF,06-05,299752705,119,0,10559,211
OF3,32,LogitGRF,06-08,309819964,110,0,10332,134
OF3,32,LogitGRF,06-09,508254974,163,0,12418,316
OF3,32,LogitGRF,06-10,306214778,141,0,12308,299
OF3,32,LogitGRF,07-02,646116724,82,0,7662,83
OF3,32,LogitGRF,07-03,338360942,140,0,10362,257
OF3,32,LogitGRF,07-04,537554275,99,0,8506,121
OF3,32,LogitGRF,07-05,446044790,102,0,8579,116
OF3,32,LogitGRF,07-06,338591239,113,0,10640,166
OF3,32,LogitGRF,07-08,485997525,80,0,6674,117
OF3,32,LogitGRF,07-09,540813063,146,0,11833,265
OF3,32,LogitGRF,07-10,498953315,104,0,8511,134
OF3,32,LogitGRF,09-04,618271414,99,0,8270,137
OF3,32,LogitGRF,09-05,495562817,105,0,9222,140
OF3,32,LogitGRF,09-08,730136708,102,0,8335,128
OF3,32,LogitGRF,09-10,324568360,155,0,10880,399
OF3,32,LogitGRF,10-08,494116354,108,0,9004,162
OF3,32,MicroscopyImages,01-02,355430655,66,0,6138,220
OF3,32,MicroscopyImages,01-03,1098185916,38,0,3123,103
OF3,32,MicroscopyImages,01-04,785440951,52,0,4370,112
OF3,32,MicroscopyImages,01-05,837699238,54,0,4610,152
OF3,32,MicroscopyImages,01-06,914911296,68,0,5581,173
OF3,32,MicroscopyImages,01-07,783348776,90,0,7314,320
OF3,32,MicroscopyImages,01-08,825498924,83,0,8054,202
OF3,32,MicroscopyImages,01-09,687519147,68,0,5682,297
OF3,32,MicroscopyImages,01-10,575304142,74,0,6069,241
OF3,32,MicroscopyImages,02-04,943358062,53,0,4133,91
OF3,32,MicroscopyImages,02-05,768762321,107,0,6325,293
OF3,32,MicroscopyImages,02-06,891911225,85,0,6911,141
OF3,32,MicroscopyImages,02-08,876811273,101,0,7794,187
OF3,32,MicroscopyImages,02-09,499515574,64,0,6100,161
OF3,32,MicroscopyImages,02-10,434688459,85,0,6894,177
OF3,32,MicroscopyImages,03-02,1261114693,35,0,3026,81
OF3,32,MicroscopyImages,03-04,362533441,63,0,6245,197
OF3,32,MicroscopyImages,03-05,723827876,46,0,4251,99
OF3,32,MicroscopyImages,03-06,531412210,50,0,5087,98
OF3,32,MicroscopyImages,03-08,632699786,89,0,5926,296
OF3,32,MicroscopyImages,03-09,834947885,44,0,4170,117
OF3,32,MicroscopyImages,03-10,894117012,50,0,4959,96
OF3,32,MicroscopyImages,04-05,558585877,85,0,7096,202
OF3,32,MicroscopyImages,04-08,570145675,94,0,7145,152
OF3,32,MicroscopyImages,04-10,580547043,86,0,8177,119
OF3,32,MicroscopyImages,05-08,544690610,102,0,9123,221
OF3,32,MicroscopyImages,05-10,448346600,154,0,9936,455
OF3,32,MicroscopyImages,06-04,498035351,89,0,7015,143
OF3,32,MicroscopyImages,06-05,221160878,88,0,8633,186
OF3,32,MicroscopyImages,06-08,557386234,124,0,9329,267
OF3,32,MicroscopyImages,06-09,562548529,88,0,7810,217
OF3,32,MicroscopyImages,06-10,529469128,172,0,11014,331
OF3,32,MicroscopyImages,07-02,809432895,70,0,7029,138
OF3,32,MicroscopyImages,07-03,691694576,37,0,3718,93
OF3,32,MicroscopyImages,07-04,594208839,63,0,6022,119
OF3,32,MicroscopyImages,07-05,555259126,99,0,8102,257
OF3,32,MicroscopyImages,07-06,565479074,125,0,7956,347
OF3,32,MicroscopyImages,07-08,184634704,79,0,8129,207
OF3,32,MicroscopyImages,07-09,808362609,100,0,8386,302
OF3,32,MicroscopyImages,07-10,702819966,114,0,9227,285
OF3,32,MicroscopyImages,09-04,631734096,92,0,7453,274
OF3,32,MicroscopyImages,09-05,526083287,83,0,7426,243
OF3,32,MicroscopyImages,09-08,812757431,84,0,7795,179
OF3,32,MicroscopyImages,09-10,249234745,110,0,9390,387
OF3,32,MicroscopyImages,10-08,700069576,114,0,10439,220
OF3,32,Shapes,01-02,614400000,44,0,5015,107
OF3,32,Shapes,01-03,90800000,31,0,3611,163
OF3,32,Shapes,01-04,454487706,63,0,6254,135
OF3,32,Shapes,01-05,303709206,49,0,6856,101
OF3,32,Shapes,01-06,819200000,46,0,5762,78
OF3,32,Shapes,01-07,546096229,72,0,7399,139
OF3,32,Shapes,01-08,462841428,38,0,5637,108
OF3,32,Shapes,01-09,275200000,59,0,6471,204
OF3,32,Shapes,01-10,200594534,48,0,6654,128
OF3,32,Shapes,02-04,160754214,29,0,3867,105
OF3,32,Shapes,02-05,681115360,23,0,2577,92
OF3,32,Shapes,02-06,637152000,45,0,5277,258
OF3,32,Shapes,02-08,260095972,16,0,2513,76
OF3,32,Shapes,02-09,622976000,55,0,4358,310
OF3,32,Shapes,02-10,705097604,23,0,2768,88
OF3,32,Shapes,03-02,614400000,26,0,2842,109
OF3,32,Shapes,03-04,456065658,31,0,3990,117
OF3,32,Shapes,03-05,309842460,28,0,4599,151
OF3,32,Shapes,03-06,819200000,32,0,4428,109
OF3,32,Shapes,03-08,463650610,23,0,3313,112
OF3,32,Shapes,03-09,276800000,31,0,4277,178
OF3,32,Shapes,03-10,216388720,28,0,4439,117
OF3,32,Shapes,04-05,521202856,25,0,3300,79
OF3,32,Shapes,04-08,174133320,22,0,3322,101
OF3,32,Shapes,04-10,546928630,33,0,4528,111
OF3,32,Shapes,05-08,469253364,20,0,2827,90
OF3,32,Shapes,05-10,358932040,36,0,4616,176
OF3,32,Shapes,06-04,604690726,43,0,5440,156
OF3,32,Shapes,06-05,852558054,32,0,4518,126
OF3,32,Shapes,06-08,657002236,28,0,3838,149
OF3,32,Shapes,06-09,819200000,81,0,6121,360
OF3,32,Shapes,06-10,864549098,39,0,4603,160
OF3,32,Shapes,07-02,610447547,33,0,4275,110
OF3,32,Shapes,07-03,550931599,43,0,4892,183
OF3,32,Shapes,07-04,509492733,46,0,5901,108
OF3,32,Shapes,07-05,633499377,39,0,4928,137
OF3,32,Shapes,07-06,1101449147,64,0,7052,226
OF3,32,Shapes,07-08,544983227,35,0,4096,155
OF3,32,Shapes,07-09,603640577,54,0,5809,222
OF3,32,Shapes,07-10,618112997,61,0,6525,259
OF3,32,Shapes,09-04,468832788,78,0,6390,380
OF3,32,Shapes,09-05,387442362,41,0,5777,213
OF3,32,Shapes,09-08,499117342,35,0,4161,186
OF3,32,Shapes,09-10,326834330,33,0,4583,157
OF3,32,Shapes,10-08,597770856,21,0,3157,79
OF3,32,WhiteNoise,01-02,67764626,125,0,12385,273
OF3,32,WhiteNoise,01-03,71228825,104,0,11372,195
OF3,32,WhiteNoise,01-04,84784227,121,0,10258,223
OF3,32,WhiteNoise,01-05,74836218,128,0,11615,258
OF3,32,WhiteNoise,01-06,62355613,110,0,10484,247
OF3,32,WhiteNoise,01-07,70691619,121,0,12823,232
OF3,32,WhiteNoise,01-08,66420509,102,0,11562,232
OF3,32,WhiteNoise,01-09,79693134,100,0,9261,220
OF3,32,WhiteNoise,01-10,71410972,100,0,8362,258
OF3,32,WhiteNoise,02-04,84782833,129,0,11869,262
OF3,32,WhiteNoise,02-05,72756198,103,0,10193,230
OF3,32,WhiteNoise,02-06,69817713,117,0,12113,251
OF3,32,WhiteNoise,02-08,64096403,120,0,12244,270
OF3,32,WhiteNoise,02-09,72032034,119,0,10790,269
OF3,32,WhiteNoise,02-10,74161426,131,0,11754,273
OF3,32,WhiteNoise,03-02,70167457,105,0,11394,210
OF3,32,WhiteNoise,03-04,87232786,143,0,12148,281
OF3,32,WhiteNoise,03-05,74887573,112,0,11430,233
OF3,32,WhiteNoise,03-06,63842690,118,0,11716,230
OF3,32,WhiteNoise,03-08,78206990,121,0,11405,289
OF3,32,WhiteNoise,03-09,74489161,96,0,9465,207
OF3,32,WhiteNoise,03-10,66287553,115,0,12280,251
OF3,32,WhiteNoise,04-05,72129431,127,0,12385,255
OF3,32,WhiteNoise,04-08,87379878,128,0,11910,224
OF3,32,WhiteNoise,04-10,98770723,131,0,10993,259
OF3,32,WhiteNoise,05-08,76000349,122,0,12138,237
OF3,32,WhiteNoise,05-10,81708990,146,0,11093,337
OF3,32,WhiteNoise,06-04,75522308,100,0,8651,214
OF3,32,WhiteNoise,06-05,68174385,164,0,13663,369
OF3,32,WhiteNoise,06-08,69850006,109,0,12056,216
OF3,32,WhiteNoise,06-09,79082725,138,0,11702,329
OF3,32,WhiteNoise,06-10,66476137,119,0,10938,263
OF3,32,WhiteNoise,07-02,71482763,103,0,12131,172
OF3,32,WhiteNoise,07-03,72588046,114,0,12417,229
OF3,32,WhiteNoise,07-04,103575510,140,0,11398,289
OF3,32,WhiteNoise,07-05,75488579,111,0,10983,187
OF3,32,WhiteNoise,07-06,74014898,132,0,13391,303
OF3,32,WhiteNoise,07-08,70193346,116,0,11498,256
OF3,32,WhiteNoise,07-09,84048363,125,0,11846,267
OF3,32,WhiteNoise,07-10,74328565,106,0,12211,193
OF3,32,WhiteNoise,09-04,73720777,121,0,11422,269
OF3,32,WhiteNoise,09-05,70748332,103,0,10730,215
OF3,32,WhiteNoise,09-08,80502929,126,0,11057,308
OF3,32,WhiteNoise,09-10,83255656,114,0,9763,238
OF3,32,WhiteNoise,10-08,77883963,114,0,11228,255
OF3,64,CauchyDensity,01-02,9180212805,1402,1,47252,686
OF3,64,CauchyDensity,01-03,2978021838,1445,1,68690,568
OF3,64,CauchyDensity,01-04,5244903360,2729,1,74933,1651
OF3,64,CauchyDensity,01-05,6267903722,1200,1,43810,521
OF3,64,CauchyDensity,01-06,8640756736,978,1,36374,322
OF3,64,CauchyDensity,01-07,4560601099,1441,1,70564,652
OF3,64,CauchyDensity,01-08,7749756608,1672,1,50633,930
OF3,64,CauchyDensity,01-09,6373859371,2221,1,62070,1211
OF3,64,CauchyDensity,01-10,5683947610,1625,1,66734,677
OF3,64,CauchyDensity,02-03,8213374227,1095,1,38377,385
OF3,64,CauchyDensity,02-04,7712808349,1112,1,40146,393
OF3,64,CauchyDensity,02-05,3968841989,2470,1,48340,1776
OF3,64,CauchyDensity,02-07,7240226578,927,1,36176,283
OF3,64,CauchyDensity,02-10,8086721039,685,1,29214,175
OF3,64,CauchyDensity,03-07,2254023431,1555,1,63496,683
OF3,64,CauchyDensity,03-10,3050901438,1749,1,69751,606
OF3,64,CauchyDensity,04-03,3822871490,1691,1,48377,852
OF3,64,CauchyDensity,04-07,3557888645,1387,1,45758,587
OF3,64,CauchyDensity,04-10,3899715232,1211,1,43389,384
OF3,64,CauchyDensity,05-03,5656689318,737,1,34763,154
OF3,64,CauchyDensity,05-04,5012064572,1371,1,58664,414
OF3,64,CauchyDensity,05-07,5008872209,727,1,36013,130
OF3,64,CauchyDensity,05-10,6309067556,804,1,35168,188
OF3,64,CauchyDensity,06-02,6277165557,658,1,30664,171
OF3,64,CauchyDensity,06-03,6929047716,642,1,27125,151
OF3,64,CauchyDensity,06-04,4228125018,731,1,36699,134
OF3,64,CauchyDensity,06-05,4719844430,937,1,38906,238
OF3,64,CauchyDensity,06-07,4993040453,702,1,31417,129
OF3,64,CauchyDensity,06-08,4905074922,779,1,42655,141
OF3,64,CauchyDensity,06-10,5926376798,725,1,31804,137
OF3,64,CauchyDensity,07-10,1522110923,1564,1,64612,666
OF3,64,CauchyDensity,08-02,3555405581,895,1,40944,295
OF3,64,CauchyDensity,08-03,7586575220,1367,1,39117,772
OF3,64,CauchyDensity,08-04,6026807778,872,1,43905,169
OF3,64,CauchyDensity,08-05,2895053492,1168,1,52569,417
OF3,64,CauchyDensity,08-07,6956867545,592,1,29357,104
OF3,64,CauchyDensity,08-10,8249592644,592,1,27937,107
OF3,64,CauchyDensity,09-02,5929815142,678,1,34517,157
OF3,64,CauchyDensity,09-03,4684521737,1107,1,50429,285
OF3,64,CauchyDensity,09-04,7247384839,667,1,30935,154
OF3,64,CauchyDensity,09-05,4655713009,929,1,48809,210
OF3,64,CauchyDensity,09-06,9312581623,520,1,22541,93
OF3,64,CauchyDensity,09-07,4632473874,758,1,40010,138
OF3,64,CauchyDensity,09-08,6246565287,623,1,27439,108
OF3,64,CauchyDensity,09-10,3916119791,779,1,43598,135
OF3,64,ClassicImages,01-02,2069488237,1887,1,66681,857
OF3,64,ClassicImages,01-03,2483465849,1599,1,56651,699
OF3,64,ClassicImages,01-04,1668780480,1831,1,69088,629
OF3,64,ClassicImages,01-05,1970458101,1670,1,59515,749
OF3,64,ClassicImages,01-06,2965569322,1102,1,52324,330
OF3,64,ClassicImages,01-07,2251109528,1199,1,63633,303
OF3,64,ClassicImages,01-08,1782650502,1624,1,67724,672
OF3,64,ClassicImages,01-09,3233198041,1089,1,53594,252
OF3,64,ClassicImages,01-10,2793357881,2357,1,72001,923
OF3,64,ClassicImages,02-03,1525876716,1341,1,62845,477
OF3,64,ClassicImages,02-04,844038513,1736,1,69547,799
OF3,64,ClassicImages,02-05,895232904,1739,1,68374,880
OF3,64,ClassicImages,02-07,999782463,1828,2,64820,928
OF3,64,ClassicImages,02-10,1607139804,1409,1,64883,516
OF3,64,ClassicImages,03-07,1797966195,1294,1,63551,361
OF3,64,ClassicImages,03-10,2433724870,1267,1,57232,376
OF3,64,ClassicImages,04-03,1286687881,1065,1,59657,342
OF3,64,ClassicImages,04-07,1415033784,1750,1,68513,686
OF3,64,ClassicImages,04-10,2061928001,2130,1,66348,1127
OF3,64,ClassicImages,05-03,1335463698,1331,1,64286,470
OF3,64,ClassicImages,05-04,1027760483,2510,1,68130,1269
OF3,64,ClassicImages,05-07,1001153907,1463,1,69097,590
OF3,64,ClassicImages,05-10,2049653328,2380,1,65883,1263
OF3,64,ClassicImages,06-02,1014878625,1438,1,68143,449
OF3,64,ClassicImages,06-03,1871331185,1119,1,51942,379
OF3,64,ClassicImages,06-04,1597308358,1430,1,65947,490
OF3,64,ClassicImages,06-05,1302524327,1405,1,66755,509
OF3,64,ClassicImages,06-07,1242566472,1816,1,70897,846
OF3,64,ClassicImages,06-08,1633473362,1818,1,57631,757
OF3,64,ClassicImages,06-10,1658754219,2098,1,65552,937
OF3,64,ClassicImages,07-10,1830977043,2963,1,67048,1981
OF3,64,ClassicImages,08-02,1169660289,1452,1,63463,451
OF3,64,ClassicImages,08-03,1626240011,1117,2,54663,399
OF3,64,ClassicImages,08-04,1056395410,1346,1,69620,472
OF3,64,ClassicImages,08-05,1327555773,1999,1,63745,1094
OF3,64,ClassicImages,08-07,1401033200,1941,1,66716,937
OF3,64,ClassicImages,08-10,1823866863,2315,1,67280,1210
OF3,64,ClassicImages,09-02,2486488892,1087,1,52671,243
OF3,64,ClassicImages,09-03,2783913814,1044,1,50002,276
OF3,64,ClassicImages,09-04,2585927611,1100,1,49385,242
OF3,64,ClassicImages,09-05,2109278208,1192,1,53097,338
OF3,64,ClassicImages,09-06,2762950415,850,1,46086,146
OF3,64,ClassicImages,09-07,2144263271,1142,1,55964,311
OF3,64,ClassicImages,09-08,3131095789,956,1,47580,189
OF3,64,ClassicImages,09-10,3749504838,952,1,44503,229
OF3,64,GRFmoderate,01-02,1803866917,1251,1,60899,386
OF3,64,GRFmoderate,01-03,1598181652,1194,1,62404,351
OF3,64,GRFmoderate,01-04,1512318274,1735,1,69994,649
OF3,64,GRFmoderate,01-05,1883104522,1010,1,56281,205
OF3,64,GRFmoderate,01-06,2286832519,1260,1,45545,505
OF3,64,GRFmoderate,01-07,1848446996,1301,1,58480,428
OF3,64,GRFmoderate,01-08,2416352798,1481,1,57873,485
OF3,64,GRFmoderate,01-09,1847298469,1651,1,63010,623
OF3,64,GRFmoderate,01-10,2462941359,948,1,51408,209
OF3,64,GRFmoderate,02-03,1795248671,1281,1,60148,384
OF3,64,GRFmoderate,02-04,2515495519,1382,1,60278,422
OF3,64,GRFmoderate,02-05,2756184143,1189,1,55024,352
OF3,64,GRFmoderate,02-07,2563164355,1140,1,53665,315
OF3,64,GRFmoderate,02-10,3288239754,952,1,52006,207
OF3,64,GRFmoderate,03-07,1779981174,1384,1,58299,489
OF3,64,GRFmoderate,03-10,2494029241,1194,1,58485,328
OF3,64,GRFmoderate,04-03,2603923664,1197,1,54333,336
OF3,64,GRFmoderate,04-07,2196016272,1329,1,55772,415
OF3,64,GRFmoderate,04-10,1339869765,1322,1,65267,396
OF3,64,GRFmoderate,05-03,1628002064,1567,1,62229,650
OF3,64,GRFmoderate,05-04,3002469170,927,1,45485,213
OF3,64,GRFmoderate,05-07,1237522500,3077,1,71525,1830
OF3,64,GRFmoderate,05-10,2735121265,1195,1,54403,333
OF3,64,GRFmoderate,06-02,3089824254,1126,1,49708,306
OF3,64,GRFmoderate,06-03,2029065417,1300,1,58381,403
OF3,64,GRFmoderate,06-04,3434361073,920,1,46487,172
OF3,64,GRFmoderate,06-05,1135459491,1409,1,61275,678
OF3,64,GRFmoderate,06-07,1839157111,2594,1,65473,1357
OF3,64,GRFmoderate,06-08,1578609793,1575,1,68460,556
OF3,64,GRFmoderate,06-10,3299964920,834,1,43885,142
OF3,64,GRFmoderate,07-10,2020792961,2211,1,61660,1292
OF3,64,GRFmoderate,08-02,2082777551,1709,1,64618,694
OF3,64,GRFmoderate,08-03,1752903452,1040,1,55284,245
OF3,64,GRFmoderate,08-04,3622514630,987,1,45194,268
OF3,64,GRFmoderate,08-05,1604452308,1241,1,59310,407
OF3,64,GRFmoderate,08-07,1722907602,1507,1,63247,503
OF3,64,GRFmoderate,08-10,3463491179,1091,1,49150,258
OF3,64,GRFmoderate,09-02,2777747022,1152,1,56839,309
OF3,64,GRFmoderate,09-03,1888910525,1719,1,69984,619
OF3,64,GRFmoderate,09-04,1686375507,1552,1,61128,548
OF3,64,GRFmoderate,09-05,1615710531,2985,1,66738,1195
OF3,64,GRFmoderate,09-06,2165298350,1084,1,53306,219
OF3,64,GRFmoderate,09-07,1018327403,1276,1,67805,415
OF3,64,GRFmoderate,09-08,2332510953,1034,1,53306,229
OF3,64,GRFmoderate,09-10,1547656804,1350,1,62985,449
OF3,64,GRFrough,01-02,574552675,2262,1,83199,878
OF3,64,GRFrough,01-03,811700944,1211,1,66156,339
OF3,64,GRFrough,01-04,721216452,2604,1,79749,1115
OF3,64,GRFrough,01-05,472591652,1257,1,67528,463
OF3,64,GRFrough,01-06,598859085,1594,1,67681,662
OF3,64,GRFrough,01-07,811793609,2230,1,67687,1099
OF3,64,GRFrough,01-08,539063957,1891,1,70939,876
OF3,64,GRFrough,01-09,518260200,1793,1,68023,849
OF3,64,GRFrough,01-10,640567356,1736,1,69733,792
OF3,64,GRFrough,02-03,669116941,1741,1,71179,584
OF3,64,GRFrough,02-04,782610381,2445,1,71157,1084
OF3,64,GRFrough,02-05,692880455,1318,1,68130,439
OF3,64,GRFrough,02-07,651821328,1994,1,72012,804
OF3,64,GRFrough,02-10,804499549,2162,1,75499,1059
OF3,64,GRFrough,03-07,510171357,1724,1,79634,723
OF3,64,GRFrough,03-10,873448650,1181,1,60629,305
OF3,64,GRFrough,04-03,655848902,1769,1,73977,754
OF3,64,GRFrough,04-07,572101137,1702,1,79677,623
OF3,64,GRFrough,04-10,793694758,2017,1,70468,808
OF3,64,GRFrough,05-03,914542584,1403,1,65938,430
OF3,64,GRFrough,05-04,695429078,1647,1,66722,529
OF3,64,GRFrough,05-07,873921007,1357,1,64476,435
OF3,64,GRFrough,05-10,534686858,1190,1,64692,388
OF3,64,GRFrough,06-02,762688306,1283,1,62493,366
OF3,64,GRFrough,06-03,935698787,1177,1,65778,275
OF3,64,GRFrough,06-04,747487079,2339,1,76961,844
OF3,64,GRFrough,06-05,409276041,2620,1,71081,1385
OF3,64,GRFrough,06-07,973070766,1346,1,61968,466
OF3,64,GRFrough,06-08,676623980,1285,1,57844,458
OF3,64,GRFrough,06-10,487773501,1811,1,68704,950
OF3,64,GRFrough,07-10,931893057,1355,1,53904,483
OF3,64,GRFrough,08-02,711309560,1376,1,66560,528
OF3,64,GRFrough,08-03,829694565,1834,1,69225,777
OF3,64,GRFrough,08-04,778313917,1810,1,67629,645
OF3,64,GRFrough,08-05,608965585,1518,1,68114,561
OF3,64,GRFrough,08-07,786584328,1998,1,72989,898
OF3,64,GRFrough,08-10,588537365,1542,1,67247,627
OF3,64,GRFrough,09-02,664136381,1226,1,66892,423
OF3,64,GRFrough,09-03,957711902,1868,1,70196,649
OF3,64,GRFrough,09-04,762468274,1709,1,68808,680
OF3,64,GRFrough,09-05,372900232,1246,1,70435,480
OF3,64,GRFrough,09-06,447565637,1831,1,70212,866
OF3,64,GRFrough,09-07,871886411,1373,1,69633,353
OF3,64,GRFrough,09-08,672614363,1456,1,64205,663
OF3,64,GRFrough,09-10,537859216,1639,1,73785,648
OF3,64,GRFsmooth,01-02,7386639609,836,1,38774,156
OF3,64,GRFsmooth,01-03,2558839339,1607,1,53170,730
OF3,64,GRFsmooth,01-04,6078394044,739,1,34290,146
OF3,64,GRFsmooth,01-05,4671769207,1072,1,52306,312
OF3,64,GRFsmooth,01-06,2511821416,1225,1,54911,472
OF3,64,GRFsmooth,01-07,3545342086,2078,1,58931,1040
OF3,64,GRFsmooth,01-08,2806538272,1847,1,67893,643
OF3,64,GRFsmooth,01-09,2665517720,1151,1,48488,386
OF3,64,GRFsmooth,01-10,4420509334,999,1,53301,225
OF3,64,GRFsmooth,02-03,5707131678,1015,1,43421,225
OF3,64,GRFsmooth,02-04,2675284805,1577,1,65980,597
OF3,64,GRFsmooth,02-05,3828154514,1102,1,49132,341
OF3,64,GRFsmooth,02-07,7049644947,802,1,33709,149
OF3,64,GRFsmooth,02-10,4157193929,942,1,41984,177
OF3,64,GRFsmooth,03-07,3286702019,967,1,46430,192
OF3,64,GRFsmooth,03-10,3304848265,1648,1,61068,708
OF3,64,GRFsmooth,04-03,4439836815,1120,1,46930,242
OF3,64,GRFsmooth,04-07,5779227566,934,1,37855,195
OF3,64,GRFsmooth,04-10,4522729216,912,1,41740,172
OF3,64,GRFsmooth,05-03,3967586408,2095,1,72577,711
OF3,64,GRFsmooth,05-04,3742353601,924,1,39216,158
OF3,64,GRFsmooth,05-07,4726485733,1005,1,42149,212
OF3,64,GRFsmooth,05-10,2605104743,1567,1,60448,417
OF3,64,GRFsmooth,06-02,6014521765,954,1,38919,305
OF3,64,GRFsmooth,06-03,2325406369,1731,1,65270,684
OF3,64,GRFsmooth,06-04,5341854724,781,1,38469,141
OF3,64,GRFsmooth,06-05,4201387203,1075,1,49101,325
OF3,64,GRFsmooth,06-07,2864222982,1354,1,51843,493
OF3,64,GRFsmooth,06-08,2178709242,2313,1,65234,1411
OF3,64,GRFsmooth,06-10,2966252690,1062,1,55489,370
OF3,64,GRFsmooth,07-10,3292830956,1138,1,51392,341
OF3,64,GRFsmooth,08-02,5168114003,841,1,39393,153
OF3,64,GRFsmooth,08-03,2037164851,1621,1,61825,581
OF3,64,GRFsmooth,08-04,4673709328,937,1,43729,241
OF3,64,GRFsmooth,08-05,4260200239,1618,2,56033,746
OF3,64,GRFsmooth,08-07,3174741876,1385,1,58269,482
OF3,64,GRFsmooth,08-10,2570495964,2508,1,67781,1148
OF3,64,GRFsmooth,09-02,5628441333,802,1,39253,150
OF3,64,GRFsmooth,09-03,1633550109,1428,1,59629,536
OF3,64,GRFsmooth,09-04,4384964258,1607,1,52821,833
OF3,64,GRFsmooth,09-05,4708282371,1898,1,62815,868
OF3,64,GRFsmooth,09-06,2185594336,948,1,50357,176
OF3,64,GRFsmooth,09-07,4333202046,1092,1,46609,280
OF3,64,GRFsmooth,09-08,2563516770,991,1,51875,219
OF3,64,GRFsmooth,09-10,4130129238,1407,1,54199,446
OF3,64,LogGRF,01-02,4944109561,1210,1,51640,371
OF3,64,LogGRF,01-03,5917690494,1368,1,55224,539
OF3,64,LogGRF,01-04,8347146670,851,1,40018,175
OF3,64,LogGRF,01-05,6288799481,1063,1,50176,262
OF3,64,LogGRF,01-06,5354398935,1378,1,69397,439
OF3,64,LogGRF,01-07,3832174416,1700,1,57402,781
OF3,64,LogGRF,01-08,4156634399,1026,1,48874,247
OF3,64,LogGRF,01-09,6110364016,1187,1,55763,347
OF3,64,LogGRF,01-10,5527600045,1113,1,54645,246
OF3,64,LogGRF,02-03,6906575763,1070,1,42166,351
OF3,64,LogGRF,02-04,11719302799,711,1,29387,164
OF3,64,LogGRF,02-05,9671652576,751,1,35672,165
OF3,64,LogGRF,02-07,5197452955,1079,1,44960,272
OF3,64,LogGRF,02-10,6880536036,1246,1,53857,413
OF3,64,LogGRF,03-07,3516292994,1268,1,56476,328
OF3,64,LogGRF,03-10,2776915597,1292,1,57774,410
OF3,64,LogGRF,04-03,5204761254,921,1,44427,235
OF3,64,LogGRF,04-07,7014206434,834,1,39030,178
OF3,64,LogGRF,04-10,5628555377,1483,1,53916,635
OF3,64,LogGRF,05-03,4517094907,825,1,40766,237
OF3,64,LogGRF,05-04,3383106075,1751,1,67041,771
OF3,64,LogGRF,05-07,5353385891,1049,1,46091,267
OF3,64,LogGRF,05-10,4041295808,1234,1,48806,413
OF3,64,LogGRF,06-02,8364819964,913,1,39015,231
OF3,64,LogGRF,06-03,2176395535,1521,1,58775,639
OF3,64,LogGRF,06-04,3818160939,1724,2,59657,713
OF3,64,LogGRF,06-05,2918710800,3198,1,71989,1812
OF3,64,LogGRF,06-07,3724766351,1889,1,58732,716
OF3,64,LogGRF,06-08,4268195220,1516,1,54067,550
OF3,64,LogGRF,06-10,2917780444,1517,1,62119,594
OF3,64,LogGRF,07-10,3876805527,2143,1,70249,929
OF3,64,LogGRF,08-02,7562772902,799,1,35343,173
OF3,64,LogGRF,08-03,5565647183,936,1,39681,337
OF3,64,LogGRF,08-04,4253327499,1418,1,67320,335
OF3,64,LogGRF,08-05,3398881780,1197,1,58735,337
OF3,64,LogGRF,08-07,3874697115,1278,1,48219,522
OF3,64,LogGRF,08-10,5028298656,735,1,36263,127
OF3,64,LogGRF,09-02,5248494019,1691,1,53218,753
OF3,64,LogGRF,09-03,3853674858,1548,1,52492,743
OF3,64,LogGRF,09-04,6780094132,701,1,32612,141
OF3,64,LogGRF,09-05,5725312143,1027,1,39530,356
OF3,64,LogGRF,09-06,4181453773,1081,1,51622,308
OF3,64,LogGRF,09-07,4168582822,1463,1,58956,520
OF3,64,LogGRF,09-08,5835919589,1213,1,45207,391
OF3,64,LogGRF,09-10,5163214825,1351,1,53343,471
OF3,64,LogitGRF,01-02,2073001798,1391,1,63533,575
OF3,64,LogitGRF,01-03,3709694888,1736,1,62901,603
OF3,64,LogitGRF,01-04,3839765975,1643,1,53361,791
OF3,64,LogitGRF,01-05,1934233436,1736,1,65886,675
OF3,64,LogitGRF,01-06,2330429928,1533,1,61492,650
OF3,64,LogitGRF,01-07,5017990821,1112,1,47355,257
OF3,64,LogitGRF,01-08,2987558307,1392,1,58542,521
OF3,64,LogitGRF,01-09,2676548553,1542,1,60314,645
OF3,64,LogitGRF,01-10,3214712938,1711,1,61458,649
OF3,64,LogitGRF,02-03,3598260862,2231,1,62771,827
OF3,64,LogitGRF,02-04,3400478613,1906,1,54928,727
OF3,64,LogitGRF,02-05,2699144828,1277,1,58651,391
OF3,64,LogitGRF,02-07,4726608405,1372,1,47924,238
OF3,64,LogitGRF,02-10,3226868230,1618,1,55700,436
OF3,64,LogitGRF,03-07,2678464271,1532,1,58313,660
OF3,64,LogitGRF,03-10,1515619958,1718,1,73446,760
OF3,64,LogitGRF,04-03,2827053687,1458,1,59384,483
OF3,64,LogitGRF,04-07,2707290970,1490,1,59084,475
OF3,64,LogitGRF,04-10,1868526047,2841,1,63733,1794
OF3,64,LogitGRF,05-03,3665206412,1465,1,56551,516
OF3,64,LogitGRF,05-04,3365665027,1538,8,54426,404
OF3,64,LogitGRF,05-07,4862807031,1019,1,45618,235
OF3,64,LogitGRF,05-10,3004601646,1521,1,58403,409
OF3,64,LogitGRF,06-02,2330621208,1643,1,62881,780
OF3,64,LogitGRF,06-03,4300780764,1838,1,57647,797
OF3,64,LogitGRF,06-04,3999844199,1042,1,45252,285
OF3,64,LogitGRF,06-05,2141328712,1364,1,62871,497
OF3,64,LogitGRF,06-07,5595808721,866,1,41219,175
OF3,64,LogitGRF,06-08,2921647109,1603,1,57078,657
OF3,64,LogitGRF,06-10,3622460520,1219,1,50912,391
OF3,64,LogitGRF,07-10,2261607711,1401,1,62999,416
OF3,64,LogitGRF,08-02,2942656911,1315,1,58150,420
OF3,64,LogitGRF,08-03,4258890343,1273,1,55642,439
OF3,64,LogitGRF,08-04,2982296164,1987,1,60625,827
OF3,64,LogitGRF,08-05,2325519177,1611,1,64773,642
OF3,64,LogitGRF,08-07,4991237462,1160,1,49281,300
OF3,64,LogitGRF,08-10,3348822551,1318,1,57574,397
OF3,64,LogitGRF,09-02,2923298871,1168,1,56268,328
OF3,64,LogitGRF,09-03,2074210127,1942,1,69073,920
OF3,64,LogitGRF,09-04,2475324366,1205,1,59064,340
OF3,64,LogitGRF,09-05,2613070913,1923,1,66095,863
OF3,64,LogitGRF,09-06,3118908123,1496,1,57372,657
OF3,64,LogitGRF,09-07,3057600236,1611,1,61506,577
OF3,64,LogitGRF,09-08,2606298530,1473,1,65143,573
OF3,64,LogitGRF,09-10,1703247717,1281,1,61299,473
OF3,64,MicroscopyImages,01-02,2378120324,186,0,14058,183
OF3,64,MicroscopyImages,01-03,3417240106,116,0,8971,244
OF3,64,MicroscopyImages,01-04,4014715301,166,0,11628,183
OF3,64,MicroscopyImages,01-05,6778121903,73,0,4965,129
OF3,64,MicroscopyImages,01-06,7248746880,136,0,8201,147
OF3,64,MicroscopyImages,01-07,3956638292,266,0,10954,533
OF3,64,MicroscopyImages,01-08,4910091061,242,0,14144,270
OF3,64,MicroscopyImages,01-09,8878587305,122,0,5375,216
OF3,64,MicroscopyImages,01-10,7605094891,178,0,11782,172
OF3,64,MicroscopyImages,02-03,2702384116,190,0,15947,217
OF3,64,MicroscopyImages,02-04,3813160569,488,0,26445,340
OF3,64,MicroscopyImages,02-05,6256613731,191,0,12329,160
OF3,64,MicroscopyImages,02-07,3128994194,292,0,16232,229
OF3,64,MicroscopyImages,02-10,7280055659,525,1,21316,331
OF3,64,MicroscopyImages,03-07,2755187712,206,0,14264,349
OF3,64,MicroscopyImages,03-10,5597239547,267,0,16316,252
OF3,64,MicroscopyImages,04-03,2384090653,279,0,18950,378
OF3,64,MicroscopyImages,04-07,3791898639,868,0,28509,863
OF3,64,MicroscopyImages,04-10,4033043998,480,1,22976,285
OF3,64,MicroscopyImages,05-03,4442744501,139,0,8539,257
OF3,64,MicroscopyImages,05-04,4079109682,235,0,13068,256
OF3,64,MicroscopyImages,05-07,6302711869,116,0,8076,129
OF3,64,MicroscopyImages,05-10,3445947804,252,0,17749,266
OF3,64,MicroscopyImages,06-02,6879359348,315,0,18711,178
OF3,64,MicroscopyImages,06-03,5199508508,250,0,13924,261
OF3,64,MicroscopyImages,06-04,3574961983,370,0,18912,328
OF3,64,MicroscopyImages,06-05,2874354247,295,0,17483,460
OF3,64,MicroscopyImages,06-07,7118128144,254,0,14567,163
OF3,64,MicroscopyImages,06-08,6904093487,443,1,23527,214
OF3,64,MicroscopyImages,06-10,2929815561,387,0,23768,283
OF3,64,MicroscopyImages,07-10,7391376629,260,0,13365,145
OF3,64,MicroscopyImages,08-02,3075350363,778,1,31658,769
OF3,64,MicroscopyImages,08-03,2809365781,253,0,19938,290
OF3,64,MicroscopyImages,08-04,4120325050,522,1,32804,361
OF3,64,MicroscopyImages,08-05,6174717140,185,0,13604,142
OF3,64,MicroscopyImages,08-07,1783317395,459,0,25081,248
OF3,64,MicroscopyImages,08-10,7188196976,479,1,23667,203
OF3,64,MicroscopyImages,09-02,8456520057,256,0,10858,241
OF3,64,MicroscopyImages,09-03,6742385593,104,0,6680,165
OF3,64,MicroscopyImages,09-04,6170147100,205,0,10496,144
OF3,64,MicroscopyImages,09-05,4646581906,126,0,9294,214
OF3,64,MicroscopyImages,09-06,4943509405,186,0,10851,172
OF3,64,MicroscopyImages,09-07,8425262973,161,0,7796,191
OF3,64,MicroscopyImages,09-08,8282919316,354,0,15003,246
OF3,64,MicroscopyImages,09-10,2600663228,225,0,17911,150
OF3,64,Shapes,01-02,4915200000,495,1,29224,233
OF3,64,Shapes,01-03,681600000,499,1,30848,694
OF3,64,Shapes,01-04,3644102860,566,1,32976,178
OF3,64,Shapes,01-05,2451180264,517,1,41880,222
OF3,64,Shapes,01-06,6553600000,489,1,34436,156
OF3,64,Shapes,01-07,4298990571,708,1,38540,260
OF3,64,Shapes,01-08,3700502294,402,1,31589,240
OF3,64,Shapes,01-09,2188800000,873,1,42439,730
OF3,64,Shapes,01-10,1456709668,580,1,41290,279
OF3,64,Shapes,02-03,4915200000,294,0,17370,247
OF3,64,Shapes,02-04,1289677806,359,0,25637,273
OF3,64,Shapes,02-05,5449977274,264,0,16008,179
OF3,64,Shapes,02-07,4783605251,340,0,17781,241
OF3,64,Shapes,02-10,5414395560,341,0,20339,248
OF3,64,Shapes,03-07,4332781713,445,1,28749,286
OF3,64,Shapes,03-10,1586309606,321,0,27761,204
OF3,64,Shapes,04-03,3650183190,339,0,21227,224
OF3,64,Shapes,04-07,3970313383,481,0,29948,224
OF3,64,Shapes,04-10,4149467022,504,1,38948,427
OF3,64,Shapes,05-03,2506254638,297,0,31874,202
OF3,64,Shapes,05-04,4178879776,299,0,20132,179
OF3,64,Shapes,05-07,5024229805,427,0,27410,262
OF3,64,Shapes,05-10,2738839748,535,0,30930,406
OF3,64,Shapes,06-02,5087552000,477,0,31161,481
OF3,64,Shapes,06-03,6553600000,623,0,27659,275
OF3,64,Shapes,06-04,4848469616,470,0,30048,280
OF3,64,Shapes,06-05,6820985084,351,0,31772,217
OF3,64,Shapes,06-07,8690763355,1256,0,62262,1009
OF3,64,Shapes,06-08,5253322002,438,0,28193,580
OF3,64,Shapes,06-10,6803195242,638,0,32727,501
OF3,64,Shapes,07-10,4720918761,668,0,38004,560
OF3,64,Shapes,08-02,2110060064,183,0,15223,204
OF3,64,Shapes,08-03,3709357818,274,0,19030,258
OF3,64,Shapes,08-04,1408589846,281,0,21960,243
OF3,64,Shapes,08-05,3755612368,292,0,18085,388
OF3,64,Shapes,08-07,4245138943,329,0,22371,273
OF3,64,Shapes,08-10,4565695170,222,0,16248,194
OF3,64,Shapes,09-02,4948832000,893,0,30147,1107
OF3,64,Shapes,09-03,2197600000,526,0,33765,491
OF3,64,Shapes,09-04,3730471002,1394,0,43289,1339
OF3,64,Shapes,09-05,3104671408,594,0,45563,544
OF3,64,Shapes,09-06,6553600000,1550,0,55705,1972
OF3,64,Shapes,09-07,4742920073,489,1,30176,307
OF3,64,Shapes,09-08,3939478658,519,0,27905,592
OF3,64,Shapes,09-10,2546665976,372,0,26796,246
OF3,64,WhiteNoise,01-02,291726155,2102,1,80669,831
OF3,64,WhiteNoise,01-03,292938511,1941,1,72983,793
OF3,64,WhiteNoise,01-04,324752480,2211,1,78810,989
OF3,64,WhiteNoise,01-05,319030245,2176,1,83630,901
OF3,64,WhiteNoise,01-06,314385277,2014,1,83052,875
OF3,64,WhiteNoise,01-07,437001352,2178,1,80945,816
OF3,64,WhiteNoise,01-08,367113804,1596,1,77790,709
OF3,64,WhiteNoise,01-09,343638416,1909,1,84014,801
OF3,64,WhiteNoise,01-10,343330416,2249,1,88875,838
OF3,64,WhiteNoise,02-03,334441764,1635,1,73692,737
OF3,64,WhiteNoise,02-04,359090245,1253,1,71555,431
OF3,64,WhiteNoise,02-05,332839586,1955,1,82487,778
OF3,64,WhiteNoise,02-07,391554505,1582,1,79099,586
OF3,64,WhiteNoise,02-10,361931991,1845,1,78199,850
OF3,64,WhiteNoise,03-07,445825565,2027,1,81937,851
OF3,64,WhiteNoise,03-10,377548849,1724,1,76707,771
OF3,64,WhiteNoise,04-03,309239937,1448,1,74507,634
OF3,64,WhiteNoise,04-07,425181248,2177,1,79743,993
OF3,64,WhiteNoise,04-10,354826106,1289,1,63072,499
OF3,64,WhiteNoise,05-03,325020270,2622,1,92866,1103
OF3,64,WhiteNoise,05-04,338265011,2061,1,86012,873
OF3,64,WhiteNoise,05-07,365870295,2556,1,84708,1202
OF3,64,WhiteNoise,05-10,309091903,1532,1,77594,648
OF3,64,WhiteNoise,06-02,292834716,1160,1,74257,423
OF3,64,WhiteNoise,06-03,340527736,1907,1,74302,932
OF3,64,WhiteNoise,06-04,321904361,1998,1,70529,907
OF3,64,WhiteNoise,06-05,314071108,2508,1,91239,1025
OF3,64,WhiteNoise,06-07,321965857,1934,1,86076,825
OF3,64,WhiteNoise,06-08,314385043,1597,1,75843,770
OF3,64,WhiteNoise,06-10,324236573,1312,1,71487,581
OF3,64,WhiteNoise,07-10,316551876,1692,1,80065,747
OF3,64,WhiteNoise,08-02,379269997,1746,1,85672,625
OF3,64,WhiteNoise,08-03,363133089,1640,1,80188,648
OF3,64,WhiteNoise,08-04,309748102,1718,1,77892,698
OF3,64,WhiteNoise,08-05,338724889,1456,1,70265,683
OF3,64,WhiteNoise,08-07,334495436,2089,1,77517,1035
OF3,64,WhiteNoise,08-10,320027570,1371,1,73120,511
OF3,64,WhiteNoise,09-02,368834963,1871,1,80567,844
OF3,64,WhiteNoise,09-03,341080195,1845,1,74584,895
OF3,64,WhiteNoise,09-04,293983898,1156,1,61543,519
OF3,64,WhiteNoise,09-05,358709399,1405,1,77129,543
OF3,64,WhiteNoise,09-06,312855057,2460,1,80007,1019
OF3,64,WhiteNoise,09-07,381950432,1478,1,75155,534
OF3,64,WhiteNoise,09-08,303776302,1398,1,75193,628
OF3,64,WhiteNoise,09-10,371789022,1623,1,73329,656
OF3,128,CauchyDensity,01-06,106588249053,10300,5,208801,614
OF3,128,CauchyDensity,01-10,64704367372,26099,5,485308,2412
OF3,128,CauchyDensity,02-01,36710624322,16727,5,261590,1169
OF3,128,CauchyDensity,02-04,68812516857,8609,5,201505,300
OF3,128,CauchyDensity,02-06,87151415875,10329,5,211383,452
OF3,128,CauchyDensity,02-10,67909333764,17738,5,259678,1976
OF3,128,CauchyDensity,03-01,97915887665,36966,5,472022,5350
OF3,128,CauchyDensity,03-02,77118653459,13242,5,328727,466
OF3,128,CauchyDensity,03-04,19819378228,32104,5,403640,3051
OF3,128,CauchyDensity,03-06,20737336990,30869,5,333054,3663
OF3,128,CauchyDensity,03-07,19033031474,39846,5,408303,5048
OF3,128,CauchyDensity,03-08,28678103588,24030,5,336447,2262
OF3,128,CauchyDensity,03-09,29870730472,26988,5,315000,2855
OF3,128,CauchyDensity,03-10,45738381091,18324,5,250094,1699
OF3,128,CauchyDensity,04-01,87205826863,19924,5,303777,1549
OF3,128,CauchyDensity,04-06,25422437140,16392,5,269223,1476
OF3,128,CauchyDensity,04-10,53652058459,9228,5,177452,262
OF3,128,CauchyDensity,05-01,76611696814,7847,5,170311,553
OF3,128,CauchyDensity,05-02,59025249402,14224,5,273985,563
OF3,128,CauchyDensity,05-03,37368490727,16889,5,295772,1138
OF3,128,CauchyDensity,05-04,31965626717,11384,5,227539,696
OF3,128,CauchyDensity,05-06,34332394801,10436,5,244357,380
OF3,128,CauchyDensity,05-07,25371182283,11264,5,245303,526
OF3,128,CauchyDensity,05-08,17321743625,14855,5,274445,975
OF3,128,CauchyDensity,05-09,31416618453,9596,5,229108,304
OF3,128,CauchyDensity,05-10,60835979210,7761,5,154246,239
OF3,128,CauchyDensity,07-01,89829424147,29505,5,374350,3187
OF3,128,CauchyDensity,07-02,69359378255,13797,5,283082,508
OF3,128,CauchyDensity,07-04,15913451026,17584,5,283947,1845
OF3,128,CauchyDensity,07-06,17926423112,10787,5,267759,324
OF3,128,CauchyDensity,07-10,43756728069,9498,5,192696,266
OF3,128,CauchyDensity,08-01,76526388889,22583,5,359247,1627
OF3,128,CauchyDensity,08-02,56085898047,18246,5,313851,1090
OF3,128,CauchyDensity,08-04,24962565458,11635,5,234666,731
OF3,128,CauchyDensity,08-06,32584079094,9495,5,215559,264
OF3,128,CauchyDensity,08-07,14709949294,13486,5,297778,607
OF3,128,CauchyDensity,08-10,45152900817,7996,5,166947,217
OF3,128,CauchyDensity,09-01,101925772525,10360,5,223715,771
OF3,128,CauchyDensity,09-02,83901751377,14010,5,258341,512
OF3,128,CauchyDensity,09-04,23696527360,18835,5,255345,1868
OF3,128,CauchyDensity,09-06,14407567286,27451,5,354713,2780
OF3,128,CauchyDensity,09-07,14650891864,14728,4,312690,509
OF3,128,CauchyDensity,09-08,29169218920,9197,5,198979,250
OF3,128,CauchyDensity,09-10,49166129577,8970,4,182582,236
OF3,128,CauchyDensity,10-06,44432049933,10254,5,218846,436
OF3,128,ClassicImages,01-06,23728173924,13334,5,294960,677
OF3,128,ClassicImages,01-10,22353698197,32278,5,399252,3586
OF3,128,ClassicImages,02-01,16560269043,23167,5,341699,1752
OF3,128,ClassicImages,02-04,6756847166,27621,5,388894,2995
OF3,128,ClassicImages,02-06,8120850023,19649,4,345414,1354
OF3,128,ClassicImages,02-10,12867141442,21223,5,345685,1712
OF3,128,ClassicImages,03-01,19873642301,21959,5,313797,1806
OF3,128,ClassicImages,03-02,12212270386,20815,5,337185,1882
OF3,128,ClassicImages,03-04,10296463400,15299,5,329211,799
OF3,128,ClassicImages,03-06,14974118639,19730,5,301185,1626
OF3,128,ClassicImages,03-07,14392152163,22242,5,346518,2154
OF3,128,ClassicImages,03-08,13013269247,15942,5,318134,946
OF3,128,ClassicImages,03-09,22278516789,13852,5,282438,695
OF3,128,ClassicImages,03-10,19479823580,20875,5,324487,1695
OF3,128,ClassicImages,04-01,13353769135,23815,5,351259,1958
OF3,128,ClassicImages,04-06,12781136453,22173,5,338756,2358
OF3,128,ClassicImages,04-10,16508605894,31861,5,359780,4017
OF3,128,ClassicImages,05-01,15768931293,24656,5,328604,2110
OF3,128,ClassicImages,05-02,7164895338,19600,5,352842,1761
OF3,128,ClassicImages,05-03,10687808198,21787,6,359046,2284
OF3,128,ClassicImages,05-04,8230775970,38351,5,398133,4966
OF3,128,ClassicImages,05-06,10423123927,20107,5,356318,1470
OF3,128,ClassicImages,05-07,8015892317,26029,5,370643,3428
OF3,128,ClassicImages,05-08,10628160935,29622,5,361793,3558
OF3,128,ClassicImages,05-09,16879641581,17149,5,328324,967
OF3,128,ClassicImages,05-10,16404166796,35217,5,365439,4084
OF3,128,ClassicImages,07-01,18013202974,17452,4,349403,923
OF3,128,ClassicImages,07-02,8007114023,23117,5,372861,2196
OF3,128,ClassicImages,07-04,11324380217,28283,5,384508,2780
OF3,128,ClassicImages,07-06,9937348406,24737,4,364197,2742
OF3,128,ClassicImages,07-10,14657708281,48357,5,381496,6927
OF3,128,ClassicImages,08-01,14264980662,32159,5,359918,2273
OF3,128,ClassicImages,08-02,9361953027,21208,5,354131,1564
OF3,128,ClassicImages,08-04,8454994213,25665,5,362514,2870
OF3,128,ClassicImages,08-06,13070724188,30192,5,345857,3122
OF3,128,ClassicImages,08-07,11213458382,28236,5,366639,2916
OF3,128,ClassicImages,08-10,14601157735,31627,5,376904,3676
OF3,128,ClassicImages,09-01,25867137192,14302,5,277582,635
OF3,128,ClassicImages,09-02,19894818329,12923,4,273025,472
OF3,128,ClassicImages,09-04,20690165575,14137,5,297143,538
OF3,128,ClassicImages,09-06,22104564614,10692,5,248672,301
OF3,128,ClassicImages,09-07,17159056466,16562,5,302902,1197
OF3,128,ClassicImages,09-08,25051176968,12133,5,254102,401
OF3,128,ClassicImages,09-10,30000775175,12547,5,242510,618
OF3,128,ClassicImages,10-06,13280362469,27086,4,372328,3635
OF3,128,GRFmoderate,01-06,23946304338,12212,5,260957,576
OF3,128,GRFmoderate,01-10,16265263020,21800,5,292954,2378
OF3,128,GRFmoderate,02-01,20182801841,16040,4,299706,1078
OF3,128,GRFmoderate,02-04,13821918177,20822,5,368114,1511
OF3,128,GRFmoderate,02-06,21626940863,22672,5,325939,2020
OF3,128,GRFmoderate,02-10,8900163801,18249,4,323488,1663
OF3,128,GRFmoderate,03-01,20513807214,14792,5,286416,845
OF3,128,GRFmoderate,03-02,14394309937,21229,5,337817,1749
OF3,128,GRFmoderate,03-04,12617614116,24007,4,333765,2524
OF3,128,GRFmoderate,03-06,12896319058,41155,5,416862,4421
OF3,128,GRFmoderate,03-07,16724666010,21065,5,316833,2010
OF3,128,GRFmoderate,03-08,13560017739,30124,5,340942,3577
OF3,128,GRFmoderate,03-09,15915155825,20545,5,329405,1681
OF3,128,GRFmoderate,03-10,14473543200,17396,5,320514,1264
OF3,128,GRFmoderate,04-01,16195915640,16186,5,295964,1060
OF3,128,GRFmoderate,04-06,13077850792,17726,5,329465,1301
OF3,128,GRFmoderate,04-10,10747401708,20511,5,349637,1593
OF3,128,GRFmoderate,05-01,20271925399,19844,5,311857,1645
OF3,128,GRFmoderate,05-02,10212297752,24852,5,340489,3034
OF3,128,GRFmoderate,05-03,12356831709,22972,5,339066,2598
OF3,128,GRFmoderate,05-04,15264106085,18066,5,328449,1155
OF3,128,GRFmoderate,05-06,18874983569,32065,5,332856,3728
OF3,128,GRFmoderate,05-07,16410247967,27367,5,334759,3374
OF3,128,GRFmoderate,05-08,15351338150,16782,5,297154,1192
OF3,128,GRFmoderate,05-09,17748839580,16699,5,330630,1087
OF3,128,GRFmoderate,05-10,12343970053,36769,5,371862,4709
OF3,128,GRFmoderate,07-01,6028285624,27333,5,394976,3198
OF3,128,GRFmoderate,07-02,16757155085,17503,5,310037,1246
OF3,128,GRFmoderate,07-04,12708200518,33752,4,330272,4470
OF3,128,GRFmoderate,07-06,19926032490,14369,5,260672,869
OF3,128,GRFmoderate,07-10,13139195016,15398,5,311963,1106
OF3,128,GRFmoderate,08-01,15567359433,12816,4,289594,468
OF3,128,GRFmoderate,08-02,20603757502,15894,5,289965,1119
OF3,128,GRFmoderate,08-04,11304682253,33404,5,362750,4776
OF3,128,GRFmoderate,08-06,11665393143,20445,5,344879,1796
OF3,128,GRFmoderate,08-07,11599182867,24300,5,362808,2221
OF3,128,GRFmoderate,08-10,15964910737,14703,4,305539,739
OF3,128,GRFmoderate,09-01,17906387907,16757,5,302711,1007
OF3,128,GRFmoderate,09-02,22936484496,14881,5,279296,901
OF3,128,GRFmoderate,09-04,13573465471,36385,5,357456,4703
OF3,128,GRFmoderate,09-06,11104399909,19128,5,345804,1384
OF3,128,GRFmoderate,09-07,14703469517,31085,5,335257,4059
OF3,128,GRFmoderate,09-08,7954557718,31034,5,393066,2964
OF3,128,GRFmoderate,09-10,18219213271,27991,5,323552,1941
OF3,128,GRFmoderate,10-06,18610733930,28756,5,333026,2745
OF3,128,GRFrough,01-06,5164339695,25129,5,393965,2923
OF3,128,GRFrough,01-10,7524039595,27107,5,404935,2711
OF3,128,GRFrough,02-01,3832369315,30505,5,418604,3561
OF3,128,GRFrough,02-04,7405400850,29528,5,354294,3455
OF3,128,GRFrough,02-06,5068151160,22515,5,362153,2297
OF3,128,GRFrough,02-10,8282356664,17820,4,342619,1110
OF3,128,GRFrough,03-01,5595145810,24879,5,391411,2442
OF3,128,GRFrough,03-02,5992235691,32874,4,393043,4207
OF3,128,GRFrough,03-04,3175540665,32055,4,440284,3675
OF3,128,GRFrough,03-06,3618174465,22857,4,383749,2329
OF3,128,GRFrough,03-07,2953179440,33442,4,450028,3150
OF3,128,GRFrough,03-08,5298904909,33034,4,442105,3310
OF3,128,GRFrough,03-09,4118125651,19266,4,385196,1537
OF3,128,GRFrough,03-10,5128025691,24198,5,387430,1793
OF3,128,GRFrough,04-01,6966478503,21442,5,351903,1932
OF3,128,GRFrough,04-06,5000037936,23247,5,374805,2468
OF3,128,GRFrough,04-10,5268800704,21416,5,385422,1535
OF3,128,GRFrough,05-01,6558121770,12120,4,332990,522
OF3,128,GRFrough,05-02,7246708935,12176,5,315131,824
OF3,128,GRFrough,05-03,2864186188,43669,5,509372,3689
OF3,128,GRFrough,05-04,3444111129,24451,4,419304,2518
OF3,128,GRFrough,05-06,4440827867,34163,4,409862,3126
OF3,128,GRFrough,05-07,3308328724,23698,4,397605,2147
OF3,128,GRFrough,05-08,5676033165,22450,5,390684,1785
OF3,128,GRFrough,05-09,4729052845,31174,5,406636,3558
OF3,128,GRFrough,05-10,5400639507,30565,4,405320,3255
OF3,128,GRFrough,07-01,5920613590,24582,5,383961,1408
OF3,128,GRFrough,07-02,6725410891,19708,4,373175,1703
OF3,128,GRFrough,07-04,3819608489,36650,5,451411,3120
OF3,128,GRFrough,07-06,3648797255,36103,4,436691,4020
OF3,128,GRFrough,07-10,5931273203,22160,5,382288,1829
OF3,128,GRFrough,08-01,5470954909,20764,4,365339,1698
OF3,128,GRFrough,08-02,5174352948,32679,5,420032,3274
OF3,128,GRFrough,08-04,6680290168,25631,5,378158,2022
OF3,128,GRFrough,08-06,5657682418,32410,5,385946,3673
OF3,128,GRFrough,08-07,5144106781,32591,5,380366,3550
OF3,128,GRFrough,08-10,8104190064,31932,4,373347,3565
OF3,128,GRFrough,09-01,4588981999,22152,5,400769,1932
OF3,128,GRFrough,09-02,4225379556,28296,5,408993,2496
OF3,128,GRFrough,09-04,5421200922,36518,5,401423,5286
OF3,128,GRFrough,09-06,3702642038,26246,4,395538,2385
OF3,128,GRFrough,09-07,4368858363,23590,4,404543,2754
OF3,128,GRFrough,09-08,5329811082,29131,4,403440,2774
OF3,128,GRFrough,09-10,5401875868,27760,5,367306,3318
OF3,128,GRFrough,10-06,5535699612,20251,4,361504,2503
OF3,128,GRFsmooth,01-06,63354637549,7998,5,160739,254
OF3,128,GRFsmooth,01-10,44636634807,9460,5,221399,288
OF3,128,GRFsmooth,02-01,46962008903,15675,5,233929,1098
OF3,128,GRFsmooth,02-04,28734606698,14423,5,271615,937
OF3,128,GRFsmooth,02-06,39661780348,14255,5,273934,719
OF3,128,GRFsmooth,02-10,12267691018,19860,5,367098,1693
OF3,128,GRFsmooth,03-01,43975455033,9122,5,179840,273
OF3,128,GRFsmooth,03-02,34518145006,11181,5,263417,344
OF3,128,GRFsmooth,03-04,40218471240,11286,5,292706,566
OF3,128,GRFsmooth,03-06,29410270520,12272,5,254097,584
OF3,128,GRFsmooth,03-07,28844538615,10939,5,283244,434
OF3,128,GRFsmooth,03-08,32022178944,10716,5,218761,316
OF3,128,GRFsmooth,03-09,34166827763,15529,5,246548,997
OF3,128,GRFsmooth,03-10,38861498008,12227,5,235048,612
OF3,128,GRFsmooth,04-01,64019029525,8386,5,167169,273
OF3,128,GRFsmooth,04-06,43078003844,8941,5,197847,272
OF3,128,GRFsmooth,04-10,27527205088,15397,5,252338,1001
OF3,128,GRFsmooth,05-01,34482427186,11901,5,242527,452
OF3,128,GRFsmooth,05-02,24948064143,13421,5,303913,815
OF3,128,GRFsmooth,05-03,16227743869,14990,5,299634,1061
OF3,128,GRFsmooth,05-04,32970842807,13415,5,283435,839
OF3,128,GRFsmooth,05-06,30728801491,16122,5,249116,1384
OF3,128,GRFsmooth,05-07,23566685866,20043,5,301123,1780
OF3,128,GRFsmooth,05-08,18394387983,19326,5,335752,1426
OF3,128,GRFsmooth,05-09,27271696126,16997,5,289429,1495
OF3,128,GRFsmooth,05-10,25381537841,12111,5,266522,525
OF3,128,GRFsmooth,07-01,55822945302,9173,5,180588,264
OF3,128,GRFsmooth,07-02,19461658635,15396,5,293263,820
OF3,128,GRFsmooth,07-04,17672975037,17692,5,312323,1435
OF3,128,GRFsmooth,07-06,31722273817,10305,5,224126,289
OF3,128,GRFsmooth,07-10,20180080617,23142,5,323972,1870
OF3,128,GRFsmooth,08-01,32141621733,15370,5,249608,1024
OF3,128,GRFsmooth,08-02,24012545440,20859,5,293669,1807
OF3,128,GRFsmooth,08-04,34667885604,11981,5,238806,518
OF3,128,GRFsmooth,08-06,37862345796,11685,5,222791,565
OF3,128,GRFsmooth,08-07,26438429067,11146,5,254272,310
OF3,128,GRFsmooth,08-10,21515914762,14558,5,283174,856
OF3,128,GRFsmooth,09-01,36433890940,15016,5,292241,797
OF3,128,GRFsmooth,09-02,24732901357,18887,5,295340,1548
OF3,128,GRFsmooth,09-04,32272733723,28464,5,394928,2332
OF3,128,GRFsmooth,09-06,43920769507,24076,5,286272,2031
OF3,128,GRFsmooth,09-07,29920267814,23223,5,304461,2337
OF3,128,GRFsmooth,09-08,21036373091,19067,5,287418,1679
OF3,128,GRFsmooth,09-10,19455925821,18131,5,321836,1149
OF3,128,GRFsmooth,10-06,42992420036,11777,5,240967,778
OF3,128,LogGRF,01-06,29723199608,27990,5,338173,3983
OF3,128,LogGRF,01-10,77445387965,13567,5,260014,646
OF3,128,LogGRF,02-01,77003231882,8462,5,168358,295
OF3,128,LogGRF,02-04,100287357218,19219,5,359907,972
OF3,128,LogGRF,02-06,94621836120,8602,5,156314,433
OF3,128,LogGRF,02-10,97292200173,7364,5,127460,287
OF3,128,LogGRF,03-01,43590381506,13304,5,274855,574
OF3,128,LogGRF,03-02,118272673826,10900,5,203829,444
OF3,128,LogGRF,03-04,68217496882,11046,5,196130,530
OF3,128,LogGRF,03-06,38519817768,17923,5,337316,1325
OF3,128,LogGRF,03-07,67502026164,13631,5,205963,867
OF3,128,LogGRF,03-08,61338589754,12893,5,223624,734
OF3,128,LogGRF,03-09,83376731892,14177,5,269289,738
OF3,128,LogGRF,03-10,86494419961,12700,4,273216,490
OF3,128,LogGRF,04-01,77723880442,13823,5,294991,475
OF3,128,LogGRF,04-06,90825462834,10046,5,214147,348
OF3,128,LogGRF,04-10,154676648445,14183,5,206771,702
OF3,128,LogGRF,05-01,46274411841,22311,5,354575,1664
OF3,128,LogGRF,05-02,116089308771,14739,5,259995,635
OF3,128,LogGRF,05-03,27586357933,30160,5,319492,3646
OF3,128,LogGRF,05-04,49923904465,17505,4,311267,1124
OF3,128,LogGRF,05-06,47712143539,13971,5,315715,622
OF3,128,LogGRF,05-07,60414651515,11136,5,195496,396
OF3,128,LogGRF,05-08,55793715721,11473,5,228452,523
OF3,128,LogGRF,05-09,81362741007,11509,5,247146,480
OF3,128,LogGRF,05-10,106820092652,15175,5,274015,750
OF3,128,LogGRF,07-01,51668675458,13413,5,246605,693
OF3,128,LogGRF,07-02,59718549112,13549,5,306103,550
OF3,128,LogGRF,07-04,41728023012,24073,5,355755,2077
OF3,128,LogGRF,07-06,72852057350,7783,5,149750,296
OF3,128,LogGRF,07-10,126905548635,8851,5,132762,376
OF3,128,LogGRF,08-01,28682965518,16351,5,288707,890
OF3,128,LogGRF,08-02,60779531662,10382,5,215446,391
OF3,128,LogGRF,08-04,65469436934,20272,5,387852,1004
OF3,128,LogGRF,08-06,47941622346,15649,5,270531,1009
OF3,128,LogGRF,08-07,32259339972,18419,5,317254,1247
OF3,128,LogGRF,08-10,97029640629,10911,5,201715,500
OF3,128,LogGRF,09-01,42605210948,42912,5,360698,5217
OF3,128,LogGRF,09-02,38879906188,13692,5,239999,719
OF3,128,LogGRF,09-04,79553286566,21139,5,436944,947
OF3,128,LogGRF,09-06,61606440300,11822,5,223729,551
OF3,128,LogGRF,09-07,51515726380,9846,5,220929,354
OF3,128,LogGRF,09-08,35037392440,14358,5,304735,675
OF3,128,LogGRF,09-10,75451483329,9158,5,155929,363
OF3,128,LogGRF,10-06,63880835091,11021,5,255062,686
OF3,128,LogitGRF,01-06,20182602697,23682,5,374865,2122
OF3,128,LogitGRF,01-10,28241216512,30865,5,372373,3614
OF3,128,LogitGRF,02-01,35578173631,16133,5,327015,773
OF3,128,LogitGRF,02-04,21422415475,21589,5,352516,2000
OF3,128,LogitGRF,02-06,27058621924,30458,5,369720,3001
OF3,128,LogitGRF,02-10,23134750699,25231,5,360649,2523
OF3,128,LogitGRF,03-01,16158972536,27919,5,387487,2819
OF3,128,LogitGRF,03-02,25044642561,15274,5,321194,820
OF3,128,LogitGRF,03-04,17759610552,27351,5,371147,2744
OF3,128,LogitGRF,03-06,16464073507,24468,5,368304,2130
OF3,128,LogitGRF,03-07,18961868609,20458,5,322631,1887
OF3,128,LogitGRF,03-08,28332404527,15414,5,298005,903
OF3,128,LogitGRF,03-09,26051465027,30843,5,315350,4252
OF3,128,LogitGRF,03-10,16568090858,25734,5,369144,2394
OF3,128,LogitGRF,04-01,25042758364,39857,5,347153,5029
OF3,128,LogitGRF,04-06,21664675261,25033,5,351365,2278
OF3,128,LogitGRF,04-10,24326626304,20634,5,330543,1436
OF3,128,LogitGRF,05-01,15482575613,18674,5,334573,1515
OF3,128,LogitGRF,05-02,28964623946,16707,5,304402,1071
OF3,128,LogitGRF,05-03,16214453241,26478,6,364475,2865
OF3,128,LogitGRF,05-04,20665910355,18879,5,309533,1059
OF3,128,LogitGRF,05-06,18506149602,28041,5,401391,2603
OF3,128,LogitGRF,05-07,28580948084,20084,5,329708,1631
OF3,128,LogitGRF,05-08,37452449894,13472,5,278746,632
OF3,128,LogitGRF,05-09,32767776744,24151,5,319985,2328
OF3,128,LogitGRF,05-10,25992565973,22439,5,338550,2018
OF3,128,LogitGRF,07-01,27190142265,26582,4,346109,2806
OF3,128,LogitGRF,07-02,25993439878,23077,5,366876,2106
OF3,128,LogitGRF,07-04,23428029421,30898,5,372971,3025
OF3,128,LogitGRF,07-06,24815990998,18632,5,346484,949
OF3,128,LogitGRF,07-10,14497438817,27254,5,394120,3015
OF3,128,LogitGRF,08-01,41144926833,12864,5,250023,493
OF3,128,LogitGRF,08-02,28304877868,16606,5,290175,1050
OF3,128,LogitGRF,08-04,23268275909,27605,5,363064,2481
OF3,128,LogitGRF,08-06,33775260396,17806,5,279529,1129
OF3,128,LogitGRF,08-07,22505161244,21105,5,322577,1777
OF3,128,LogitGRF,08-10,20969099609,20035,5,350309,1414
OF3,128,LogitGRF,09-01,28962545289,14872,5,301700,905
OF3,128,LogitGRF,09-02,35897879162,23119,5,346473,2075
OF3,128,LogitGRF,09-04,25923772751,13985,5,309056,676
OF3,128,LogitGRF,09-06,24535441976,20682,5,340669,1491
OF3,128,LogitGRF,09-07,24950482544,47851,5,396577,6632
OF3,128,LogitGRF,09-08,33566740828,17086,5,281915,1224
OF3,128,LogitGRF,09-10,21239358325,26979,5,384564,2785
OF3,128,LogitGRF,10-06,18923052511,26047,5,371677,2877
OF3,128,MicroscopyImages,01-06,38499224482,11752,3,169041,2921
OF3,128,MicroscopyImages,01-10,34508397718,7472,2,143706,1161
OF3,128,MicroscopyImages,02-01,10770820535,6300,3,197091,887
OF3,128,MicroscopyImages,02-04,23182359308,18041,4,293946,2112
OF3,128,MicroscopyImages,02-06,37447344813,8925,3,221793,658
OF3,128,MicroscopyImages,02-10,25965421593,16253,4,239150,1726
OF3,128,MicroscopyImages,03-01,25898607417,5855,2,137888,1220
OF3,128,MicroscopyImages,03-02,27505275888,12269,3,218757,1910
OF3,128,MicroscopyImages,03-04,7407779606,8665,3,219738,1216
OF3,128,MicroscopyImages,03-06,38397394747,10769,3,229955,1408
OF3,128,MicroscopyImages,03-07,52400582942,5871,2,114094,956
OF3,128,MicroscopyImages,03-08,47485492799,7575,3,149003,1108
OF3,128,MicroscopyImages,03-09,47654822520,7829,2,130080,2108
OF3,128,MicroscopyImages,03-10,44175069701,13149,3,190825,1732
OF3,128,MicroscopyImages,04-01,21666877859,11620,3,212475,2441
OF3,128,MicroscopyImages,04-06,36689512049,14802,4,273373,1230
OF3,128,MicroscopyImages,04-10,40868521733,14998,4,274652,1497
OF3,128,MicroscopyImages,05-01,46767009844,5729,2,103948,1516
OF3,128,MicroscopyImages,05-02,45548923315,7526,2,166143,920
OF3,128,MicroscopyImages,05-03,45992833017,10247,2,199222,1872
OF3,128,MicroscopyImages,05-04,44474539841,13104,2,232281,2019
OF3,128,MicroscopyImages,05-06,10631194058,8257,3,175309,1327
OF3,128,MicroscopyImages,05-07,60571689453,4251,2,82162,639
OF3,128,MicroscopyImages,05-08,58948325626,6296,3,119416,716
OF3,128,MicroscopyImages,05-09,63825822401,1729,2,60298,411
OF3,128,MicroscopyImages,05-10,48128025274,6673,2,115140,683
OF3,128,MicroscopyImages,07-01,59041743465,4082,1,75712,641
OF3,128,MicroscopyImages,07-02,58988736944,5239,2,119542,721
OF3,128,MicroscopyImages,07-04,53087629546,6416,3,131243,671
OF3,128,MicroscopyImages,07-06,53410256645,7002,2,126099,656
OF3,128,MicroscopyImages,07-10,57181973333,7589,2,151396,1317
OF3,128,MicroscopyImages,08-01,55635223686,5839,3,101632,751
OF3,128,MicroscopyImages,08-02,54265222873,7754,4,153502,543
OF3,128,MicroscopyImages,08-04,48266003197,11095,4,183184,756
OF3,128,MicroscopyImages,08-06,50552962672,8904,3,170595,1017
OF3,128,MicroscopyImages,08-07,8474572315,7340,2,142912,1236
OF3,128,MicroscopyImages,08-10,52182094882,11400,3,194968,1608
OF3,128,MicroscopyImages,09-01,43845728769,5653,1,118519,1722
OF3,128,MicroscopyImages,09-02,35976315540,7064,2,152906,1610
OF3,128,MicroscopyImages,09-04,44944692416,10159,2,184224,1899
OF3,128,MicroscopyImages,09-06,56392397687,3320,2,101018,533
OF3,128,MicroscopyImages,09-07,63594755540,4847,1,117940,1433
OF3,128,MicroscopyImages,09-08,57809688005,8264,2,163706,1683
OF3,128,MicroscopyImages,09-10,18906763849,5474,2,118024,1172
OF3,128,MicroscopyImages,10-06,42047320754,14291,4,194125,2861
OF3,128,Shapes,01-06,52428800000,5392,3,207752,304
OF3,128,Shapes,01-10,11755357250,6202,4,223147,482
OF3,128,Shapes,02-01,39321600000,6059,3,167485,452
OF3,128,Shapes,02-04,10317274756,3949,2,140478,527
OF3,128,Shapes,02-06,40684160000,4363,2,148647,668
OF3,128,Shapes,02-10,43377064888,4114,2,120258,705
OF3,128,Shapes,03-01,5370400000,7260,3,213115,1043
OF3,128,Shapes,03-02,39321600000,3631,2,98088,542
OF3,128,Shapes,03-04,29239567500,4140,2,116564,579
OF3,128,Shapes,03-06,52428800000,5167,2,215043,648
OF3,128,Shapes,03-07,34434515991,7769,3,191504,1192
OF3,128,Shapes,03-08,29576650544,4711,2,109874,1241
OF3,128,Shapes,03-09,17530400000,6716,2,195537,1347
OF3,128,Shapes,03-10,12759160030,4697,2,148009,738
OF3,128,Shapes,04-01,29214624986,8015,4,181473,621
OF3,128,Shapes,04-06,38736025332,4417,2,149416,439
OF3,128,Shapes,04-10,33332414928,6732,2,209566,1148
OF3,128,Shapes,05-01,19578930916,7768,3,257835,830
OF3,128,Shapes,05-02,43527832996,2623,2,88332,322
OF3,128,Shapes,05-03,20019742786,3114,2,194295,371
OF3,128,Shapes,05-04,33420854762,3611,2,108879,453
OF3,128,Shapes,05-06,54531915906,3756,2,192295,397
OF3,128,Shapes,05-07,39947722267,4950,3,164069,571
OF3,128,Shapes,05-08,29910788234,4841,2,105185,1904
OF3,128,Shapes,05-09,24767196274,7410,2,263674,1619
OF3,128,Shapes,05-10,21959329844,5352,2,153442,676
OF3,128,Shapes,07-01,34193013833,9639,4,208085,743
OF3,128,Shapes,07-02,38121996459,3992,2,108471,488
OF3,128,Shapes,07-04,31649864693,6751,3,163407,619
OF3,128,Shapes,07-06,69380905703,21393,3,436283,4657
OF3,128,Shapes,07-10,37637265385,11734,3,257211,1573
OF3,128,Shapes,08-01,29508117522,7143,3,191438,1111
OF3,128,Shapes,08-02,16912545366,2156,1,91994,369
OF3,128,Shapes,08-04,11261442490,3358,2,126618,526
OF3,128,Shapes,08-06,41972810676,2911,2,122002,480
OF3,128,Shapes,08-07,33713414473,3866,2,115626,571
OF3,128,Shapes,08-10,36525382978,4798,2,102795,1419
OF3,128,Shapes,09-01,17484800000,7956,3,276936,703
OF3,128,Shapes,09-02,39510528000,11717,2,182878,2949
OF3,128,Shapes,09-04,29814528810,18392,2,258054,3626
OF3,128,Shapes,09-06,52428800000,16269,2,327977,3162
OF3,128,Shapes,09-07,37672325421,10357,3,235878,1290
OF3,128,Shapes,09-08,31317207908,7443,2,157445,1992
OF3,128,Shapes,09-10,20372705602,7445,3,152390,1686
OF3,128,Shapes,10-06,54456540412,10055,2,211635,1754
OF3,128,WhiteNoise,01-06,1431005683,31747,5,523118,1917
OF3,128,WhiteNoise,01-10,1241653941,43973,5,500259,3680
OF3,128,WhiteNoise,02-01,1285182276,37437,5,470679,2524
OF3,128,WhiteNoise,02-04,1377611618,51313,5,514739,3349
OF3,128,WhiteNoise,02-06,1657659545,30363,5,450931,2262
OF3,128,WhiteNoise,02-10,1444651171,51871,5,518553,3329
OF3,128,WhiteNoise,03-01,1344060860,54442,5,550504,3679
OF3,128,WhiteNoise,03-02,1440831798,57747,5,573976,4066
OF3,128,WhiteNoise,03-04,1443019400,44542,5,511421,3410
OF3,128,WhiteNoise,03-06,1218268809,33199,5,456374,2579
OF3,128,WhiteNoise,03-07,1359945582,27338,4,429461,1897
OF3,128,WhiteNoise,03-08,1329085782,59923,4,547337,3775
OF3,128,WhiteNoise,03-09,1412639378,47305,5,538748,3269
OF3,128,WhiteNoise,03-10,1349259025,49007,5,537876,3336
OF3,128,WhiteNoise,04-01,1186296564,46920,5,515062,3443
OF3,128,WhiteNoise,04-06,1482280633,38963,5,512974,2870
OF3,128,WhiteNoise,04-10,1253084737,42268,4,481107,3010
OF3,128,WhiteNoise,05-01,1325252490,30269,5,501418,2248
OF3,128,WhiteNoise,05-02,1642247220,52998,5,571611,3827
OF3,128,WhiteNoise,05-03,1415991388,41663,5,509206,3100
OF3,128,WhiteNoise,05-04,1342604564,54075,5,593218,4156
OF3,128,WhiteNoise,05-06,1362634307,54190,4,579441,3681
OF3,128,WhiteNoise,05-07,1321485948,60682,5,611564,3686
OF3,128,WhiteNoise,05-08,1443210420,50738,5,558245,3712
OF3,128,WhiteNoise,05-09,1290675954,61025,5,613816,4268
OF3,128,WhiteNoise,05-10,1364248905,44179,5,525893,3660
OF3,128,WhiteNoise,07-01,1285294962,29853,5,462229,2540
OF3,128,WhiteNoise,07-02,1523952088,30886,5,469317,2156
OF3,128,WhiteNoise,07-04,1271630002,42150,5,506992,3155
OF3,128,WhiteNoise,07-06,1370249603,60431,5,527932,3781
OF3,128,WhiteNoise,07-10,1274760281,66834,5,630474,4180
OF3,128,WhiteNoise,08-01,1551199568,64024,5,584951,4235
OF3,128,WhiteNoise,08-02,1752573696,37284,5,484030,3413
OF3,128,WhiteNoise,08-04,1503675236,29980,4,503198,2797
OF3,128,WhiteNoise,08-06,1409916721,44867,5,493161,3303
OF3,128,WhiteNoise,08-07,1428916854,27454,5,446631,2133
OF3,128,WhiteNoise,08-10,1398671355,24886,5,465062,2503
OF3,128,WhiteNoise,09-01,1215120972,45056,5,502862,3337
OF3,128,WhiteNoise,09-02,1357605602,37126,5,456740,3183
OF3,128,WhiteNoise,09-04,1233658624,66602,5,610270,4153
OF3,128,WhiteNoise,09-06,1514639589,46826,5,536342,3305
OF3,128,WhiteNoise,09-07,1332544666,39767,5,472965,3223
OF3,128,WhiteNoise,09-08,1457089734,49270,5,519013,3675
OF3,128,WhiteNoise,09-10,1217716027,57222,5,587144,3789
OF3,128,WhiteNoise,10-06,1423279764,25659,5,466011,2296
OF3,256,CauchyDensity,01-03,955644276101,733825,30,3114565,21929
OF3,256,CauchyDensity,01-04,740986953605,747117,29,3732036,17610
OF3,256,CauchyDensity,01-06,999513618216,132912,31,959472,1548
OF3,256,CauchyDensity,01-08,627073940018,145898,32,931520,1553
OF3,256,CauchyDensity,01-09,533320943115,448080,31,2300964,5908
OF3,256,CauchyDensity,02-01,629828436206,1030900,29,3596878,28017
OF3,256,CauchyDensity,02-03,715778360111,68383,30,423096,492
OF3,256,CauchyDensity,02-04,253671312209,135781,34,1140135,1012
OF3,256,CauchyDensity,02-05,370453718124,85140,30,692730,569
OF3,256,CauchyDensity,02-06,773754694612,84134,30,567051,547
OF3,256,CauchyDensity,02-07,717535439251,65683,31,440755,367
OF3,256,CauchyDensity,02-08,485162801192,194485,29,927115,4123
OF3,256,CauchyDensity,02-09,306911490867,494580,30,1528769,13369
OF3,256,CauchyDensity,02-10,567417115335,120048,30,903411,944
OF3,256,CauchyDensity,03-04,517865507920,88127,30,662847,399
OF3,256,CauchyDensity,03-06,286353682573,574147,30,1772542,13782
OF3,256,CauchyDensity,03-08,351586558059,306301,29,1978134,4373
OF3,256,CauchyDensity,03-09,431818357846,122891,33,1117988,591
OF3,256,CauchyDensity,04-08,624006458167,77913,30,702720,516
OF3,256,CauchyDensity,05-01,623753149568,735587,29,3163208,19117
OF3,256,CauchyDensity,05-03,345324641987,112174,30,1003861,567
OF3,256,CauchyDensity,05-04,424120351783,88067,29,665583,419
OF3,256,CauchyDensity,05-06,403336958734,126531,31,995513,1203
OF3,256,CauchyDensity,05-08,220357708784,407821,27,1578051,7101
OF3,256,CauchyDensity,05-09,148082711065,539282,29,1859760,11688
OF3,256,CauchyDensity,05-10,243223321741,160960,31,1409436,1040
OF3,256,CauchyDensity,06-04,603470405995,83487,30,593333,465
OF3,256,CauchyDensity,06-08,383108908112,108426,31,978696,580
OF3,256,CauchyDensity,07-01,947594558137,357010,29,1457154,9572
OF3,256,CauchyDensity,07-03,274890898562,481939,29,1455063,9241
OF3,256,CauchyDensity,07-04,682781142392,73384,30,463669,360
OF3,256,CauchyDensity,07-05,347081721127,117352,29,949393,509
OF3,256,CauchyDensity,07-06,159249670861,243324,31,1580648,2506
OF3,256,CauchyDensity,07-08,326889652751,106296,29,953172,497
OF3,256,CauchyDensity,07-09,433575436986,108730,30,859660,507
OF3,256,CauchyDensity,07-10,410767384894,109893,33,923707,516
OF3,256,CauchyDensity,09-04,317398975466,136417,31,862738,1568
OF3,256,CauchyDensity,09-06,489794692347,93826,32,730942,455
OF3,256,CauchyDensity,09-08,306609641489,115182,29,994693,523
OF3,256,CauchyDensity,10-01,794367651801,737094,30,2959657,18382
OF3,256,CauchyDensity,10-03,251071377986,574841,32,1721450,13371
OF3,256,CauchyDensity,10-04,365834915530,107052,31,784287,662
OF3,256,CauchyDensity,10-06,283593867133,130638,30,1159596,587
OF3,256,CauchyDensity,10-08,351992700669,117143,32,1149290,628
OF3,256,CauchyDensity,10-09,279785642698,113376,28,1038304,532
OF3,256,ClassicImages,01-03,159009364194,332392,32,1703324,4765
OF3,256,ClassicImages,01-04,106838773907,435696,29,1988198,7713
OF3,256,ClassicImages,01-06,189827646490,193161,31,1509847,1767
OF3,256,ClassicImages,01-08,114129092982,363870,29,1940950,7115
OF3,256,ClassicImages,01-09,206941162591,196000,34,1488878,2089
OF3,256,ClassicImages,02-01,132481473111,411445,30,1803828,7166
OF3,256,ClassicImages,02-03,97709037805,492998,30,1919610,12777
OF3,256,ClassicImages,02-04,54064854220,720242,30,2391190,20883
OF3,256,ClassicImages,02-05,57332660037,343140,31,1913188,6355
OF3,256,ClassicImages,02-06,64972808515,359702,29,1801077,5358
OF3,256,ClassicImages,02-07,64072679986,417038,31,2002615,6136
OF3,256,ClassicImages,02-08,74907554227,525035,29,2113593,12574
OF3,256,ClassicImages,02-09,159171211886,178363,31,1475272,1856
OF3,256,ClassicImages,02-10,102956313759,288162,31,1824682,4350
OF3,256,ClassicImages,03-04,82386253533,308079,31,1850143,5521
OF3,256,ClassicImages,03-06,119806543772,458203,30,1694027,10149
OF3,256,ClassicImages,03-08,104114232518,304757,30,1727427,5851
OF3,256,ClassicImages,03-09,178244804617,237919,30,1522490,4002
OF3,256,ClassicImages,04-08,67651095501,275174,29,2000022,6158
OF3,256,ClassicImages,05-01,126168160508,505878,30,1751481,11043
OF3,256,ClassicImages,05-03,85506235870,396583,32,1953214,7326
OF3,256,ClassicImages,05-04,65870267129,502701,32,2071443,12268
OF3,256,ClassicImages,05-06,83391285122,299898,31,1805962,4653
OF3,256,ClassicImages,05-08,85045152900,653497,33,2055578,16262
OF3,256,ClassicImages,05-09,135050178387,288198,32,1727440,3660
OF3,256,ClassicImages,05-10,131253383522,719159,31,2042350,15990
OF3,256,ClassicImages,06-04,102259051433,340224,30,1782079,9705
OF3,256,ClassicImages,06-08,104572059668,398007,29,1838998,8984
OF3,256,ClassicImages,07-01,144103672177,248810,32,1722811,3096
OF3,256,ClassicImages,07-03,115162368507,308846,29,1908458,5511
OF3,256,ClassicImages,07-04,90613992966,671353,31,2317498,13345
OF3,256,ClassicImages,07-05,64145455721,503882,32,1993639,13332
OF3,256,ClassicImages,07-06,79512402727,491438,33,2010966,12183
OF3,256,ClassicImages,07-08,89720415149,414517,31,1995021,9149
OF3,256,ClassicImages,07-09,137288564384,244997,32,1668565,3624
OF3,256,ClassicImages,07-10,117264832777,962138,32,2200789,27054
OF3,256,ClassicImages,09-04,165535148882,216193,32,1617344,2953
OF3,256,ClassicImages,09-06,176848214293,144971,30,1319617,776
OF3,256,ClassicImages,09-08,200420523203,168351,28,1388917,1336
OF3,256,ClassicImages,10-01,178841007028,577359,29,2198337,11151
OF3,256,ClassicImages,10-03,155866421374,298659,31,1774505,4240
OF3,256,ClassicImages,10-04,132087282821,426624,31,1896388,8222
OF3,256,ClassicImages,10-06,106262826584,666430,29,2167057,17242
OF3,256,ClassicImages,10-08,116835047386,499258,35,1963721,11881
OF3,256,ClassicImages,10-09,240019459481,173066,30,1336630,1593
OF3,256,GRFmoderate,01-03,105317637631,402896,32,1767708,7657
OF3,256,GRFmoderate,01-04,152163938144,237419,33,1473111,2597
OF3,256,GRFmoderate,01-06,89410121274,368756,29,1934540,8629
OF3,256,GRFmoderate,01-08,145500253750,310171,31,1757377,5195
OF3,256,GRFmoderate,01-09,181142689383,293150,31,1637610,4925
OF3,256,GRFmoderate,02-01,158108267407,234365,30,1476626,3045
OF3,256,GRFmoderate,02-03,211495099718,197517,29,1403476,1787
OF3,256,GRFmoderate,02-04,168996378053,209253,32,1390797,2559
OF3,256,GRFmoderate,02-05,103441755160,362230,30,1762413,7030
OF3,256,GRFmoderate,02-06,125096713979,526306,31,1800479,8148
OF3,256,GRFmoderate,02-07,145159819576,316964,32,1595012,4928
OF3,256,GRFmoderate,02-08,145201963595,284215,30,1580394,3356
OF3,256,GRFmoderate,02-09,83909898904,795382,31,2239575,18481
OF3,256,GRFmoderate,02-10,147279129929,269816,30,1572242,3989
OF3,256,GRFmoderate,03-04,213554436673,139688,30,1305206,618
OF3,256,GRFmoderate,03-06,123378175623,601458,29,1801266,13569
OF3,256,GRFmoderate,03-08,180547707617,248444,29,1479537,3489
OF3,256,GRFmoderate,03-09,233207174746,216704,32,1517142,2821
OF3,256,GRFmoderate,04-08,258245771664,145645,30,1246235,801
OF3,256,GRFmoderate,05-01,106458647845,623985,32,1917875,12828
OF3,256,GRFmoderate,05-03,162964555112,207989,31,1544485,2649
OF3,256,GRFmoderate,05-04,140261859613,171875,30,1518437,1155
OF3,256,GRFmoderate,05-06,98157444463,313018,30,1713749,6585
OF3,256,GRFmoderate,05-08,156847312815,275038,31,1507882,4294
OF3,256,GRFmoderate,05-09,126703877550,418601,31,1744478,9778
OF3,256,GRFmoderate,05-10,129441205215,361871,29,1791079,6471
OF3,256,GRFmoderate,06-04,146755540100,254898,32,1495063,3545
OF3,256,GRFmoderate,06-08,148861478300,458006,29,1762561,12680
OF3,256,GRFmoderate,07-01,68675481497,420644,29,1998378,10759
OF3,256,GRFmoderate,07-03,111591278266,332287,31,1616089,6090
OF3,256,GRFmoderate,07-04,123336783565,371521,30,1682661,8724
OF3,256,GRFmoderate,07-05,105339146468,284106,32,1792433,4751
OF3,256,GRFmoderate,07-06,87113271533,233075,29,1808523,3166
OF3,256,GRFmoderate,07-08,154405595967,398542,29,1820551,8790
OF3,256,GRFmoderate,07-09,169948642388,176156,30,1492580,1486
OF3,256,GRFmoderate,07-10,108301109667,275917,32,1725803,4786
OF3,256,GRFmoderate,09-04,179301148657,419493,31,1629107,8092
OF3,256,GRFmoderate,09-06,132159207357,249455,30,1708171,3112
OF3,256,GRFmoderate,09-08,189005154133,192285,31,1468253,1856
OF3,256,GRFmoderate,10-01,118429515798,453248,29,1848080,10383
OF3,256,GRFmoderate,10-03,131656935763,389437,30,1662060,8805
OF3,256,GRFmoderate,10-04,113808065278,680903,31,2264930,14759
OF3,256,GRFmoderate,10-06,82939411656,510282,30,2035869,11446
OF3,256,GRFmoderate,10-08,182184625254,252370,31,1458619,3517
OF3,256,GRFmoderate,10-09,168453581625,217481,31,1405499,2479
OF3,256,GRFrough,01-03,67403701237,447815,30,1905034,11295
OF3,256,GRFrough,01-04,60337798962,357399,28,1786087,8737
OF3,256,GRFrough,01-06,45781067500,609880,31,2051878,18331
OF3,256,GRFrough,01-08,35562577209,331128,32,2083839,7064
OF3,256,GRFrough,01-09,33917597453,431352,29,2170233,11266
OF3,256,GRFrough,02-01,40056419560,580180,30,2181062,13700
OF3,256,GRFrough,02-03,63956174453,365017,30,1789371,7275
OF3,256,GRFrough,02-04,62391575074,431685,30,1910334,10713
OF3,256,GRFrough,02-05,46400327899,659022,30,2364064,18188
OF3,256,GRFrough,02-06,50460571726,748319,31,2120229,22787
OF3,256,GRFrough,02-07,46887370763,306118,36,1897355,6831
OF3,256,GRFrough,02-08,39867983805,609851,32,2290401,18361
OF3,256,GRFrough,02-09,47214850585,444871,30,2054854,8547
OF3,256,GRFrough,02-10,31380768605,345542,29,2055902,8384
OF3,256,GRFrough,03-04,41909891049,455729,30,2219118,8630
OF3,256,GRFrough,03-06,34178342095,684769,30,2755127,15984
OF3,256,GRFrough,03-08,54493137884,381065,31,1993006,7197
OF3,256,GRFrough,03-09,59976218006,336893,29,1763735,7464
OF3,256,GRFrough,04-08,44785615519,444838,30,2034645,13495
OF3,256,GRFrough,05-01,47688040629,412647,29,2078650,7854
OF3,256,GRFrough,05-03,71561833104,569122,29,1904981,11920
OF3,256,GRFrough,05-04,57718602613,510296,30,2054807,15694
OF3,256,GRFrough,05-06,48185412551,458239,31,2168433,12441
OF3,256,GRFrough,05-08,45359164032,642817,30,2200412,13950
OF3,256,GRFrough,05-09,43723722880,353113,28,1962323,6766
OF3,256,GRFrough,05-10,42115399846,629576,31,2276198,19612
OF3,256,GRFrough,06-04,31551992616,259139,30,2014507,4852
OF3,256,GRFrough,06-08,37984401135,342360,31,2003599,9948
OF3,256,GRFrough,07-01,34581881923,896322,30,2528412,32101
OF3,256,GRFrough,07-03,43561484766,586989,31,2152337,17353
OF3,256,GRFrough,07-04,32716660841,570803,30,2426341,16129
OF3,256,GRFrough,07-05,38040093868,339305,30,2041892,6547
OF3,256,GRFrough,07-06,24667584681,413376,27,2191710,11424
OF3,256,GRFrough,07-08,31070504972,345300,28,1957351,9210
OF3,256,GRFrough,07-09,27912525616,559096,28,2036933,7927
OF3,256,GRFrough,07-10,31269070976,424524,31,2129773,9372
OF3,256,GRFrough,09-04,45338254575,470856,32,2007804,12999
OF3,256,GRFrough,09-06,32451677293,711381,34,2704347,19648
OF3,256,GRFrough,09-08,31277878514,385487,30,2044449,10808
OF3,256,GRFrough,10-01,35488329297,750000,29,2425537,22630
OF3,256,GRFrough,10-03,55627926556,255395,29,1937025,3372
OF3,256,GRFrough,10-04,51022864655,355164,35,1943507,8272
OF3,256,GRFrough,10-06,34959890529,524649,28,2160385,12320
OF3,256,GRFrough,10-08,34910425082,275366,31,2018899,4361
OF3,256,GRFrough,10-09,36539260596,592166,31,2389826,16152
OF3,256,GRFsmooth,01-03,299900977889,176210,30,1164285,1805
OF3,256,GRFsmooth,01-04,318951402604,150807,30,1189011,1069
OF3,256,GRFsmooth,01-06,260321060927,391226,32,1379832,8038
OF3,256,GRFsmooth,01-08,152777321509,529669,28,1852625,10372
OF3,256,GRFsmooth,01-09,199949816970,172120,34,1503572,902
OF3,256,GRFsmooth,02-01,197181708165,191829,30,1437816,2124
OF3,256,GRFsmooth,02-03,360661316572,134995,30,1226218,613
OF3,256,GRFsmooth,02-04,491059095089,103567,28,852474,529
OF3,256,GRFsmooth,02-05,339535976303,144353,30,1121781,1299
OF3,256,GRFsmooth,02-06,396791778332,104418,28,837919,511
OF3,256,GRFsmooth,02-07,285285087459,137325,32,1258617,625
OF3,256,GRFsmooth,02-08,194731305692,146124,34,1340997,774
OF3,256,GRFsmooth,02-09,362799107933,148284,31,1123800,1653
OF3,256,GRFsmooth,02-10,546087521228,100834,30,818847,587
OF3,256,GRFsmooth,03-04,184076476577,446565,31,1757584,8646
OF3,256,GRFsmooth,03-06,168743826048,684213,28,1798630,14977
OF3,256,GRFsmooth,03-08,257120673120,134479,31,1152550,596
OF3,256,GRFsmooth,03-09,175358491983,355150,30,1511495,6031
OF3,256,GRFsmooth,04-08,381045154205,110650,33,1044171,592
OF3,256,GRFsmooth,05-01,209790710192,488829,31,1675762,9094
OF3,256,GRFsmooth,05-03,161271904707,358494,31,1609937,5040
OF3,256,GRFsmooth,05-04,195404959026,175775,33,1429046,1445
OF3,256,GRFsmooth,05-06,185019599875,466880,31,1928205,8447
OF3,256,GRFsmooth,05-08,192684245957,163379,30,1443037,887
OF3,256,GRFsmooth,05-09,104253521422,575214,33,2112041,14580
OF3,256,GRFsmooth,05-10,251246706385,164896,31,1479895,1731
OF3,256,GRFsmooth,06-04,132889322081,308402,30,1683297,6034
OF3,256,GRFsmooth,06-08,286777766412,114643,29,1061811,548
OF3,256,GRFsmooth,07-01,130626632552,406449,29,1680310,8792
OF3,256,GRFsmooth,07-03,298459237561,188752,30,1179186,1852
OF3,256,GRFsmooth,07-04,227064136584,168367,33,1270049,1718
OF3,256,GRFsmooth,07-05,228007244842,304212,31,1731484,3277
OF3,256,GRFsmooth,07-06,191826630737,248282,30,1402021,3705
OF3,256,GRFsmooth,07-08,202777687143,316723,31,1470741,6203
OF3,256,GRFsmooth,07-09,205768819266,268182,31,1492401,3530
OF3,256,GRFsmooth,07-10,260948166345,139118,28,1233644,757
OF3,256,GRFsmooth,09-04,147871443352,294240,32,1595595,4580
OF3,256,GRFsmooth,09-06,143232412117,202417,31,1375480,3397
OF3,256,GRFsmooth,09-08,252775400257,131591,32,1160846,582
OF3,256,GRFsmooth,10-01,370423761707,113651,32,1001414,545
OF3,256,GRFsmooth,10-03,275251266536,126360,32,1367024,822
OF3,256,GRFsmooth,10-04,121234973035,360293,28,1665915,5743
OF3,256,GRFsmooth,10-06,175554648854,381646,31,1603324,7300
OF3,256,GRFsmooth,10-08,436073526498,111727,30,973642,614
OF3,256,GRFsmooth,10-09,204328468395,163806,31,1446321,1622
OF3,256,LogGRF,01-03,599668230382,245592,36,1142373,4225
OF3,256,LogGRF,01-04,304865883003,224699,28,1364120,2972
OF3,256,LogGRF,01-06,314115038808,241770,31,1594810,3652
OF3,256,LogGRF,01-08,197187452089,335071,29,1694216,6195
OF3,256,LogGRF,01-09,227065317555,222028,29,1598863,1967
OF3,256,LogGRF,02-01,300419133073,222551,30,1237766,2891
OF3,256,LogGRF,02-03,315899588495,262428,32,1292865,3880
OF3,256,LogGRF,02-04,249687200052,799630,32,2422068,19801
OF3,256,LogGRF,02-05,425615488733,234596,31,1634011,2850
OF3,256,LogGRF,02-06,589625708477,116587,28,1016716,685
OF3,256,LogGRF,02-07,404888150774,140900,30,1288903,703
OF3,256,LogGRF,02-08,392331815726,185057,32,1232195,2469
OF3,256,LogGRF,02-09,291711392524,342923,32,1511796,9149
OF3,256,LogGRF,02-10,177437332492,492477,30,1836563,13723
OF3,256,LogGRF,03-04,406043392637,174541,35,1361524,2238
OF3,256,LogGRF,03-06,903156066812,126385,32,956197,815
OF3,256,LogGRF,03-08,677236036799,102407,31,860492,584
OF3,256,LogGRF,03-09,505914198237,164884,32,1063619,2546
OF3,256,LogGRF,04-08,401433970226,148404,30,1163420,1360
OF3,256,LogGRF,05-01,316823568764,230452,29,1507033,2574
OF3,256,LogGRF,05-03,722135301130,112863,30,987293,692
OF3,256,LogGRF,05-04,356105406605,266480,30,1553813,3587
OF3,256,LogGRF,05-06,275530292518,308793,29,1812648,5223
OF3,256,LogGRF,05-08,243911959737,190451,31,1417590,1183
OF3,256,LogGRF,05-09,491129252271,178398,31,1452218,1427
OF3,256,LogGRF,05-10,394122119543,173265,29,1555332,1248
OF3,256,LogGRF,06-04,524567303355,174699,31,1252146,1793
OF3,256,LogGRF,06-08,263120353511,384304,30,2186500,7072
OF3,256,LogGRF,07-01,158476824177,477840,30,1890108,11773
OF3,256,LogGRF,07-03,718418509109,117064,32,914380,706
OF3,256,LogGRF,07-04,355666423064,216591,33,1302771,3048
OF3,256,LogGRF,07-05,215205696061,385740,33,1520928,8048
OF3,256,LogGRF,07-06,195579406205,293613,32,1780423,4342
OF3,256,LogGRF,07-08,210883311842,345748,28,1755423,5547
OF3,256,LogGRF,07-09,333990150518,243548,30,1591308,3287
OF3,256,LogGRF,07-10,303248877458,300381,30,1680262,4635
OF3,256,LogGRF,09-04,476117183302,191302,32,1156082,2447
OF3,256,LogGRF,09-06,446336957475,472169,31,2055420,10623
OF3,256,LogGRF,09-08,299417422520,178659,32,1465787,1322
OF3,256,LogGRF,10-01,221271960423,232602,35,1583397,3229
OF3,256,LogGRF,10-03,432004975181,135249,39,1093972,617
OF3,256,LogGRF,10-04,349278648030,281179,30,1316454,5817
OF3,256,LogGRF,10-06,477451868263,184534,30,1502996,1575
OF3,256,LogGRF,10-08,271766196880,289073,36,1679053,4162
OF3,256,LogGRF,10-09,186411711536,266447,29,1689596,4040
OF3,256,LogitGRF,01-03,195596244222,223786,31,1636322,3011
OF3,256,LogitGRF,01-04,290450968227,230128,29,1513835,3369
OF3,256,LogitGRF,01-06,252900757575,312607,29,1587049,5791
OF3,256,LogitGRF,01-08,197777903600,424869,29,1736363,7483
OF3,256,LogitGRF,01-09,221599998576,275412,29,1523549,3145
OF3,256,LogitGRF,02-01,329071443220,404664,31,1358612,2154
OF3,256,LogitGRF,02-03,270958312818,149367,30,1510657,1019
OF3,256,LogitGRF,02-04,175885564839,587485,29,2075856,14901
OF3,256,LogitGRF,02-05,290423167441,240297,30,1699121,2849
OF3,256,LogitGRF,02-06,289959367741,384388,30,1994472,7839
OF3,256,LogitGRF,02-07,440830139210,169684,30,1310904,1636
OF3,256,LogitGRF,02-08,250900085418,232333,31,1510901,3205
OF3,256,LogitGRF,02-09,164301300950,321762,33,1788052,4968
OF3,256,LogitGRF,02-10,192430560981,383761,30,1784774,6571
OF3,256,LogitGRF,03-04,253337713653,268548,31,1756762,3683
OF3,256,LogitGRF,03-06,168236509825,843179,29,2033205,20107
OF3,256,LogitGRF,03-08,192162577166,278946,31,1537326,3775
OF3,256,LogitGRF,03-09,192551006448,486015,32,1849688,10086
OF3,256,LogitGRF,04-08,200375505887,306038,32,1834866,6168
OF3,256,LogitGRF,05-01,192412314203,400819,32,1842280,7540
OF3,256,LogitGRF,05-03,171692028095,336266,31,1875967,5722
OF3,256,LogitGRF,05-04,289579920790,930356,34,1878353,11599
OF3,256,LogitGRF,05-06,240715089866,350353,29,1647237,4925
OF3,256,LogitGRF,05-08,237650358869,561938,29,1876366,11484
OF3,256,LogitGRF,05-09,208673990683,349071,28,1699761,6974
OF3,256,LogitGRF,05-10,215849449670,324490,28,1761875,4975
OF3,256,LogitGRF,06-04,370525482114,313807,31,1553915,5113
OF3,256,LogitGRF,06-08,347591501577,210437,30,1173656,1612
OF3,256,LogitGRF,07-01,145274058258,518518,31,2066842,10350
OF3,256,LogitGRF,07-03,257211023140,196896,29,1506342,2062
OF3,256,LogitGRF,07-04,403462534441,238881,29,1590625,2914
OF3,256,LogitGRF,07-05,250772759999,330028,32,1686228,5877
OF3,256,LogitGRF,07-06,264302287915,222369,32,1611219,2446
OF3,256,LogitGRF,07-08,262950292708,182988,32,1615766,1673
OF3,256,LogitGRF,07-09,317700812234,221809,29,1480641,2568
OF3,256,LogitGRF,07-10,334058093599,207802,37,1524603,2243
OF3,256,LogitGRF,09-04,169639649461,328155,30,1847960,6116
OF3,256,LogitGRF,09-06,263022368701,241971,32,1595184,3217
OF3,256,LogitGRF,09-08,174725212458,347877,29,1977640,5354
OF3,256,LogitGRF,10-01,222163790235,316770,31,1536998,4329
OF3,256,LogitGRF,10-03,218600838883,261614,29,1587495,3282
OF3,256,LogitGRF,10-04,224682696334,413741,33,1889407,7343
OF3,256,LogitGRF,10-06,266584537208,368365,30,1856659,6253
OF3,256,LogitGRF,10-08,215450576499,354772,31,1768619,6548
OF3,256,LogitGRF,10-09,163477510093,294832,31,1758208,3984
OF3,256,MicroscopyImages,01-03,236583164225,153737,10,855400,8319
OF3,256,MicroscopyImages,01-04,232065085808,260186,16,1173080,8619
OF3,256,MicroscopyImages,01-06,405872395040,102718,17,792272,1691
OF3,256,MicroscopyImages,01-08,374374022666,143711,16,681006,2790
OF3,256,MicroscopyImages,01-09,252042887055,89558,10,755893,3221
OF3,256,MicroscopyImages,02-01,39953910561,222321,20,1398697,9019
OF3,256,MicroscopyImages,02-03,230101990666,163985,15,1063857,4440
OF3,256,MicroscopyImages,02-04,217657674489,443279,24,1561404,14043
OF3,256,MicroscopyImages,02-05,423566270002,54164,16,686411,809
OF3,256,MicroscopyImages,02-06,403571570011,129300,24,923847,1071
OF3,256,MicroscopyImages,02-07,446505233322,49883,14,534333,988
OF3,256,MicroscopyImages,02-08,372080634115,134726,22,879716,2549
OF3,256,MicroscopyImages,02-09,236703612116,174490,13,1097669,5221
OF3,256,MicroscopyImages,02-10,167869130496,224115,28,1476899,3893
OF3,256,MicroscopyImages,03-04,81554481081,234370,14,981606,4235
OF3,256,MicroscopyImages,03-06,296484103291,195072,14,932739,5307
OF3,256,MicroscopyImages,03-08,298025471089,150685,14,910387,5482
OF3,256,MicroscopyImages,03-09,280608625642,103634,8,662103,3344
OF3,256,MicroscopyImages,04-08,312866467144,132806,23,1238323,1940
OF3,256,MicroscopyImages,05-01,425600880283,40842,11,509825,795
OF3,256,MicroscopyImages,05-03,302292321852,104431,10,632670,2017
OF3,256,MicroscopyImages,05-04,322630809351,225683,16,1165766,6529
OF3,256,MicroscopyImages,05-06,37447999331,201433,16,1457457,8875
OF3,256,MicroscopyImages,05-08,144879569193,153504,15,1110063,5615
OF3,256,MicroscopyImages,05-09,509379546438,66285,9,663703,1623
OF3,256,MicroscopyImages,05-10,435123474012,103522,16,770321,1367
OF3,256,MicroscopyImages,06-04,306981164772,232165,23,1388730,4933
OF3,256,MicroscopyImages,06-08,134069895176,271592,23,1439934,4540
OF3,256,MicroscopyImages,07-01,447311927895,35675,11,378766,682
OF3,256,MicroscopyImages,07-03,342095205184,51160,10,533518,1500
OF3,256,MicroscopyImages,07-04,366236818483,113589,15,982298,2946
OF3,256,MicroscopyImages,07-05,176835483638,80140,11,741004,2626
OF3,256,MicroscopyImages,07-06,168714877087,130099,14,1083544,3993
OF3,256,MicroscopyImages,07-08,82918802541,163430,14,1039497,6027
OF3,256,MicroscopyImages,07-09,542624772794,70283,8,702359,2500
OF3,256,MicroscopyImages,07-10,476572585358,90354,14,727755,1456
OF3,256,MicroscopyImages,09-04,229365746795,99186,13,1017395,2501
OF3,256,MicroscopyImages,09-06,490187416737,74240,15,880500,1578
OF3,256,MicroscopyImages,09-08,491502831121,138240,11,807111,2573
OF3,256,MicroscopyImages,10-01,190395010441,143223,16,1059274,3308
OF3,256,MicroscopyImages,10-03,230478481778,150022,14,862323,2539
OF3,256,MicroscopyImages,10-04,175613553103,180041,21,1355561,4031
OF3,256,MicroscopyImages,10-06,416941279163,110968,21,1061113,1422
OF3,256,MicroscopyImages,10-08,418652498723,108097,21,976882,1214
OF3,256,MicroscopyImages,10-09,92909959286,135277,12,900718,5647
OF3,256,Shapes,01-03,42797600000,111577,20,1421163,3980
OF3,256,Shapes,01-04,233698650858,95752,22,982406,1003
OF3,256,Shapes,01-06,419430400000,79282,21,1188496,663
OF3,256,Shapes,01-08,235957737276,89189,15,1144482,1951
OF3,256,Shapes,01-09,139827200000,105527,19,1769514,1418
OF3,256,Shapes,02-01,314572800000,79108,15,938112,1271
OF3,256,Shapes,02-03,314572800000,46579,10,543718,1513
OF3,256,Shapes,02-04,82363610920,45566,11,759033,1192
OF3,256,Shapes,02-05,347998531048,32607,11,509911,802
OF3,256,Shapes,02-06,325424608000,64199,11,828663,1969
OF3,256,Shapes,02-07,304251236170,49848,11,658466,1139
OF3,256,Shapes,02-08,135783566962,41293,8,506393,2766
OF3,256,Shapes,02-09,315911712000,167302,9,1039883,8034
OF3,256,Shapes,02-10,347022459098,37457,10,679824,709
OF3,256,Shapes,03-04,233875224244,62578,13,632924,1843
OF3,256,Shapes,03-06,419430400000,79715,11,1487507,2154
OF3,256,Shapes,03-08,236448239702,68581,10,638831,3677
OF3,256,Shapes,03-09,140166400000,67623,11,1220987,1695
OF3,256,Shapes,04-08,90561913634,43247,10,695277,1554
OF3,256,Shapes,05-01,157186092262,78072,20,1511378,756
OF3,256,Shapes,05-03,160668474674,41870,12,1151768,694
OF3,256,Shapes,05-04,267124381906,48081,14,607224,1073
OF3,256,Shapes,05-06,436143447410,52786,12,1275427,946
OF3,256,Shapes,05-08,238405601408,72574,10,586445,5927
OF3,256,Shapes,05-09,198133020014,86825,12,1662599,3030
OF3,256,Shapes,05-10,176596476668,76556,15,818905,2061
OF3,256,Shapes,06-04,309737348674,47651,13,724113,825
OF3,256,Shapes,06-08,335858401222,34722,10,630535,947
OF3,256,Shapes,07-01,273168791962,118563,24,1043207,1632
OF3,256,Shapes,07-03,275070278802,194868,16,1383369,7072
OF3,256,Shapes,07-04,252295052068,93151,19,850806,1705
OF3,256,Shapes,07-05,319169770304,106219,14,1090475,2345
OF3,256,Shapes,07-06,554227442206,679473,15,3170689,29215
OF3,256,Shapes,07-08,268902675516,64986,11,645886,1821
OF3,256,Shapes,07-09,300758825528,217065,15,1616397,5196
OF3,256,Shapes,07-10,300908581534,237823,16,1629589,7091
OF3,256,Shapes,09-04,238281168984,237462,14,1436889,11244
OF3,256,Shapes,09-06,419430400000,387473,11,2145034,12652
OF3,256,Shapes,09-08,250025713086,132341,9,963677,8174
OF3,256,Shapes,10-01,94458743446,187688,21,1303470,6109
OF3,256,Shapes,10-03,102446481624,77649,15,786488,3318
OF3,256,Shapes,10-04,266651344182,58782,15,985359,1559
OF3,256,Shapes,10-06,435655364754,178934,14,1150361,7081
OF3,256,Shapes,10-08,292194032978,57789,11,624588,2864
OF3,256,Shapes,10-09,163193488384,105342,14,798428,4913
OF3,256,WhiteNoise,01-03,6223830177,395674,30,2357903,7437
OF3,256,WhiteNoise,01-04,5949989676,652827,31,3152189,8102
OF3,256,WhiteNoise,01-06,5405855963,495959,27,2528468,8786
OF3,256,WhiteNoise,01-08,5400500231,1779361,28,4703974,17582
OF3,256,WhiteNoise,01-09,5277461792,699459,30,2958416,9009
OF3,256,WhiteNoise,02-01,5878238634,758888,30,2768261,11133
OF3,256,WhiteNoise,02-03,5496875997,694453,30,2806359,11624
OF3,256,WhiteNoise,02-04,5878060326,672308,27,3294479,8183
OF3,256,WhiteNoise,02-05,5514504061,751699,30,2957175,10954
OF3,256,WhiteNoise,02-06,5383558435,682990,27,2874215,10997
OF3,256,WhiteNoise,02-07,6208756509,638600,30,2664438,8385
OF3,256,WhiteNoise,02-08,6229866801,1260399,27,3756340,14971
OF3,256,WhiteNoise,02-09,5212273568,898369,28,3453178,10640
OF3,256,WhiteNoise,02-10,6461315372,768457,30,2909591,11332
OF3,256,WhiteNoise,03-04,6681509291,1048763,28,3984526,12953
OF3,256,WhiteNoise,03-06,5948475408,406967,27,2552669,9089
OF3,256,WhiteNoise,03-08,6579210232,1282740,33,3854943,13751
OF3,256,WhiteNoise,03-09,6220139913,433241,28,2470781,7372
OF3,256,WhiteNoise,04-08,5564914077,1130016,30,3761920,13740
OF3,256,WhiteNoise,05-01,6169619637,476201,29,2412143,10668
OF3,256,WhiteNoise,05-03,6338569394,1058042,28,3556978,15138
OF3,256,WhiteNoise,05-04,5680823449,558316,29,2905254,6731
OF3,256,WhiteNoise,05-06,5250166854,1216880,31,3557031,15031
OF3,256,WhiteNoise,05-08,5997005920,1756556,27,5002428,17399
OF3,256,WhiteNoise,05-09,5658234831,364716,30,2459397,5788
OF3,256,WhiteNoise,05-10,5980596079,524638,27,2571421,7806
OF3,256,WhiteNoise,06-04,5408824041,700395,29,3037931,10325
OF3,256,WhiteNoise,06-08,5802835336,1250223,28,4074160,15252
OF3,256,WhiteNoise,07-01,5313220081,1075224,29,3459081,13795
OF3,256,WhiteNoise,07-03,6241815396,995029,29,3528102,15136
OF3,256,WhiteNoise,07-04,7189479495,807129,29,3209979,12261
OF3,256,WhiteNoise,07-05,6904744174,838681,31,3174768,10987
OF3,256,WhiteNoise,07-06,6298602874,1291090,28,3703451,15761
OF3,256,WhiteNoise,07-08,6356959478,1258421,27,3966119,15975
OF3,256,WhiteNoise,07-09,5857325929,493560,29,2501308,7228
OF3,256,WhiteNoise,07-10,6153119581,1179799,29,3728506,14794
OF3,256,WhiteNoise,09-04,6047926520,593998,32,2947302,10381
OF3,256,WhiteNoise,09-06,5300914969,1398140,29,3867454,16766
OF3,256,WhiteNoise,09-08,5766671095,1241631,28,3996454,16470
OF3,256,WhiteNoise,10-01,5301574432,422230,31,2667427,5469
OF3,256,WhiteNoise,10-03,6661210409,874385,30,3511827,12371
OF3,256,WhiteNoise,10-04,5903307770,660870,27,2965324,9489
OF3,256,WhiteNoise,10-06,5493948443,947412,29,3234059,12453
OF3,256,WhiteNoise,10-08,5624524069,1709338,27,4726518,18047
OF3,256,WhiteNoise,10-09,5677541098,490686,30,2735212,9388
OF4,32,CauchyDensity,01-02,321489865,79,0,8725,111
OF4,32,CauchyDensity,01-03,512203097,112,0,9618,176
OF4,32,CauchyDensity,01-04,347504479,80,0,7702,108
OF4,32,CauchyDensity,01-05,1258442379,50,0,3997,61
OF4,32,CauchyDensity,01-06,1023744924,99,0,8976,139
OF4,32,CauchyDensity,01-07,568664558,98,0,9993,159
OF4,32,CauchyDensity,01-08,552298381,91,0,7400,143
OF4,32,CauchyDensity,01-09,480280523,131,0,8234,271
OF4,32,CauchyDensity,01-10,1034065916,89,0,8317,122
OF4,32,CauchyDensity,02-04,294736545,75,0,8645,106
OF4,32,CauchyDensity,02-05,1201666264,35,0,2563,41
OF4,32,CauchyDensity,02-06,977611968,84,0,5575,155
OF4,32,CauchyDensity,02-08,427228089,111,0,7716,175
OF4,32,CauchyDensity,02-09,410093157,173,0,11444,452
OF4,32,CauchyDensity,02-10,976917245,97,0,5303,166
OF4,32,CauchyDensity,03-02,425889265,66,0,4957,96
OF4,32,CauchyDensity,03-04,308608180,82,0,7162,127
OF4,32,CauchyDensity,03-05,776862442,57,0,4684,56
OF4,32,CauchyDensity,03-06,593196857,94,0,7036,138
OF4,32,CauchyDensity,03-08,277032099,130,0,10244,237
OF4,32,CauchyDensity,03-09,519360959,75,0,7971,95
OF4,32,CauchyDensity,03-10,570932834,111,0,7602,163
OF4,32,CauchyDensity,04-05,1030878241,40,0,2669,42
OF4,32,CauchyDensity,04-08,213019288,115,0,9830,138
OF4,32,CauchyDensity,04-10,762367893,85,0,7278,95
OF4,32,CauchyDensity,05-08,917034188,70,0,5279,67
OF4,32,CauchyDensity,05-10,414273887,80,0,9902,92
OF4,32,CauchyDensity,06-04,734615040,117,0,8582,173
OF4,32,CauchyDensity,06-05,488239119,96,0,9725,142
OF4,32,CauchyDensity,06-08,608444968,88,0,7500,101
OF4,32,CauchyDensity,06-09,739321725,130,0,12573,211
OF4,32,CauchyDensity,06-10,124429025,96,0,11861,122
OF4,32,CauchyDensity,07-02,459757100,76,0,7012,108
OF4,32,CauchyDensity,07-03,306116474,126,0,11055,249
OF4,32,CauchyDensity,07-04,285201368,78,0,9641,88
OF4,32,CauchyDensity,07-05,997122001,56,0,4083,58
OF4,32,CauchyDensity,07-06,688177088,77,0,6026,71
OF4,32,CauchyDensity,07-08,190794105,90,0,11120,92
OF4,32,CauchyDensity,07-09,571615641,53,0,5942,74
OF4,32,CauchyDensity,07-10,727869625,69,0,5881,60
OF4,32,CauchyDensity,09-04,299641773,68,0,8752,83
OF4,32,CauchyDensity,09-05,1011996870,66,0,4901,67
OF4,32,CauchyDensity,09-08,387511707,66,0,8174,82
OF4,32,CauchyDensity,09-10,742744494,116,0,11279,125
OF4,32,CauchyDensity,10-08,647781812,85,0,7755,84
OF4,32,ClassicImages,01-02,175136546,144,0,13280,253
OF4,32,ClassicImages,01-03,186672774,134,0,12562,273
OF4,32,ClassicImages,01-04,147218338,131,0,12368,248
OF4,32,ClassicImages,01-05,171932988,113,0,12827,151
OF4,32,ClassicImages,01-06,256060007,100,0,11118,126
OF4,32,ClassicImages,01-07,212296496,117,0,13038,151
OF4,32,ClassicImages,01-08,172277840,140,0,13894,269
OF4,32,ClassicImages,01-09,323948476,101,0,9916,103
OF4,32,ClassicImages,01-10,265556823,140,0,11563,253
OF4,32,ClassicImages,02-04,78927230,117,0,12876,200
OF4,32,ClassicImages,02-05,81520556,107,0,12552,166
OF4,32,ClassicImages,02-06,96540973,109,0,13058,159
OF4,32,ClassicImages,02-08,104257658,123,0,12640,182
OF4,32,ClassicImages,02-09,241243935,98,0,9972,91
OF4,32,ClassicImages,02-10,157826359,145,0,13218,253
OF4,32,ClassicImages,03-02,145978024,156,0,12547,248
OF4,32,ClassicImages,03-04,119229003,117,0,12176,183
OF4,32,ClassicImages,03-05,143968017,123,0,10864,185
OF4,32,ClassicImages,03-06,156546478,102,0,11238,136
OF4,32,ClassicImages,03-08,145922588,118,0,11616,181
OF4,32,ClassicImages,03-09,292090242,113,0,9384,146
OF4,32,ClassicImages,03-10,230250467,128,0,12335,191
OF4,32,ClassicImages,04-05,100871111,133,0,11783,285
OF4,32,ClassicImages,04-08,99348089,129,0,14113,207
OF4,32,ClassicImages,04-10,208639648,99,0,10097,139
OF4,32,ClassicImages,05-08,123897082,131,0,12867,224
OF4,32,ClassicImages,05-10,200578882,137,0,11534,235
OF4,32,ClassicImages,06-04,151362348,106,0,12188,122
OF4,32,ClassicImages,06-05,129306532,106,0,11809,174
OF4,32,ClassicImages,06-08,133507218,113,0,10566,151
OF4,32,ClassicImages,06-09,200666416,127,0,12213,152
OF4,32,ClassicImages,06-10,153205574,119,0,12903,159
OF4,32,ClassicImages,07-02,90998592,99,0,11537,138
OF4,32,ClassicImages,07-03,183276518,105,0,11139,166
OF4,32,ClassicImages,07-04,134777027,145,0,12134,293
OF4,32,ClassicImages,07-05,94405435,114,0,13061,187
OF4,32,ClassicImages,07-06,122488555,108,0,13100,148
OF4,32,ClassicImages,07-08,135702477,123,0,12909,150
OF4,32,ClassicImages,07-09,215404372,110,0,10216,146
OF4,32,ClassicImages,07-10,172017592,131,0,12813,177
OF4,32,ClassicImages,09-04,278781308,95,0,8650,92
OF4,32,ClassicImages,09-05,234647634,98,0,8829,92
OF4,32,ClassicImages,09-08,320270252,94,0,9231,82
OF4,32,ClassicImages,09-10,326698754,122,0,11011,136
OF4,32,ClassicImages,10-08,168664764,134,0,13340,237
OF4,32,GRFmoderate,01-02,163208118,109,0,12076,171
OF4,32,GRFmoderate,01-03,216149945,117,0,12197,103
OF4,32,GRFmoderate,01-04,378220494,71,0,8639,93
OF4,32,GRFmoderate,01-05,194054969,89,0,10980,138
OF4,32,GRFmoderate,01-06,280458481,99,0,10173,171
OF4,32,GRFmoderate,01-07,136609899,110,0,11677,219
OF4,32,GRFmoderate,01-08,298191710,104,0,8883,121
OF4,32,GRFmoderate,01-09,121174256,100,0,11436,148
OF4,32,GRFmoderate,01-10,97426319,128,0,13203,236
OF4,32,GRFmoderate,02-04,302805461,83,0,8668,107
OF4,32,GRFmoderate,02-05,129557325,131,0,12749,248
OF4,32,GRFmoderate,02-06,228961843,121,0,10762,203
OF4,32,GRFmoderate,02-08,316351701,97,0,8941,100
OF4,32,GRFmoderate,02-09,138858032,120,0,12421,196
OF4,32,GRFmoderate,02-10,160871607,96,0,11392,118
OF4,32,GRFmoderate,03-02,251258226,110,0,10093,117
OF4,32,GRFmoderate,03-04,246619877,103,0,11385,164
OF4,32,GRFmoderate,03-05,188274585,117,0,11461,153
OF4,32,GRFmoderate,03-06,222099009,145,0,10878,328
OF4,32,GRFmoderate,03-08,143702955,156,0,11914,349
OF4,32,GRFmoderate,03-09,163958814,122,0,12350,181
OF4,32,GRFmoderate,03-10,182240540,115,0,11681,153
OF4,32,GRFmoderate,04-05,222816257,95,0,11040,125
OF4,32,GRFmoderate,04-08,286234441,93,0,11101,112
OF4,32,GRFmoderate,04-10,349525262,88,0,9564,131
OF4,32,GRFmoderate,05-08,243804717,99,0,9774,112
OF4,32,GRFmoderate,05-10,162733661,92,0,11456,127
OF4,32,GRFmoderate,06-04,212865947,113,0,11417,192
OF4,32,GRFmoderate,06-05,146212355,113,0,11629,211
OF4,32,GRFmoderate,06-08,248316136,111,0,10326,165
OF4,32,GRFmoderate,06-09,234226505,92,0,10787,135
OF4,32,GRFmoderate,06-10,241051082,110,0,11353,187
OF4,32,GRFmoderate,07-02,159139370,123,0,12112,165
OF4,32,GRFmoderate,07-03,195809943,169,0,13083,284
OF4,32,GRFmoderate,07-04,323433174,76,0,9146,94
OF4,32,GRFmoderate,07-05,136237137,101,0,11581,176
OF4,32,GRFmoderate,07-06,216019431,105,0,11294,155
OF4,32,GRFmoderate,07-08,251639376,101,0,10316,122
OF4,32,GRFmoderate,07-09,80631295,111,0,12734,190
OF4,32,GRFmoderate,07-10,103671748,123,0,13367,221
OF4,32,GRFmoderate,09-04,334959759,72,0,9151,80
OF4,32,GRFmoderate,09-05,145206843,86,0,10211,149
OF4,32,GRFmoderate,09-08,230409299,101,0,9582,109
OF4,32,GRFmoderate,09-10,110656143,140,0,12837,239
OF4,32,GRFmoderate,10-08,277112424,99,0,10673,112
OF4,32,GRFrough,01-02,82755295,142,0,14079,243
OF4,32,GRFrough,01-03,68529893,130,0,13777,202
OF4,32,GRFrough,01-04,86598474,117,0,12542,192
OF4,32,GRFrough,01-05,64357150,126,0,14611,173
OF4,32,GRFrough,01-06,79023535,130,0,14061,189
OF4,32,GRFrough,01-07,59366037,109,0,11608,230
OF4,32,GRFrough,01-08,63027140,104,0,12249,163
OF4,32,GRFrough,01-09,51450813,125,0,12482,189
OF4,32,GRFrough,01-10,63910227,114,0,14099,166
OF4,32,GRFrough,02-04,94234009,138,0,13502,196
OF4,32,GRFrough,02-05,54473225,125,0,14535,226
OF4,32,GRFrough,02-06,93155352,137,0,14307,214
OF4,32,GRFrough,02-08,73899293,109,0,13154,208
OF4,32,GRFrough,02-09,63391327,118,0,14513,173
OF4,32,GRFrough,02-10,63473184,125,0,12833,231
OF4,32,GRFrough,03-02,92363528,121,0,12343,227
OF4,32,GRFrough,03-04,87059243,102,0,12414,160
OF4,32,GRFrough,03-05,78985073,122,0,12650,182
OF4,32,GRFrough,03-06,63454204,126,0,13636,190
OF4,32,GRFrough,03-08,72679958,135,0,13062,283
OF4,32,GRFrough,03-09,83651913,110,0,12157,142
OF4,32,GRFrough,03-10,67447821,132,0,13968,262
OF4,32,GRFrough,04-05,108042579,125,0,12502,147
OF4,32,GRFrough,04-08,100488307,118,0,12207,180
OF4,32,GRFrough,04-10,95929252,128,0,13177,177
OF4,32,GRFrough,05-08,57286518,135,0,15784,243
OF4,32,GRFrough,05-10,45631244,119,0,13193,190
OF4,32,GRFrough,06-04,81948086,122,0,14128,195
OF4,32,GRFrough,06-05,90544911,101,0,11384,120
OF4,32,GRFrough,06-08,93414762,119,0,13872,171
OF4,32,GRFrough,06-09,86969236,130,0,12577,208
OF4,32,GRFrough,06-10,70230252,133,0,14166,197
OF4,32,GRFrough,07-02,92144163,112,0,13116,179
OF4,32,GRFrough,07-03,59842450,129,0,14524,191
OF4,32,GRFrough,07-04,93254611,110,0,13075,157
OF4,32,GRFrough,07-05,69337040,112,0,13523,162
OF4,32,GRFrough,07-06,85680991,115,0,11173,206
OF4,32,GRFrough,07-08,53458265,113,0,13919,166
OF4,32,GRFrough,07-09,58108096,147,0,15004,280
OF4,32,GRFrough,07-10,78544581,104,0,14023,166
OF4,32,GRFrough,09-04,101930098,120,0,11758,172
OF4,32,GRFrough,09-05,48732085,110,0,12551,197
OF4,32,GRFrough,09-08,58231240,112,0,13006,193
OF4,32,GRFrough,09-10,56859618,100,0,12481,148
OF4,32,GRFrough,10-08,72471136,123,0,14192,213
OF4,32,GRFsmooth,01-02,377233768,117,0,9463,172
OF4,32,GRFsmooth,01-03,594757081,103,0,8838,133
OF4,32,GRFsmooth,01-04,338655740,93,0,9767,114
OF4,32,GRFsmooth,01-05,266428963,114,0,10885,214
OF4,32,GRFsmooth,01-06,241598192,125,0,10759,179
OF4,32,GRFsmooth,01-07,129291843,131,0,11883,233
OF4,32,GRFsmooth,01-08,357637007,82,0,7498,95
OF4,32,GRFsmooth,01-09,272161103,139,0,12184,288
OF4,32,GRFsmooth,01-10,430322351,114,0,8735,211
OF4,32,GRFsmooth,02-04,607469959,92,0,8528,89
OF4,32,GRFsmooth,02-05,442283221,100,0,9184,97
OF4,32,GRFsmooth,02-06,249539280,97,0,8889,147
OF4,32,GRFsmooth,02-08,221291380,97,0,10879,141
OF4,32,GRFsmooth,02-09,385469151,94,0,9960,154
OF4,32,GRFsmooth,02-10,362080931,92,0,9660,141
OF4,32,GRFsmooth,03-02,506638820,76,0,8983,97
OF4,32,GRFsmooth,03-04,813974907,64,0,5044,64
OF4,32,GRFsmooth,03-05,652543793,101,0,8901,102
OF4,32,GRFsmooth,03-06,415538951,135,0,12911,206
OF4,32,GRFsmooth,03-08,335064591,125,0,11553,245
OF4,32,GRFsmooth,03-09,461581458,97,0,9634,119
OF4,32,GRFsmooth,03-10,375078685,110,0,10657,153
OF4,32,GRFsmooth,04-05,232959016,109,0,10907,175
OF4,32,GRFsmooth,04-08,610212690,71,0,5203,65
OF4,32,GRFsmooth,04-10,484620911,71,0,6045,70
OF4,32,GRFsmooth,05-08,452963780,88,0,8782,91
OF4,32,GRFsmooth,05-10,342074493,119,0,11467,164
OF4,32,GRFsmooth,06-04,424760059,125,0,10396,171
OF4,32,GRFsmooth,06-05,280950206,118,0,10081,166
OF4,32,GRFsmooth,06-08,203392228,115,0,10674,135
OF4,32,GRFsmooth,06-09,263307652,99,0,11733,126
OF4,32,GRFsmooth,06-10,251598520,110,0,12021,143
OF4,32,GRFsmooth,07-02,342730228,113,0,10444,133
OF4,32,GRFsmooth,07-03,565672795,124,0,11440,155
OF4,32,GRFsmooth,07-04,343440940,99,0,10277,132
OF4,32,GRFsmooth,07-05,247375662,121,0,11469,230
OF4,32,GRFsmooth,07-06,202482143,120,0,12112,175
OF4,32,GRFsmooth,07-08,323133876,98,0,9974,94
OF4,32,GRFsmooth,07-09,311632699,86,0,10453,123
OF4,32,GRFsmooth,07-10,361886249,98,0,9788,130
OF4,32,GRFsmooth,09-04,409516974,99,0,8524,94
OF4,32,GRFsmooth,09-05,300071587,105,0,10595,121
OF4,32,GRFsmooth,09-08,262318029,112,0,9882,150
OF4,32,GRFsmooth,09-10,212730286,131,0,11348,241
OF4,32,GRFsmooth,10-08,227668958,114,0,11185,159
OF4,32,LogGRF,01-02,333218449,117,0,10491,214
OF4,32,LogGRF,01-03,617412165,137,0,11291,250
OF4,32,LogGRF,01-04,688923184,108,0,7938,184
OF4,32,LogGRF,01-05,1145348607,92,0,6554,96
OF4,32,LogGRF,01-06,489495261,73,0,8459,104
OF4,32,LogGRF,01-07,265700314,121,0,10987,197
OF4,32,LogGRF,01-08,501545829,103,0,9938,142
OF4,32,LogGRF,01-09,939096167,98,0,10530,152
OF4,32,LogGRF,01-10,792317004,86,0,7990,101
OF4,32,LogGRF,02-04,456281678,195,0,12480,440
OF4,32,LogGRF,02-05,938237818,78,0,5606,77
OF4,32,LogGRF,02-06,326943351,114,0,10766,200
OF4,32,LogGRF,02-08,275541228,103,0,10262,141
OF4,32,LogGRF,02-09,781853699,85,0,8230,117
OF4,32,LogGRF,02-10,564890219,80,0,7242,76
OF4,32,LogGRF,03-02,466827660,125,0,12087,202
OF4,32,LogGRF,03-04,859579272,161,0,12302,288
OF4,32,LogGRF,03-05,814545141,89,0,7893,116
OF4,32,LogGRF,03-06,605433216,116,0,9977,205
OF4,32,LogGRF,03-08,524447329,167,0,14336,316
OF4,32,LogGRF,03-09,766620886,101,0,9772,141
OF4,32,LogGRF,03-10,563997553,126,0,10418,202
OF4,32,LogGRF,04-05,778410411,91,0,8174,119
OF4,32,LogGRF,04-08,407192209,125,0,11543,244
OF4,32,LogGRF,04-10,541075695,84,0,8691,112
OF4,32,LogGRF,05-08,719037095,86,0,6532,99
OF4,32,LogGRF,05-10,418796539,108,0,9574,157
OF4,32,LogGRF,06-04,672747479,111,0,10708,169
OF4,32,LogGRF,06-05,1146141491,62,0,4758,65
OF4,32,LogGRF,06-08,508397729,99,0,10164,143
OF4,32,LogGRF,06-09,615763341,105,0,9887,134
OF4,32,LogGRF,06-10,775643335,82,0,6253,97
OF4,32,LogGRF,07-02,392091412,100,0,10328,164
OF4,32,LogGRF,07-03,556505038,131,0,13005,272
OF4,32,LogGRF,07-04,685794977,99,0,8742,126
OF4,32,LogGRF,07-05,995027910,81,0,6537,86
OF4,32,LogGRF,07-06,598155136,69,0,8243,86
OF4,32,LogGRF,07-08,390063951,125,0,12121,206
OF4,32,LogGRF,07-09,1073583212,98,0,8220,183
OF4,32,LogGRF,07-10,658499780,116,0,10652,145
OF4,32,LogGRF,09-04,1005998223,67,0,7100,122
OF4,32,LogGRF,09-05,738840806,116,0,11331,220
OF4,32,LogGRF,09-08,813762662,61,0,6548,101
OF4,32,LogGRF,09-10,674479461,75,0,7717,132
OF4,32,LogGRF,10-08,366518711,105,0,10764,123
OF4,32,LogitGRF,01-02,299468734,113,0,11223,182
OF4,32,LogitGRF,01-03,300100833,114,0,10795,194
OF4,32,LogitGRF,01-04,253860970,148,0,11829,275
OF4,32,LogitGRF,01-05,200393452,101,0,12034,122
OF4,32,LogitGRF,01-06,211939001,127,0,12947,190
OF4,32,LogitGRF,01-07,300960091,113,0,11104,133
OF4,32,LogitGRF,01-08,178462068,136,0,13306,207
OF4,32,LogitGRF,01-09,425318349,101,0,11084,166
OF4,32,LogitGRF,01-10,275250044,96,0,11355,149
OF4,32,LogitGRF,02-04,205289105,132,0,11958,275
OF4,32,LogitGRF,02-05,268555321,136,0,13037,238
OF4,32,LogitGRF,02-06,284351789,112,0,12103,155
OF4,32,LogitGRF,02-08,365810405,124,0,11172,228
OF4,32,LogitGRF,02-09,384837910,103,0,9797,140
OF4,32,LogitGRF,02-10,257497374,124,0,11854,206
OF4,32,LogitGRF,03-02,354309759,106,0,10333,145
OF4,32,LogitGRF,03-04,377333696,124,0,10572,209
OF4,32,LogitGRF,03-05,222639258,107,0,11489,139
OF4,32,LogitGRF,03-06,275795673,139,0,12151,273
OF4,32,LogitGRF,03-08,371563270,134,0,11573,208
OF4,32,LogitGRF,03-09,277961051,104,0,10593,191
OF4,32,LogitGRF,03-10,262792260,118,0,10895,214
OF4,32,LogitGRF,04-05,260345126,128,0,11691,239
OF4,32,LogitGRF,04-08,261970153,138,0,13005,235
OF4,32,LogitGRF,04-10,257995260,129,0,11882,212
OF4,32,LogitGRF,05-08,262483418,114,0,12499,171
OF4,32,LogitGRF,05-10,260163989,129,0,12593,248
OF4,32,LogitGRF,06-04,287312994,109,0,10293,145
OF4,32,LogitGRF,06-05,229712930,123,0,11894,215
OF4,32,LogitGRF,06-08,252171907,110,0,11535,126
OF4,32,LogitGRF,06-09,412419840,99,0,11072,140
OF4,32,LogitGRF,06-10,253903998,99,0,10638,209
OF4,32,LogitGRF,07-02,419236326,116,0,11305,150
OF4,32,LogitGRF,07-03,241996097,110,0,12097,185
OF4,32,LogitGRF,07-04,428004596,134,0,10227,179
OF4,32,LogitGRF,07-05,310987030,108,0,10535,147
OF4,32,LogitGRF,07-06,222788015,146,0,13548,248
OF4,32,LogitGRF,07-08,399758652,110,0,8714,136
OF4,32,LogitGRF,07-09,467208688,83,0,9349,118
OF4,32,LogitGRF,07-10,335951542,99,0,10520,153
OF4,32,LogitGRF,09-04,401352041,125,0,12080,213
OF4,32,LogitGRF,09-05,332882586,114,0,11529,227
OF4,32,LogitGRF,09-08,471835615,136,0,12531,274
OF4,32,LogitGRF,09-10,249193027,117,0,11488,222
OF4,32,LogitGRF,10-08,315438565,125,0,12674,210
OF4,32,MicroscopyImages,01-02,255398464,62,0,7172,169
OF4,32,MicroscopyImages,01-03,779931526,45,0,4521,127
OF4,32,MicroscopyImages,01-04,527393275,55,0,6316,116
OF4,32,MicroscopyImages,01-05,680928961,68,0,5973,195
OF4,32,MicroscopyImages,01-06,705387598,60,0,6471,126
OF4,32,MicroscopyImages,01-07,577288776,50,0,5926,154
OF4,32,MicroscopyImages,01-08,601180040,56,0,7511,116
OF4,32,MicroscopyImages,01-09,558275261,67,0,5804,248
OF4,32,MicroscopyImages,01-10,467126817,68,0,7310,137
OF4,32,MicroscopyImages,02-04,568997742,89,0,8473,131
OF4,32,MicroscopyImages,02-05,567789963,94,0,8072,197
OF4,32,MicroscopyImages,02-06,619951914,80,0,8668,121
OF4,32,MicroscopyImages,02-08,627193438,64,0,7186,120
OF4,32,MicroscopyImages,02-09,461689875,66,0,6580,119
OF4,32,MicroscopyImages,02-10,370538651,81,0,7916,117
OF4,32,MicroscopyImages,03-02,780972567,75,0,6912,190
OF4,32,MicroscopyImages,03-04,308973615,59,0,6566,167
OF4,32,MicroscopyImages,03-05,469700414,68,0,6936,179
OF4,32,MicroscopyImages,03-06,349288582,71,0,7720,146
OF4,32,MicroscopyImages,03-08,537750305,67,0,5853,128
OF4,32,MicroscopyImages,03-09,520719633,55,0,6280,196
OF4,32,MicroscopyImages,03-10,574287403,58,0,6951,117
OF4,32,MicroscopyImages,04-05,468182525,65,0,7455,111
OF4,32,MicroscopyImages,04-08,440742321,88,0,7609,145
OF4,32,MicroscopyImages,04-10,365913159,104,0,11184,201
OF4,32,MicroscopyImages,05-08,432182245,87,0,9111,205
OF4,32,MicroscopyImages,05-10,358161385,123,0,10129,309
OF4,32,MicroscopyImages,06-04,419268858,112,0,8747,240
OF4,32,MicroscopyImages,06-05,153687397,80,0,9851,162
OF4,32,MicroscopyImages,06-08,415732215,110,0,10433,183
OF4,32,MicroscopyImages,06-09,387956628,98,0,9740,285
OF4,32,MicroscopyImages,06-10,408437211,91,0,9647,134
OF4,32,MicroscopyImages,07-02,602823741,57,0,6828,142
OF4,32,MicroscopyImages,07-03,573364361,45,0,4667,89
OF4,32,MicroscopyImages,07-04,443066895,86,0,7849,192
OF4,32,MicroscopyImages,07-05,429119265,64,0,7192,156
OF4,32,MicroscopyImages,07-06,445593181,81,0,7744,172
OF4,32,MicroscopyImages,07-08,124271436,81,0,9959,178
OF4,32,MicroscopyImages,07-09,598579165,52,0,7256,114
OF4,32,MicroscopyImages,07-10,570594685,67,0,7093,171
OF4,32,MicroscopyImages,09-04,423525655,78,0,8736,192
OF4,32,MicroscopyImages,09-05,371148381,89,0,8526,289
OF4,32,MicroscopyImages,09-08,626329245,59,0,6841,125
OF4,32,MicroscopyImages,09-10,202769592,80,0,9394,203
OF4,32,MicroscopyImages,10-08,594904791,81,0,8455,156
OF4,32,Shapes,01-02,410240000,46,0,5834,103
OF4,32,Shapes,01-03,86400000,27,0,4320,92
OF4,32,Shapes,01-04,253764336,66,0,8661,112
OF4,32,Shapes,01-05,232824146,44,0,7593,73
OF4,32,Shapes,01-06,547200000,39,0,6058,65
OF4,32,Shapes,01-07,421192830,51,0,6616,91
OF4,32,Shapes,01-08,284583959,40,0,7278,97
OF4,32,Shapes,01-09,193600000,64,0,8633,188
OF4,32,Shapes,01-10,137600124,50,0,7967,114
OF4,32,Shapes,02-04,156475664,26,0,3809,86
OF4,32,Shapes,02-05,524567223,22,0,2685,75
OF4,32,Shapes,02-06,569376000,18,0,2476,79
OF4,32,Shapes,02-08,200621542,18,0,2912,103
OF4,32,Shapes,02-09,426288000,74,0,5456,438
OF4,32,Shapes,02-10,468845934,26,0,3258,89
OF4,32,Shapes,03-02,412672000,26,0,3431,91
OF4,32,Shapes,03-04,270936941,34,0,5464,110
OF4,32,Shapes,03-05,241418106,28,0,5354,110
OF4,32,Shapes,03-06,549200000,25,0,4449,84
OF4,32,Shapes,03-08,294767843,25,0,4205,104
OF4,32,Shapes,03-09,209600000,27,0,4844,97
OF4,32,Shapes,03-10,159314386,26,0,4885,90
OF4,32,Shapes,04-05,368091559,27,0,4185,69
OF4,32,Shapes,04-08,124021462,26,0,4304,111
OF4,32,Shapes,04-10,314895201,37,0,6442,120
OF4,32,Shapes,05-08,341815017,23,0,3150,101
OF4,32,Shapes,05-10,251655696,34,0,5271,142
OF4,32,Shapes,06-04,548443915,22,0,3367,60
OF4,32,Shapes,06-05,551212161,29,0,5094,129
OF4,32,Shapes,06-08,561503366,16,0,2711,69
OF4,32,Shapes,06-09,552200000,33,0,5390,143
OF4,32,Shapes,06-10,555360116,26,0,4684,97
OF4,32,Shapes,07-02,417954416,25,0,4000,82
OF4,32,Shapes,07-03,426116846,28,0,4112,101
OF4,32,Shapes,07-04,407460730,31,0,5004,63
OF4,32,Shapes,07-05,450386377,39,0,5580,129
OF4,32,Shapes,07-06,955899165,23,0,2993,77
OF4,32,Shapes,07-08,412610054,26,0,3789,89
OF4,32,Shapes,07-09,457625413,37,0,5072,125
OF4,32,Shapes,07-10,453893440,35,0,5727,91
OF4,32,Shapes,09-04,350087636,36,0,5111,117
OF4,32,Shapes,09-05,305927202,49,0,6750,251
OF4,32,Shapes,09-08,359034479,26,0,4046,130
OF4,32,Shapes,09-10,254960130,48,0,5298,235
OF4,32,Shapes,10-08,359585776,30,0,4516,130
OF4,32,WhiteNoise,01-02,49923925,126,0,14484,278
OF4,32,WhiteNoise,01-03,53192684,120,0,13712,242
OF4,32,WhiteNoise,01-04,65365081,115,0,12023,182
OF4,32,WhiteNoise,01-05,54722657,116,0,13393,203
OF4,32,WhiteNoise,01-06,46592527,111,0,12376,239
OF4,32,WhiteNoise,01-07,50750980,114,0,14674,208
OF4,32,WhiteNoise,01-08,50056442,108,0,13602,205
OF4,32,WhiteNoise,01-09,63968992,111,0,11248,209
OF4,32,WhiteNoise,01-10,53297742,91,0,10133,183
OF4,32,WhiteNoise,02-04,62923209,129,0,13762,240
OF4,32,WhiteNoise,02-05,54021874,106,0,12154,206
OF4,32,WhiteNoise,02-06,52348597,124,0,14387,258
OF4,32,WhiteNoise,02-08,48419928,123,0,13982,286
OF4,32,WhiteNoise,02-09,54972363,115,0,12571,232
OF4,32,WhiteNoise,02-10,54326690,128,0,13723,260
OF4,32,WhiteNoise,03-02,54645875,108,0,13172,222
OF4,32,WhiteNoise,03-04,64939525,125,0,13514,192
OF4,32,WhiteNoise,03-05,55934174,122,0,13774,235
OF4,32,WhiteNoise,03-06,46744963,127,0,13886,284
OF4,32,WhiteNoise,03-08,57962333,111,0,13234,215
OF4,32,WhiteNoise,03-09,57907135,123,0,11810,279
OF4,32,WhiteNoise,03-10,48842239,112,0,13952,231
OF4,32,WhiteNoise,04-05,51564815,120,0,13842,233
OF4,32,WhiteNoise,04-08,63010794,122,0,14264,180
OF4,32,WhiteNoise,04-10,72368141,130,0,12524,205
OF4,32,WhiteNoise,05-08,56350575,119,0,14539,209
OF4,32,WhiteNoise,05-10,57785189,125,0,13382,229
OF4,32,WhiteNoise,06-04,57500530,113,0,10736,213
OF4,32,WhiteNoise,06-05,50682684,132,0,14604,241
OF4,32,WhiteNoise,06-08,51399734,120,0,14866,237
OF4,32,WhiteNoise,06-09,58921608,128,0,13429,272
OF4,32,WhiteNoise,06-10,49560207,118,0,13253,247
OF4,32,WhiteNoise,07-02,52553854,113,0,14201,236
OF4,32,WhiteNoise,07-03,54915996,114,0,14076,225
OF4,32,WhiteNoise,07-04,72849324,114,0,13168,169
OF4,32,WhiteNoise,07-05,53943677,116,0,13051,213
OF4,32,WhiteNoise,07-06,55394834,131,0,15716,259
OF4,32,WhiteNoise,07-08,53947701,139,0,14250,314
OF4,32,WhiteNoise,07-09,64312246,117,0,13710,197
OF4,32,WhiteNoise,07-10,55553690,114,0,14543,218
OF4,32,WhiteNoise,09-04,55270512,120,0,13560,221
OF4,32,WhiteNoise,09-05,51573926,102,0,12236,200
OF4,32,WhiteNoise,09-08,60904523,113,0,13185,198
OF4,32,WhiteNoise,09-10,63410063,114,0,11090,208
OF4,32,WhiteNoise,10-08,58182141,113,0,13518,204
OF4,64,CauchyDensity,01-02,5076064114,1893,1,98259,753
OF4,64,CauchyDensity,01-03,2411576462,2192,1,74511,1354
OF4,64,CauchyDensity,01-04,4036995328,1392,1,76110,510
OF4,64,CauchyDensity,01-05,4033687643,1908,1,68595,1097
OF4,64,CauchyDensity,01-06,5109659699,1646,1,89789,454
OF4,64,CauchyDensity,01-07,3915930156,1914,1,68829,1078
OF4,64,CauchyDensity,01-08,4672664893,3053,1,90679,2100
OF4,64,CauchyDensity,01-09,4429959121,1629,1,68666,831
OF4,64,CauchyDensity,01-10,4176719945,2721,1,86863,1669
OF4,64,CauchyDensity,02-03,4904319399,2090,1,71030,839
OF4,64,CauchyDensity,02-04,4609833050,1206,1,64269,298
OF4,64,CauchyDensity,02-05,3143753211,2105,1,62404,829
OF4,64,CauchyDensity,02-07,4250932424,1631,1,69137,417
OF4,64,CauchyDensity,02-10,4669668180,1613,1,65713,506
OF4,64,CauchyDensity,03-07,1692434519,2117,1,75001,1076
OF4,64,CauchyDensity,03-10,2345149560,1891,1,64857,1030
OF4,64,CauchyDensity,04-03,3396567297,1155,1,48041,362
OF4,64,CauchyDensity,04-07,2663958141,1130,1,53952,296
OF4,64,CauchyDensity,04-10,2841952732,1020,1,52780,160
OF4,64,CauchyDensity,05-03,3295747717,1141,1,61431,227
OF4,64,CauchyDensity,05-04,4252586848,1177,1,51812,360
OF4,64,CauchyDensity,05-07,2939545792,981,1,56474,222
OF4,64,CauchyDensity,05-10,4059543080,981,1,51326,215
OF4,64,CauchyDensity,06-02,3518129933,989,1,56014,282
OF4,64,CauchyDensity,06-03,4974225195,1225,1,44729,184
OF4,64,CauchyDensity,06-04,3026465433,1526,1,55840,399
OF4,64,CauchyDensity,06-05,3410699292,985,1,48860,252
OF4,64,CauchyDensity,06-07,4654247833,1017,1,31732,124
OF4,64,CauchyDensity,06-08,3616777275,653,1,43352,143
OF4,64,CauchyDensity,06-10,5658787424,1017,1,31995,123
OF4,64,CauchyDensity,07-10,1261076515,1279,1,65500,468
OF4,64,CauchyDensity,08-02,3100355886,1008,1,39673,151
OF4,64,CauchyDensity,08-03,4311648463,1539,1,71016,427
OF4,64,CauchyDensity,08-04,4525573098,1377,1,49251,676
OF4,64,CauchyDensity,08-05,2393724907,1105,1,54372,304
OF4,64,CauchyDensity,08-07,3991327258,1228,1,58013,230
OF4,64,CauchyDensity,08-10,4374379605,1195,1,63448,190
OF4,64,CauchyDensity,09-02,5286691622,662,1,35394,133
OF4,64,CauchyDensity,09-03,3754174788,1188,1,53629,478
OF4,64,CauchyDensity,09-04,3990634658,1126,1,64522,223
OF4,64,CauchyDensity,09-05,4516408977,964,1,48717,221
OF4,64,CauchyDensity,09-06,6615333641,802,1,38660,137
OF4,64,CauchyDensity,09-07,2891570083,846,1,53912,205
OF4,64,CauchyDensity,09-08,5327035994,768,1,34415,132
OF4,64,CauchyDensity,09-10,2959573574,641,1,44261,142
OF4,64,ClassicImages,01-02,1402641808,1920,1,79481,787
OF4,64,ClassicImages,01-03,1496164632,1613,1,74855,720
OF4,64,ClassicImages,01-04,1178959927,1596,1,75698,660
OF4,64,ClassicImages,01-05,1378190282,1238,1,67543,401
OF4,64,ClassicImages,01-06,2050316813,1106,1,62578,310
OF4,64,ClassicImages,01-07,1700962608,1442,1,71956,490
OF4,64,ClassicImages,01-08,1380809008,1513,1,70269,628
OF4,64,ClassicImages,01-09,2591564616,1584,1,61614,450
OF4,64,ClassicImages,01-10,2129876213,1632,1,63908,642
OF4,64,ClassicImages,02-03,1168721437,2349,1,75587,1027
OF4,64,ClassicImages,02-04,632817512,1810,1,77191,751
OF4,64,ClassicImages,02-05,653237143,1441,1,74042,501
OF4,64,ClassicImages,02-07,728869466,1670,1,70950,863
OF4,64,ClassicImages,02-10,1265395705,1667,1,70600,553
OF4,64,ClassicImages,03-07,1466221245,1493,1,67105,546
OF4,64,ClassicImages,03-10,1844172503,1461,1,66247,449
OF4,64,ClassicImages,04-03,954721481,1737,1,70209,667
OF4,64,ClassicImages,04-07,1080334135,2004,1,75613,902
OF4,64,ClassicImages,04-10,1672163746,1313,1,61647,443
OF4,64,ClassicImages,05-03,1154370969,1208,1,63380,328
OF4,64,ClassicImages,05-04,807943202,2117,1,72539,878
OF4,64,ClassicImages,05-07,758883444,1701,1,78449,706
OF4,64,ClassicImages,05-10,1607147779,1623,1,65700,498
OF4,64,ClassicImages,06-02,774383219,1496,1,74490,525
OF4,64,ClassicImages,06-03,1254297548,1231,1,63908,456
OF4,64,ClassicImages,06-04,1211877060,1196,1,68839,308
OF4,64,ClassicImages,06-05,1035568637,1697,1,74367,790
OF4,64,ClassicImages,06-07,981107359,1262,1,70856,504
OF4,64,ClassicImages,06-08,1069799553,1578,1,67512,483
OF4,64,ClassicImages,06-10,1229164001,1579,1,69296,626
OF4,64,ClassicImages,07-10,1379641554,1494,1,65488,439
OF4,64,ClassicImages,08-02,836062287,1935,1,74533,627
OF4,64,ClassicImages,08-03,1169865343,1562,1,64933,451
OF4,64,ClassicImages,08-04,796288684,2009,1,78725,902
OF4,64,ClassicImages,08-05,992287931,2301,1,76163,826
OF4,64,ClassicImages,08-07,1087638737,1851,1,71103,494
OF4,64,ClassicImages,08-10,1353187399,1782,2,69195,715
OF4,64,ClassicImages,09-02,1930149399,1301,1,61381,207
OF4,64,ClassicImages,09-03,2337309207,1423,1,59363,507
OF4,64,ClassicImages,09-04,2230750153,1198,1,53990,275
OF4,64,ClassicImages,09-05,1876874387,1005,1,52559,186
OF4,64,ClassicImages,09-06,1605095518,1476,1,70561,303
OF4,64,ClassicImages,09-07,1724077375,1396,1,62171,369
OF4,64,ClassicImages,09-08,2562190115,1091,1,53928,190
OF4,64,ClassicImages,09-10,2614335580,1316,1,62157,307
OF4,64,GRFmoderate,01-02,1507986266,1317,1,61414,488
OF4,64,GRFmoderate,01-03,1078973876,1616,1,76623,497
OF4,64,GRFmoderate,01-04,1268747201,1201,1,65875,450
OF4,64,GRFmoderate,01-05,1559316877,1351,1,63169,237
OF4,64,GRFmoderate,01-06,2136973292,1068,1,47617,227
OF4,64,GRFmoderate,01-07,1452423125,1780,1,65080,713
OF4,64,GRFmoderate,01-08,1758601354,1480,1,64051,356
OF4,64,GRFmoderate,01-09,1424458507,1233,1,65253,362
OF4,64,GRFmoderate,01-10,1621826118,1365,1,67797,516
OF4,64,GRFmoderate,02-03,1414563783,1566,1,64147,518
OF4,64,GRFmoderate,02-04,2203122458,915,1,54422,230
OF4,64,GRFmoderate,02-05,1844091193,1422,1,65630,416
OF4,64,GRFmoderate,02-07,1694367797,1276,1,66041,371
OF4,64,GRFmoderate,02-10,2669429490,904,1,51040,254
OF4,64,GRFmoderate,03-07,1299362195,1459,1,67047,527
OF4,64,GRFmoderate,03-10,2128579957,919,1,52790,280
OF4,64,GRFmoderate,04-03,1750776193,999,1,61792,242
OF4,64,GRFmoderate,04-07,1466402664,1196,1,64024,210
OF4,64,GRFmoderate,04-10,1084949030,1794,1,72554,553
OF4,64,GRFmoderate,05-03,1162811491,2098,1,76143,795
OF4,64,GRFmoderate,05-04,1909829884,1627,1,64703,525
OF4,64,GRFmoderate,05-07,1036762954,2237,1,71290,975
OF4,64,GRFmoderate,05-10,1779056604,1654,1,71321,584
OF4,64,GRFmoderate,06-02,2160960689,1315,1,61084,333
OF4,64,GRFmoderate,06-03,1520615602,1641,1,65928,277
OF4,64,GRFmoderate,06-04,2309624437,1182,1,61968,202
OF4,64,GRFmoderate,06-05,803003806,1368,1,70625,477
OF4,64,GRFmoderate,06-07,1375340908,1872,1,70752,532
OF4,64,GRFmoderate,06-08,1355877066,1117,1,65259,341
OF4,64,GRFmoderate,06-10,1830170965,2120,1,80353,531
OF4,64,GRFmoderate,07-10,1339269661,1857,1,76309,758
OF4,64,GRFmoderate,08-02,1736991774,1537,1,64898,398
OF4,64,GRFmoderate,08-03,1141731329,1723,1,72211,558
OF4,64,GRFmoderate,08-04,1999657124,1621,1,73951,617
OF4,64,GRFmoderate,08-05,1174611435,1563,1,67073,397
OF4,64,GRFmoderate,08-07,1232702656,1290,1,66317,431
OF4,64,GRFmoderate,08-10,2366773088,937,1,57128,221
OF4,64,GRFmoderate,09-02,1998243109,1176,1,64382,437
OF4,64,GRFmoderate,09-03,1501927864,1650,1,71910,698
OF4,64,GRFmoderate,09-04,1148494715,1318,1,70397,354
OF4,64,GRFmoderate,09-05,1163523838,1966,1,71409,1192
OF4,64,GRFmoderate,09-06,1342038482,2755,1,78205,1574
OF4,64,GRFmoderate,09-07,817565486,1155,1,70165,374
OF4,64,GRFmoderate,09-08,1692729654,904,1,59018,214
OF4,64,GRFmoderate,09-10,943032317,1418,1,77107,494
OF4,64,GRFrough,01-02,382500238,2221,1,94481,1008
OF4,64,GRFrough,01-03,552821680,1831,1,80158,742
OF4,64,GRFrough,01-04,630631826,1716,1,77217,598
OF4,64,GRFrough,01-05,386310551,1195,1,74020,368
OF4,64,GRFrough,01-06,415711933,1912,1,81509,840
OF4,64,GRFrough,01-07,586972888,1146,1,70526,301
OF4,64,GRFrough,01-08,379005060,1625,1,78852,702
OF4,64,GRFrough,01-09,407681987,1631,1,72428,664
OF4,64,GRFrough,01-10,447825173,1848,1,81159,830
OF4,64,GRFrough,02-03,460453555,1601,1,78408,528
OF4,64,GRFrough,02-04,568647914,1873,1,73701,875
OF4,64,GRFrough,02-05,472320858,1341,1,77715,398
OF4,64,GRFrough,02-07,432066409,1489,1,81164,428
OF4,64,GRFrough,02-10,595452814,1681,1,82248,621
OF4,64,GRFrough,03-07,390722700,1638,1,84305,659
OF4,64,GRFrough,03-10,614985066,1845,1,73616,626
OF4,64,GRFrough,04-03,505754316,1525,1,78908,588
OF4,64,GRFrough,04-07,467990223,1480,1,80354,448
OF4,64,GRFrough,04-10,636534420,1311,1,70575,337
OF4,64,GRFrough,05-03,579855768,2626,1,82240,868
OF4,64,GRFrough,05-04,619099809,1852,1,66506,547
OF4,64,GRFrough,05-07,631667883,1208,1,72056,258
OF4,64,GRFrough,05-10,389335710,1270,1,72693,500
OF4,64,GRFrough,06-02,502840992,1300,1,74999,473
OF4,64,GRFrough,06-03,597529933,1809,1,80236,422
OF4,64,GRFrough,06-04,628672872,1781,1,75338,392
OF4,64,GRFrough,06-05,322073244,1979,1,75653,710
OF4,64,GRFrough,06-07,746418509,1702,1,71512,423
OF4,64,GRFrough,06-08,500307676,1205,1,66452,363
OF4,64,GRFrough,06-10,345804971,1766,1,78302,548
OF4,64,GRFrough,07-10,653043007,1649,1,66817,628
OF4,64,GRFrough,08-02,553777142,1348,1,72565,434
OF4,64,GRFrough,08-03,638812857,2025,1,77558,746
OF4,64,GRFrough,08-04,625033311,1454,1,69745,530
OF4,64,GRFrough,08-05,435200786,1835,1,78931,610
OF4,64,GRFrough,08-07,588796264,1359,1,74857,412
OF4,64,GRFrough,08-10,447001705,1625,1,77253,565
OF4,64,GRFrough,09-02,449951104,1630,1,81713,577
OF4,64,GRFrough,09-03,625732739,1968,1,79635,522
OF4,64,GRFrough,09-04,638011787,1297,1,71247,332
OF4,64,GRFrough,09-05,263657888,1163,1,80760,358
OF4,64,GRFrough,09-06,321374890,1631,1,80201,692
OF4,64,GRFrough,09-07,671949804,1363,1,74714,370
OF4,64,GRFrough,09-08,455922680,1619,1,77609,742
OF4,64,GRFrough,09-10,395119750,1493,1,82311,595
OF4,64,GRFsmooth,01-02,3985928343,1237,1,75928,345
OF4,64,GRFsmooth,01-03,1590774080,1755,1,66197,807
OF4,64,GRFsmooth,01-04,4040553340,1054,1,54925,213
OF4,64,GRFsmooth,01-05,3977575437,1214,1,49728,460
OF4,64,GRFsmooth,01-06,1681325087,1260,1,69337,496
OF4,64,GRFsmooth,01-07,2192614025,1314,1,67858,377
OF4,64,GRFsmooth,01-08,2493646426,1831,1,60258,980
OF4,64,GRFsmooth,01-09,1791401129,1551,1,66575,542
OF4,64,GRFsmooth,01-10,3526564056,788,1,48988,211
OF4,64,GRFsmooth,02-03,3206905866,1923,1,76998,684
OF4,64,GRFsmooth,02-04,2406279602,1226,1,57773,386
OF4,64,GRFsmooth,02-05,3317573241,1221,1,55512,317
OF4,64,GRFsmooth,02-07,4998618370,1400,1,51766,224
OF4,64,GRFsmooth,02-10,3408102301,1114,1,49739,175
OF4,64,GRFsmooth,03-07,2786667461,1110,1,52017,242
OF4,64,GRFsmooth,03-10,2668090958,1328,1,64467,471
OF4,64,GRFsmooth,04-03,3367602253,1100,1,56884,238
OF4,64,GRFsmooth,04-07,5095191132,993,1,41529,163
OF4,64,GRFsmooth,04-10,3514980496,1459,1,55898,438
OF4,64,GRFsmooth,05-03,3652875983,1388,1,54341,529
OF4,64,GRFsmooth,05-04,2715552062,1196,1,50585,219
OF4,64,GRFsmooth,05-07,2949880511,1411,1,63586,429
OF4,64,GRFsmooth,05-10,2172178393,1377,1,60629,425
OF4,64,GRFsmooth,06-02,3502184494,1255,1,62870,219
OF4,64,GRFsmooth,06-03,1953521521,1128,1,60618,334
OF4,64,GRFsmooth,06-04,3579113357,1267,1,60630,220
OF4,64,GRFsmooth,06-05,3146345385,1453,1,58346,504
OF4,64,GRFsmooth,06-07,1882264922,1364,1,65088,389
OF4,64,GRFsmooth,06-08,1863073647,2150,1,65525,1136
OF4,64,GRFsmooth,06-10,2546835602,958,1,50907,284
OF4,64,GRFsmooth,07-10,2021249316,1431,1,69794,455
OF4,64,GRFsmooth,08-02,3590955417,1150,1,54155,201
OF4,64,GRFsmooth,08-03,1454494780,1227,1,69019,437
OF4,64,GRFsmooth,08-04,3783095006,1241,1,55901,326
OF4,64,GRFsmooth,08-05,3839108228,1226,1,47058,449
OF4,64,GRFsmooth,08-07,2765283184,1974,1,59011,578
OF4,64,GRFsmooth,08-10,2041857998,1453,1,65688,468
OF4,64,GRFsmooth,09-02,3433274724,1270,1,62760,467
OF4,64,GRFsmooth,09-03,1094270959,1206,1,69706,396
OF4,64,GRFsmooth,09-04,3584935484,1517,1,57562,570
OF4,64,GRFsmooth,09-05,4056096831,1179,1,52250,452
OF4,64,GRFsmooth,09-06,1810738411,992,1,57405,222
OF4,64,GRFsmooth,09-07,3109613521,1289,1,60592,345
OF4,64,GRFsmooth,09-08,1748171246,1232,1,66213,361
OF4,64,GRFsmooth,09-10,3028570471,1172,1,59241,478
OF4,64,LogGRF,01-02,4307523537,1134,1,52048,263
OF4,64,LogGRF,01-03,4534117948,861,1,46910,284
OF4,64,LogGRF,01-04,5727589096,1189,1,60593,331
OF4,64,LogGRF,01-05,4848571816,1059,1,47442,433
OF4,64,LogGRF,01-06,4854172837,796,1,43806,218
OF4,64,LogGRF,01-07,2831950621,1168,1,59556,314
OF4,64,LogGRF,01-08,3023363939,1476,1,64600,569
OF4,64,LogGRF,01-09,4448966107,1882,1,67282,827
OF4,64,LogGRF,01-10,4218707725,1152,1,56558,410
OF4,64,LogGRF,02-03,4845768064,1085,1,48593,310
OF4,64,LogGRF,02-04,7087108499,1788,2,66326,337
OF4,64,LogGRF,02-05,5828071710,1686,1,69857,297
OF4,64,LogGRF,02-07,3625088371,1450,1,59987,443
OF4,64,LogGRF,02-10,5533566558,1047,1,49341,233
OF4,64,LogGRF,03-07,2437527580,1129,1,64162,300
OF4,64,LogGRF,03-10,2329384361,1449,1,59750,535
OF4,64,LogGRF,04-03,4357249903,1257,1,54448,248
OF4,64,LogGRF,04-07,4853745863,1438,1,58576,348
OF4,64,LogGRF,04-10,5143269892,1232,1,52560,339
OF4,64,LogGRF,05-03,2872198987,1621,1,63984,526
OF4,64,LogGRF,05-04,2946262115,1684,1,62784,684
OF4,64,LogGRF,05-07,3435706499,1631,1,67537,625
OF4,64,LogGRF,05-10,3277758926,1375,1,54469,377
OF4,64,LogGRF,06-02,5295897191,992,1,58881,254
OF4,64,LogGRF,06-03,1757933971,1261,1,62975,405
OF4,64,LogGRF,06-04,3262687970,1957,1,60041,696
OF4,64,LogGRF,06-05,2096040176,1526,1,68872,520
OF4,64,LogGRF,06-07,2792735334,1001,1,53002,354
OF4,64,LogGRF,06-08,2564906123,1823,1,75943,926
OF4,64,LogGRF,06-10,2470359663,1881,1,65669,885
OF4,64,LogGRF,07-10,3241868467,1155,1,58980,273
OF4,64,LogGRF,08-02,5922545778,992,1,45485,214
OF4,64,LogGRF,08-03,3270023031,1679,1,67021,394
OF4,64,LogGRF,08-04,3702611666,1172,1,56465,336
OF4,64,LogGRF,08-05,2897197693,1228,1,52165,590
OF4,64,LogGRF,08-07,3226089064,1879,1,59089,653
OF4,64,LogGRF,08-10,3511864596,1226,1,52737,213
OF4,64,LogGRF,09-02,3541242887,1278,1,65181,441
OF4,64,LogGRF,09-03,3057742990,1391,1,58147,598
OF4,64,LogGRF,09-04,5283345027,952,1,45424,185
OF4,64,LogGRF,09-05,4278280328,1121,1,53905,249
OF4,64,LogGRF,09-06,3099864747,1979,1,69785,821
OF4,64,LogGRF,09-07,2898148260,1698,1,74482,658
OF4,64,LogGRF,09-08,4617403852,1113,1,53225,272
OF4,64,LogGRF,09-10,4573992864,1310,1,55879,458
OF4,64,LogitGRF,01-02,1518347984,1394,1,73295,523
OF4,64,LogitGRF,01-03,2657765139,2304,1,72218,1134
OF4,64,LogitGRF,01-04,3140252343,1111,1,56184,224
OF4,64,LogitGRF,01-05,1468536619,1593,1,70441,731
OF4,64,LogitGRF,01-06,1596973601,1427,1,74748,496
OF4,64,LogitGRF,01-07,3699254066,1460,1,59613,447
OF4,64,LogitGRF,01-08,1980420468,1272,1,69938,434
OF4,64,LogitGRF,01-09,2021390572,2114,1,72154,990
OF4,64,LogitGRF,01-10,2593031836,1866,1,65136,637
OF4,64,LogitGRF,02-03,2717164281,1956,1,66610,630
OF4,64,LogitGRF,02-04,2844251840,1628,1,58621,401
OF4,64,LogitGRF,02-05,1925002278,1671,1,68072,531
OF4,64,LogitGRF,02-07,3453739046,2271,1,58885,640
OF4,64,LogitGRF,02-10,2563169931,1839,1,59496,525
OF4,64,LogitGRF,03-07,1782699114,1790,1,73115,674
OF4,64,LogitGRF,03-10,1132528112,1623,1,77992,605
OF4,64,LogitGRF,04-03,1986148775,2994,1,82174,1616
OF4,64,LogitGRF,04-07,1955616468,1106,1,62915,297
OF4,64,LogitGRF,04-10,1270187612,1910,1,73170,667
OF4,64,LogitGRF,05-03,2465195903,2093,1,72273,1046
OF4,64,LogitGRF,05-04,2437789811,1913,1,67904,514
OF4,64,LogitGRF,05-07,3001850528,1403,1,69886,305
OF4,64,LogitGRF,05-10,2075524230,1495,1,69181,412
OF4,64,LogitGRF,06-02,1733047197,1392,1,66648,760
OF4,64,LogitGRF,06-03,2706484876,2084,1,79452,937
OF4,64,LogitGRF,06-04,3010793702,1769,1,59845,725
OF4,64,LogitGRF,06-05,1687021517,1349,1,67160,514
OF4,64,LogitGRF,06-07,3473686899,1787,1,70536,646
OF4,64,LogitGRF,06-08,1965280525,1540,1,67379,661
OF4,64,LogitGRF,06-10,2404635024,1709,1,71716,610
OF4,64,LogitGRF,07-10,1621237701,1472,1,72729,503
OF4,64,LogitGRF,08-02,2177928226,1216,1,66148,420
OF4,64,LogitGRF,08-03,3113805704,1040,1,59394,307
OF4,64,LogitGRF,08-04,2114415784,1592,1,64686,444
OF4,64,LogitGRF,08-05,1663214512,1370,1,72043,489
OF4,64,LogitGRF,08-07,3406596892,1212,1,60533,320
OF4,64,LogitGRF,08-10,2353891876,1774,1,68086,729
OF4,64,LogitGRF,09-02,2159049040,1639,1,67134,682
OF4,64,LogitGRF,09-03,1521175906,1301,1,68506,503
OF4,64,LogitGRF,09-04,1597297023,1470,1,75728,513
OF4,64,LogitGRF,09-05,1676188725,1537,1,78365,594
OF4,64,LogitGRF,09-06,2206257489,1729,1,75424,664
OF4,64,LogitGRF,09-07,2096903370,1704,1,71508,634
OF4,64,LogitGRF,09-08,2100432880,981,1,58397,292
OF4,64,LogitGRF,09-10,1171909811,1319,1,73821,462
OF4,64,MicroscopyImages,01-02,1733645127,275,0,18961,360
OF4,64,MicroscopyImages,01-03,2757171967,109,0,10250,148
OF4,64,MicroscopyImages,01-04,2757431011,196,0,16508,211
OF4,64,MicroscopyImages,01-05,5703247133,85,0,6101,110
OF4,64,MicroscopyImages,01-06,4948822092,259,0,14162,252
OF4,64,MicroscopyImages,01-07,2595871882,240,0,15820,421
OF4,64,MicroscopyImages,01-08,2988776246,341,0,23614,459
OF4,64,MicroscopyImages,01-09,7506608616,119,0,6314,184
OF4,64,MicroscopyImages,01-10,6049385483,230,0,15710,187
OF4,64,MicroscopyImages,02-03,1917785595,297,0,20859,395
OF4,64,MicroscopyImages,02-04,2486516961,510,1,29364,407
OF4,64,MicroscopyImages,02-05,4477437193,260,0,16594,188
OF4,64,MicroscopyImages,02-07,2087193819,530,0,27740,453
OF4,64,MicroscopyImages,02-10,4821780719,783,1,34605,477
OF4,64,MicroscopyImages,03-07,1868829172,251,0,18946,464
OF4,64,MicroscopyImages,03-10,3668944174,393,0,26253,445
OF4,64,MicroscopyImages,04-03,1911679888,164,0,16324,202
OF4,64,MicroscopyImages,04-07,2853647749,265,0,20452,184
OF4,64,MicroscopyImages,04-10,3542022176,548,1,26548,321
OF4,64,MicroscopyImages,05-03,3191637276,181,0,11048,340
OF4,64,MicroscopyImages,05-04,3228858910,191,0,15176,159
OF4,64,MicroscopyImages,05-07,4107903056,173,0,14105,158
OF4,64,MicroscopyImages,05-10,2203521999,330,0,24646,361
OF4,64,MicroscopyImages,06-02,4394463422,388,0,26838,271
OF4,64,MicroscopyImages,06-03,3799080165,157,0,13739,161
OF4,64,MicroscopyImages,06-04,2808335812,351,0,22840,254
OF4,64,MicroscopyImages,06-05,2221785135,196,0,16567,266
OF4,64,MicroscopyImages,06-07,4364623140,404,0,24724,361
OF4,64,MicroscopyImages,06-08,4866224296,345,0,25477,219
OF4,64,MicroscopyImages,06-10,2102746436,615,1,30346,601
OF4,64,MicroscopyImages,07-10,4465894893,570,1,28684,338
OF4,64,MicroscopyImages,08-02,2303466271,423,1,32318,244
OF4,64,MicroscopyImages,08-03,1956650836,247,0,23276,302
OF4,64,MicroscopyImages,08-04,3509714278,332,1,23095,250
OF4,64,MicroscopyImages,08-05,3753269225,265,0,22733,243
OF4,64,MicroscopyImages,08-07,1260501673,581,1,30270,342
OF4,64,MicroscopyImages,08-10,4394372431,572,1,34752,291
OF4,64,MicroscopyImages,09-02,6250857641,361,0,16983,316
OF4,64,MicroscopyImages,09-03,5003688310,147,0,9731,202
OF4,64,MicroscopyImages,09-04,4958714226,352,0,13483,219
OF4,64,MicroscopyImages,09-05,3199153190,166,0,12441,274
OF4,64,MicroscopyImages,09-06,3445981708,385,0,17160,475
OF4,64,MicroscopyImages,09-07,5763254134,289,0,15240,296
OF4,64,MicroscopyImages,09-08,5011677149,433,0,27629,297
OF4,64,MicroscopyImages,09-10,1672023866,512,0,25617,499
OF4,64,Shapes,01-02,3278080000,487,1,34807,179
OF4,64,Shapes,01-03,654400000,291,1,30343,193
OF4,64,Shapes,01-04,2054445587,786,1,47977,313
OF4,64,Shapes,01-05,1875530339,444,1,46525,147
OF4,64,Shapes,01-06,4371200000,395,1,36817,128
OF4,64,Shapes,01-07,3270559902,522,1,35900,216
OF4,64,Shapes,01-08,2278157737,397,1,41979,193
OF4,64,Shapes,01-09,1493600000,713,1,59615,349
OF4,64,Shapes,01-10,966932009,706,1,52056,354
OF4,64,Shapes,02-03,3292160000,322,0,20899,193
OF4,64,Shapes,02-04,1224658413,304,0,23833,132
OF4,64,Shapes,02-05,4195408844,264,0,15951,144
OF4,64,Shapes,02-07,3254290741,252,1,17435,164
OF4,64,Shapes,02-10,3656388946,337,0,23155,170
OF4,64,Shapes,03-07,3309460750,386,1,26674,248
OF4,64,Shapes,03-10,1164576747,330,1,30379,176
OF4,64,Shapes,04-03,2179676369,459,1,30053,335
OF4,64,Shapes,04-07,3156823219,293,1,23440,126
OF4,64,Shapes,04-10,2436135155,635,1,56777,505
OF4,64,Shapes,05-03,1947073068,358,1,35906,243
OF4,64,Shapes,05-04,2971774431,323,1,23506,162
OF4,64,Shapes,05-07,3535802246,572,1,32087,432
OF4,64,Shapes,05-10,1911451410,572,1,35855,375
OF4,64,Shapes,06-02,4549120000,229,0,15292,202
OF4,64,Shapes,06-03,4388000000,314,0,28054,128
OF4,64,Shapes,06-04,4389957854,222,1,16186,118
OF4,64,Shapes,06-05,4404159756,387,1,39560,287
OF4,64,Shapes,06-07,7540997157,257,1,22529,228
OF4,64,Shapes,06-08,4491116348,187,0,16725,175
OF4,64,Shapes,06-10,4386621352,614,1,37181,458
OF4,64,Shapes,07-10,3458630719,426,1,31604,290
OF4,64,Shapes,08-02,1618063033,197,0,17134,196
OF4,64,Shapes,08-03,2353218309,281,0,23557,245
OF4,64,Shapes,08-04,1002862764,360,0,25972,369
OF4,64,Shapes,08-05,2715276818,232,0,18824,201
OF4,64,Shapes,08-07,3210469162,243,0,20043,170
OF4,64,Shapes,08-10,2742487890,428,0,26729,404
OF4,64,Shapes,09-02,3401248000,1126,0,37037,1403
OF4,64,Shapes,09-03,1666400000,313,0,29852,183
OF4,64,Shapes,09-04,2785617477,637,0,30661,586
OF4,64,Shapes,09-05,2454622735,739,0,51437,738
OF4,64,Shapes,09-06,4410200000,514,0,44716,404
OF4,64,Shapes,09-07,3560132975,517,0,32482,399
OF4,64,Shapes,09-08,2871274611,400,0,26036,501
OF4,64,Shapes,09-10,1910043222,581,0,32312,467
OF4,64,WhiteNoise,01-02,215578689,1935,1,89038,808
OF4,64,WhiteNoise,01-03,217610828,1649,1,79101,732
OF4,64,WhiteNoise,01-04,239225422,1942,1,90657,819
OF4,64,WhiteNoise,01-05,242516595,2003,1,95580,955
OF4,64,WhiteNoise,01-06,226655938,1960,1,95222,874
OF4,64,WhiteNoise,01-07,308896950,1665,1,88579,594
OF4,64,WhiteNoise,01-08,273783728,1406,1,86998,588
OF4,64,WhiteNoise,01-09,257288816,1973,1,95780,961
OF4,64,WhiteNoise,01-10,265928936,2268,1,100873,972
OF4,64,WhiteNoise,02-03,252595459,1445,1,83136,520
OF4,64,WhiteNoise,02-04,265804029,1443,1,82043,514
OF4,64,WhiteNoise,02-05,240488406,1513,1,88985,687
OF4,64,WhiteNoise,02-07,295007283,1483,1,84202,656
OF4,64,WhiteNoise,02-10,271345977,1832,1,88014,895
OF4,64,WhiteNoise,03-07,330917801,1588,1,87057,637
OF4,64,WhiteNoise,03-10,289266463,1785,1,86475,850
OF4,64,WhiteNoise,04-03,226665859,1308,1,82633,540
OF4,64,WhiteNoise,04-07,298813368,1697,1,86633,626
OF4,64,WhiteNoise,04-10,255482346,1347,1,73006,615
OF4,64,WhiteNoise,05-03,236921903,2146,1,101069,961
OF4,64,WhiteNoise,05-04,240121533,1933,1,97227,850
OF4,64,WhiteNoise,05-07,249535614,1904,1,93490,778
OF4,64,WhiteNoise,05-10,222238326,1541,1,88983,718
OF4,64,WhiteNoise,06-02,215603487,1213,1,84018,437
OF4,64,WhiteNoise,06-03,252469265,1638,1,81749,669
OF4,64,WhiteNoise,06-04,239384260,1876,1,80616,793
OF4,64,WhiteNoise,06-05,226523492,1914,1,97298,832
OF4,64,WhiteNoise,06-07,237824801,1950,1,96131,848
OF4,64,WhiteNoise,06-08,227112065,1607,3,87174,787
OF4,64,WhiteNoise,06-10,243666637,1464,1,82237,760
OF4,64,WhiteNoise,07-10,230105990,1736,1,92597,756
OF4,64,WhiteNoise,08-02,289286758,1834,1,94101,740
OF4,64,WhiteNoise,08-03,273467343,1394,1,86542,550
OF4,64,WhiteNoise,08-04,229510337,1624,1,86540,739
OF4,64,WhiteNoise,08-05,258269825,1500,1,79416,707
OF4,64,WhiteNoise,08-07,244219840,2054,1,88706,821
OF4,64,WhiteNoise,08-10,235587716,1522,1,84194,773
OF4,64,WhiteNoise,09-02,284737068,1829,1,91320,705
OF4,64,WhiteNoise,09-03,259303153,1878,1,83562,1018
OF4,64,WhiteNoise,09-04,217722066,1173,1,71900,554
OF4,64,WhiteNoise,09-05,260941497,1867,1,91582,949
OF4,64,WhiteNoise,09-06,237143069,2361,1,92052,984
OF4,64,WhiteNoise,09-07,276410438,1470,1,83972,515
OF4,64,WhiteNoise,09-08,223299765,1291,1,83369,542
OF4,64,WhiteNoise,09-10,257955295,1888,1,89049,957
OF4,128,CauchyDensity,01-06,62811621103,26073,5,580429,1480
OF4,128,CauchyDensity,01-10,61266645531,18699,5,254303,1839
OF4,128,CauchyDensity,02-01,28660975511,13374,5,320085,500
OF4,128,CauchyDensity,02-04,44316490693,13042,5,325181,738
OF4,128,CauchyDensity,02-06,57355990014,15698,5,339594,810
OF4,128,CauchyDensity,02-10,55349635994,12727,5,223526,1173
OF4,128,CauchyDensity,03-01,64055352434,42332,5,631531,4946
OF4,128,CauchyDensity,03-02,53959348305,14354,5,355579,551
OF4,128,CauchyDensity,03-04,18163042634,22888,5,340492,2269
OF4,128,CauchyDensity,03-06,15033593967,31840,5,376175,3878
OF4,128,CauchyDensity,03-07,15132082060,35311,5,407581,4284
OF4,128,CauchyDensity,03-08,24352557318,30601,5,359728,3442
OF4,128,CauchyDensity,03-09,22888454670,22052,5,321797,2165
OF4,128,CauchyDensity,03-10,37978782456,14950,5,262937,633
OF4,128,CauchyDensity,04-01,50351630064,29852,5,651352,3658
OF4,128,CauchyDensity,04-06,18036550197,21487,5,357994,2124
OF4,128,CauchyDensity,04-10,37063830698,12801,5,274920,349
OF4,128,CauchyDensity,05-01,44967711710,32033,5,530057,1742
OF4,128,CauchyDensity,05-02,37667718690,26693,5,445065,2136
OF4,128,CauchyDensity,05-03,28123481248,26785,5,338459,2368
OF4,128,CauchyDensity,05-04,20087344173,13308,5,310899,773
OF4,128,CauchyDensity,05-06,26171559769,8201,5,236401,303
OF4,128,CauchyDensity,05-07,16309766883,15766,5,331740,964
OF4,128,CauchyDensity,05-08,9702329292,23343,5,426533,1362
OF4,128,CauchyDensity,05-09,21322948015,10440,5,275825,358
OF4,128,CauchyDensity,05-10,36473670483,14025,5,308953,383
OF4,128,CauchyDensity,07-01,52771800118,37306,5,690678,1752
OF4,128,CauchyDensity,07-02,47216765596,17982,5,390098,855
OF4,128,CauchyDensity,07-04,12493486703,34744,5,336221,4612
OF4,128,CauchyDensity,07-06,11294687699,12350,4,351834,439
OF4,128,CauchyDensity,07-10,35131081672,11331,5,235281,292
OF4,128,CauchyDensity,08-01,45002347121,36414,5,661787,1791
OF4,128,CauchyDensity,08-02,41450015983,17679,5,356111,1087
OF4,128,CauchyDensity,08-04,15959881331,22631,5,304326,2736
OF4,128,CauchyDensity,08-06,20988526569,10990,5,294709,380
OF4,128,CauchyDensity,08-07,9871700525,25740,5,375351,2238
OF4,128,CauchyDensity,08-10,28500158402,12167,5,275803,315
OF4,128,CauchyDensity,09-01,55300584129,39650,5,803444,1870
OF4,128,CauchyDensity,09-02,53461498111,25680,5,481275,1548
OF4,128,CauchyDensity,09-04,16427477087,25323,5,323298,2953
OF4,128,CauchyDensity,09-06,12234868046,20416,5,337361,1671
OF4,128,CauchyDensity,09-07,12183241863,13141,5,327683,575
OF4,128,CauchyDensity,09-08,17149399893,12131,5,311634,382
OF4,128,CauchyDensity,09-10,45091382242,10358,5,194827,269
OF4,128,CauchyDensity,10-06,42650796868,10895,5,213567,287
OF4,128,ClassicImages,01-06,16404759797,14907,5,356501,883
OF4,128,ClassicImages,01-10,17046832322,18935,5,348097,1512
OF4,128,ClassicImages,02-01,11223055906,34962,5,418544,3015
OF4,128,ClassicImages,02-04,5065179556,26914,4,421983,3024
OF4,128,ClassicImages,02-06,6197216699,18723,5,371735,1611
OF4,128,ClassicImages,02-10,10129292033,28980,5,363525,2497
OF4,128,ClassicImages,03-01,11975448898,23054,5,418910,1859
OF4,128,ClassicImages,03-02,9353301615,28476,5,392265,2391
OF4,128,ClassicImages,03-04,7639899523,26517,5,390150,2190
OF4,128,ClassicImages,03-06,10036954573,18758,5,372031,1349
OF4,128,ClassicImages,03-07,11734381733,24741,5,360959,2620
OF4,128,ClassicImages,03-08,9362466970,23965,5,367791,1421
OF4,128,ClassicImages,03-09,18703628011,36099,5,350368,2421
OF4,128,ClassicImages,03-10,14759265730,20709,5,359122,1104
OF4,128,ClassicImages,04-01,9435550865,25456,5,393833,2101
OF4,128,ClassicImages,04-06,9696247620,19021,5,355506,1078
OF4,128,ClassicImages,04-10,13382388789,20082,5,331331,1610
OF4,128,ClassicImages,05-01,11027574486,18324,5,360350,922
OF4,128,ClassicImages,05-02,5228018954,17520,5,396656,1245
OF4,128,ClassicImages,05-03,9237849109,16091,5,343517,1183
OF4,128,ClassicImages,05-04,6465306604,27656,4,408973,2657
OF4,128,ClassicImages,05-06,8286569645,24974,5,387627,2512
OF4,128,ClassicImages,05-07,6076145775,24849,5,416969,2480
OF4,128,ClassicImages,05-08,7945862741,32915,5,430069,2824
OF4,128,ClassicImages,05-09,15019611649,16279,5,324261,501
OF4,128,ClassicImages,05-10,12861686671,20028,5,353633,1108
OF4,128,ClassicImages,07-01,13610092040,24644,5,389529,1616
OF4,128,ClassicImages,07-02,5835927482,44105,5,444070,5555
OF4,128,ClassicImages,07-04,8647734375,29831,5,420239,3004
OF4,128,ClassicImages,07-06,7849507135,16013,5,349978,1166
OF4,128,ClassicImages,07-10,11041875769,22287,5,358574,1867
OF4,128,ClassicImages,08-01,11048994496,27251,5,392212,2748
OF4,128,ClassicImages,08-02,6691314366,20923,4,389008,1340
OF4,128,ClassicImages,08-04,6375169135,21461,5,400555,1863
OF4,128,ClassicImages,08-06,8560254120,20146,5,389526,1610
OF4,128,ClassicImages,08-07,8705327449,21499,5,382093,1423
OF4,128,ClassicImages,08-10,10831355972,24808,5,391675,2233
OF4,128,ClassicImages,09-01,20736892942,22850,5,328165,1226
OF4,128,ClassicImages,09-02,15443269338,19805,5,319607,487
OF4,128,ClassicImages,09-04,17849878451,26200,5,314322,919
OF4,128,ClassicImages,09-06,12844273013,25061,4,388329,914
OF4,128,ClassicImages,09-07,13795083753,21979,5,324834,1055
OF4,128,ClassicImages,09-08,20500218062,14794,5,289039,380
OF4,128,ClassicImages,09-10,20919424492,17553,5,333073,806
OF4,128,ClassicImages,10-06,9838172435,19039,5,384124,1668
OF4,128,GRFmoderate,01-06,15707941355,16776,4,349410,1087
OF4,128,GRFmoderate,01-10,12106531931,13409,5,286893,1276
OF4,128,GRFmoderate,02-01,15090234508,15376,5,331941,1123
OF4,128,GRFmoderate,02-04,11459464068,16182,5,345743,1091
OF4,128,GRFmoderate,02-06,17281989049,24458,5,353494,1209
OF4,128,GRFmoderate,02-10,6444883084,23310,5,381179,2539
OF4,128,GRFmoderate,03-01,15754507199,13817,5,297176,1057
OF4,128,GRFmoderate,03-02,10864740438,20422,5,373227,1136
OF4,128,GRFmoderate,03-04,8216094935,28924,5,394557,3570
OF4,128,GRFmoderate,03-06,10768732919,21991,5,384595,1552
OF4,128,GRFmoderate,03-07,11755401430,20499,5,365616,1865
OF4,128,GRFmoderate,03-08,9994848911,20052,5,362514,1783
OF4,128,GRFmoderate,03-09,10177667877,15945,5,385023,1058
OF4,128,GRFmoderate,03-10,9998254792,18674,5,364251,1284
OF4,128,GRFmoderate,04-01,11732691356,16077,5,335795,1057
OF4,128,GRFmoderate,04-06,11384239363,21167,5,352719,1426
OF4,128,GRFmoderate,04-10,8300031251,19792,5,365051,1535
OF4,128,GRFmoderate,05-01,16257322335,14758,5,295331,1210
OF4,128,GRFmoderate,05-02,8870402950,17413,5,334933,986
OF4,128,GRFmoderate,05-03,9309768288,27406,5,375607,3079
OF4,128,GRFmoderate,05-04,11190428667,26212,5,379069,2550
OF4,128,GRFmoderate,05-06,14397655626,15237,5,336551,920
OF4,128,GRFmoderate,05-07,13065265364,13752,5,318108,900
OF4,128,GRFmoderate,05-08,10494477304,30021,5,377101,3500
OF4,128,GRFmoderate,05-09,12029495255,19410,5,386839,1061
OF4,128,GRFmoderate,05-10,9179999813,23034,5,379737,1595
OF4,128,GRFmoderate,07-01,4517907258,30448,5,446814,3836
OF4,128,GRFmoderate,07-02,12143242131,16118,5,348159,1188
OF4,128,GRFmoderate,07-04,8584912215,18328,5,356109,1729
OF4,128,GRFmoderate,07-06,14053678089,15642,5,330614,754
OF4,128,GRFmoderate,07-10,8664257346,14753,5,357387,984
OF4,128,GRFmoderate,08-01,9720259473,20068,5,383241,859
OF4,128,GRFmoderate,08-02,13348457858,27155,5,375048,1518
OF4,128,GRFmoderate,08-04,9350414450,53232,4,404058,7659
OF4,128,GRFmoderate,08-06,9155942428,27267,5,375965,2321
OF4,128,GRFmoderate,08-07,8462916973,17800,5,386410,680
OF4,128,GRFmoderate,08-10,11389279030,18202,5,359760,1238
OF4,128,GRFmoderate,09-01,11772804955,28378,5,391039,1305
OF4,128,GRFmoderate,09-02,15608008594,23526,4,368279,987
OF4,128,GRFmoderate,09-04,11427188943,25460,5,343864,2303
OF4,128,GRFmoderate,09-06,7787570697,29619,5,423689,3338
OF4,128,GRFmoderate,09-07,11387155970,21389,5,362684,1438
OF4,128,GRFmoderate,09-08,5776808464,24761,5,416705,1713
OF4,128,GRFmoderate,09-10,14277384430,26194,5,376145,1907
OF4,128,GRFmoderate,10-06,15156007840,16255,5,362772,905
OF4,128,GRFrough,01-06,4006400526,18586,5,412516,1788
OF4,128,GRFrough,01-10,5851144524,32906,4,428792,4060
OF4,128,GRFrough,02-01,2733295233,28975,5,460641,3131
OF4,128,GRFrough,02-04,4695765446,34002,5,441088,4897
OF4,128,GRFrough,02-06,3947954366,19631,5,384923,2090
OF4,128,GRFrough,02-10,5914392642,31917,5,424259,2978
OF4,128,GRFrough,03-01,4239595982,22341,5,421092,2186
OF4,128,GRFrough,03-02,4212777891,20027,5,407330,2214
OF4,128,GRFrough,03-04,2292351642,29682,4,467950,2497
OF4,128,GRFrough,03-06,2623585589,19538,5,416396,1832
OF4,128,GRFrough,03-07,2111139159,29885,5,497164,2416
OF4,128,GRFrough,03-08,4320480651,26502,5,423020,2590
OF4,128,GRFrough,03-09,3169445415,19827,4,407376,1837
OF4,128,GRFrough,03-10,3708293359,29111,5,420599,3208
OF4,128,GRFrough,04-01,4578397646,30416,5,450237,3200
OF4,128,GRFrough,04-06,3457911092,24031,5,438330,2447
OF4,128,GRFrough,04-10,3745323714,21520,5,425088,1472
OF4,128,GRFrough,05-01,4252509529,25136,4,430058,2547
OF4,128,GRFrough,05-02,4289566121,18198,5,412071,1354
OF4,128,GRFrough,05-03,2058457182,42957,5,573376,3089
OF4,128,GRFrough,05-04,2605285327,23826,4,449502,2494
OF4,128,GRFrough,05-06,3084023297,27994,4,445729,2638
OF4,128,GRFrough,05-07,2385587845,22593,5,429542,1878
OF4,128,GRFrough,05-08,4743267150,35769,5,395920,1635
OF4,128,GRFrough,05-09,3603202103,25215,5,422768,2072
OF4,128,GRFrough,05-10,4065635529,26917,4,429227,2334
OF4,128,GRFrough,07-01,4810711086,16455,4,399122,1346
OF4,128,GRFrough,07-02,5052394307,22675,5,407508,2688
OF4,128,GRFrough,07-04,2883326447,32379,4,475007,3060
OF4,128,GRFrough,07-06,2781273468,30775,5,450541,4042
OF4,128,GRFrough,07-10,4279469942,28045,5,442887,2307
OF4,128,GRFrough,08-01,4055757825,28525,5,408719,3003
OF4,128,GRFrough,08-02,3671009549,20779,5,441894,1418
OF4,128,GRFrough,08-04,5407548490,31130,5,389864,2557
OF4,128,GRFrough,08-06,3709484648,29130,5,434179,2780
OF4,128,GRFrough,08-07,3829515829,19564,5,376350,1623
OF4,128,GRFrough,08-10,6172844491,25259,4,388448,1445
OF4,128,GRFrough,09-01,3178191280,30200,5,474556,3184
OF4,128,GRFrough,09-02,3215516004,21734,5,426266,2125
OF4,128,GRFrough,09-04,4206128713,15872,5,395478,1034
OF4,128,GRFrough,09-06,2733135578,24569,5,417493,2658
OF4,128,GRFrough,09-07,3638346128,22019,4,410541,2591
OF4,128,GRFrough,09-08,3566725407,26351,4,444714,2103
OF4,128,GRFrough,09-10,3859846788,35090,5,453214,3064
OF4,128,GRFrough,10-06,3877896938,22213,5,413983,1523
OF4,128,GRFsmooth,01-06,51774422924,10670,5,204054,301
OF4,128,GRFsmooth,01-10,30247428389,19620,5,337427,1264
OF4,128,GRFsmooth,02-01,31967957533,20949,5,365476,1550
OF4,128,GRFsmooth,02-04,16869670813,30492,5,430623,3482
OF4,128,GRFsmooth,02-06,29614150623,18881,5,336044,1088
OF4,128,GRFsmooth,02-10,9413518522,23516,5,417900,2007
OF4,128,GRFsmooth,03-01,35607228352,12365,5,251843,377
OF4,128,GRFsmooth,03-02,23936783060,13760,5,309865,909
OF4,128,GRFsmooth,03-04,36055559264,10013,5,220655,617
OF4,128,GRFsmooth,03-06,20677827340,15175,5,321406,789
OF4,128,GRFsmooth,03-07,26103491136,7666,5,215822,277
OF4,128,GRFsmooth,03-08,18334004309,16409,5,360465,804
OF4,128,GRFsmooth,03-09,21222225538,19219,5,343688,1574
OF4,128,GRFsmooth,03-10,25992770880,11157,5,285026,450
OF4,128,GRFsmooth,04-01,34617033564,16679,5,411692,595
OF4,128,GRFsmooth,04-06,24155230587,22546,5,444155,1228
OF4,128,GRFsmooth,04-10,18073050738,25367,5,367675,1287
OF4,128,GRFsmooth,05-01,28470885396,12159,5,263791,313
OF4,128,GRFsmooth,05-02,17847492366,19686,5,376272,1540
OF4,128,GRFsmooth,05-03,12529109083,10896,5,305806,517
OF4,128,GRFsmooth,05-04,27454981313,11972,5,269881,728
OF4,128,GRFsmooth,05-06,24605588530,23251,5,304038,1701
OF4,128,GRFsmooth,05-07,17926242280,17869,5,316031,1856
OF4,128,GRFsmooth,05-08,13084271895,16166,5,368524,852
OF4,128,GRFsmooth,05-09,20724453393,21329,5,332155,1802
OF4,128,GRFsmooth,05-10,17684158210,21506,5,333399,1942
OF4,128,GRFsmooth,07-01,33796588844,22298,5,326265,1821
OF4,128,GRFsmooth,07-02,13790254742,23180,5,355376,1246
OF4,128,GRFsmooth,07-04,13756639931,19006,5,324669,1874
OF4,128,GRFsmooth,07-06,21574578174,22054,4,329317,1587
OF4,128,GRFsmooth,07-10,16008893881,25542,5,343137,1239
OF4,128,GRFsmooth,08-01,22499035346,16313,5,305411,827
OF4,128,GRFsmooth,08-02,17246414727,20266,5,339463,1248
OF4,128,GRFsmooth,08-04,21799123830,15950,5,353518,1021
OF4,128,GRFsmooth,08-06,33524250617,11551,5,234230,346
OF4,128,GRFsmooth,08-07,18864142377,17106,5,332555,992
OF4,128,GRFsmooth,08-10,15495280746,28675,5,355087,3004
OF4,128,GRFsmooth,09-01,33118107166,12825,5,263067,700
OF4,128,GRFsmooth,09-02,19620724566,19180,5,326291,1422
OF4,128,GRFsmooth,09-04,28575325600,15370,5,287530,979
OF4,128,GRFsmooth,09-06,35609267550,14154,5,263165,885
OF4,128,GRFsmooth,09-07,24921524589,15616,5,307309,1173
OF4,128,GRFsmooth,09-08,16365547995,16692,5,313720,1203
OF4,128,GRFsmooth,09-10,16499009197,22427,5,339477,1862
OF4,128,GRFsmooth,10-06,32115787299,15547,5,304932,873
OF4,128,LogGRF,01-06,22725796762,18418,5,331926,1145
OF4,128,LogGRF,01-10,51024523073,24560,5,400676,1496
OF4,128,LogGRF,02-01,49579110861,21990,5,409857,1084
OF4,128,LogGRF,02-04,77355470841,13286,5,319442,774
OF4,128,LogGRF,02-06,61790258512,18364,5,363405,590
OF4,128,LogGRF,02-10,89744026283,11631,5,161245,483
OF4,128,LogGRF,03-01,30040288139,19086,5,365436,1082
OF4,128,LogGRF,03-02,72061178203,25708,5,478433,1029
OF4,128,LogGRF,03-04,47080606536,19579,5,312825,1189
OF4,128,LogGRF,03-06,26100500671,21367,5,408004,1676
OF4,128,LogGRF,03-07,54437191599,17338,5,253650,980
OF4,128,LogGRF,03-08,44616386558,18695,5,307343,821
OF4,128,LogGRF,03-09,51294917839,26048,5,480060,1682
OF4,128,LogGRF,03-10,59701544356,21354,5,424388,997
OF4,128,LogGRF,04-01,56815577011,24353,5,417192,869
OF4,128,LogGRF,04-06,51858014975,27695,5,525249,1071
OF4,128,LogGRF,04-10,83342260614,37492,5,705604,1540
OF4,128,LogGRF,05-01,35348800482,15626,5,320058,1160
OF4,128,LogGRF,05-02,64822178140,29921,5,647990,1151
OF4,128,LogGRF,05-03,21261574097,16597,5,319840,723
OF4,128,LogGRF,05-04,42270197308,11276,5,255064,458
OF4,128,LogGRF,05-06,37053087768,18061,5,348343,1176
OF4,128,LogGRF,05-07,43393000793,20114,5,275817,1350
OF4,128,LogGRF,05-08,34231078897,17391,5,371701,882
OF4,128,LogGRF,05-09,56541832597,15509,5,326014,884
OF4,128,LogGRF,05-10,69487613839,28634,5,509859,1765
OF4,128,LogGRF,07-01,36892637459,31924,5,442852,1758
OF4,128,LogGRF,07-02,45113876892,14792,5,289756,1086
OF4,128,LogGRF,07-04,33503246803,16236,5,328663,1139
OF4,128,LogGRF,07-06,50340753406,17177,5,289264,445
OF4,128,LogGRF,07-10,78302323462,22155,5,413417,734
OF4,128,LogGRF,08-01,21713479386,20938,5,345506,1391
OF4,128,LogGRF,08-02,37044643235,25504,5,477924,1705
OF4,128,LogGRF,08-04,56324343834,12630,5,267035,510
OF4,128,LogGRF,08-06,39076211212,12063,5,261980,430
OF4,128,LogGRF,08-07,27326287463,17630,5,310942,1326
OF4,128,LogGRF,08-10,70383053877,14664,5,290540,621
OF4,128,LogGRF,09-01,31436512871,26942,5,408848,1525
OF4,128,LogGRF,09-02,28466944772,21040,5,315069,711
OF4,128,LogGRF,09-04,69350496022,15074,5,309056,775
OF4,128,LogGRF,09-06,34977401101,24498,5,500490,858
OF4,128,LogGRF,09-07,36681167192,11625,5,295170,477
OF4,128,LogGRF,09-08,26827590438,22029,5,338439,1958
OF4,128,LogGRF,09-10,62771651606,14241,5,229764,533
OF4,128,LogGRF,10-06,37142740972,22590,5,492080,1197
OF4,128,LogitGRF,01-06,14599264172,19079,5,396894,899
OF4,128,LogitGRF,01-10,23318381385,21079,5,346258,1245
OF4,128,LogitGRF,02-01,24675674023,22111,5,350822,2137
OF4,128,LogitGRF,02-04,16971878588,20649,5,367616,1708
OF4,128,LogitGRF,02-06,21327624095,24345,5,363941,2116
OF4,128,LogitGRF,02-10,19119702992,33653,5,343182,3775
OF4,128,LogitGRF,03-01,13576299652,24305,5,357427,2574
OF4,128,LogitGRF,03-02,18245887621,20497,5,375872,1558
OF4,128,LogitGRF,03-04,14236083369,20297,5,371978,1380
OF4,128,LogitGRF,03-06,11725377381,40734,5,455456,4688
OF4,128,LogitGRF,03-07,15094701044,16355,5,335911,827
OF4,128,LogitGRF,03-08,23236973958,19780,5,330083,849
OF4,128,LogitGRF,03-09,17989507000,21672,5,391423,1648
OF4,128,LogitGRF,03-10,14230037389,23170,5,363608,1567
OF4,128,LogitGRF,04-01,16882054881,25429,5,395899,2406
OF4,128,LogitGRF,04-06,15114132250,30189,5,424962,2511
OF4,128,LogitGRF,04-10,17649381873,20615,5,386036,1074
OF4,128,LogitGRF,05-01,11516044922,19576,5,370816,1653
OF4,128,LogitGRF,05-02,17178376287,28227,5,459185,2018
OF4,128,LogitGRF,05-03,12802960935,19405,6,374132,1411
OF4,128,LogitGRF,05-04,16110190425,17151,5,341604,551
OF4,128,LogitGRF,05-06,14855507386,17642,5,375279,926
OF4,128,LogitGRF,05-07,24323967739,23691,5,320530,1730
OF4,128,LogitGRF,05-08,31770646896,18185,5,306919,919
OF4,128,LogitGRF,05-09,21428532601,24793,5,409505,1947
OF4,128,LogitGRF,05-10,22579392334,19827,5,335498,1315
OF4,128,LogitGRF,07-01,22601561613,19419,5,339918,1037
OF4,128,LogitGRF,07-02,23600865671,16501,4,306824,972
OF4,128,LogitGRF,07-04,18502419344,18242,5,341000,1210
OF4,128,LogitGRF,07-06,18983139811,24082,5,390272,1927
OF4,128,LogitGRF,07-10,11527692434,21122,5,390850,1893
OF4,128,LogitGRF,08-01,29453674526,27270,5,348973,1709
OF4,128,LogitGRF,08-02,19781197224,27723,5,387987,2427
OF4,128,LogitGRF,08-04,20198857376,34002,5,334126,2072
OF4,128,LogitGRF,08-06,24744168704,19632,5,354770,842
OF4,128,LogitGRF,08-07,16950801643,24151,5,377200,1898
OF4,128,LogitGRF,08-10,16042537120,41468,5,414863,5569
OF4,128,LogitGRF,09-01,18972482115,23134,5,411394,1305
OF4,128,LogitGRF,09-02,30502933738,14451,5,313436,895
OF4,128,LogitGRF,09-04,18078261505,25106,5,404248,2168
OF4,128,LogitGRF,09-06,18482142063,24205,5,408962,1723
OF4,128,LogitGRF,09-07,20484884928,28830,5,351202,3172
OF4,128,LogitGRF,09-08,20216781510,28258,5,457405,2526
OF4,128,LogitGRF,09-10,18056697772,20256,5,345855,1785
OF4,128,LogitGRF,10-06,15531773787,21944,5,367425,2126
OF4,128,MicroscopyImages,01-06,29151387102,5490,3,168701,823
OF4,128,MicroscopyImages,01-10,26632514547,7269,2,161271,1056
OF4,128,MicroscopyImages,02-01,8333137169,9224,3,207086,1543
OF4,128,MicroscopyImages,02-04,17573556005,14064,4,291358,1072
OF4,128,MicroscopyImages,02-06,29230345499,11867,3,254456,1147
OF4,128,MicroscopyImages,02-10,20307025840,14968,3,261439,1850
OF4,128,MicroscopyImages,03-01,20551894144,5010,2,138173,1261
OF4,128,MicroscopyImages,03-02,20697324141,10456,3,225706,1513
OF4,128,MicroscopyImages,03-04,5163618472,10831,3,264453,1894
OF4,128,MicroscopyImages,03-06,30869980841,8968,3,205354,1410
OF4,128,MicroscopyImages,03-07,39526388234,6325,2,144230,890
OF4,128,MicroscopyImages,03-08,37507612182,6894,3,168430,564
OF4,128,MicroscopyImages,03-09,38838847479,3688,2,103747,595
OF4,128,MicroscopyImages,03-10,31544229044,6842,3,191640,480
OF4,128,MicroscopyImages,04-01,17072859903,6874,3,204965,897
OF4,128,MicroscopyImages,04-06,27397375206,13887,4,281808,1254
OF4,128,MicroscopyImages,04-10,30506670645,9768,4,244600,548
OF4,128,MicroscopyImages,05-01,34388132893,4190,2,125744,918
OF4,128,MicroscopyImages,05-02,34120952587,8402,2,197246,1028
OF4,128,MicroscopyImages,05-03,34745385873,8389,2,181593,1435
OF4,128,MicroscopyImages,05-04,31832438409,8687,3,222199,938
OF4,128,MicroscopyImages,05-06,7647903479,8693,3,195424,1470
OF4,128,MicroscopyImages,05-07,38725118174,4105,2,121059,721
OF4,128,MicroscopyImages,05-08,36875817970,6699,3,191961,723
OF4,128,MicroscopyImages,05-09,51493316122,2735,2,95998,703
OF4,128,MicroscopyImages,05-10,39801777454,6980,2,152355,1061
OF4,128,MicroscopyImages,07-01,39575482195,4986,1,119877,850
OF4,128,MicroscopyImages,07-02,35994555665,15449,2,233978,2565
OF4,128,MicroscopyImages,07-04,38503124326,11517,3,208050,1351
OF4,128,MicroscopyImages,07-06,33459139462,6486,2,195036,691
OF4,128,MicroscopyImages,07-10,40159926594,6052,2,163251,802
OF4,128,MicroscopyImages,08-01,37633163346,5223,2,147955,519
OF4,128,MicroscopyImages,08-02,34152221939,14475,3,263979,642
OF4,128,MicroscopyImages,08-04,36475673107,14182,4,237738,813
OF4,128,MicroscopyImages,08-06,31038718278,10297,4,266442,816
OF4,128,MicroscopyImages,08-07,6064910546,6134,2,163226,914
OF4,128,MicroscopyImages,08-10,38067282718,9931,3,205237,1083
OF4,128,MicroscopyImages,09-01,35640331255,4662,1,111832,1458
OF4,128,MicroscopyImages,09-02,29874827302,6236,2,152808,1348
OF4,128,MicroscopyImages,09-04,38159213774,5610,2,144703,713
OF4,128,MicroscopyImages,09-06,47402254918,5550,2,138631,974
OF4,128,MicroscopyImages,09-07,45607914819,6533,1,154628,1866
OF4,128,MicroscopyImages,09-08,43625096463,7383,2,175463,1135
OF4,128,MicroscopyImages,09-10,13744051386,7711,2,131158,2198
OF4,128,MicroscopyImages,10-06,34686954313,9902,3,230555,952
OF4,128,Shapes,01-06,34956800000,5301,4,237327,268
OF4,128,Shapes,01-10,7816381810,7197,4,267247,590
OF4,128,Shapes,02-01,26216960000,6558,3,199263,411
OF4,128,Shapes,02-04,9798428980,3312,2,126378,251
OF4,128,Shapes,02-06,36382720000,2810,2,78313,501
OF4,128,Shapes,02-10,29263002790,3829,2,135982,351
OF4,128,Shapes,03-01,5163200000,7049,3,204898,1201
OF4,128,Shapes,03-02,26318848000,3426,2,116361,319
OF4,128,Shapes,03-04,17427277830,5034,2,168754,754
OF4,128,Shapes,03-06,35093200000,6113,2,284270,638
OF4,128,Shapes,03-07,26276633885,7236,3,181961,948
OF4,128,Shapes,03-08,18774370065,3749,2,134888,877
OF4,128,Shapes,03-09,13372800000,4139,2,185240,518
OF4,128,Shapes,03-10,9307642099,4159,3,157275,595
OF4,128,Shapes,04-01,16430543844,10574,4,271780,924
OF4,128,Shapes,04-06,35112275423,2628,2,91702,310
OF4,128,Shapes,04-10,19520531082,9113,2,311141,1594
OF4,128,Shapes,05-01,14933094500,7390,3,287728,641
OF4,128,Shapes,05-02,33463705540,2575,2,93587,275
OF4,128,Shapes,05-03,15492503204,3703,2,214552,528
OF4,128,Shapes,05-04,23677289384,3336,2,129169,292
OF4,128,Shapes,05-06,35202736680,3823,2,225427,461
OF4,128,Shapes,05-07,28119869448,7547,3,206116,1134
OF4,128,Shapes,05-08,21545101331,5020,2,118004,1777
OF4,128,Shapes,05-09,19574726202,8789,2,298502,1825
OF4,128,Shapes,05-10,15265079856,5863,2,177959,843
OF4,128,Shapes,07-01,25956307978,7540,4,195084,656
OF4,128,Shapes,07-02,25840746202,3274,2,110119,397
OF4,128,Shapes,07-04,25065985271,4003,3,131441,291
OF4,128,Shapes,07-06,60128857753,3314,3,147545,824
OF4,128,Shapes,07-10,27523899623,9572,3,231140,1035
OF4,128,Shapes,08-01,18189958675,5575,3,243679,616
OF4,128,Shapes,08-02,13012951666,1984,1,93100,327
OF4,128,Shapes,08-04,8047861267,4165,2,149597,920
OF4,128,Shapes,08-06,35912803840,2086,2,85808,418
OF4,128,Shapes,08-07,25473048331,2745,2,104026,440
OF4,128,Shapes,08-10,21934375862,5740,2,156480,1436
OF4,128,Shapes,09-01,11778400000,9913,3,405699,755
OF4,128,Shapes,09-02,27191472000,15576,2,229564,3904
OF4,128,Shapes,09-04,22295218305,9622,2,176986,2149
OF4,128,Shapes,09-06,35258400000,6792,2,334562,878
OF4,128,Shapes,09-07,28240820210,10530,3,230664,1492
OF4,128,Shapes,09-08,22921218790,7267,2,157444,2131
OF4,128,Shapes,09-10,15280287767,13164,3,185130,3428
OF4,128,Shapes,10-06,35088701052,6704,3,193383,1055
OF4,128,WhiteNoise,01-06,1069694545,29158,5,544847,2596
OF4,128,WhiteNoise,01-10,912242699,41308,5,568444,3466
OF4,128,WhiteNoise,02-01,944377109,44652,5,550519,3590
OF4,128,WhiteNoise,02-04,1027797046,57512,5,593007,3889
OF4,128,WhiteNoise,02-06,1212788600,26944,4,485191,2468
OF4,128,WhiteNoise,02-10,1036934626,54567,5,606324,3932
OF4,128,WhiteNoise,03-01,977010699,46676,5,634034,3875
OF4,128,WhiteNoise,03-02,1017706461,44105,5,612791,4062
OF4,128,WhiteNoise,03-04,1049539891,36370,5,548288,3143
OF4,128,WhiteNoise,03-06,892810929,29090,5,506048,2574
OF4,128,WhiteNoise,03-07,988689528,27705,5,485837,2363
OF4,128,WhiteNoise,03-08,980389273,55374,5,602905,3723
OF4,128,WhiteNoise,03-09,1054680563,41320,5,580739,3491
OF4,128,WhiteNoise,03-10,998546410,40119,5,552486,3316
OF4,128,WhiteNoise,04-01,873861780,49543,4,605671,3684
OF4,128,WhiteNoise,04-06,1094025322,43334,5,584088,3643
OF4,128,WhiteNoise,04-10,924210752,43658,5,550369,3400
OF4,128,WhiteNoise,05-01,944158875,25436,5,540209,2230
OF4,128,WhiteNoise,05-02,1163357619,46965,5,639366,3574
OF4,128,WhiteNoise,05-03,1027443240,38493,5,555744,3498
OF4,128,WhiteNoise,05-04,972394502,40278,4,619910,3346
OF4,128,WhiteNoise,05-06,1007551663,48773,5,625361,4176
OF4,128,WhiteNoise,05-07,950730947,50841,5,647290,3747
OF4,128,WhiteNoise,05-08,1069766311,40864,5,594395,3438
OF4,128,WhiteNoise,05-09,915777101,50133,5,664357,3873
OF4,128,WhiteNoise,05-10,978186118,36270,5,575645,3191
OF4,128,WhiteNoise,07-01,921642564,24659,5,517168,2113
OF4,128,WhiteNoise,07-02,1119063302,26235,5,508898,1944
OF4,128,WhiteNoise,07-04,926256033,35326,5,541638,2979
OF4,128,WhiteNoise,07-06,1014842764,50200,5,567796,3642
OF4,128,WhiteNoise,07-10,953667303,52075,4,650631,3832
OF4,128,WhiteNoise,08-01,1168796976,49523,5,624313,4079
OF4,128,WhiteNoise,08-02,1208351118,28651,5,512026,3068
OF4,128,WhiteNoise,08-04,1130949235,30612,5,553152,3003
OF4,128,WhiteNoise,08-06,1066587743,40006,5,539643,3033
OF4,128,WhiteNoise,08-07,1038869945,22985,5,481879,1672
OF4,128,WhiteNoise,08-10,1043921236,18537,4,492375,1942
OF4,128,WhiteNoise,09-01,898444662,43946,5,561842,3660
OF4,128,WhiteNoise,09-02,984451089,33706,4,507533,2847
OF4,128,WhiteNoise,09-04,904161963,52916,5,651208,3767
OF4,128,WhiteNoise,09-06,1140150643,48391,5,587824,4056
OF4,128,WhiteNoise,09-07,1000404222,34682,5,520509,2753
OF4,128,WhiteNoise,09-08,1096512571,38197,5,553245,3588
OF4,128,WhiteNoise,09-10,902053326,49176,5,641704,3906
OF4,128,WhiteNoise,10-06,1063715930,31340,5,517631,2986
OF4,256,CauchyDensity,01-03,637011811682,748514,27,3214208,18035
OF4,256,CauchyDensity,01-04,607876209332,840560,31,3075980,23329
OF4,256,CauchyDensity,01-06,594442979127,339209,32,2413738,2898
OF4,256,CauchyDensity,01-08,377168141820,334040,32,2461297,2521
OF4,256,CauchyDensity,01-09,481074553334,263839,28,1313201,4040
OF4,256,CauchyDensity,02-01,474765432022,856787,30,3357915,27268
OF4,256,CauchyDensity,02-03,498098812598,164202,30,1297945,890
OF4,256,CauchyDensity,02-04,178641655634,173551,30,1707609,903
OF4,256,CauchyDensity,02-05,323901417853,133257,30,1010986,653
OF4,256,CauchyDensity,02-06,591785269902,675193,31,1174508,2698
OF4,256,CauchyDensity,02-07,626772613990,100126,31,689675,541
OF4,256,CauchyDensity,02-08,435649603002,275570,28,1195522,4413
OF4,256,CauchyDensity,02-09,254678387081,461110,30,1626071,5112
OF4,256,CauchyDensity,02-10,359321136139,478807,30,2178710,2628
OF4,256,CauchyDensity,03-04,472528084953,118323,31,857267,555
OF4,256,CauchyDensity,03-06,243366332345,197871,33,1429441,1625
OF4,256,CauchyDensity,03-08,313402607818,331180,29,1527164,6184
OF4,256,CauchyDensity,03-09,334980143437,167980,31,1303635,1093
OF4,256,CauchyDensity,04-08,408369696238,184385,32,1717097,1052
OF4,256,CauchyDensity,05-01,474999953853,507036,29,2453685,14014
OF4,256,CauchyDensity,05-03,240238689038,146215,30,1334814,900
OF4,256,CauchyDensity,05-04,298330608858,145011,32,1116054,629
OF4,256,CauchyDensity,05-06,284959384004,272041,33,1509714,3684
OF4,256,CauchyDensity,05-08,148168115746,325758,32,1885242,5504
OF4,256,CauchyDensity,05-09,119282780265,598390,30,1927712,10836
OF4,256,CauchyDensity,05-10,178400979663,151924,28,1534246,825
OF4,256,CauchyDensity,06-04,565093168579,100409,30,644454,474
OF4,256,CauchyDensity,06-08,226385435771,133630,30,1592291,802
OF4,256,CauchyDensity,07-01,507104948825,344624,28,2990221,5975
OF4,256,CauchyDensity,07-03,174401830086,342315,29,1756740,5955
OF4,256,CauchyDensity,07-04,601201864726,95095,32,601493,488
OF4,256,CauchyDensity,07-05,302871255868,129501,28,1111233,615
OF4,256,CauchyDensity,07-06,137079295593,381376,30,1520390,7930
OF4,256,CauchyDensity,07-08,211964262650,181571,32,1568243,869
OF4,256,CauchyDensity,07-09,399479881350,127649,29,921282,578
OF4,256,CauchyDensity,07-10,282278589591,167399,27,1500990,790
OF4,256,CauchyDensity,09-04,201728280915,186025,34,1495790,936
OF4,256,CauchyDensity,09-06,363371185203,162514,33,1226619,739
OF4,256,CauchyDensity,09-08,206647712862,186370,31,1573771,835
OF4,256,CauchyDensity,10-01,632158355410,415253,33,1926578,12698
OF4,256,CauchyDensity,10-03,218195207729,298671,31,1494756,5412
OF4,256,CauchyDensity,10-04,318923275135,116185,29,886643,530
OF4,256,CauchyDensity,10-06,246342999016,164109,30,1319016,810
OF4,256,CauchyDensity,10-08,262546279566,104200,29,1232352,677
OF4,256,CauchyDensity,10-09,162584350939,131074,29,1580397,714
OF4,256,ClassicImages,01-03,95810207719,388962,32,2303938,5925
OF4,256,ClassicImages,01-04,75487732693,491433,35,2236374,8344
OF4,256,ClassicImages,01-06,131242924267,259367,29,1848031,2842
OF4,256,ClassicImages,01-08,88396878973,567551,30,2175165,12848
OF4,256,ClassicImages,01-09,165898925694,358014,29,1846557,4924
OF4,256,ClassicImages,02-01,89788743512,593333,30,2297083,11612
OF4,256,ClassicImages,02-03,74830362178,494742,29,2048940,9565
OF4,256,ClassicImages,02-04,40531631376,576449,28,2402800,13746
OF4,256,ClassicImages,02-05,41824303297,337161,32,2132611,5256
OF4,256,ClassicImages,02-06,49581828946,296903,31,1927647,5769
OF4,256,ClassicImages,02-07,46699754343,549305,30,2225290,14154
OF4,256,ClassicImages,02-08,53539669763,445658,28,2084865,7256
OF4,256,ClassicImages,02-09,123553875633,306556,31,1755865,1530
OF4,256,ClassicImages,02-10,81045899960,413456,30,1917089,5708
OF4,256,ClassicImages,03-04,61127385347,592313,30,2177237,11520
OF4,256,ClassicImages,03-06,80301043258,328565,28,1975370,3113
OF4,256,ClassicImages,03-08,74909397927,370137,31,2018008,4490
OF4,256,ClassicImages,03-09,149642588195,646919,27,1951670,10237
OF4,256,ClassicImages,04-08,51005869359,347270,29,2226985,6262
OF4,256,ClassicImages,05-01,88221808591,341735,30,1911106,4168
OF4,256,ClassicImages,05-03,73905396941,346094,28,1791908,4199
OF4,256,ClassicImages,05-04,51726589309,379491,30,2063046,5190
OF4,256,ClassicImages,05-06,66300273136,566378,29,2066992,11735
OF4,256,ClassicImages,05-08,63582655182,574693,32,2391592,9050
OF4,256,ClassicImages,05-09,120164072611,343468,29,1739686,2000
OF4,256,ClassicImages,05-10,102903915650,390709,29,1849199,5636
OF4,256,ClassicImages,06-04,77576192687,406631,29,1840785,4603
OF4,256,ClassicImages,06-08,68489148366,393415,30,2112377,7536
OF4,256,ClassicImages,07-01,108886335467,407326,31,1966115,4667
OF4,256,ClassicImages,07-03,93883375480,319651,28,1850506,5291
OF4,256,ClassicImages,07-04,69189258307,391607,29,2157804,6661
OF4,256,ClassicImages,07-05,48624772918,466392,31,2174753,10555
OF4,256,ClassicImages,07-06,62803792479,225317,27,1740379,3871
OF4,256,ClassicImages,07-08,69650423858,489472,30,2077799,5305
OF4,256,ClassicImages,07-09,110368993429,568549,29,1808192,5100
OF4,256,ClassicImages,07-10,88344945425,357149,31,1954079,5739
OF4,256,ClassicImages,09-04,142807851351,432999,30,1721570,3546
OF4,256,ClassicImages,09-06,102762580827,359176,31,2087963,2514
OF4,256,ClassicImages,09-08,164008873176,247113,28,1583285,988
OF4,256,ClassicImages,10-01,136376087460,342289,28,1894743,5221
OF4,256,ClassicImages,10-03,118088997593,335655,32,1937363,5258
OF4,256,ClassicImages,10-04,107070059178,294024,29,1732435,5829
OF4,256,ClassicImages,10-06,78718431413,308273,31,2056248,5125
OF4,256,ClassicImages,10-08,86660105662,545368,32,2197755,10427
OF4,256,ClassicImages,10-09,167365316091,343116,31,1909866,2647
OF4,256,GRFmoderate,01-03,76584536927,308941,30,1853417,6752
OF4,256,GRFmoderate,01-04,90637706654,753232,30,2465301,18226
OF4,256,GRFmoderate,01-06,75027191137,293549,28,1917689,5031
OF4,256,GRFmoderate,01-08,127297971323,503990,30,1775069,6636
OF4,256,GRFmoderate,01-09,134483417407,336169,29,1954946,6147
OF4,256,GRFmoderate,02-01,98732316493,380605,30,2037201,6201
OF4,256,GRFmoderate,02-03,147111102339,371079,30,1724226,7846
OF4,256,GRFmoderate,02-04,139223303392,423304,29,1659676,7083
OF4,256,GRFmoderate,02-05,76819673917,453010,31,1995437,7362
OF4,256,GRFmoderate,02-06,95417484839,298443,27,1814278,4400
OF4,256,GRFmoderate,02-07,98958498871,233387,31,1907480,2479
OF4,256,GRFmoderate,02-08,86206720561,408859,30,2138380,7274
OF4,256,GRFmoderate,02-09,64650042891,640686,33,2242271,17633
OF4,256,GRFmoderate,02-10,107258815553,375593,30,1905945,6290
OF4,256,GRFmoderate,03-04,130837669168,226546,32,1955721,2833
OF4,256,GRFmoderate,03-06,95323942150,333372,28,1720788,7056
OF4,256,GRFmoderate,03-08,127558719947,500295,32,2084776,10200
OF4,256,GRFmoderate,03-09,185653431836,204918,33,1540601,2836
OF4,256,GRFmoderate,04-08,195249033432,256321,29,1595126,1314
OF4,256,GRFmoderate,05-01,87026290718,289662,29,1767911,4894
OF4,256,GRFmoderate,05-03,131333645458,169277,30,1498590,1974
OF4,256,GRFmoderate,05-04,103855489121,381372,29,1886639,2214
OF4,256,GRFmoderate,05-06,74981492301,306538,32,1870765,5771
OF4,256,GRFmoderate,05-08,113623927233,236872,28,1816345,2913
OF4,256,GRFmoderate,05-09,100803643502,225558,31,1725435,2856
OF4,256,GRFmoderate,05-10,98679054992,323521,30,1889765,5152
OF4,256,GRFmoderate,06-04,102589753112,308487,30,1821110,1706
OF4,256,GRFmoderate,06-08,115367024425,408772,28,1842077,6547
OF4,256,GRFmoderate,07-01,48288050520,473081,28,2312247,8597
OF4,256,GRFmoderate,07-03,81704476245,201315,30,1712650,2766
OF4,256,GRFmoderate,07-04,81132500720,451261,32,2122722,7396
OF4,256,GRFmoderate,07-05,71201133077,1047434,29,2466656,32011
OF4,256,GRFmoderate,07-06,70164284726,448814,29,2042833,7472
OF4,256,GRFmoderate,07-08,135253801378,734943,29,1846181,7995
OF4,256,GRFmoderate,07-09,133612112397,357580,30,1791647,5453
OF4,256,GRFmoderate,07-10,84524487765,396189,32,1933139,6418
OF4,256,GRFmoderate,09-04,126587771439,336821,29,1969172,5120
OF4,256,GRFmoderate,09-06,108945049907,322216,28,1755496,7081
OF4,256,GRFmoderate,09-08,121819981362,237053,33,1859552,3149
OF4,256,GRFmoderate,10-01,94652104301,474665,30,1934184,7932
OF4,256,GRFmoderate,10-03,100853049469,239701,28,1740364,3447
OF4,256,GRFmoderate,10-04,92722136214,388785,32,1833200,2883
OF4,256,GRFmoderate,10-06,68750266209,420701,29,1924988,8952
OF4,256,GRFmoderate,10-08,141445280071,400541,31,1728333,3404
OF4,256,GRFmoderate,10-09,108889322406,286923,28,1951312,4607
OF4,256,GRFrough,01-03,47944204111,398456,29,2036941,4021
OF4,256,GRFrough,01-04,40747096098,507974,29,2224959,11875
OF4,256,GRFrough,01-06,29703933947,357471,30,2277048,5700
OF4,256,GRFrough,01-08,27623561694,885261,28,2482666,25505
OF4,256,GRFrough,01-09,24549027226,447911,32,2434035,10251
OF4,256,GRFrough,02-01,28531656418,359803,30,2118680,6246
OF4,256,GRFrough,02-03,37265636012,438909,30,2435043,9008
OF4,256,GRFrough,02-04,47440820419,243884,29,1963521,3553
OF4,256,GRFrough,02-05,38666871163,491747,30,2140284,9967
OF4,256,GRFrough,02-06,36536218454,616910,30,2416178,17823
OF4,256,GRFrough,02-07,30944420403,371256,31,2274289,8270
OF4,256,GRFrough,02-08,32895692293,305551,30,2138729,5145
OF4,256,GRFrough,02-09,35874607708,385196,29,2140939,9444
OF4,256,GRFrough,02-10,21905031032,628988,30,2606170,17808
OF4,256,GRFrough,03-04,30737278782,635305,29,2387950,12046
OF4,256,GRFrough,03-06,29503852019,554027,28,2463332,8663
OF4,256,GRFrough,03-08,39813865197,432214,30,2044429,3951
OF4,256,GRFrough,03-09,47179977109,308377,32,1938653,4624
OF4,256,GRFrough,04-08,33054392828,475878,30,1968234,4820
OF4,256,GRFrough,05-01,33315839876,491641,28,2412577,10734
OF4,256,GRFrough,05-03,52771564798,518515,27,2130381,10171
OF4,256,GRFrough,05-04,46460670894,374927,30,1873457,9122
OF4,256,GRFrough,05-06,43564948998,322354,29,1878380,5670
OF4,256,GRFrough,05-08,33784532240,426296,28,2275849,6974
OF4,256,GRFrough,05-09,31987810096,586596,32,2531288,15233
OF4,256,GRFrough,05-10,36578096871,448797,27,2165313,7370
OF4,256,GRFrough,06-04,25513059904,295581,27,2031891,6028
OF4,256,GRFrough,06-08,26179967821,488719,30,2298329,15027
OF4,256,GRFrough,07-01,25661686710,503892,30,2321440,9953
OF4,256,GRFrough,07-03,33066182446,623466,28,2270367,10674
OF4,256,GRFrough,07-04,24957484535,309264,31,2142841,5263
OF4,256,GRFrough,07-05,32357150544,317187,30,1993688,4472
OF4,256,GRFrough,07-06,19238289219,356168,30,2208348,10034
OF4,256,GRFrough,07-08,21086640013,402481,29,2181648,7880
OF4,256,GRFrough,07-09,21121905875,571737,29,2203180,16523
OF4,256,GRFrough,07-10,22905926360,386183,31,2262932,8116
OF4,256,GRFrough,09-04,27877311227,604771,28,2660323,13837
OF4,256,GRFrough,09-06,25383718326,603266,29,2434546,14930
OF4,256,GRFrough,09-08,22933671755,372450,28,2244164,7736
OF4,256,GRFrough,10-01,24376984172,473634,29,2346716,7030
OF4,256,GRFrough,10-03,35395231160,510398,29,2423024,8304
OF4,256,GRFrough,10-04,40668242988,315316,30,2016106,6082
OF4,256,GRFrough,10-06,28386946401,266202,31,2015290,4024
OF4,256,GRFrough,10-08,25513874307,591293,27,2343600,14902
OF4,256,GRFrough,10-09,30297443783,399365,29,2139139,7895
OF4,256,GRFsmooth,01-03,235519268479,336803,31,1571301,5497
OF4,256,GRFsmooth,01-04,225640047626,369321,32,1808261,3942
OF4,256,GRFsmooth,01-06,182827730983,412612,31,1800063,7160
OF4,256,GRFsmooth,01-08,105805974647,267203,32,1830431,4891
OF4,256,GRFsmooth,01-09,179812096577,201725,31,1612632,832
OF4,256,GRFsmooth,02-01,125805798708,986165,30,2579084,23915
OF4,256,GRFsmooth,02-03,344471682020,167593,33,1221474,701
OF4,256,GRFsmooth,02-04,336865854197,198707,29,1579291,919
OF4,256,GRFsmooth,02-05,279347076295,333830,30,1565835,1456
OF4,256,GRFsmooth,02-06,279626214568,204681,29,1422425,1030
OF4,256,GRFsmooth,02-07,172378166168,348966,31,2299585,2485
OF4,256,GRFsmooth,02-08,143934367287,385752,28,1800814,3051
OF4,256,GRFsmooth,02-09,293221461179,202894,34,1427116,1813
OF4,256,GRFsmooth,02-10,304714387530,367263,31,2349967,2617
OF4,256,GRFsmooth,03-04,146326172957,256979,29,1628145,4377
OF4,256,GRFsmooth,03-06,119649827796,379567,31,1813194,8098
OF4,256,GRFsmooth,03-08,205460482470,242552,29,1431457,1004
OF4,256,GRFsmooth,03-09,129768364081,432530,30,1847490,6981
OF4,256,GRFsmooth,04-08,215184674624,356793,30,2158160,3151
OF4,256,GRFsmooth,05-01,177279694555,322209,33,1594928,3476
OF4,256,GRFsmooth,05-03,119150461116,418453,28,1836085,8606
OF4,256,GRFsmooth,05-04,137081606401,227926,33,1686930,3369
OF4,256,GRFsmooth,05-06,149188077808,980206,29,1968469,25640
OF4,256,GRFsmooth,05-08,148384379694,515999,31,2054532,9188
OF4,256,GRFsmooth,05-09,82322476096,491752,31,2085501,10260
OF4,256,GRFsmooth,05-10,221588374269,136310,33,1213012,1549
OF4,256,GRFsmooth,06-04,97295551794,280867,32,1865706,3839
OF4,256,GRFsmooth,06-08,157137164312,420538,33,2111505,6359
OF4,256,GRFsmooth,07-01,110084901184,331485,31,1643292,5951
OF4,256,GRFsmooth,07-03,195554154025,801635,29,2143326,17854
OF4,256,GRFsmooth,07-04,179122366152,256944,29,1634285,1622
OF4,256,GRFsmooth,07-05,179289897142,330579,29,1793650,4292
OF4,256,GRFsmooth,07-06,132721204553,628050,32,1951895,7320
OF4,256,GRFsmooth,07-08,158190134697,222881,28,1452195,3637
OF4,256,GRFsmooth,07-09,167050596973,278878,31,1627070,2119
OF4,256,GRFsmooth,07-10,161965319891,258091,28,2150643,2505
OF4,256,GRFsmooth,09-04,108350051160,335806,30,1930290,4881
OF4,256,GRFsmooth,09-06,105637860618,217748,34,1614869,2915
OF4,256,GRFsmooth,09-08,168200674662,344018,32,1667379,4039
OF4,256,GRFsmooth,10-01,201858102795,493439,31,2366592,12094
OF4,256,GRFsmooth,10-03,226973877805,110175,29,1210527,663
OF4,256,GRFsmooth,10-04,87748279673,162291,29,1741227,1732
OF4,256,GRFsmooth,10-06,137423956709,294341,30,1650083,4764
OF4,256,GRFsmooth,10-08,273751775690,149898,32,1637290,1066
OF4,256,GRFsmooth,10-09,175442029146,252809,33,1411780,3718
OF4,256,LogGRF,01-03,374177070067,668098,30,2610386,8165
OF4,256,LogGRF,01-04,247812244253,365615,27,1719424,5197
OF4,256,LogGRF,01-06,239968568909,367342,29,1927869,4905
OF4,256,LogGRF,01-08,121752597877,565881,32,2271139,9315
OF4,256,LogGRF,01-09,191962390189,166104,31,1442373,1734
OF4,256,LogGRF,02-01,177359919443,713137,30,2430005,13416
OF4,256,LogGRF,02-03,221664976830,1453316,32,2608743,27907
OF4,256,LogGRF,02-04,221868207903,435507,30,1779940,9021
OF4,256,LogGRF,02-05,293045280297,426427,31,2441320,6558
OF4,256,LogGRF,02-06,369176921172,242909,31,2014932,1763
OF4,256,LogGRF,02-07,236140484583,273337,31,2250980,2322
OF4,256,LogGRF,02-08,268661470615,247564,33,1843179,1439
OF4,256,LogGRF,02-09,263695156140,259532,30,1403147,3445
OF4,256,LogGRF,02-10,145518987444,357581,31,1813731,3504
OF4,256,LogGRF,03-04,318754604857,373058,28,1862440,6109
OF4,256,LogGRF,03-06,540290010482,472214,30,2836137,5427
OF4,256,LogGRF,03-08,447961737100,459055,30,1957840,3925
OF4,256,LogGRF,03-09,427931177432,245862,31,1362427,2634
OF4,256,LogGRF,04-08,311793055101,323328,28,1729530,2830
OF4,256,LogGRF,05-01,197210490959,343925,28,2217629,5373
OF4,256,LogGRF,05-03,437146923797,443365,28,2772584,2240
OF4,256,LogGRF,05-04,254565364934,466185,32,2312306,5933
OF4,256,LogGRF,05-06,230682536707,374478,34,1982939,3397
OF4,256,LogGRF,05-08,166077583687,325550,31,1962942,4778
OF4,256,LogGRF,05-09,326999730504,218214,30,1845808,2234
OF4,256,LogGRF,05-10,278895271081,188824,30,1730425,2419
OF4,256,LogGRF,06-04,446922963967,356201,29,1797391,4098
OF4,256,LogGRF,06-08,232616397295,282328,32,1722051,3372
OF4,256,LogGRF,07-01,126360534587,286068,31,1830873,5513
OF4,256,LogGRF,07-03,406650163514,464194,31,2929356,4255
OF4,256,LogGRF,07-04,301638010554,386487,29,1650073,4041
OF4,256,LogGRF,07-05,155081954326,241078,31,1717959,3769
OF4,256,LogGRF,07-06,164553518569,519699,33,1962890,8004
OF4,256,LogGRF,07-08,147370641644,391088,27,2084251,6665
OF4,256,LogGRF,07-09,282326658201,198951,30,1360499,2522
OF4,256,LogGRF,07-10,221526750428,234244,31,1754801,3068
OF4,256,LogGRF,09-04,285556520792,351386,32,2118304,2861
OF4,256,LogGRF,09-06,334674531191,220665,27,1800932,2152
OF4,256,LogGRF,09-08,179581236639,310372,28,2154113,4997
OF4,256,LogGRF,10-01,137926909264,396490,31,2308861,7355
OF4,256,LogGRF,10-03,331680998054,189395,31,1567690,890
OF4,256,LogGRF,10-04,233674480704,394034,35,1846179,3616
OF4,256,LogGRF,10-06,331824515329,353926,30,2075975,4681
OF4,256,LogGRF,10-08,183442982205,327949,32,2033257,5266
OF4,256,LogGRF,10-09,147130316573,292881,28,1800785,3771
OF4,256,LogitGRF,01-03,144997144920,344475,39,1973988,4876
OF4,256,LogitGRF,01-04,219324870841,174787,31,1568204,1629
OF4,256,LogitGRF,01-06,183436215815,275490,29,1830380,2077
OF4,256,LogitGRF,01-08,143620554111,184020,29,1701721,1475
OF4,256,LogitGRF,01-09,139790926986,279978,32,2117483,3092
OF4,256,LogitGRF,02-01,214343479909,255472,31,1951363,2216
OF4,256,LogitGRF,02-03,219466299671,336002,30,1697317,4623
OF4,256,LogitGRF,02-04,143879308288,335475,31,2087025,5099
OF4,256,LogitGRF,02-05,196463548592,296906,30,2074840,4265
OF4,256,LogitGRF,02-06,271015441285,347422,32,1573174,6551
OF4,256,LogitGRF,02-07,283386107643,229104,31,1898013,2182
OF4,256,LogitGRF,02-08,199956934083,251137,32,1602820,2085
OF4,256,LogitGRF,02-09,121864906641,293894,30,1964049,3484
OF4,256,LogitGRF,02-10,140303308851,513458,30,2078366,10735
OF4,256,LogitGRF,03-04,224567112445,210921,30,1400399,2377
OF4,256,LogitGRF,03-06,119040699086,427148,31,1987592,8793
OF4,256,LogitGRF,03-08,116390189892,529963,32,2152566,7684
OF4,256,LogitGRF,03-09,149549004093,325268,33,1795874,4883
OF4,256,LogitGRF,04-08,145043533271,320249,29,1949364,8178
OF4,256,LogitGRF,05-01,156417439153,264061,35,1771219,1896
OF4,256,LogitGRF,05-03,136541393816,692091,29,2081020,15719
OF4,256,LogitGRF,05-04,234884485954,246341,28,1627958,3485
OF4,256,LogitGRF,05-06,163483493904,383268,31,2045078,3658
OF4,256,LogitGRF,05-08,157172012639,489846,31,2076246,8587
OF4,256,LogitGRF,05-09,138192438755,679564,29,2392725,13723
OF4,256,LogitGRF,05-10,166731631902,222039,29,1625485,2326
OF4,256,LogitGRF,06-04,285413429171,176695,31,1415778,2416
OF4,256,LogitGRF,06-08,203213817406,245028,29,2122285,3491
OF4,256,LogitGRF,07-01,107450479029,289429,28,2051792,2450
OF4,256,LogitGRF,07-03,183145554439,344131,29,2009576,3764
OF4,256,LogitGRF,07-04,295264843235,232535,29,1722494,3159
OF4,256,LogitGRF,07-05,189543132886,277546,29,1861791,2874
OF4,256,LogitGRF,07-06,204709064443,368168,34,1971569,3692
OF4,256,LogitGRF,07-08,205666255773,271831,33,1721333,3902
OF4,256,LogitGRF,07-09,192349357008,595254,29,2648704,9937
OF4,256,LogitGRF,07-10,221231289039,311082,33,2159714,3699
OF4,256,LogitGRF,09-04,137307291707,510702,30,2027265,13042
OF4,256,LogitGRF,09-06,186568784119,239446,29,1819436,2747
OF4,256,LogitGRF,09-08,144349722399,376325,33,1941156,6271
OF4,256,LogitGRF,10-01,150327612190,246598,30,1826265,2313
OF4,256,LogitGRF,10-03,155522100829,364010,30,2030500,6976
OF4,256,LogitGRF,10-04,182988444034,391172,27,1777695,6081
OF4,256,LogitGRF,10-06,212171303678,459098,29,1938009,8670
OF4,256,LogitGRF,10-08,168859852851,399098,34,1866638,4774
OF4,256,LogitGRF,10-09,111484215369,380792,30,2320761,5947
OF4,256,MicroscopyImages,01-03,204148785409,165689,12,784442,5572
OF4,256,MicroscopyImages,01-04,192133752414,182374,16,1170150,3022
OF4,256,MicroscopyImages,01-06,267711078245,296747,16,1439197,6505
OF4,256,MicroscopyImages,01-08,250311492142,288841,15,1190450,6415
OF4,256,MicroscopyImages,01-09,183600677132,76222,10,740933,3243
OF4,256,MicroscopyImages,02-01,29347788778,190759,19,1394031,4080
OF4,256,MicroscopyImages,02-03,196343363815,221441,14,1094998,5652
OF4,256,MicroscopyImages,02-04,180225366821,255957,24,1391225,2301
OF4,256,MicroscopyImages,02-05,270480381724,352715,17,1355236,6739
OF4,256,MicroscopyImages,02-06,270347122649,499642,23,1649262,7704
OF4,256,MicroscopyImages,02-07,306472879863,216211,14,1065850,6174
OF4,256,MicroscopyImages,02-08,248992668671,377097,23,1638123,8111
OF4,256,MicroscopyImages,02-09,166813465857,155186,13,1182937,5328
OF4,256,MicroscopyImages,02-10,125803780808,244435,28,1537058,5294
OF4,256,MicroscopyImages,03-04,53851908768,147639,15,1148925,6037
OF4,256,MicroscopyImages,03-06,201954344208,207065,14,1334772,4979
OF4,256,MicroscopyImages,03-08,219068218932,245790,14,1239732,7775
OF4,256,MicroscopyImages,03-09,199149357345,56122,9,659311,2971
OF4,256,MicroscopyImages,04-08,248141561378,187543,23,1443790,5181
OF4,256,MicroscopyImages,05-01,268175406993,260502,12,1009988,5628
OF4,256,MicroscopyImages,05-03,211001645862,166661,10,974563,4532
OF4,256,MicroscopyImages,05-04,237395864438,122913,15,1149245,2725
OF4,256,MicroscopyImages,05-06,27903100426,141899,16,1514340,6425
OF4,256,MicroscopyImages,05-08,106310408679,153770,15,1262551,4617
OF4,256,MicroscopyImages,05-09,326296807129,84604,9,900689,1929
OF4,256,MicroscopyImages,05-10,270535305673,153274,14,1324143,3836
OF4,256,MicroscopyImages,06-04,225549366835,253001,24,1512947,2201
OF4,256,MicroscopyImages,06-08,102209698336,234036,26,1707250,5589
OF4,256,MicroscopyImages,07-01,304553166382,119564,11,727545,3722
OF4,256,MicroscopyImages,07-03,260472970875,106760,10,843361,6106
OF4,256,MicroscopyImages,07-04,292593431709,116797,14,1075612,3549
OF4,256,MicroscopyImages,07-05,131463407930,94879,11,898040,4109
OF4,256,MicroscopyImages,07-06,131584365104,152620,15,1240176,4689
OF4,256,MicroscopyImages,07-08,64158600471,215024,13,1158591,5780
OF4,256,MicroscopyImages,07-09,376028056804,54252,9,740586,1578
OF4,256,MicroscopyImages,07-10,321558417556,107253,14,1089533,3181
OF4,256,MicroscopyImages,09-04,165640800828,137270,12,1097063,4804
OF4,256,MicroscopyImages,09-06,312404400993,117077,13,1264701,2212
OF4,256,MicroscopyImages,09-08,335138477130,81927,13,996095,1536
OF4,256,MicroscopyImages,10-01,143893348109,134173,15,1088080,2474
OF4,256,MicroscopyImages,10-03,160663188133,152475,13,1020967,3749
OF4,256,MicroscopyImages,10-04,134931569426,209884,21,1433043,3910
OF4,256,MicroscopyImages,10-06,260647093156,295149,22,1816633,3958
OF4,256,MicroscopyImages,10-08,277709796156,205441,22,1471748,3639
OF4,256,MicroscopyImages,10-09,66929690203,59451,12,877413,1997
OF4,256,Shapes,01-03,41188000000,92826,20,1276177,2587
OF4,256,Shapes,01-04,131222514584,185793,23,1509315,4521
OF4,256,Shapes,01-06,279628800000,77249,19,1441471,568
OF4,256,Shapes,01-08,145449968277,81445,15,1410648,1641
OF4,256,Shapes,01-09,93665600000,153341,19,2839548,1700
OF4,256,Shapes,02-01,209720320000,83187,15,1096446,942
OF4,256,Shapes,02-03,210519040000,41380,10,648312,658
OF4,256,Shapes,02-04,78579800369,39003,12,658723,508
OF4,256,Shapes,02-05,267355950133,31714,10,557396,565
OF4,256,Shapes,02-06,291038560000,42628,11,435390,1424
OF4,256,Shapes,02-07,206068993681,40676,11,679842,820
OF4,256,Shapes,02-08,104491443482,28547,8,485698,1060
OF4,256,Shapes,02-09,217494736000,227681,10,1339976,10968
OF4,256,Shapes,02-10,234062998229,44369,12,751058,762
OF4,256,Shapes,03-04,139135154917,69915,13,964140,1744
OF4,256,Shapes,03-06,280720800000,59467,10,1504056,851
OF4,256,Shapes,03-08,150015615847,42259,9,762960,1516
OF4,256,Shapes,03-09,107254400000,56915,11,1173227,1296
OF4,256,Shapes,04-08,64559067462,48517,11,798813,2100
OF4,256,Shapes,05-01,119515810740,115911,20,1790639,1898
OF4,256,Shapes,05-03,123987693545,49496,12,1323946,914
OF4,256,Shapes,05-04,188858144717,45056,14,713512,695
OF4,256,Shapes,05-06,281715475437,54398,12,1526801,1076
OF4,256,Shapes,05-08,171615615856,54085,10,655902,2756
OF4,256,Shapes,05-09,156649549015,146144,12,1944570,5780
OF4,256,Shapes,05-10,122494704328,70424,13,933466,1570
OF4,256,Shapes,06-04,280802403728,32305,14,462769,752
OF4,256,Shapes,06-08,287278229076,26887,10,454088,1090
OF4,256,Shapes,07-01,207049109630,93797,23,998325,1398
OF4,256,Shapes,07-03,209601954056,127892,14,1154176,2472
OF4,256,Shapes,07-04,199935277204,55269,18,680696,750
OF4,256,Shapes,07-05,224618041672,180151,15,1552556,4663
OF4,256,Shapes,07-06,480363894088,58128,15,921584,2956
OF4,256,Shapes,07-08,203131938885,80885,11,1431615,3812
OF4,256,Shapes,07-09,225153047056,159963,14,1476645,4071
OF4,256,Shapes,07-10,219866363382,88460,15,1251183,1986
OF4,256,Shapes,09-04,178312136197,179019,13,1026493,9190
OF4,256,Shapes,09-06,282012600000,95236,11,2023491,2070
OF4,256,Shapes,09-08,183305894241,124014,9,925886,9227
OF4,256,Shapes,10-01,62850766039,136897,23,1536376,3179
OF4,256,Shapes,10-03,74656012132,70088,13,844087,2683
OF4,256,Shapes,10-04,155924941633,115048,15,1503690,3927
OF4,256,Shapes,10-06,280739955801,46505,14,991225,1427
OF4,256,Shapes,10-08,175186284160,62891,11,921384,2261
OF4,256,Shapes,10-09,122281286172,215513,14,1063777,10747
OF4,256,WhiteNoise,01-03,4540327148,391588,29,2542788,8401
OF4,256,WhiteNoise,01-04,4240168935,610660,28,3470665,8674
OF4,256,WhiteNoise,01-06,3991182125,505195,28,2698766,10238
OF4,256,WhiteNoise,01-08,3919684770,1234751,29,4835352,15662
OF4,256,WhiteNoise,01-09,3894328813,569759,28,3159699,8321
OF4,256,WhiteNoise,02-01,4330354482,742557,31,3030957,11075
OF4,256,WhiteNoise,02-03,4012838105,673896,30,3064598,12950
OF4,256,WhiteNoise,02-04,4259857738,579603,29,3470955,8939
OF4,256,WhiteNoise,02-05,4058075175,673705,31,3185918,12956
OF4,256,WhiteNoise,02-06,3919997761,550327,28,3018547,10561
OF4,256,WhiteNoise,02-07,4606464483,805122,31,2936922,11943
OF4,256,WhiteNoise,02-08,4376976746,1069306,30,4215213,14330
OF4,256,WhiteNoise,02-09,3805944460,761204,29,3729296,10690
OF4,256,WhiteNoise,02-10,4625732988,837033,30,3185100,9955
OF4,256,WhiteNoise,03-04,4929800236,806229,27,4016052,12612
OF4,256,WhiteNoise,03-06,4419468444,383903,27,2695015,8401
OF4,256,WhiteNoise,03-08,4990916788,1008991,27,4078297,15025
OF4,256,WhiteNoise,03-09,4561926150,394582,27,2606917,7380
OF4,256,WhiteNoise,04-08,4020045691,938350,28,4083050,15326
OF4,256,WhiteNoise,05-01,4572225209,469474,27,2571543,7601
OF4,256,WhiteNoise,05-03,4818548481,841050,35,3704942,12592
OF4,256,WhiteNoise,05-04,4183285253,536729,32,3138199,9439
OF4,256,WhiteNoise,05-06,3834965295,1000661,29,3900640,14137
OF4,256,WhiteNoise,05-08,4384804991,1416406,29,5158218,15884
OF4,256,WhiteNoise,05-09,4110685953,360294,28,2671172,6962
OF4,256,WhiteNoise,05-10,4517729651,648712,30,2879348,9729
OF4,256,WhiteNoise,06-04,3898646092,491816,29,3147816,8977
OF4,256,WhiteNoise,06-08,4248011078,1031588,30,4158560,15220
OF4,256,WhiteNoise,07-01,3870641455,845402,30,3648892,13496
OF4,256,WhiteNoise,07-03,4515809036,990170,28,3707400,12267
OF4,256,WhiteNoise,07-04,4994383382,808161,29,3714824,13727
OF4,256,WhiteNoise,07-05,4909740410,771067,31,3432743,12047
OF4,256,WhiteNoise,07-06,4447314761,963154,28,3901497,14457
OF4,256,WhiteNoise,07-08,4665813204,1014090,28,4038813,15333
OF4,256,WhiteNoise,07-09,4241757574,553103,28,2736530,9644
OF4,256,WhiteNoise,07-10,4353224885,842349,31,3846461,14083
OF4,256,WhiteNoise,09-04,4342702271,473571,32,3116800,10030
OF4,256,WhiteNoise,09-06,3862102693,1101201,28,4198366,14897
OF4,256,WhiteNoise,09-08,4253482377,1009908,31,4224295,14576
OF4,256,WhiteNoise,10-01,3879116739,457546,30,3019647,8297
OF4,256,WhiteNoise,10-03,5109818195,699332,27,3600463,12286
OF4,256,WhiteNoise,10-04,4406524971,610750,29,3149794,10311
OF4,256,WhiteNoise,10-06,4116618205,886525,28,3529804,14559
OF4,256,WhiteNoise,10-08,4073357819,1331093,28,4958188,16568
OF4,256,WhiteNoise,10-09,4171774034,500742,31,3006444,9673
