Distance function,Image size,Instance class,Instance,Optimal objective function value,Solution time [ms],IIO time [ms],Matryoshka time [ms],IIO step 2 basis changes,IIO iterations
OF1,32,CauchyDensity,01-02,381679867030,113,101,12,7412,148
OF1,32,CauchyDensity,01-03,639702236564,125,112,13,8230,190
OF1,32,CauchyDensity,01-04,412850049504,174,161,13,10302,349
OF1,32,CauchyDensity,01-05,1271790354042,67,58,9,6367,66
OF1,32,CauchyDensity,01-06,1206058384559,128,113,15,8515,193
OF1,32,CauchyDensity,01-07,706329620657,144,129,15,9178,225
OF1,32,CauchyDensity,01-08,641720516058,195,174,21,10236,280
OF1,32,CauchyDensity,01-09,511406435076,166,154,12,9737,363
OF1,32,CauchyDensity,01-10,1197930636345,107,92,15,8021,146
OF1,32,CauchyDensity,02-04,309433909655,142,128,14,7546,146
OF1,32,CauchyDensity,02-05,1203032347565,79,74,5,7904,53
OF1,32,CauchyDensity,02-06,1042676257653,213,191,22,7057,118
OF1,32,CauchyDensity,02-08,451423419694,150,134,16,7889,164
OF1,32,CauchyDensity,02-09,483000578762,163,145,18,7758,212
OF1,32,CauchyDensity,02-10,1038938059457,117,101,16,6812,107
OF1,32,CauchyDensity,03-02,452634693879,78,68,10,6901,91
OF1,32,CauchyDensity,03-04,328246246739,142,127,15,7304,138
OF1,32,CauchyDensity,03-05,803096837341,96,87,9,6101,84
OF1,32,CauchyDensity,03-06,635701121734,132,116,16,7512,201
OF1,32,CauchyDensity,03-08,308497055611,178,162,16,7656,260
OF1,32,CauchyDensity,03-09,582494958613,138,122,16,8633,184
OF1,32,CauchyDensity,03-10,607140440510,107,94,13,7253,111
OF1,32,CauchyDensity,04-05,1032041278880,85,80,5,7210,56
OF1,32,CauchyDensity,04-08,239521392338,183,164,19,7577,221
OF1,32,CauchyDensity,04-10,853718773723,131,113,18,7638,127
OF1,32,CauchyDensity,05-08,928351022318,107,93,14,7617,85
OF1,32,CauchyDensity,05-10,494335021350,160,137,23,8417,184
OF1,32,CauchyDensity,06-04,843671575076,120,100,20,7410,112
OF1,32,CauchyDensity,06-05,565155989066,151,126,25,7853,166
OF1,32,CauchyDensity,06-08,688158476474,182,163,19,7811,128
OF1,32,CauchyDensity,06-09,1000570542292,179,156,23,8788,218
OF1,32,CauchyDensity,06-10,134046572578,123,103,20,7085,143
OF1,32,CauchyDensity,07-02,485845054919,156,140,16,8436,223
OF1,32,CauchyDensity,07-03,347283576620,122,96,26,6910,116
OF1,32,CauchyDensity,07-04,321205042830,123,108,15,8336,209
OF1,32,CauchyDensity,07-05,1051148073343,149,130,19,6727,101
OF1,32,CauchyDensity,07-06,708313166987,112,99,13,7529,111
OF1,32,CauchyDensity,07-08,212809387695,125,107,18,7385,151
OF1,32,CauchyDensity,07-09,573579778037,92,75,17,8127,124
OF1,32,CauchyDensity,07-10,735728700392,92,80,12,7660,92
OF1,32,CauchyDensity,09-04,350622260473,156,137,19,8514,236
OF1,32,CauchyDensity,09-05,1045957382508,135,119,16,7066,105
OF1,32,CauchyDensity,09-08,399633752839,127,107,20,8345,158
OF1,32,CauchyDensity,09-10,999881548592,178,156,22,8609,201
OF1,32,CauchyDensity,10-08,708566281189,116,97,19,7808,107
OF1,32,ClassicImages,01-02,206116560402,115,97,18,7186,192
OF1,32,ClassicImages,01-03,230366264212,143,125,18,6912,217
OF1,32,ClassicImages,01-04,169474198532,99,83,16,6217,157
OF1,32,ClassicImages,01-05,195237855155,87,72,15,6349,105
OF1,32,ClassicImages,01-06,290990535908,107,88,19,7559,140
OF1,32,ClassicImages,01-07,232298183133,153,139,14,6403,234
OF1,32,ClassicImages,01-08,185575555991,165,136,29,6969,167
OF1,32,ClassicImages,01-09,341587129047,106,90,16,7282,103
OF1,32,ClassicImages,01-10,289184470976,105,85,20,6826,135
OF1,32,ClassicImages,02-04,88423074494,183,157,26,5271,131
OF1,32,ClassicImages,02-05,89449778556,89,73,16,5125,102
OF1,32,ClassicImages,02-06,104244812348,88,72,16,5739,104
OF1,32,ClassicImages,02-08,116958936846,99,84,15,5668,112
OF1,32,ClassicImages,02-09,254025703605,92,76,16,7252,89
OF1,32,ClassicImages,02-10,171012230834,110,92,18,5810,111
OF1,32,ClassicImages,03-02,160003215762,108,90,18,5702,132
OF1,32,ClassicImages,03-04,132396478107,94,79,15,5192,93
OF1,32,ClassicImages,03-05,149000530812,123,108,15,6156,191
OF1,32,ClassicImages,03-06,182241645629,115,100,15,6423,136
OF1,32,ClassicImages,03-08,161255543724,160,134,26,6063,180
OF1,32,ClassicImages,03-09,300822382196,109,94,15,7044,115
OF1,32,ClassicImages,03-10,250508839999,119,103,16,6541,164
OF1,32,ClassicImages,04-05,107862844914,89,73,16,4739,95
OF1,32,ClassicImages,04-08,110764385234,79,63,16,4840,80
OF1,32,ClassicImages,04-10,222790714046,131,111,20,6690,191
OF1,32,ClassicImages,05-08,140371648499,99,82,17,5585,123
OF1,32,ClassicImages,05-10,216794329022,146,115,31,6890,180
OF1,32,ClassicImages,06-04,161621530642,114,95,19,6413,129
OF1,32,ClassicImages,06-05,137062082674,94,79,15,6110,117
OF1,32,ClassicImages,06-08,156244037026,135,117,18,6775,163
OF1,32,ClassicImages,06-09,252213743001,133,115,18,7179,150
OF1,32,ClassicImages,06-10,169177440084,96,80,16,5464,103
OF1,32,ClassicImages,07-02,101986524106,84,69,15,4912,93
OF1,32,ClassicImages,07-03,194550788968,130,115,15,5857,167
OF1,32,ClassicImages,07-04,150976816021,106,91,15,5387,122
OF1,32,ClassicImages,07-05,103685398596,91,75,16,5314,112
OF1,32,ClassicImages,07-06,131670452996,97,80,17,6304,141
OF1,32,ClassicImages,07-08,148273858023,128,101,27,5709,115
OF1,32,ClassicImages,07-09,228608020255,117,102,15,6624,128
OF1,32,ClassicImages,07-10,186868192027,106,88,18,5917,114
OF1,32,ClassicImages,09-04,287373769741,105,91,14,6815,124
OF1,32,ClassicImages,09-05,238306777814,99,86,13,6404,111
OF1,32,ClassicImages,09-08,334539956114,113,98,15,7594,123
OF1,32,ClassicImages,09-10,368774950421,146,129,17,8017,176
OF1,32,ClassicImages,10-08,188604254271,105,87,18,5643,127
OF1,32,GRFmoderate,01-02,171884032934,122,106,16,7015,201
OF1,32,GRFmoderate,01-03,254137269163,111,94,17,7232,109
OF1,32,GRFmoderate,01-04,397444272381,110,93,17,8314,153
OF1,32,GRFmoderate,01-05,208898838580,102,86,16,7065,133
OF1,32,GRFmoderate,01-06,300044891664,110,94,16,7090,140
OF1,32,GRFmoderate,01-07,155551740055,108,91,17,6746,158
OF1,32,GRFmoderate,01-08,316529636955,132,107,25,6574,103
OF1,32,GRFmoderate,01-09,134174011948,100,84,16,6139,132
OF1,32,GRFmoderate,01-10,107233896920,93,77,16,5953,107
OF1,32,GRFmoderate,02-04,325981113421,118,100,18,7432,149
OF1,32,GRFmoderate,02-05,150638691845,99,84,15,5651,113
OF1,32,GRFmoderate,02-06,244688527012,129,111,18,6962,168
OF1,32,GRFmoderate,02-08,325477006362,115,100,15,7862,151
OF1,32,GRFmoderate,02-09,153873078087,109,91,18,5889,148
OF1,32,GRFmoderate,02-10,170753470748,151,127,24,6390,156
OF1,32,GRFmoderate,03-02,267722401912,121,94,27,6861,91
OF1,32,GRFmoderate,03-04,280583736087,104,87,17,7488,143
OF1,32,GRFmoderate,03-05,208185703595,97,83,14,6129,109
OF1,32,GRFmoderate,03-06,254943574831,108,91,17,6798,128
OF1,32,GRFmoderate,03-08,154149361037,155,131,24,5665,195
OF1,32,GRFmoderate,03-09,192693908572,95,81,14,5915,109
OF1,32,GRFmoderate,03-10,216030442258,108,93,15,6891,119
OF1,32,GRFmoderate,04-05,236669935459,105,87,18,6780,143
OF1,32,GRFmoderate,04-08,339522701620,106,90,16,7806,150
OF1,32,GRFmoderate,04-10,359731361865,105,87,18,7704,139
OF1,32,GRFmoderate,05-08,262152343211,110,96,14,6935,113
OF1,32,GRFmoderate,05-10,171525657539,92,76,16,6052,119
OF1,32,GRFmoderate,06-04,230276167495,111,93,18,6359,143
OF1,32,GRFmoderate,06-05,154397961704,110,95,15,5272,126
OF1,32,GRFmoderate,06-08,292945246854,122,104,18,6969,148
OF1,32,GRFmoderate,06-09,246346533831,110,93,17,6725,152
OF1,32,GRFmoderate,06-10,250099458025,89,73,16,6424,124
OF1,32,GRFmoderate,07-02,168009897603,106,89,17,6267,119
OF1,32,GRFmoderate,07-03,229427385046,107,89,18,6572,118
OF1,32,GRFmoderate,07-04,334258742984,107,90,17,7694,163
OF1,32,GRFmoderate,07-05,145181817423,100,84,16,6580,154
OF1,32,GRFmoderate,07-06,234507242307,103,87,16,6851,138
OF1,32,GRFmoderate,07-08,272644297616,101,85,16,6706,114
OF1,32,GRFmoderate,07-09,90005282514,114,99,15,5443,142
OF1,32,GRFmoderate,07-10,117818443682,101,76,25,5519,114
OF1,32,GRFmoderate,09-04,341989833467,104,87,17,7937,140
OF1,32,GRFmoderate,09-05,154172038880,90,75,15,6483,128
OF1,32,GRFmoderate,09-08,242059357581,98,85,13,6545,114
OF1,32,GRFmoderate,09-10,119607437543,134,105,29,5482,129
OF1,32,GRFmoderate,10-08,289836957462,100,84,16,7170,124
OF1,32,GRFrough,01-02,91874958702,102,82,20,5052,117
OF1,32,GRFrough,01-03,73997641939,88,71,17,4430,94
OF1,32,GRFrough,01-04,102019968685,95,79,16,5156,102
OF1,32,GRFrough,01-05,69717519334,111,94,17,4371,115
OF1,32,GRFrough,01-06,88417059005,88,73,15,4616,99
OF1,32,GRFrough,01-07,66227051752,87,74,13,4393,107
OF1,32,GRFrough,01-08,69543249664,197,174,23,4534,128
OF1,32,GRFrough,01-09,57431343430,80,66,14,3992,76
OF1,32,GRFrough,01-10,70956548247,81,65,16,4234,84
OF1,32,GRFrough,02-04,102019437359,103,88,15,4884,102
OF1,32,GRFrough,02-05,60895475073,94,78,16,4034,109
OF1,32,GRFrough,02-06,101421742248,184,155,29,4811,127
OF1,32,GRFrough,02-08,87302901898,97,80,17,4778,122
OF1,32,GRFrough,02-09,70479296476,101,84,17,4558,121
OF1,32,GRFrough,02-10,68012573674,103,87,16,4363,108
OF1,32,GRFrough,03-02,106692794066,119,102,17,5356,129
OF1,32,GRFrough,03-04,97522873946,101,81,20,5591,122
OF1,32,GRFrough,03-05,93502854974,95,79,16,5068,108
OF1,32,GRFrough,03-06,69957958560,91,74,17,4478,104
OF1,32,GRFrough,03-08,82953436822,97,79,18,4865,122
OF1,32,GRFrough,03-09,89396995090,98,82,16,5116,100
OF1,32,GRFrough,03-10,80399205009,84,68,16,4937,94
OF1,32,GRFrough,04-05,117013224733,136,116,20,5867,114
OF1,32,GRFrough,04-08,120093767029,173,140,33,6004,176
OF1,32,GRFrough,04-10,103855355899,114,89,25,5166,96
OF1,32,GRFrough,05-08,65112749053,97,76,21,4246,98
OF1,32,GRFrough,05-10,51369462907,100,81,19,3827,85
OF1,32,GRFrough,06-04,89541097642,100,83,17,4603,115
OF1,32,GRFrough,06-05,95863430317,113,98,15,5023,117
OF1,32,GRFrough,06-08,100921363350,110,92,18,4722,99
OF1,32,GRFrough,06-09,91692251060,89,75,14,4781,88
OF1,32,GRFrough,06-10,77963054707,115,99,16,4617,119
OF1,32,GRFrough,07-02,103789178098,98,80,18,5739,120
OF1,32,GRFrough,07-03,68589190116,90,75,15,4536,102
OF1,32,GRFrough,07-04,114494924773,100,83,17,6176,110
OF1,32,GRFrough,07-05,80074011412,106,89,17,5032,122
OF1,32,GRFrough,07-06,92921525873,97,81,16,5457,111
OF1,32,GRFrough,07-08,59703616002,86,71,15,4208,93
OF1,32,GRFrough,07-09,67051090360,89,72,17,4758,99
OF1,32,GRFrough,07-10,89462578404,115,97,18,5652,143
OF1,32,GRFrough,09-04,112261067558,105,85,20,5214,95
OF1,32,GRFrough,09-05,54093876172,97,80,17,3984,86
OF1,32,GRFrough,09-08,64158761791,107,90,17,4167,85
OF1,32,GRFrough,09-10,63217843948,120,103,17,4038,116
OF1,32,GRFrough,10-08,81336719033,101,81,20,4810,98
OF1,32,GRFsmooth,01-02,403842162860,116,101,15,6931,117
OF1,32,GRFsmooth,01-03,697856605326,153,136,17,9272,179
OF1,32,GRFsmooth,01-04,373911573885,117,100,17,7867,145
OF1,32,GRFsmooth,01-05,297729064938,122,105,17,7926,183
OF1,32,GRFsmooth,01-06,259629479824,107,92,15,7180,125
OF1,32,GRFsmooth,01-07,138799197840,91,72,19,5988,107
OF1,32,GRFsmooth,01-08,383713623984,167,145,22,7000,111
OF1,32,GRFsmooth,01-09,327953388574,134,116,18,6762,145
OF1,32,GRFsmooth,01-10,446012564039,148,131,17,7859,217
OF1,32,GRFsmooth,02-04,695828640108,180,153,27,8733,165
OF1,32,GRFsmooth,02-05,506849834076,114,99,15,8281,136
OF1,32,GRFsmooth,02-06,278850001796,115,101,14,6914,135
OF1,32,GRFsmooth,02-08,234095195285,100,84,16,6932,147
OF1,32,GRFsmooth,02-09,456026688321,120,104,16,8132,204
OF1,32,GRFsmooth,02-10,379977180450,110,94,16,8187,156
OF1,32,GRFsmooth,03-02,558632756688,115,93,22,7727,153
OF1,32,GRFsmooth,03-04,840569253383,103,88,15,8363,106
OF1,32,GRFsmooth,03-05,738317538229,137,120,17,8720,187
OF1,32,GRFsmooth,03-06,541390988378,149,131,18,7756,196
OF1,32,GRFsmooth,03-08,404005721605,115,98,17,7648,154
OF1,32,GRFsmooth,03-09,496898116814,115,101,14,6733,107
OF1,32,GRFsmooth,03-10,433513687067,136,118,18,8216,188
OF1,32,GRFsmooth,04-05,270165960994,142,124,18,7707,164
OF1,32,GRFsmooth,04-08,626336320388,118,104,14,8184,112
OF1,32,GRFsmooth,04-10,486414760690,119,108,11,7688,77
OF1,32,GRFsmooth,05-08,475088710766,130,113,17,7949,123
OF1,32,GRFsmooth,05-10,394613715679,136,117,19,7272,121
OF1,32,GRFsmooth,06-04,473390987728,132,115,17,7995,132
OF1,32,GRFsmooth,06-05,309789506399,114,95,19,7303,133
OF1,32,GRFsmooth,06-08,213794664855,111,96,15,6480,111
OF1,32,GRFsmooth,06-09,322293151395,145,127,18,7188,263
OF1,32,GRFsmooth,06-10,283217896601,173,141,32,7257,166
OF1,32,GRFsmooth,07-02,366323901452,101,86,15,7300,119
OF1,32,GRFsmooth,07-03,721063489712,167,149,18,8761,205
OF1,32,GRFsmooth,07-04,422490857745,142,127,15,8261,158
OF1,32,GRFsmooth,07-05,290741726016,110,93,17,7599,127
OF1,32,GRFsmooth,07-06,227933659028,147,131,16,7297,251
OF1,32,GRFsmooth,07-08,365598131836,167,150,17,7781,111
OF1,32,GRFsmooth,07-09,348269920197,111,94,17,8052,169
OF1,32,GRFsmooth,07-10,378164308851,132,115,17,7173,182
OF1,32,GRFsmooth,09-04,415669235129,106,91,15,6704,78
OF1,32,GRFsmooth,09-05,357776853222,185,166,19,7850,206
OF1,32,GRFsmooth,09-08,293907355242,147,119,28,7092,118
OF1,32,GRFsmooth,09-10,236698230761,163,130,33,7110,174
OF1,32,GRFsmooth,10-08,230845592661,166,131,35,7061,222
OF1,32,LogGRF,01-02,388080355449,121,108,13,6612,171
OF1,32,LogGRF,01-03,731166838529,156,137,19,9076,226
OF1,32,LogGRF,01-04,696013438540,126,110,16,8009,189
OF1,32,LogGRF,01-05,1177229400290,110,96,14,7500,104
OF1,32,LogGRF,01-06,501866953266,98,82,16,7285,125
OF1,32,LogGRF,01-07,285623439437,104,89,15,6693,132
OF1,32,LogGRF,01-08,540550350076,153,125,28,6683,135
OF1,32,LogGRF,01-09,1099790842629,128,109,19,8198,188
OF1,32,LogGRF,01-10,847354854882,94,80,14,6449,114
OF1,32,LogGRF,02-04,550030641540,125,110,15,8483,183
OF1,32,LogGRF,02-05,943017112280,89,77,12,7320,72
OF1,32,LogGRF,02-06,382661155100,149,125,24,6758,128
OF1,32,LogGRF,02-08,299066934684,112,98,14,6608,180
OF1,32,LogGRF,02-09,843561714048,147,128,19,8305,182
OF1,32,LogGRF,02-10,587866598843,108,95,13,6899,105
OF1,32,LogGRF,03-02,564226151798,121,104,17,7431,145
OF1,32,LogGRF,03-04,871541920874,130,107,23,7521,185
OF1,32,LogGRF,03-05,829337896562,129,114,15,8478,180
OF1,32,LogGRF,03-06,660345809787,116,102,14,8220,171
OF1,32,LogGRF,03-08,611046609980,131,113,18,6992,163
OF1,32,LogGRF,03-09,813087523418,158,128,30,7677,210
OF1,32,LogGRF,03-10,604018471603,111,91,20,7248,135
OF1,32,LogGRF,04-05,836210874339,125,111,14,8084,180
OF1,32,LogGRF,04-08,485346904215,140,123,17,7287,142
OF1,32,LogGRF,04-10,560389981853,122,95,27,7425,160
OF1,32,LogGRF,05-08,732000819700,84,72,12,7122,82
OF1,32,LogGRF,05-10,464954297767,115,100,15,6997,189
OF1,32,LogGRF,06-04,772543483823,191,159,32,7869,183
OF1,32,LogGRF,06-05,1173610074928,94,81,13,7076,92
OF1,32,LogGRF,06-08,581340592011,133,117,16,7562,214
OF1,32,LogGRF,06-09,760751470109,158,142,16,9490,191
OF1,32,LogGRF,06-10,811939161755,109,96,13,7002,151
OF1,32,LogGRF,07-02,455085991593,118,101,17,7548,160
OF1,32,LogGRF,07-03,698146793833,126,107,19,8058,188
OF1,32,LogGRF,07-04,705506373846,136,116,20,8023,185
OF1,32,LogGRF,07-05,1057784144167,115,100,15,8167,121
OF1,32,LogGRF,07-06,633432661811,114,97,17,7785,169
OF1,32,LogGRF,07-08,480471447078,110,95,15,7046,147
OF1,32,LogGRF,07-09,1152383340952,138,118,20,7512,189
OF1,32,LogGRF,07-10,771177657445,156,128,28,7572,165
OF1,32,LogGRF,09-04,1038208324024,118,98,20,8282,156
OF1,32,LogGRF,09-05,957469197853,144,125,19,8398,185
OF1,32,LogGRF,09-08,833753863897,110,93,17,7849,175
OF1,32,LogGRF,09-10,721543011766,115,96,19,7799,164
OF1,32,LogGRF,10-08,435567537352,101,87,14,6638,130
OF1,32,LogitGRF,01-02,322586026369,126,105,21,7021,191
OF1,32,LogitGRF,01-03,331328964841,111,95,16,6855,133
OF1,32,LogitGRF,01-04,264270922095,106,89,17,6868,104
OF1,32,LogitGRF,01-05,220283295781,110,94,16,5841,114
OF1,32,LogitGRF,01-06,235155854599,153,138,15,6677,215
OF1,32,LogitGRF,01-07,319390732952,110,95,15,6502,104
OF1,32,LogitGRF,01-08,191795113953,158,133,25,5728,137
OF1,32,LogitGRF,01-09,486802003287,123,106,17,8826,173
OF1,32,LogitGRF,01-10,312401040771,110,94,16,7327,150
OF1,32,LogitGRF,02-04,228236351842,86,70,16,5780,102
OF1,32,LogitGRF,02-05,294144602068,113,92,21,6671,158
OF1,32,LogitGRF,02-06,324391127655,135,120,15,7200,183
OF1,32,LogitGRF,02-08,374219736214,108,91,17,7216,165
OF1,32,LogitGRF,02-09,405684647023,162,134,28,7309,172
OF1,32,LogitGRF,02-10,275475244714,95,80,15,6367,103
OF1,32,LogitGRF,03-02,374386568218,107,92,15,6794,116
OF1,32,LogitGRF,03-04,403832168459,137,109,28,6769,165
OF1,32,LogitGRF,03-05,253943172301,104,88,16,5936,109
OF1,32,LogitGRF,03-06,292835729059,126,108,18,7100,193
OF1,32,LogitGRF,03-08,417384627240,133,115,18,8149,197
OF1,32,LogitGRF,03-09,292241786710,105,90,15,6799,162
OF1,32,LogitGRF,03-10,279342740158,105,90,15,5923,119
OF1,32,LogitGRF,04-05,304310070392,121,104,17,6611,131
OF1,32,LogitGRF,04-08,280112188427,123,95,28,6110,133
OF1,32,LogitGRF,04-10,300775775460,103,87,16,5910,129
OF1,32,LogitGRF,05-08,287036860572,107,91,16,6236,136
OF1,32,LogitGRF,05-10,308783084581,133,119,14,7343,234
OF1,32,LogitGRF,06-04,313069262978,122,105,17,5961,123
OF1,32,LogitGRF,06-05,248110042993,116,89,27,5391,119
OF1,32,LogitGRF,06-08,264403590782,108,92,16,6612,126
OF1,32,LogitGRF,06-09,440461524614,128,112,16,7658,174
OF1,32,LogitGRF,06-10,265124486590,97,80,17,6730,157
OF1,32,LogitGRF,07-02,489986217505,126,111,15,7532,152
OF1,32,LogitGRF,07-03,266848497871,90,73,17,6084,112
OF1,32,LogitGRF,07-04,450596081245,114,89,25,7464,105
OF1,32,LogitGRF,07-05,346893390200,111,97,14,6799,141
OF1,32,LogitGRF,07-06,262583774247,127,110,17,6175,148
OF1,32,LogitGRF,07-08,417586631018,142,119,23,6824,115
OF1,32,LogitGRF,07-09,485462180104,117,99,18,7768,178
OF1,32,LogitGRF,07-10,384457073795,132,114,18,8498,189
OF1,32,LogitGRF,09-04,475514556590,127,109,18,7819,158
OF1,32,LogitGRF,09-05,388010485342,120,104,16,7455,159
OF1,32,LogitGRF,09-08,561804465922,129,111,18,7805,179
OF1,32,LogitGRF,09-10,274662715678,113,86,27,6408,114
OF1,32,LogitGRF,10-08,378689105553,138,122,16,7290,192
OF1,32,MicroscopyImages,01-02,288091795570,73,59,14,4559,131
OF1,32,MicroscopyImages,01-03,863488996159,65,49,16,4306,136
OF1,32,MicroscopyImages,01-04,602487193894,73,58,15,4974,133
OF1,32,MicroscopyImages,01-05,716655024595,75,60,15,4756,142
OF1,32,MicroscopyImages,01-06,752182099161,89,73,16,6011,163
OF1,32,MicroscopyImages,01-07,640614484066,62,46,16,4135,128
OF1,32,MicroscopyImages,01-08,654978042776,129,99,30,5070,142
OF1,32,MicroscopyImages,01-09,601240068693,60,47,13,3674,121
OF1,32,MicroscopyImages,01-10,499921086020,71,56,15,5037,111
OF1,32,MicroscopyImages,02-04,696264304203,89,73,16,5882,116
OF1,32,MicroscopyImages,02-05,622013405235,99,81,18,6940,141
OF1,32,MicroscopyImages,02-06,696224545500,105,90,15,7445,160
OF1,32,MicroscopyImages,02-08,683046538051,103,86,17,7002,153
OF1,32,MicroscopyImages,02-09,470174194943,62,50,12,3992,84
OF1,32,MicroscopyImages,02-10,380216936218,105,82,23,5044,96
OF1,32,MicroscopyImages,03-02,943241979264,83,68,15,5361,161
OF1,32,MicroscopyImages,03-04,326306850920,66,52,14,4405,111
OF1,32,MicroscopyImages,03-05,551197004237,75,61,14,4886,144
OF1,32,MicroscopyImages,03-06,406106431361,74,60,14,5203,124
OF1,32,MicroscopyImages,03-08,561310235684,65,53,12,5324,90
OF1,32,MicroscopyImages,03-09,619376404603,73,56,17,5114,146
OF1,32,MicroscopyImages,03-10,675376408824,82,67,15,6169,146
OF1,32,MicroscopyImages,04-05,486469592884,114,96,18,5908,140
OF1,32,MicroscopyImages,04-08,477932408499,141,111,30,7173,183
OF1,32,MicroscopyImages,04-10,431337791807,140,113,27,6795,176
OF1,32,MicroscopyImages,05-08,461378393734,107,86,21,6206,163
OF1,32,MicroscopyImages,05-10,383069883167,121,95,26,5876,146
OF1,32,MicroscopyImages,06-04,435624394866,117,100,17,6809,131
OF1,32,MicroscopyImages,06-05,178464486235,83,68,15,4424,117
OF1,32,MicroscopyImages,06-08,460501289132,179,157,22,7659,221
OF1,32,MicroscopyImages,06-09,448202218031,96,81,15,6861,202
OF1,32,MicroscopyImages,06-10,440203903174,114,95,19,6565,145
OF1,32,MicroscopyImages,07-02,648015919312,88,70,18,5988,161
OF1,32,MicroscopyImages,07-03,593554669312,53,41,12,4225,82
OF1,32,MicroscopyImages,07-04,483244181894,69,56,13,5172,117
OF1,32,MicroscopyImages,07-05,464929547495,101,83,18,5158,156
OF1,32,MicroscopyImages,07-06,476673645602,114,97,17,6852,189
OF1,32,MicroscopyImages,07-08,146064523201,78,63,15,3811,108
OF1,32,MicroscopyImages,07-09,667405694496,91,73,18,5491,179
OF1,32,MicroscopyImages,07-10,617854201292,138,121,17,6528,165
OF1,32,MicroscopyImages,09-04,481036145335,106,80,26,5216,165
OF1,32,MicroscopyImages,09-05,422424966228,89,73,16,4887,135
OF1,32,MicroscopyImages,09-08,673725392410,102,84,18,6280,158
OF1,32,MicroscopyImages,09-10,217002116859,73,56,17,4214,79
OF1,32,MicroscopyImages,10-08,626166563729,121,101,20,7477,156
OF1,32,Shapes,01-02,470495776000,57,49,8,5309,119
OF1,32,Shapes,01-03,88614400000,54,49,5,4226,106
OF1,32,Shapes,01-04,327099771023,74,59,15,5248,104
OF1,32,Shapes,01-05,249596333584,56,45,11,4894,78
OF1,32,Shapes,01-06,611118800000,67,55,12,6560,124
OF1,32,Shapes,01-07,441757895836,71,57,14,5754,133
OF1,32,Shapes,01-08,346687557361,69,56,13,3817,81
OF1,32,Shapes,01-09,229883600000,63,53,10,4886,94
OF1,32,Shapes,01-10,158095790368,56,45,11,3981,82
OF1,32,Shapes,02-04,156858382442,22,17,5,1888,43
OF1,32,Shapes,02-05,557533779434,32,27,5,3071,85
OF1,32,Shapes,02-06,577436896000,31,24,7,3033,83
OF1,32,Shapes,02-08,219258534999,16,12,4,1446,65
OF1,32,Shapes,02-09,514296672000,32,26,6,3119,93
OF1,32,Shapes,02-10,555213532931,35,29,6,2971,93
OF1,32,Shapes,03-02,472479232000,44,36,8,3038,95
OF1,32,Shapes,03-04,332983350461,34,27,7,2938,85
OF1,32,Shapes,03-05,256777101052,26,20,6,2424,55
OF1,32,Shapes,03-06,613242200000,40,34,6,3793,119
OF1,32,Shapes,03-08,351798520196,34,26,8,2414,83
OF1,32,Shapes,03-09,234633600000,35,30,5,3484,79
OF1,32,Shapes,03-10,177476288970,37,31,6,2444,80
OF1,32,Shapes,04-05,407594177630,42,33,9,3455,100
OF1,32,Shapes,04-08,141250968845,23,18,5,2106,68
OF1,32,Shapes,04-10,412176631684,39,30,9,2598,95
OF1,32,Shapes,05-08,374715170072,24,17,7,1955,56
OF1,32,Shapes,05-10,284555510052,48,36,12,2711,96
OF1,32,Shapes,06-04,552783340482,38,29,9,3817,104
OF1,32,Shapes,06-05,643339299281,36,28,8,4116,104
OF1,32,Shapes,06-08,575416475748,29,23,6,3481,117
OF1,32,Shapes,06-09,635712000000,45,35,10,4532,129
OF1,32,Shapes,06-10,638897571089,41,31,10,3972,118
OF1,32,Shapes,07-02,462919981985,41,34,7,4219,118
OF1,32,Shapes,07-03,447638330547,39,31,8,3702,114
OF1,32,Shapes,07-04,420470543441,42,32,10,3685,98
OF1,32,Shapes,07-05,505379987939,39,30,9,3552,94
OF1,32,Shapes,07-06,968532082158,50,39,11,4198,152
OF1,32,Shapes,07-08,439586401911,34,26,8,3638,115
OF1,32,Shapes,07-09,494049863913,54,44,10,3930,153
OF1,32,Shapes,07-10,490806292603,47,37,10,3455,117
OF1,32,Shapes,09-04,399924053927,47,34,13,3399,110
OF1,32,Shapes,09-05,342734072695,52,42,10,3441,122
OF1,32,Shapes,09-08,416224515635,42,36,6,2691,179
OF1,32,Shapes,09-10,278084896387,38,27,11,2628,74
OF1,32,Shapes,10-08,447574964719,25,19,6,2544,80
OF1,32,WhiteNoise,01-02,57155605881,88,73,15,3272,89
OF1,32,WhiteNoise,01-03,60369901313,94,79,15,3256,103
OF1,32,WhiteNoise,01-04,72488445412,90,77,13,3687,95
OF1,32,WhiteNoise,01-05,62577225562,97,83,14,3601,108
OF1,32,WhiteNoise,01-06,53211775118,81,69,12,3143,96
OF1,32,WhiteNoise,01-07,58499517183,78,63,15,3655,101
OF1,32,WhiteNoise,01-08,56645248683,155,131,24,3228,96
OF1,32,WhiteNoise,01-09,70309185938,106,94,12,3737,117
OF1,32,WhiteNoise,01-10,60256268958,85,73,12,3441,106
OF1,32,WhiteNoise,02-04,71415060782,113,97,16,3740,116
OF1,32,WhiteNoise,02-05,61544691084,93,80,13,3506,107
OF1,32,WhiteNoise,02-06,59979296430,77,62,15,3320,97
OF1,32,WhiteNoise,02-08,54465738427,87,72,15,3123,89
OF1,32,WhiteNoise,02-09,61597100671,106,86,20,3288,101
OF1,32,WhiteNoise,02-10,62767766263,98,84,14,3521,117
OF1,32,WhiteNoise,03-02,60877218031,116,102,14,3459,110
OF1,32,WhiteNoise,03-04,72336751987,77,63,14,3622,84
OF1,32,WhiteNoise,03-05,63637961939,125,110,15,3571,105
OF1,32,WhiteNoise,03-06,53300577644,98,84,14,3148,106
OF1,32,WhiteNoise,03-08,66106390383,91,77,14,4068,109
OF1,32,WhiteNoise,03-09,63904260588,87,75,12,3300,103
OF1,32,WhiteNoise,03-10,55557939020,98,82,16,3259,117
OF1,32,WhiteNoise,04-05,59571305412,83,67,16,3265,97
OF1,32,WhiteNoise,04-08,72055977501,110,86,24,3779,99
OF1,32,WhiteNoise,04-10,82129694629,112,99,13,4170,108
OF1,32,WhiteNoise,05-08,63884105234,84,70,14,3736,105
OF1,32,WhiteNoise,05-10,66996773336,97,84,13,3751,126
OF1,32,WhiteNoise,06-04,64151622677,89,77,12,3256,96
OF1,32,WhiteNoise,06-05,57460836232,101,88,13,3236,103
OF1,32,WhiteNoise,06-08,58543744204,113,90,23,3845,121
OF1,32,WhiteNoise,06-09,66349396194,89,75,14,3484,98
OF1,32,WhiteNoise,06-10,56552190012,94,81,13,3283,106
OF1,32,WhiteNoise,07-02,60202485137,78,64,14,3317,93
OF1,32,WhiteNoise,07-03,61772519243,80,66,14,3389,92
OF1,32,WhiteNoise,07-04,84820822316,106,90,16,4323,97
OF1,32,WhiteNoise,07-05,62578915474,113,97,16,3311,99
OF1,32,WhiteNoise,07-06,62701007042,74,59,15,3584,95
OF1,32,WhiteNoise,07-08,60528626107,83,68,15,3407,96
OF1,32,WhiteNoise,07-09,72576196605,96,82,14,3860,113
OF1,32,WhiteNoise,07-10,62909519326,97,81,16,3496,103
OF1,32,WhiteNoise,09-04,62744672684,98,83,15,3435,108
OF1,32,WhiteNoise,09-05,59168931048,92,79,13,3428,104
OF1,32,WhiteNoise,09-08,68820545275,82,67,15,3695,88
OF1,32,WhiteNoise,09-10,70298454355,90,77,13,3737,99
OF1,32,WhiteNoise,10-08,65906474169,85,71,14,3887,109
OF1,64,CauchyDensity,01-02,6653857293715,1990,1838,152,37444,804
OF1,64,CauchyDensity,01-03,2523834973386,2405,2269,136,43313,1397
OF1,64,CauchyDensity,01-04,4471420698880,2560,2444,116,42478,821
OF1,64,CauchyDensity,01-05,4749139124340,3645,3458,187,59182,2508
OF1,64,CauchyDensity,01-06,6520771207191,2181,2007,174,41822,811
OF1,64,CauchyDensity,01-07,4139762572768,3142,2979,163,44943,1954
OF1,64,CauchyDensity,01-08,5850102307228,1643,1515,128,42272,627
OF1,64,CauchyDensity,01-09,5130424442222,2720,2577,143,44340,901
OF1,64,CauchyDensity,01-10,4741722110268,3147,2929,218,44937,1552
OF1,64,CauchyDensity,02-03,6079084769127,2450,2319,131,35477,588
OF1,64,CauchyDensity,02-04,5649398348810,2752,2623,129,37770,732
OF1,64,CauchyDensity,02-05,3440181273882,3165,3015,150,41520,865
OF1,64,CauchyDensity,02-07,5335315634880,2195,2067,128,41043,560
OF1,64,CauchyDensity,02-10,5876446962533,2095,1940,155,41931,570
OF1,64,CauchyDensity,03-07,1934644856809,1939,1819,120,39432,739
OF1,64,CauchyDensity,03-10,2643236812099,2115,1995,120,40558,611
OF1,64,CauchyDensity,04-03,3494493972315,2359,2251,108,39702,699
OF1,64,CauchyDensity,04-07,2878775308787,1938,1823,115,39177,477
OF1,64,CauchyDensity,04-10,3086445603426,1969,1851,118,39406,442
OF1,64,CauchyDensity,05-03,4103810441278,2867,2738,129,41980,571
OF1,64,CauchyDensity,05-04,4416924725125,2033,1890,143,36196,470
OF1,64,CauchyDensity,05-07,3629319437167,2324,2203,121,41473,471
OF1,64,CauchyDensity,05-10,4726290578521,2006,1880,126,40029,421
OF1,64,CauchyDensity,06-02,4507454596558,3895,3650,245,49838,1802
OF1,64,CauchyDensity,06-03,5453921307581,2589,2469,120,37370,610
OF1,64,CauchyDensity,06-04,3435682719301,2973,2841,132,41700,572
OF1,64,CauchyDensity,06-05,3698020717861,2873,2730,143,42304,640
OF1,64,CauchyDensity,06-07,4670987787000,2576,2441,135,42399,477
OF1,64,CauchyDensity,06-08,3870453438721,2178,2050,128,42270,512
OF1,64,CauchyDensity,06-10,5668413666949,3036,2937,99,40615,600
OF1,64,CauchyDensity,07-10,1310453241754,2226,2011,215,37446,743
OF1,64,CauchyDensity,08-02,3150777172450,3346,3248,98,39266,2457
OF1,64,CauchyDensity,08-03,5503691462107,2434,2260,174,44481,591
OF1,64,CauchyDensity,08-04,4810623408165,2518,2357,161,43722,630
OF1,64,CauchyDensity,08-05,2487656309051,2200,2060,140,41331,459
OF1,64,CauchyDensity,08-07,5025980291563,3699,3542,157,47448,692
OF1,64,CauchyDensity,08-10,5850132527727,4810,4588,222,44257,605
OF1,64,CauchyDensity,09-02,5343423785813,4341,4248,93,35026,1997
OF1,64,CauchyDensity,09-03,4055821286677,2164,2029,135,42055,676
OF1,64,CauchyDensity,09-04,5169028056968,2214,2083,131,45569,486
OF1,64,CauchyDensity,09-05,4520600416535,2385,2308,77,39810,708
OF1,64,CauchyDensity,09-06,7175107436589,2292,2173,119,40150,450
OF1,64,CauchyDensity,09-07,3428804575648,2526,2381,145,44010,458
OF1,64,CauchyDensity,09-08,5414125782906,2610,2500,110,44645,453
OF1,64,CauchyDensity,09-10,3120294042572,2785,2608,177,40331,414
OF1,64,ClassicImages,01-02,1650419011023,1448,1322,126,35610,371
OF1,64,ClassicImages,01-03,1845206737909,1501,1339,162,35380,424
OF1,64,ClassicImages,01-04,1357707677184,1507,1398,109,32748,488
OF1,64,ClassicImages,01-05,1564673831507,1626,1524,102,35069,521
OF1,64,ClassicImages,01-06,2330197751573,1994,1866,128,39496,543
OF1,64,ClassicImages,01-07,1861094480955,1419,1259,160,33558,410
OF1,64,ClassicImages,01-08,1487766933570,1323,1218,105,32904,482
OF1,64,ClassicImages,01-09,2733350533250,1718,1617,101,38848,371
OF1,64,ClassicImages,01-10,2319314344592,3232,3046,186,34728,498
OF1,64,ClassicImages,02-03,1281841472680,4632,4435,197,32269,398
OF1,64,ClassicImages,02-04,708537437712,1619,1502,117,27999,316
OF1,64,ClassicImages,02-05,717229093587,1644,1553,91,29656,478
OF1,64,ClassicImages,02-07,818570783569,2440,2341,99,28701,424
OF1,64,ClassicImages,02-10,1371796268814,2705,2574,131,32613,373
OF1,64,ClassicImages,03-07,1558865552426,2841,2673,168,33634,639
OF1,64,ClassicImages,03-10,2008539394834,2665,2496,169,37064,622
OF1,64,ClassicImages,04-03,1060734805248,1913,1798,115,31022,324
OF1,64,ClassicImages,04-07,1209714733124,1829,1669,160,32118,351
OF1,64,ClassicImages,04-10,1786025372333,3901,3741,160,35493,806
OF1,64,ClassicImages,05-03,1193980436307,2832,2473,359,33244,831
OF1,64,ClassicImages,05-04,865482897787,2172,2066,106,27202,380
OF1,64,ClassicImages,05-07,833147671541,1916,1795,121,28114,394
OF1,64,ClassicImages,05-10,1738168593170,2647,2239,408,33885,471
OF1,64,ClassicImages,06-02,836038037726,1576,1474,102,30771,427
OF1,64,ClassicImages,06-03,1459953467883,1386,1287,99,32943,310
OF1,64,ClassicImages,06-04,1294244869845,1933,1813,120,34198,362
OF1,64,ClassicImages,06-05,1097492836154,1304,1208,96,31800,280
OF1,64,ClassicImages,06-07,1055167005051,1422,1316,106,31640,361
OF1,64,ClassicImages,06-08,1251737027754,2164,1928,236,33398,271
OF1,64,ClassicImages,06-10,1357155018157,1597,1502,95,31697,335
OF1,64,ClassicImages,07-10,1499032784854,2145,2013,132,32663,495
OF1,64,ClassicImages,08-02,938053549875,1962,1849,113,31836,470
OF1,64,ClassicImages,08-03,1292121443038,2828,2680,148,31574,694
OF1,64,ClassicImages,08-04,888732550365,1649,1554,95,27907,404
OF1,64,ClassicImages,08-05,1125330278056,2305,2145,160,30849,422
OF1,64,ClassicImages,08-07,1188449535199,2445,2325,120,30456,433
OF1,64,ClassicImages,08-10,1513217775641,1891,1779,112,31879,402
OF1,64,ClassicImages,09-02,2032536913223,1581,1471,110,37903,294
OF1,64,ClassicImages,09-03,2406954622370,1466,1359,107,34173,285
OF1,64,ClassicImages,09-04,2299181820214,1655,1545,110,37821,373
OF1,64,ClassicImages,09-05,1906825298287,2018,1913,105,37258,396
OF1,64,ClassicImages,09-06,2017605138837,2415,2286,129,37769,446
OF1,64,ClassicImages,09-07,1830277204574,1769,1671,98,35692,362
OF1,64,ClassicImages,09-08,2676768805595,1987,1868,119,41635,367
OF1,64,ClassicImages,09-10,2951865378671,2335,2190,145,42340,471
OF1,64,GRFmoderate,01-02,1587947829345,1518,1407,111,35847,399
OF1,64,GRFmoderate,01-03,1245776267821,1601,1502,99,32524,367
OF1,64,GRFmoderate,01-04,1321747307651,1547,1446,101,33272,421
OF1,64,GRFmoderate,01-05,1608520228750,2491,2386,105,36435,410
OF1,64,GRFmoderate,01-06,2147452330968,1841,1751,90,39255,626
OF1,64,GRFmoderate,01-07,1529971122870,1505,1387,118,32605,439
OF1,64,GRFmoderate,01-08,1908145800542,1548,1451,97,34886,307
OF1,64,GRFmoderate,01-09,1528486038499,1406,1307,99,33680,312
OF1,64,GRFmoderate,01-10,1906764492456,2706,2498,208,39236,426
OF1,64,GRFmoderate,02-03,1501060284905,2601,2451,150,34098,484
OF1,64,GRFmoderate,02-04,2238627699241,2426,2214,212,37252,355
OF1,64,GRFmoderate,02-05,2118732661175,2391,2255,136,39048,447
OF1,64,GRFmoderate,02-07,1962053656606,2096,1939,157,39367,501
OF1,64,GRFmoderate,02-10,2797317824183,2244,2108,136,39573,502
OF1,64,GRFmoderate,03-07,1474849931647,1825,1701,124,35814,344
OF1,64,GRFmoderate,03-10,2179979770929,1830,1697,133,37413,402
OF1,64,GRFmoderate,04-03,1999434438166,1768,1627,141,37680,437
OF1,64,GRFmoderate,04-07,1702306119303,2319,2168,151,38670,462
OF1,64,GRFmoderate,04-10,1137785417836,1957,1799,158,31469,408
OF1,64,GRFmoderate,05-03,1295935498137,1866,1729,137,32493,318
OF1,64,GRFmoderate,05-04,2246808832916,2110,1941,169,37214,364
OF1,64,GRFmoderate,05-07,1082470255574,2680,2440,240,32070,422
OF1,64,GRFmoderate,05-10,2115513861763,2276,2129,147,37939,404
OF1,64,GRFmoderate,06-02,2405164628826,1645,1534,111,37344,356
OF1,64,GRFmoderate,06-03,1659032213686,1777,1669,108,36352,363
OF1,64,GRFmoderate,06-04,2594181228593,2372,2254,118,39601,406
OF1,64,GRFmoderate,06-05,893301231240,1607,1513,94,31697,313
OF1,64,GRFmoderate,06-07,1524596181805,1644,1545,99,34703,365
OF1,64,GRFmoderate,06-08,1395637169301,3648,3465,183,35319,625
OF1,64,GRFmoderate,06-10,2380512888409,2341,2211,130,39651,439
OF1,64,GRFmoderate,07-10,1522621140231,1971,1836,135,36475,543
OF1,64,GRFmoderate,08-02,1843172628332,2539,2433,106,34346,532
OF1,64,GRFmoderate,08-03,1327372020528,1817,1723,94,34190,338
OF1,64,GRFmoderate,08-04,2626935344637,2113,1999,114,38691,448
OF1,64,GRFmoderate,08-05,1277586520411,1540,1436,104,34188,512
OF1,64,GRFmoderate,08-07,1351075108941,1824,1713,111,33584,377
OF1,64,GRFmoderate,08-10,2616323138874,2157,2031,126,39982,432
OF1,64,GRFmoderate,09-02,2215428380859,1748,1636,112,39674,468
OF1,64,GRFmoderate,09-03,1635033984379,1540,1441,99,33761,313
OF1,64,GRFmoderate,09-04,1316434868118,1538,1428,110,31226,295
OF1,64,GRFmoderate,09-05,1325859253029,1487,1387,100,32492,286
OF1,64,GRFmoderate,09-06,1633572599834,1511,1389,122,35921,390
OF1,64,GRFmoderate,09-07,869904875357,1408,1316,92,30150,445
OF1,64,GRFmoderate,09-08,1836258009876,1746,1626,120,36358,363
OF1,64,GRFmoderate,09-10,1142204972437,1386,1279,107,32780,386
OF1,64,GRFrough,01-02,452581794007,1528,1439,89,24546,292
OF1,64,GRFrough,01-03,631941731636,1192,1091,101,25928,269
OF1,64,GRFrough,01-04,650412393179,1401,1308,93,26307,340
OF1,64,GRFrough,01-05,411038457628,1065,981,84,22138,225
OF1,64,GRFrough,01-06,481454118384,1570,1471,99,26465,297
OF1,64,GRFrough,01-07,650060467149,1600,1496,104,28746,343
OF1,64,GRFrough,01-08,434038374397,1421,1319,102,22321,269
OF1,64,GRFrough,01-09,444965432991,1350,1242,108,24006,337
OF1,64,GRFrough,01-10,519754349351,2988,2838,150,26554,465
OF1,64,GRFrough,02-03,528041798093,1425,1305,120,25565,261
OF1,64,GRFrough,02-04,634590853248,1189,1095,94,29007,275
OF1,64,GRFrough,02-05,554041370566,1469,1367,102,27139,354
OF1,64,GRFrough,02-07,505772722060,1231,1105,126,25249,229
OF1,64,GRFrough,02-10,673415428604,1668,1564,104,27394,370
OF1,64,GRFrough,03-07,426728677692,1784,1670,114,23989,242
OF1,64,GRFrough,03-10,694242856815,1422,1308,114,26957,235
OF1,64,GRFrough,04-03,552358327099,1580,1484,96,25921,319
OF1,64,GRFrough,04-07,501597861464,2267,2069,198,24008,253
OF1,64,GRFrough,04-10,680606037915,1820,1689,131,26441,252
OF1,64,GRFrough,05-03,699444515405,2068,1962,106,26683,282
OF1,64,GRFrough,05-04,636305059675,1685,1602,83,27564,276
OF1,64,GRFrough,05-07,705214757490,2417,2316,101,28743,374
OF1,64,GRFrough,05-10,431307582774,2060,1980,80,23153,304
OF1,64,GRFrough,06-02,598182969925,994,892,102,27176,212
OF1,64,GRFrough,06-03,705991201475,1229,1133,96,27780,259
OF1,64,GRFrough,06-04,658456718333,1488,1401,87,25879,279
OF1,64,GRFrough,06-05,349291287413,1422,1338,84,22536,318
OF1,64,GRFrough,06-07,794899500179,1312,1218,94,29134,309
OF1,64,GRFrough,06-08,563791345697,1546,1446,100,25853,286
OF1,64,GRFrough,06-10,392993469369,1159,1057,102,21797,232
OF1,64,GRFrough,07-10,746266060214,1862,1733,129,28861,318
OF1,64,GRFrough,08-02,593172741341,1269,1177,92,24751,296
OF1,64,GRFrough,08-03,686673836939,1486,1396,90,26656,283
OF1,64,GRFrough,08-04,677305569676,2467,2296,171,27035,589
OF1,64,GRFrough,08-05,497354031542,2532,2362,170,24888,357
OF1,64,GRFrough,08-07,646271809038,1560,1457,103,28106,351
OF1,64,GRFrough,08-10,490232870729,1364,1264,100,23298,246
OF1,64,GRFrough,09-02,531855214099,1023,933,90,25130,255
OF1,64,GRFrough,09-03,727417517758,1140,1013,127,26959,224
OF1,64,GRFrough,09-04,668052935773,1542,1439,103,27538,293
OF1,64,GRFrough,09-05,300923953434,1098,1015,83,19866,219
OF1,64,GRFrough,09-06,365977322435,1545,1453,92,21931,282
OF1,64,GRFrough,09-07,721479170969,1173,1078,95,28670,270
OF1,64,GRFrough,09-08,534133854616,1238,1153,85,24776,258
OF1,64,GRFrough,09-10,437309503118,1582,1479,103,22861,377
OF1,64,GRFsmooth,01-02,5297057360225,4464,4301,163,46094,911
OF1,64,GRFsmooth,01-03,1913657792704,2316,2188,128,38649,428
OF1,64,GRFsmooth,01-04,4674171121480,2593,2435,158,43570,534
OF1,64,GRFsmooth,01-05,4057451613673,2989,2851,138,42399,970
OF1,64,GRFsmooth,01-06,1915760468740,1458,1334,124,39698,432
OF1,64,GRFsmooth,01-07,2721228824028,1708,1594,114,39261,397
OF1,64,GRFsmooth,01-08,2534625112002,2683,2538,145,39661,932
OF1,64,GRFsmooth,01-09,2107048301960,2234,2120,114,40273,410
OF1,64,GRFsmooth,01-10,3672225748908,2588,2400,188,39864,433
OF1,64,GRFsmooth,02-03,4212587703429,3464,3295,169,44689,771
OF1,64,GRFsmooth,02-04,2479896800332,2956,2786,170,38328,867
OF1,64,GRFsmooth,02-05,3424238927238,2933,2780,153,41022,726
OF1,64,GRFsmooth,02-07,5547066022081,2750,2584,166,45834,476
OF1,64,GRFsmooth,02-10,3553472976582,2856,2719,137,44597,577
OF1,64,GRFsmooth,03-07,2874559196106,2459,2327,132,42141,556
OF1,64,GRFsmooth,03-10,2780074459666,2099,1851,248,38898,437
OF1,64,GRFsmooth,04-03,3604261148335,2680,2530,150,42171,544
OF1,64,GRFsmooth,04-07,5180192001680,2453,2309,144,41339,402
OF1,64,GRFsmooth,04-10,3745012261152,3395,3253,142,43930,808
OF1,64,GRFsmooth,05-03,3682727014252,4635,4322,313,37182,699
OF1,64,GRFsmooth,05-04,2965490408811,2200,2062,138,40194,383
OF1,64,GRFsmooth,05-07,3551904129499,2574,2419,155,41260,412
OF1,64,GRFsmooth,05-10,2280256480557,2910,2759,151,38255,508
OF1,64,GRFsmooth,06-02,4345207123734,2985,2816,169,42480,523
OF1,64,GRFsmooth,06-03,2039206900789,2307,2170,137,36965,623
OF1,64,GRFsmooth,06-04,4179762606991,3163,2983,180,39053,562
OF1,64,GRFsmooth,06-05,3409328418196,2518,2374,144,38891,445
OF1,64,GRFsmooth,06-07,2186697701990,2221,2092,129,39041,554
OF1,64,GRFsmooth,06-08,1938416774896,2056,1925,131,36301,523
OF1,64,GRFsmooth,06-10,2603053906446,1706,1534,172,36620,514
OF1,64,GRFsmooth,07-10,2444362004411,2197,2058,139,40210,468
OF1,64,GRFsmooth,08-02,4011797573436,2848,2611,237,46097,467
OF1,64,GRFsmooth,08-03,1610297204330,1887,1754,133,36148,478
OF1,64,GRFsmooth,08-04,4048003911882,3379,3165,214,35590,441
OF1,64,GRFsmooth,08-05,3921024347933,3177,2927,250,38984,632
OF1,64,GRFsmooth,08-07,2821552928408,2582,2387,195,35990,511
OF1,64,GRFsmooth,08-10,2145270271630,3094,2859,235,36200,650
OF1,64,GRFsmooth,09-02,4211625393345,3217,3057,160,47375,581
OF1,64,GRFsmooth,09-03,1251800430402,2671,2493,178,36994,610
OF1,64,GRFsmooth,09-04,3783728345286,3753,3627,126,38971,560
OF1,64,GRFsmooth,09-05,4202218314121,2652,2543,109,40710,583
OF1,64,GRFsmooth,09-06,1866761065451,1613,1462,151,38666,354
OF1,64,GRFsmooth,09-07,3404416437192,2041,1921,120,38257,402
OF1,64,GRFsmooth,09-08,1964822961148,2090,1971,119,36501,497
OF1,64,GRFsmooth,09-10,3283010477409,1997,1852,145,39550,417
OF1,64,LogGRF,01-02,4413971397729,1822,1714,108,37729,627
OF1,64,LogGRF,01-03,4773398278773,2108,1961,147,39681,772
OF1,64,LogGRF,01-04,6430597192246,2312,2155,157,44057,543
OF1,64,LogGRF,01-05,5099953822104,1930,1809,121,37607,544
OF1,64,LogGRF,01-06,4943849501683,2268,2151,117,37538,690
OF1,64,LogGRF,01-07,3089737491242,1702,1582,120,38447,483
OF1,64,LogGRF,01-08,3360381636524,2367,2226,141,42401,582
OF1,64,LogGRF,01-09,5022200296555,1963,1831,132,38196,533
OF1,64,LogGRF,01-10,4580581105265,2749,2541,208,39840,560
OF1,64,LogGRF,02-03,5306059466673,2219,2061,158,38865,477
OF1,64,LogGRF,02-04,8597918892762,4195,3938,257,45851,775
OF1,64,LogGRF,02-05,7073531615396,2372,2234,138,41340,504
OF1,64,LogGRF,02-07,4100752005590,2622,2481,141,44439,837
OF1,64,LogGRF,02-10,5793649935291,2483,2330,153,39083,562
OF1,64,LogGRF,03-07,2747100395147,1471,1340,131,36642,406
OF1,64,LogGRF,03-10,2460384483948,3458,3346,112,36537,704
OF1,64,LogGRF,04-03,4548391866643,1613,1515,98,35065,421
OF1,64,LogGRF,04-07,5515605355848,2673,2534,139,42657,741
OF1,64,LogGRF,04-10,5226260654190,2659,2537,122,35511,435
OF1,64,LogGRF,05-03,3376828870413,1632,1511,121,36211,457
OF1,64,LogGRF,05-04,3026732919546,2048,1926,122,34360,480
OF1,64,LogGRF,05-07,4047026440701,1825,1682,143,40523,528
OF1,64,LogGRF,05-10,3420423714813,1902,1775,127,38655,554
OF1,64,LogGRF,06-02,6259665047923,2191,2049,142,44475,574
OF1,64,LogGRF,06-03,1857392157829,1381,1269,112,30942,264
OF1,64,LogGRF,06-04,3388397307933,1701,1584,117,36262,509
OF1,64,LogGRF,06-05,2405874195226,1724,1582,142,37036,596
OF1,64,LogGRF,06-07,3047187375409,1658,1514,144,37830,483
OF1,64,LogGRF,06-08,3121778633810,1863,1740,123,39198,454
OF1,64,LogGRF,06-10,2609902986421,1995,1864,131,37729,727
OF1,64,LogGRF,07-10,3391423276777,2722,2568,154,38124,733
OF1,64,LogGRF,08-02,6343456509286,1632,1511,121,38352,365
OF1,64,LogGRF,08-03,4064461267726,1970,1850,120,40433,454
OF1,64,LogGRF,08-04,3832687600359,2325,2190,135,40595,969
OF1,64,LogGRF,08-05,3024377273237,1532,1421,111,34146,493
OF1,64,LogGRF,08-07,3451346462176,1622,1497,125,37064,339
OF1,64,LogGRF,08-10,3918799413711,2273,2135,138,40930,658
OF1,64,LogGRF,09-02,4019492892097,1922,1787,135,39738,552
OF1,64,LogGRF,09-03,3242691767704,1519,1400,119,36270,516
OF1,64,LogGRF,09-04,5516402871527,1527,1415,112,38120,344
OF1,64,LogGRF,09-05,4565356708895,2481,2351,130,37778,629
OF1,64,LogGRF,09-06,3477364194211,2195,2068,127,41216,408
OF1,64,LogGRF,09-07,3408640118832,3931,3778,153,39768,679
OF1,64,LogGRF,09-08,4826185827204,2001,1886,115,38251,685
OF1,64,LogGRF,09-10,4687613809386,2352,2201,151,42746,704
OF1,64,LogitGRF,01-02,1703422463193,2518,2421,97,31101,592
OF1,64,LogitGRF,01-03,3022664827816,2067,1941,126,37384,708
OF1,64,LogitGRF,01-04,3260474197838,2203,2090,113,37928,688
OF1,64,LogitGRF,01-05,1609123655028,1930,1827,103,31753,407
OF1,64,LogitGRF,01-06,1839145346825,1676,1558,118,32141,474
OF1,64,LogitGRF,01-07,4087198064406,2284,2144,140,37206,537
OF1,64,LogitGRF,01-08,2365185324975,1833,1724,109,34233,535
OF1,64,LogitGRF,01-09,2242341366828,2863,2738,125,33524,757
OF1,64,LogitGRF,01-10,2745184640811,3752,3565,187,35267,554
OF1,64,LogitGRF,02-03,2952691724222,1792,1648,144,35909,467
OF1,64,LogitGRF,02-04,2972703128162,2047,1874,173,33697,475
OF1,64,LogitGRF,02-05,2155845848846,1756,1645,111,33050,436
OF1,64,LogitGRF,02-07,3761680835654,2586,2374,212,36553,550
OF1,64,LogitGRF,02-10,2689369288363,2016,1919,97,35262,702
OF1,64,LogitGRF,03-07,2090136534895,2108,2005,103,34932,584
OF1,64,LogitGRF,03-10,1262521953321,1597,1498,99,30082,320
OF1,64,LogitGRF,04-03,2266251737066,1811,1589,222,35454,620
OF1,64,LogitGRF,04-07,2159201534639,1475,1366,109,34182,385
OF1,64,LogitGRF,04-10,1477412071987,2251,2086,165,35590,605
OF1,64,LogitGRF,05-03,2836662510348,2141,2018,123,37270,448
OF1,64,LogitGRF,05-04,2661368312031,1571,1465,106,32476,389
OF1,64,LogitGRF,05-07,3633600399909,2495,2355,140,38250,436
OF1,64,LogitGRF,05-10,2345004196559,1489,1369,120,36042,326
OF1,64,LogitGRF,06-02,1923339635328,1493,1401,92,33733,443
OF1,64,LogitGRF,06-03,3296019188181,2774,2556,218,38660,365
OF1,64,LogitGRF,06-04,3301069518953,1580,1463,117,36006,363
OF1,64,LogitGRF,06-05,1810817083285,2217,2109,108,31063,501
OF1,64,LogitGRF,06-07,4222610193154,3073,2897,176,42140,663
OF1,64,LogitGRF,06-08,2249144308913,1994,1880,114,32287,484
OF1,64,LogitGRF,06-10,2846349937053,1776,1644,132,38934,476
OF1,64,LogitGRF,07-10,1814786707555,1435,1330,105,33013,403
OF1,64,LogitGRF,08-02,2422620342729,1903,1787,116,35414,448
OF1,64,LogitGRF,08-03,3463453166383,1758,1628,130,38164,516
OF1,64,LogitGRF,08-04,2360765345015,1703,1579,124,34377,342
OF1,64,LogitGRF,08-05,1889298097874,2145,2020,125,31931,590
OF1,64,LogitGRF,08-07,3885451602718,2289,2163,126,38369,526
OF1,64,LogitGRF,08-10,2732100437731,1730,1600,130,40222,580
OF1,64,LogitGRF,09-02,2381492612002,1998,1896,102,34392,492
OF1,64,LogitGRF,09-03,1684359436554,1270,1165,105,31770,398
OF1,64,LogitGRF,09-04,1910836785893,1977,1868,109,34421,403
OF1,64,LogitGRF,09-05,1993415423710,1645,1530,115,32368,420
OF1,64,LogitGRF,09-06,2541406926194,1531,1419,112,33297,355
OF1,64,LogitGRF,09-07,2384447743957,3608,3500,108,34082,803
OF1,64,LogitGRF,09-08,2253039809959,1449,1331,118,35679,390
OF1,64,LogitGRF,09-10,1333910026421,1476,1372,104,30282,309
OF1,64,MicroscopyImages,01-02,1933037880809,412,338,74,9940,250
OF1,64,MicroscopyImages,01-03,2913786476146,171,124,47,6145,191
OF1,64,MicroscopyImages,01-04,3153047709639,247,185,62,9495,199
OF1,64,MicroscopyImages,01-05,5863531025202,160,107,53,6906,168
OF1,64,MicroscopyImages,01-06,5612320711696,308,234,74,10517,253
OF1,64,MicroscopyImages,01-07,3058514524690,339,272,67,9887,367
OF1,64,MicroscopyImages,01-08,3650626027421,342,268,74,12721,232
OF1,64,MicroscopyImages,01-09,7695100332637,159,110,49,6787,139
OF1,64,MicroscopyImages,01-10,6329927187984,530,401,129,12514,175
OF1,64,MicroscopyImages,02-03,2170464758729,289,226,63,9280,216
OF1,64,MicroscopyImages,02-04,2883756037376,488,398,90,15569,242
OF1,64,MicroscopyImages,02-05,4908976186911,288,218,70,9725,191
OF1,64,MicroscopyImages,02-07,2501047169748,617,521,96,14648,352
OF1,64,MicroscopyImages,02-10,5540044862079,674,581,93,17789,240
OF1,64,MicroscopyImages,03-07,2192286373935,282,213,69,8673,288
OF1,64,MicroscopyImages,03-10,4277400131119,384,318,66,12794,282
OF1,64,MicroscopyImages,04-03,2024651660949,430,303,127,11887,292
OF1,64,MicroscopyImages,04-07,3115113651894,662,554,108,16656,437
OF1,64,MicroscopyImages,04-10,3605880416081,539,440,99,15789,161
OF1,64,MicroscopyImages,05-03,3524903057245,217,151,66,6358,206
OF1,64,MicroscopyImages,05-04,3423885169647,364,281,83,11385,264
OF1,64,MicroscopyImages,05-07,4748714785186,408,282,126,10234,279
OF1,64,MicroscopyImages,05-10,2619748054248,434,356,78,12185,309
OF1,64,MicroscopyImages,06-02,5149652433058,644,454,190,16540,279
OF1,64,MicroscopyImages,06-03,4114613075499,370,282,88,10351,278
OF1,64,MicroscopyImages,06-04,2999307391786,466,367,99,14203,252
OF1,64,MicroscopyImages,06-05,2442054261902,356,284,72,10913,305
OF1,64,MicroscopyImages,06-07,5266205612655,496,386,110,15283,279
OF1,64,MicroscopyImages,06-08,5406339046079,598,481,117,19072,333
OF1,64,MicroscopyImages,06-10,2371726484262,529,421,108,15826,235
OF1,64,MicroscopyImages,07-10,5451472021700,548,463,85,18830,269
OF1,64,MicroscopyImages,08-02,2529021911286,1043,839,204,19563,378
OF1,64,MicroscopyImages,08-03,2233731565815,297,228,69,11928,249
OF1,64,MicroscopyImages,08-04,3610028766017,615,515,100,20765,365
OF1,64,MicroscopyImages,08-05,4517215059933,431,343,88,14521,279
OF1,64,MicroscopyImages,08-07,1426292299736,593,508,85,16092,352
OF1,64,MicroscopyImages,08-10,5262818256291,780,670,110,23930,296
OF1,64,MicroscopyImages,09-02,6732046577118,339,262,77,11744,234
OF1,64,MicroscopyImages,09-03,5396010944121,229,164,65,7402,228
OF1,64,MicroscopyImages,09-04,5155035200875,324,259,65,10808,160
OF1,64,MicroscopyImages,09-05,3641341154263,256,193,63,8306,261
OF1,64,MicroscopyImages,09-06,3911287705934,563,483,80,12306,422
OF1,64,MicroscopyImages,09-07,6466455185640,315,240,75,11841,268
OF1,64,MicroscopyImages,09-08,6065603354691,542,458,84,15466,323
OF1,64,MicroscopyImages,09-10,1980076094442,456,365,91,13691,244
OF1,64,Shapes,01-02,3761703152000,896,833,63,29185,308
OF1,64,Shapes,01-03,661218000000,581,487,94,23028,105
OF1,64,Shapes,01-04,2635573393625,1044,959,85,29580,293
OF1,64,Shapes,01-05,2020997141137,924,854,70,32254,302
OF1,64,Shapes,01-06,4885707600000,704,627,77,35849,243
OF1,64,Shapes,01-07,3445903605052,852,773,79,27087,302
OF1,64,Shapes,01-08,2777837723233,530,476,54,24105,236
OF1,64,Shapes,01-09,1816923600000,1065,993,72,28835,317
OF1,64,Shapes,01-10,1128737854197,1352,1219,133,22550,238
OF1,64,Shapes,02-03,3775127856000,355,318,37,15690,253
OF1,64,Shapes,02-04,1228244787651,248,216,32,12645,81
OF1,64,Shapes,02-05,4466036637098,359,317,42,15625,207
OF1,64,Shapes,02-07,3618592877774,494,439,55,20461,315
OF1,64,Shapes,02-10,4282528170073,448,402,46,17140,267
OF1,64,Shapes,03-07,3490280055972,507,442,65,17368,342
OF1,64,Shapes,03-10,1285017332704,348,305,43,12790,171
OF1,64,Shapes,04-03,2672276707461,595,492,103,16067,267
OF1,64,Shapes,04-07,3264657445338,469,406,63,17381,223
OF1,64,Shapes,04-10,3142263030962,495,435,60,16877,250
OF1,64,Shapes,05-03,2074974882391,369,329,40,13562,181
OF1,64,Shapes,05-04,3293049404345,423,373,50,17731,225
OF1,64,Shapes,05-07,3994971609563,475,416,59,18423,268
OF1,64,Shapes,05-10,2169436235431,548,495,53,16252,246
OF1,64,Shapes,06-02,4614142224000,388,348,40,15360,337
OF1,64,Shapes,06-03,4901329800000,416,370,46,19031,238
OF1,64,Shapes,06-04,4425880294942,455,402,53,18965,322
OF1,64,Shapes,06-05,5146550274460,401,351,50,18696,252
OF1,64,Shapes,06-07,7642591175087,1025,917,108,19258,401
OF1,64,Shapes,06-08,4609379525989,307,264,43,16446,275
OF1,64,Shapes,06-10,5034161044137,511,448,63,19364,306
OF1,64,Shapes,07-10,3739652566870,707,631,76,16981,327
OF1,64,Shapes,08-02,1771554713405,218,186,32,9320,198
OF1,64,Shapes,08-03,2810418115382,426,393,33,14595,304
OF1,64,Shapes,08-04,1140406275471,308,270,38,12034,186
OF1,64,Shapes,08-05,2992125727277,263,226,37,11547,147
OF1,64,Shapes,08-07,3418959273438,376,327,49,18950,270
OF1,64,Shapes,08-10,3428930465738,364,324,40,14369,317
OF1,64,Shapes,09-02,4105034336000,539,491,48,16227,420
OF1,64,Shapes,09-03,1861470800000,395,353,42,19921,195
OF1,64,Shapes,09-04,3203137960472,494,443,51,16628,262
OF1,64,Shapes,09-05,2750655501402,759,714,45,17829,551
OF1,64,Shapes,09-06,5075084000000,566,505,61,24053,313
OF1,64,Shapes,09-07,3859935056691,561,502,59,18627,301
OF1,64,Shapes,09-08,3312279739180,463,421,42,15253,367
OF1,64,Shapes,09-10,2136910932614,538,490,48,15856,246
OF1,64,WhiteNoise,01-02,245363033670,1243,1144,99,14150,189
OF1,64,WhiteNoise,01-03,247737532099,1091,1009,82,13944,166
OF1,64,WhiteNoise,01-04,272130427874,1128,1032,96,15660,206
OF1,64,WhiteNoise,01-05,272157736657,962,883,79,15434,193
OF1,64,WhiteNoise,01-06,260097810597,1112,1027,85,15289,210
OF1,64,WhiteNoise,01-07,357909445388,1248,1157,91,19973,297
OF1,64,WhiteNoise,01-08,311019961042,1201,1113,88,17636,262
OF1,64,WhiteNoise,01-09,290591373588,1057,966,91,16940,236
OF1,64,WhiteNoise,01-10,295542271238,1450,1307,143,16891,218
OF1,64,WhiteNoise,02-03,283852277029,1304,1171,133,15435,186
OF1,64,WhiteNoise,02-04,303732973620,2195,2002,193,17790,270
OF1,64,WhiteNoise,02-05,276121003013,1597,1463,134,16023,235
OF1,64,WhiteNoise,02-07,330335743829,1548,1453,95,18277,249
OF1,64,WhiteNoise,02-10,305780170982,1182,1083,99,16405,231
OF1,64,WhiteNoise,03-07,375280623011,1455,1353,102,19373,271
OF1,64,WhiteNoise,03-10,323626758518,1385,1285,100,17945,278
OF1,64,WhiteNoise,04-03,257943632786,1599,1502,97,15429,258
OF1,64,WhiteNoise,04-07,347170394351,1681,1565,116,18685,316
OF1,64,WhiteNoise,04-10,293940873389,1730,1535,195,16744,229
OF1,64,WhiteNoise,05-03,271272677144,1322,1218,104,15310,196
OF1,64,WhiteNoise,05-04,280191432226,1376,1269,107,16838,214
OF1,64,WhiteNoise,05-07,295464679242,1553,1422,131,17378,235
OF1,64,WhiteNoise,05-10,256359741139,1537,1426,111,15537,197
OF1,64,WhiteNoise,06-02,246790579470,1447,1356,91,14853,227
OF1,64,WhiteNoise,06-03,288059431860,1259,1148,111,15830,187
OF1,64,WhiteNoise,06-04,271152270983,1586,1466,120,15477,208
OF1,64,WhiteNoise,06-05,262101081129,1723,1615,108,16100,232
OF1,64,WhiteNoise,06-07,270386824871,1397,1278,119,15604,212
OF1,64,WhiteNoise,06-08,261052633068,1066,991,75,15061,184
OF1,64,WhiteNoise,06-10,275050371286,1785,1679,106,15821,253
OF1,64,WhiteNoise,07-10,264914314246,1188,1069,119,15170,199
OF1,64,WhiteNoise,08-02,321729913398,1503,1375,128,18873,217
OF1,64,WhiteNoise,08-03,309762362025,1360,1247,113,17259,239
OF1,64,WhiteNoise,08-04,261072617114,1536,1371,165,15433,234
OF1,64,WhiteNoise,08-05,289564282929,1365,1270,95,17559,237
OF1,64,WhiteNoise,08-07,278888168807,1604,1492,112,16127,244
OF1,64,WhiteNoise,08-10,268728138733,1132,1034,98,14638,151
OF1,64,WhiteNoise,09-02,317312248838,1543,1385,158,17412,247
OF1,64,WhiteNoise,09-03,291549084250,1431,1324,107,16832,272
OF1,64,WhiteNoise,09-04,247412557394,1855,1757,98,14821,268
OF1,64,WhiteNoise,09-05,299051975851,1121,1004,117,17391,210
OF1,64,WhiteNoise,09-06,266336102255,1317,1218,99,14942,221
OF1,64,WhiteNoise,09-07,317155592220,2783,2597,186,17585,276
OF1,64,WhiteNoise,09-08,255076297419,940,849,91,15111,177
OF1,64,WhiteNoise,09-10,303166476022,1201,1107,94,16301,216
OF1,128,CauchyDensity,01-06,77963299850289,48663,46501,2162,189741,2063
OF1,128,CauchyDensity,01-10,61875262685587,60691,58776,1915,190445,3080
OF1,128,CauchyDensity,02-01,30812793496257,57322,55169,2153,182061,3065
OF1,128,CauchyDensity,02-04,51195433057164,85303,82969,2334,204880,1975
OF1,128,CauchyDensity,02-06,65514207500694,71025,68409,2616,207583,2765
OF1,128,CauchyDensity,02-10,57192961117153,55512,53508,2004,173722,2109
OF1,128,CauchyDensity,03-01,73696269732703,77271,74290,2981,198058,2408
OF1,128,CauchyDensity,03-02,59516838218496,60149,57964,2185,213970,1815
OF1,128,CauchyDensity,03-04,18384075888514,83097,79956,3141,218674,3780
OF1,128,CauchyDensity,03-06,17094008844641,43077,40957,2120,198847,1502
OF1,128,CauchyDensity,03-07,16893881607251,74896,71763,3133,193483,1523
OF1,128,CauchyDensity,03-08,25833169795630,63827,60236,3591,204610,2350
OF1,128,CauchyDensity,03-09,25173056046715,49658,47047,2611,215050,2366
OF1,128,CauchyDensity,03-10,39628022461514,80759,77653,3106,197004,2907
OF1,128,CauchyDensity,04-01,63030129283372,65186,62651,2535,206970,2485
OF1,128,CauchyDensity,04-06,20596577009951,52421,50051,2370,198413,1809
OF1,128,CauchyDensity,04-10,40929794269548,79620,76533,3087,219818,3209
OF1,128,CauchyDensity,05-01,56014326624270,60231,58130,2101,202153,2382
OF1,128,CauchyDensity,05-02,45310007026125,74384,71789,2595,211120,3022
OF1,128,CauchyDensity,05-03,30672106912821,56169,53978,2191,200346,1834
OF1,128,CauchyDensity,05-04,23552431785544,46178,44124,2054,202782,2151
OF1,128,CauchyDensity,05-06,27544619876812,68595,65453,3142,206246,1513
OF1,128,CauchyDensity,05-07,18809364503402,82582,79648,2934,231081,4333
OF1,128,CauchyDensity,05-08,12498458319466,84267,80969,3298,204178,3604
OF1,128,CauchyDensity,05-09,24317766472158,59460,57135,2325,220064,1508
OF1,128,CauchyDensity,05-10,44217068822603,85534,83226,2308,222294,1707
OF1,128,CauchyDensity,07-01,65653384149236,83416,80650,2766,210719,3301
OF1,128,CauchyDensity,07-02,52813762999471,59349,56845,2504,212993,3347
OF1,128,CauchyDensity,07-04,13411305066066,55244,53334,1910,182263,1656
OF1,128,CauchyDensity,07-06,13608330559134,63146,60618,2528,202840,1769
OF1,128,CauchyDensity,07-10,36246294552419,124748,120203,4545,199197,1664
OF1,128,CauchyDensity,08-01,56231166872867,77656,74508,3148,211669,2793
OF1,128,CauchyDensity,08-02,44935745936252,71926,69272,2654,201769,4992
OF1,128,CauchyDensity,08-04,18763135084420,63203,59325,3878,214478,4069
OF1,128,CauchyDensity,08-06,24479717566067,87550,82688,4862,225861,1662
OF1,128,CauchyDensity,08-07,11272390035382,58886,56803,2083,199073,1861
OF1,128,CauchyDensity,08-10,33278492795992,73560,70782,2778,227638,1644
OF1,128,CauchyDensity,09-01,72863850813014,87654,84936,2718,201117,2484
OF1,128,CauchyDensity,09-02,62968921752438,75260,71895,3365,213829,2503
OF1,128,CauchyDensity,09-04,18630730462643,70111,67304,2807,211726,3876
OF1,128,CauchyDensity,09-06,12646547887306,98226,95788,2438,205696,2047
OF1,128,CauchyDensity,09-07,12779102989005,58390,56334,2056,194642,1624
OF1,128,CauchyDensity,09-08,21176136549638,61607,58816,2791,227012,1409
OF1,128,CauchyDensity,09-10,45291741454828,117519,111814,5705,218086,2529
OF1,128,CauchyDensity,10-06,42692842755151,98467,95016,3451,217362,2612
OF1,128,ClassicImages,01-06,18645112594246,40943,36956,3987,199283,1476
OF1,128,ClassicImages,01-10,18563499273621,45286,42939,2347,177085,1712
OF1,128,ClassicImages,02-01,13206694367645,38635,35214,3421,178110,1141
OF1,128,ClassicImages,02-04,5673372720574,47824,45941,1883,148083,1540
OF1,128,ClassicImages,02-06,6691698021871,30784,29056,1728,155761,1152
OF1,128,ClassicImages,02-10,10982106645912,50548,47746,2802,165250,1080
OF1,128,ClassicImages,03-01,14768389887219,37746,35765,1981,180595,1386
OF1,128,ClassicImages,03-02,10258678098769,66111,61437,4674,173679,1653
OF1,128,ClassicImages,03-04,8489030441482,122985,121056,1929,174674,3697
OF1,128,ClassicImages,03-06,11684227895866,54744,52550,2194,175030,1279
OF1,128,ClassicImages,03-07,12476695498653,61908,57973,3935,171663,1734
OF1,128,ClassicImages,03-08,10343178878721,79809,77507,2302,166538,2283
OF1,128,ClassicImages,03-09,19261299686961,67213,62729,4484,184075,1557
OF1,128,ClassicImages,03-10,16076139528521,82091,77630,4461,185668,2776
OF1,128,ClassicImages,04-01,10866773043380,46200,42370,3830,159433,1300
OF1,128,ClassicImages,04-06,10358148166491,38938,37169,1769,171458,1110
OF1,128,ClassicImages,04-10,14296530070605,72608,68422,4186,178644,2101
OF1,128,ClassicImages,05-01,12522807904697,44455,42516,1939,171613,1264
OF1,128,ClassicImages,05-02,5743010652191,39584,37527,2057,149443,1263
OF1,128,ClassicImages,05-03,9556461438684,44576,41706,2870,166178,1445
OF1,128,ClassicImages,05-04,6931031311429,40676,39220,1456,147105,1292
OF1,128,ClassicImages,05-06,8784823286820,50429,47742,2687,155821,1019
OF1,128,ClassicImages,05-07,6672373462404,38258,36678,1580,149547,1531
OF1,128,ClassicImages,05-08,9008630815202,49233,47532,1701,155011,1609
OF1,128,ClassicImages,05-09,15259404860920,52824,50875,1949,188442,1571
OF1,128,ClassicImages,05-10,13911921114858,67376,65458,1918,175827,1491
OF1,128,ClassicImages,07-01,14894533644273,82588,80616,1972,167516,2136
OF1,128,ClassicImages,07-02,6556387310073,53783,51768,2015,147591,1486
OF1,128,ClassicImages,07-04,9684796622234,67167,64968,2199,161421,1562
OF1,128,ClassicImages,07-06,8445711952337,32766,31247,1519,164267,1426
OF1,128,ClassicImages,07-10,12000191091797,88657,84741,3916,171361,1973
OF1,128,ClassicImages,08-01,11907678255251,33148,31234,1914,161850,1153
OF1,128,ClassicImages,08-02,7508434309823,53512,51150,2362,164459,1469
OF1,128,ClassicImages,08-04,7116201888494,48788,46891,1897,155379,1617
OF1,128,ClassicImages,08-06,10018194379967,46544,44702,1842,171193,1269
OF1,128,ClassicImages,08-07,9513296149889,69818,66763,3055,159057,1878
OF1,128,ClassicImages,08-10,12114936622660,72796,70778,2018,169121,1919
OF1,128,ClassicImages,09-01,21870505265167,90907,87337,3570,195159,1765
OF1,128,ClassicImages,09-02,16263210078575,58455,56302,2153,197070,1190
OF1,128,ClassicImages,09-04,18398249756278,58466,55980,2486,190478,1473
OF1,128,ClassicImages,09-06,16143212846843,73290,70218,3072,196766,1699
OF1,128,ClassicImages,09-07,14647337691591,58009,55739,2270,184298,1532
OF1,128,ClassicImages,09-08,21417660911901,85927,83188,2739,203528,1444
OF1,128,ClassicImages,09-10,23620331569406,112315,107748,4567,207920,1784
OF1,128,ClassicImages,10-06,10865574426979,45246,43323,1923,170672,1562
OF1,128,GRFmoderate,01-06,18004323104391,59839,57153,2686,200604,1498
OF1,128,GRFmoderate,01-10,13025131748517,54967,53013,1954,175525,1239
OF1,128,GRFmoderate,02-01,16732468400280,60029,56445,3584,187260,2538
OF1,128,GRFmoderate,02-04,11973171667197,42901,39678,3223,173876,1395
OF1,128,GRFmoderate,02-06,18211035937440,69244,64832,4412,187259,1481
OF1,128,GRFmoderate,02-10,7223653228073,31956,29911,2045,158851,1001
OF1,128,GRFmoderate,03-01,16688563299008,44382,42470,1912,177947,1506
OF1,128,GRFmoderate,03-02,11799641301110,58903,56542,2361,172314,1827
OF1,128,GRFmoderate,03-04,9785291942801,44431,42414,2017,172027,1413
OF1,128,GRFmoderate,03-06,11501493052799,64607,62185,2422,182664,1677
OF1,128,GRFmoderate,03-07,13104137894084,44591,42808,1783,172592,1414
OF1,128,GRFmoderate,03-08,11063019823572,41644,39794,1850,165254,1311
OF1,128,GRFmoderate,03-09,12287439884137,84593,80449,4144,178935,1828
OF1,128,GRFmoderate,03-10,11270154230759,40227,38067,2160,179753,1356
OF1,128,GRFmoderate,04-01,12792022868696,57457,55385,2072,178246,1468
OF1,128,GRFmoderate,04-06,11744087178498,79370,75799,3571,192533,2691
OF1,128,GRFmoderate,04-10,8873743298105,51463,47014,4449,167393,1236
OF1,128,GRFmoderate,05-01,16998601269615,41193,39632,1561,176019,1723
OF1,128,GRFmoderate,05-02,9164391833923,71904,70046,1858,174714,2090
OF1,128,GRFmoderate,05-03,10204488340916,62492,60184,2308,177354,2507
OF1,128,GRFmoderate,05-04,12221432143446,56988,55132,1856,178982,1436
OF1,128,GRFmoderate,05-06,15417159063306,73573,70339,3234,188425,1429
OF1,128,GRFmoderate,05-07,13762206849961,58519,56891,1628,181819,1639
OF1,128,GRFmoderate,05-08,12088026701749,41032,39154,1878,175110,1478
OF1,128,GRFmoderate,05-09,13879594007581,36069,34189,1880,189706,1450
OF1,128,GRFmoderate,05-10,10317167375880,47511,45212,2299,174342,1455
OF1,128,GRFmoderate,07-01,5033811539606,27405,25568,1837,149394,1175
OF1,128,GRFmoderate,07-02,13419479742561,46626,44749,1877,171211,1404
OF1,128,GRFmoderate,07-04,9752516526886,41202,38240,2962,176198,1204
OF1,128,GRFmoderate,07-06,15900390503948,72201,69270,2931,193225,1449
OF1,128,GRFmoderate,07-10,9887326300578,47822,44974,2848,176556,1619
OF1,128,GRFmoderate,08-01,11697336584242,70576,67990,2586,182881,1647
OF1,128,GRFmoderate,08-02,15682318929533,82095,78574,3521,188343,1642
OF1,128,GRFmoderate,08-04,9921449300725,77761,74257,3504,176576,2395
OF1,128,GRFmoderate,08-06,9861122259353,74783,72668,2115,177049,2326
OF1,128,GRFmoderate,08-07,9288623980515,46572,42777,3795,178250,1139
OF1,128,GRFmoderate,08-10,12475583399688,39419,37470,1949,180953,1036
OF1,128,GRFmoderate,09-01,13596328690000,69008,66446,2562,187763,1732
OF1,128,GRFmoderate,09-02,17553728661713,56907,54901,2006,185566,1508
OF1,128,GRFmoderate,09-04,11884936307899,40459,38579,1880,175238,1363
OF1,128,GRFmoderate,09-06,8876521248183,39996,35952,4044,164530,1131
OF1,128,GRFmoderate,09-07,12160176339086,90295,86636,3659,193752,1715
OF1,128,GRFmoderate,09-08,6497886284575,40340,36893,3447,154936,1083
OF1,128,GRFmoderate,09-10,15168370945046,55676,53628,2048,184967,1889
OF1,128,GRFmoderate,10-06,15933146050288,52516,50485,2031,191155,1323
OF1,128,GRFrough,01-06,4301278131920,20345,18851,1494,129973,660
OF1,128,GRFrough,01-10,6518980949921,40291,36389,3902,156790,1039
OF1,128,GRFrough,02-01,3090139928989,47073,45499,1574,124483,1220
OF1,128,GRFrough,02-04,5676004921186,28896,27379,1517,153062,773
OF1,128,GRFrough,02-06,4239565778851,39427,37910,1517,133250,1103
OF1,128,GRFrough,02-10,6748394846441,46526,44099,2427,156960,1019
OF1,128,GRFrough,03-01,4665434196411,42900,39732,3168,144167,967
OF1,128,GRFrough,03-02,4784887158154,32878,30876,2002,146744,1184
OF1,128,GRFrough,03-04,2597477672661,34592,33003,1589,118910,944
OF1,128,GRFrough,03-06,2917666073980,30804,29465,1339,122632,828
OF1,128,GRFrough,03-07,2394953589408,42625,40544,2081,115819,879
OF1,128,GRFrough,03-08,4614064157728,97238,95294,1944,146245,2111
OF1,128,GRFrough,03-09,3455339052598,37680,34783,2897,128755,816
OF1,128,GRFrough,03-10,4131150140962,38819,37266,1553,137490,1281
OF1,128,GRFrough,04-01,5394117348174,30051,28040,2011,146220,800
OF1,128,GRFrough,04-06,3922270425744,39610,37081,2529,135821,1168
OF1,128,GRFrough,04-10,4212644869679,40369,38611,1758,135752,1057
OF1,128,GRFrough,05-01,4968827759197,27121,25744,1377,147162,902
OF1,128,GRFrough,05-02,5322277434497,28787,27336,1451,145790,894
OF1,128,GRFrough,05-03,2359536283315,31952,30293,1659,112473,873
OF1,128,GRFrough,05-04,2879003184487,49467,48074,1393,127859,1253
OF1,128,GRFrough,05-06,3505768328281,46241,43440,2801,135981,1006
OF1,128,GRFrough,05-07,2702303507037,38075,36695,1380,126558,1039
OF1,128,GRFrough,05-08,4981440597656,32628,31285,1343,146938,807
OF1,128,GRFrough,05-09,3955434245973,33035,31321,1714,137927,929
OF1,128,GRFrough,05-10,4453047616196,31331,29841,1490,142357,961
OF1,128,GRFrough,07-01,5113821380202,30462,28983,1479,139492,796
OF1,128,GRFrough,07-02,5422662717714,33886,32389,1497,146496,864
OF1,128,GRFrough,07-04,3183399782252,47830,46200,1630,132035,1066
OF1,128,GRFrough,07-06,3006645192990,46446,45177,1269,124819,1066
OF1,128,GRFrough,07-10,4897060887107,59920,57083,2837,150502,1504
OF1,128,GRFrough,08-01,4499836387493,34432,32810,1622,140764,782
OF1,128,GRFrough,08-02,4274373175937,28935,27269,1666,141328,897
OF1,128,GRFrough,08-04,5662232477420,33980,32305,1675,154638,1011
OF1,128,GRFrough,08-06,4331285357316,41830,39799,2031,140791,912
OF1,128,GRFrough,08-07,4247029871478,57420,53996,3424,146198,886
OF1,128,GRFrough,08-10,6641105505926,40069,38148,1921,153289,921
OF1,128,GRFrough,09-01,3688292870371,31158,29317,1841,128126,1013
OF1,128,GRFrough,09-02,3531935185790,31670,29281,2389,134375,1024
OF1,128,GRFrough,09-04,4494350290632,30624,26857,3767,142036,921
OF1,128,GRFrough,09-06,3039258253375,26962,25280,1682,119632,849
OF1,128,GRFrough,09-07,3887609285497,41192,39770,1422,135320,1554
OF1,128,GRFrough,09-08,4184236245876,52073,49896,2177,140528,887
OF1,128,GRFrough,09-10,4438724131284,73677,71263,2414,144963,1709
OF1,128,GRFrough,10-06,4425034030122,40407,38771,1636,142356,1505
OF1,128,GRFsmooth,01-06,53439015895241,83950,81149,2801,204495,1904
OF1,128,GRFsmooth,01-10,34904835491997,81683,78092,3591,224396,2011
OF1,128,GRFsmooth,02-01,37243781732103,70581,67839,2742,231004,2215
OF1,128,GRFsmooth,02-04,21398145985173,55985,53775,2210,200588,1533
OF1,128,GRFsmooth,02-06,32011582221489,64052,60374,3678,185213,1452
OF1,128,GRFsmooth,02-10,10375259188844,45262,43019,2243,171442,1957
OF1,128,GRFsmooth,03-01,37686363162718,127325,122341,4984,216291,2084
OF1,128,GRFsmooth,03-02,27349305222037,59285,55387,3898,213558,1795
OF1,128,GRFsmooth,03-04,36389706453401,48544,46218,2326,206176,1761
OF1,128,GRFsmooth,03-06,22879571194216,64995,62702,2293,203863,1994
OF1,128,GRFsmooth,03-07,26294455821625,41470,39328,2142,193902,2376
OF1,128,GRFsmooth,03-08,23297219783926,67898,64980,2918,213004,1755
OF1,128,GRFsmooth,03-09,25680786947393,57448,55088,2360,210313,1981
OF1,128,GRFsmooth,03-10,29918838766429,61639,58834,2805,217167,2209
OF1,128,GRFsmooth,04-01,45713520087917,105677,101259,4418,249110,3345
OF1,128,GRFsmooth,04-06,31414667879191,93695,88306,5389,217482,2998
OF1,128,GRFsmooth,04-10,21220040821175,85886,79169,6717,206053,2890
OF1,128,GRFsmooth,05-01,29236925387602,75552,73099,2453,207827,1669
OF1,128,GRFsmooth,05-02,20143963186499,45472,43766,1706,178024,1585
OF1,128,GRFsmooth,05-03,13553463121783,41602,39958,1644,189357,1612
OF1,128,GRFsmooth,05-04,28283750277119,41431,39783,1648,211814,2212
OF1,128,GRFsmooth,05-06,25768496296079,84488,81615,2873,201170,2159
OF1,128,GRFsmooth,05-07,19608508798965,43509,41861,1648,195726,1738
OF1,128,GRFsmooth,05-08,15250437080770,65994,63046,2948,200143,1994
OF1,128,GRFsmooth,05-09,22975867873182,57253,54964,2289,201130,2352
OF1,128,GRFsmooth,05-10,20151463508304,61430,59628,1802,203271,1791
OF1,128,GRFsmooth,07-01,40653887697867,83169,79792,3377,236829,2223
OF1,128,GRFsmooth,07-02,15408235205923,70221,67948,2273,196646,1948
OF1,128,GRFsmooth,07-04,14855633023906,47871,45742,2129,195136,2722
OF1,128,GRFsmooth,07-06,24169703736748,54685,52042,2643,198776,1718
OF1,128,GRFsmooth,07-10,16878368784097,83930,81538,2392,181756,1738
OF1,128,GRFsmooth,08-01,25238567232877,66026,63985,2041,219273,1783
OF1,128,GRFsmooth,08-02,19472007010714,64070,61770,2300,199460,1867
OF1,128,GRFsmooth,08-04,26359742364128,64135,61202,2933,216900,1928
OF1,128,GRFsmooth,08-06,33866096446838,92041,88830,3211,212935,1764
OF1,128,GRFsmooth,08-07,21084408547268,67927,65677,2250,223425,1743
OF1,128,GRFsmooth,08-10,17025245406443,68227,65064,3163,200052,3683
OF1,128,GRFsmooth,09-01,33496301226506,86411,83403,3008,207154,3406
OF1,128,GRFsmooth,09-02,21023153280592,58954,54467,4487,190317,1694
OF1,128,GRFsmooth,09-04,29472582063690,74083,71584,2499,206325,3259
OF1,128,GRFsmooth,09-06,36921040677799,146042,143582,2460,175283,2936
OF1,128,GRFsmooth,09-07,25876226926993,64388,62173,2215,191869,1770
OF1,128,GRFsmooth,09-08,17594018440047,53571,50709,2862,206359,2273
OF1,128,GRFsmooth,09-10,17174275595279,76516,72675,3841,197677,1963
OF1,128,GRFsmooth,10-06,34374458006626,56628,53367,3261,193240,2130
OF1,128,LogGRF,01-06,24580620072831,50423,47185,3238,191210,1884
OF1,128,LogGRF,01-10,59455378776508,64197,61519,2678,208319,2123
OF1,128,LogGRF,02-01,58046922593176,108168,104746,3422,212986,2110
OF1,128,LogGRF,02-04,81357596365442,58833,55917,2916,185135,3221
OF1,128,LogGRF,02-06,70908370980894,76793,73971,2822,199997,1928
OF1,128,LogGRF,02-10,90208679397495,118322,115833,2489,183260,2625
OF1,128,LogGRF,03-01,34315722050261,43150,40840,2310,195800,1712
OF1,128,LogGRF,03-02,86917129127640,74497,71720,2777,202851,3673
OF1,128,LogGRF,03-04,51847317030800,54179,52066,2113,185697,1501
OF1,128,LogGRF,03-06,29578124168244,58237,54978,3259,171713,1398
OF1,128,LogGRF,03-07,56382652541634,62051,60052,1999,177622,1648
OF1,128,LogGRF,03-08,48466122169358,48569,46423,2146,190088,1505
OF1,128,LogGRF,03-09,64028457878244,95317,91563,3754,194634,3615
OF1,128,LogGRF,03-10,68018700761749,82527,79617,2910,220050,3839
OF1,128,LogGRF,04-01,63563854566502,89056,85905,3151,204526,2676
OF1,128,LogGRF,04-06,65487036515466,80324,77626,2698,195691,1984
OF1,128,LogGRF,04-10,110487394364018,89690,85909,3781,209600,3210
OF1,128,LogGRF,05-01,37632416503094,42336,40873,1463,177137,2130
OF1,128,LogGRF,05-02,84409920169559,108569,103043,5526,219534,3740
OF1,128,LogGRF,05-03,23203514974400,52337,50354,1983,176800,2010
OF1,128,LogGRF,05-04,43428300233227,61427,59433,1994,179709,2157
OF1,128,LogGRF,05-06,39509528417376,85727,81272,4455,193137,2933
OF1,128,LogGRF,05-07,47897339974810,75371,73254,2117,196605,2076
OF1,128,LogGRF,05-08,41615000832369,46075,44096,1979,209861,1603
OF1,128,LogGRF,05-09,63625841632060,59260,57102,2158,202141,2641
OF1,128,LogGRF,05-10,82108299212657,60926,58953,1973,198795,2314
OF1,128,LogGRF,07-01,42364256207723,126388,122094,4294,193431,1814
OF1,128,LogGRF,07-02,47929109827245,88482,85655,2827,216910,6817
OF1,128,LogGRF,07-04,35544558853350,60524,56419,4105,179034,2084
OF1,128,LogGRF,07-06,55991618726552,83543,80446,3097,198736,1840
OF1,128,LogGRF,07-10,93859011669719,85574,82058,3516,217324,2491
OF1,128,LogGRF,08-01,23821369830959,99799,93906,5893,194586,1673
OF1,128,LogGRF,08-02,46688155781131,103004,99271,3733,218896,3063
OF1,128,LogGRF,08-04,58138961325686,52124,49947,2177,181693,2544
OF1,128,LogGRF,08-06,40625830747794,71125,68702,2423,182261,1848
OF1,128,LogGRF,08-07,28377538235511,65114,61841,3273,188216,2126
OF1,128,LogGRF,08-10,76091124681464,74638,72280,2358,203189,3023
OF1,128,LogGRF,09-01,35714466627944,89182,83633,5549,184814,2146
OF1,128,LogGRF,09-02,31508146493813,57155,54702,2453,179807,1370
OF1,128,LogGRF,09-04,72660560770441,58279,56203,2076,200996,2241
OF1,128,LogGRF,09-06,45164066135076,71554,68811,2743,186644,2282
OF1,128,LogGRF,09-07,40471894445501,47684,45390,2294,197473,1601
OF1,128,LogGRF,09-08,28783268172002,49416,46717,2699,175135,1989
OF1,128,LogGRF,09-10,65171057975260,79523,76690,2833,188756,1690
OF1,128,LogGRF,10-06,46858287834855,68324,65850,2474,198185,2408
OF1,128,LogitGRF,01-06,16400998469268,54925,51180,3745,174057,1408
OF1,128,LogitGRF,01-10,24811937649547,82534,79653,2881,183959,3089
OF1,128,LogitGRF,02-01,28534716601722,52772,48597,4175,186642,1956
OF1,128,LogitGRF,02-04,18135419068320,42595,40292,2303,193463,3085
OF1,128,LogitGRF,02-06,22944585397588,56323,51974,4349,186741,2798
OF1,128,LogitGRF,02-10,20103207245035,44574,41977,2597,176923,1423
OF1,128,LogitGRF,03-01,14234553813978,80408,76294,4114,169096,2183
OF1,128,LogitGRF,03-02,20427281142643,53412,50912,2500,189715,2424
OF1,128,LogitGRF,03-04,15134810665636,52860,48136,4724,167561,1471
OF1,128,LogitGRF,03-06,13429292091100,51013,47287,3726,158216,1405
OF1,128,LogitGRF,03-07,16023303613345,46196,44036,2160,171049,1398
OF1,128,LogitGRF,03-08,24188914599918,56136,53521,2615,187902,1482
OF1,128,LogitGRF,03-09,20846768921413,67056,64370,2686,196692,2299
OF1,128,LogitGRF,03-10,14827513087646,88562,86239,2323,167746,2190
OF1,128,LogitGRF,04-01,19702280732321,55579,52089,3490,177523,1673
OF1,128,LogitGRF,04-06,17311654365108,52552,46560,5992,166867,2039
OF1,128,LogitGRF,04-10,20006202039826,51949,49808,2141,176291,1652
OF1,128,LogitGRF,05-01,12537274006911,30119,28672,1447,163143,1326
OF1,128,LogitGRF,05-02,21699864084243,95844,93493,2351,198220,2405
OF1,128,LogitGRF,05-03,13807895859004,72944,71072,1872,162137,1349
OF1,128,LogitGRF,05-04,17200747910575,80082,78109,1973,178078,1983
OF1,128,LogitGRF,05-06,15897836325632,127458,122857,4601,183773,2632
OF1,128,LogitGRF,05-07,25341284719884,61069,59004,2065,170156,1713
OF1,128,LogitGRF,05-08,32779430488129,72211,70011,2200,177532,2489
OF1,128,LogitGRF,05-09,25573491432380,67387,64693,2694,188847,2215
OF1,128,LogitGRF,05-10,23432363593510,100481,97888,2593,181447,2763
OF1,128,LogitGRF,07-01,23597615687560,59178,55394,3784,174696,2284
OF1,128,LogitGRF,07-02,24221262832406,59543,57120,2423,191036,2441
OF1,128,LogitGRF,07-04,19846796446840,56189,51139,5050,181040,2731
OF1,128,LogitGRF,07-06,20643447087734,72290,69964,2326,171873,2631
OF1,128,LogitGRF,07-10,12472596684234,63301,60608,2693,168659,2137
OF1,128,LogitGRF,08-01,32462943183610,56031,53039,2992,183192,2062
OF1,128,LogitGRF,08-02,22865707494156,74284,72016,2268,179861,1704
OF1,128,LogitGRF,08-04,20891600730345,149276,144954,4322,188637,4368
OF1,128,LogitGRF,08-06,26966061840605,60296,56311,3985,192952,1551
OF1,128,LogitGRF,08-07,18593237086281,84789,82750,2039,173340,2381
OF1,128,LogitGRF,08-10,17913596576819,73866,71388,2478,178850,1837
OF1,128,LogitGRF,09-01,22550329024280,78206,72068,6138,200405,3482
OF1,128,LogitGRF,09-02,31237892251606,48976,46722,2254,178107,2224
OF1,128,LogitGRF,09-04,20347388664861,44792,42824,1968,179651,1441
OF1,128,LogitGRF,09-06,20438189951212,108068,103370,4698,171996,2447
OF1,128,LogitGRF,09-07,21758642231815,60489,58593,1896,177847,2591
OF1,128,LogitGRF,09-08,24861592643487,83692,79485,4207,186979,2620
OF1,128,LogitGRF,09-10,18742471409056,48487,46515,1972,171437,2785
OF1,128,LogitGRF,10-06,16322582048733,52338,49111,3227,171437,1697
OF1,128,MicroscopyImages,01-06,31964076390576,21060,18093,2967,95654,2032
OF1,128,MicroscopyImages,01-10,29105081220100,10711,9063,1648,67913,820
OF1,128,MicroscopyImages,02-01,9067253622236,11107,9236,1871,75857,720
OF1,128,MicroscopyImages,02-04,19365105272179,27967,25254,2713,131963,1405
OF1,128,MicroscopyImages,02-06,31528172115919,29223,26698,2525,135752,2149
OF1,128,MicroscopyImages,02-10,22229399414960,20380,17061,3319,97943,977
OF1,128,MicroscopyImages,03-01,21978039336810,9230,7396,1834,64700,846
OF1,128,MicroscopyImages,03-02,22677880592743,17409,15349,2060,99703,1327
OF1,128,MicroscopyImages,03-04,5909491457648,21679,20176,1503,84874,1023
OF1,128,MicroscopyImages,03-06,33607069672071,24234,22625,1609,101879,1449
OF1,128,MicroscopyImages,03-07,43290658260925,8285,6914,1371,66733,1093
OF1,128,MicroscopyImages,03-08,40553726110401,15187,13659,1528,90634,1131
OF1,128,MicroscopyImages,03-09,41252464001998,7375,6254,1121,56128,1208
OF1,128,MicroscopyImages,03-10,37206188541900,22976,20699,2277,99040,1642
OF1,128,MicroscopyImages,04-01,18427238619388,12204,10415,1789,86587,860
OF1,128,MicroscopyImages,04-06,30482742444564,28318,24677,3641,142266,2157
OF1,128,MicroscopyImages,04-10,34701393839153,25737,22498,3239,133306,1642
OF1,128,MicroscopyImages,05-01,38336121289788,9496,7360,2136,60225,1204
OF1,128,MicroscopyImages,05-02,37892088656180,32094,30259,1835,95610,2248
OF1,128,MicroscopyImages,05-03,38929345632814,10937,9580,1357,69564,1035
OF1,128,MicroscopyImages,05-04,36195114826070,24291,22833,1458,102364,1624
OF1,128,MicroscopyImages,05-06,8577637201539,34271,31913,2358,87127,1111
OF1,128,MicroscopyImages,05-07,45694629534839,9289,8236,1053,57669,825
OF1,128,MicroscopyImages,05-08,44134927383277,10620,9262,1358,82987,1081
OF1,128,MicroscopyImages,05-09,54689954678689,8566,6475,2091,51646,1221
OF1,128,MicroscopyImages,05-10,42465006109702,16041,14636,1405,80311,1284
OF1,128,MicroscopyImages,07-01,44992884634117,8953,7500,1453,56879,998
OF1,128,MicroscopyImages,07-02,43692830847747,16573,13599,2974,88006,1100
OF1,128,MicroscopyImages,07-04,42403862792043,20346,17305,3041,94760,1273
OF1,128,MicroscopyImages,07-06,40070623920443,17426,14706,2720,86969,812
OF1,128,MicroscopyImages,07-10,44627715842083,16949,14581,2368,77879,1476
OF1,128,MicroscopyImages,08-01,42544508340125,13227,11446,1781,83941,1003
OF1,128,MicroscopyImages,08-02,40406607504373,27169,25068,2101,120849,1304
OF1,128,MicroscopyImages,08-04,39496574970305,30259,27939,2320,127195,1174
OF1,128,MicroscopyImages,08-06,37716801898623,24123,21461,2662,114988,1427
OF1,128,MicroscopyImages,08-07,6860865761332,11793,10329,1464,64271,967
OF1,128,MicroscopyImages,08-10,41392587670255,28018,25082,2936,107668,1547
OF1,128,MicroscopyImages,09-01,37776180493478,6148,4997,1151,41334,632
OF1,128,MicroscopyImages,09-02,31397838641571,11170,9651,1519,72409,887
OF1,128,MicroscopyImages,09-04,39753794376469,15407,13824,1583,82224,1017
OF1,128,MicroscopyImages,09-06,49413956355481,15532,13754,1778,85025,1339
OF1,128,MicroscopyImages,09-07,50620334739458,5726,4337,1389,48287,909
OF1,128,MicroscopyImages,09-08,47117113113342,15219,13483,1736,72992,1701
OF1,128,MicroscopyImages,09-10,15418041366957,14881,11907,2974,66281,1240
OF1,128,MicroscopyImages,10-06,36978122251185,26491,22830,3661,113302,1430
OF1,128,Shapes,01-06,39079581200000,22040,20262,1778,188979,1072
OF1,128,Shapes,01-10,9116360473270,23319,22261,1058,126181,936
OF1,128,Shapes,02-01,30089682768000,23277,22114,1163,141228,955
OF1,128,Shapes,02-04,9828079538621,7564,6624,940,72306,495
OF1,128,Shapes,02-06,36902727232000,12557,11389,1168,81703,1428
OF1,128,Shapes,02-10,34309484066648,13679,12186,1493,78014,904
OF1,128,Shapes,03-01,5215058400000,13599,12998,601,141134,408
OF1,128,Shapes,03-02,30191854640000,7839,7355,484,75890,833
OF1,128,Shapes,03-04,21405975170708,9081,8526,555,74358,729
OF1,128,Shapes,03-06,39201057000000,10815,10124,691,104437,1084
OF1,128,Shapes,03-07,27724179163594,8913,8165,748,80459,890
OF1,128,Shapes,03-08,22413663182980,7012,6483,529,68787,835
OF1,128,Shapes,03-09,14884410000000,8000,7352,648,87445,439
OF1,128,Shapes,03-10,10308090338288,8015,7538,477,67145,569
OF1,128,Shapes,04-01,21122970788875,36760,35408,1352,155351,1209
OF1,128,Shapes,04-06,35393684496039,15534,14733,801,95327,1154
OF1,128,Shapes,04-10,25257237660889,16126,15193,933,68075,1025
OF1,128,Shapes,05-01,16104272362320,27755,26905,850,163625,1105
OF1,128,Shapes,05-02,35632863187626,6456,5955,501,72370,628
OF1,128,Shapes,05-03,16538091788224,20081,19681,400,69946,1541
OF1,128,Shapes,05-04,26286605059705,8125,7551,574,88485,598
OF1,128,Shapes,05-06,41140952832632,8233,7685,548,83682,891
OF1,128,Shapes,05-07,31788646140061,11294,10690,604,98167,1200
OF1,128,Shapes,05-08,23777487020325,3951,3499,452,61065,365
OF1,128,Shapes,05-09,21941713050148,7907,7294,613,70213,958
OF1,128,Shapes,05-10,17339885619272,14699,13161,1538,74000,529
OF1,128,Shapes,07-01,27369103071814,24772,23469,1303,134150,1135
OF1,128,Shapes,07-02,28792951239766,11745,10513,1232,102424,998
OF1,128,Shapes,07-04,25958138667557,14304,13525,779,84406,867
OF1,128,Shapes,07-06,60957454023330,22094,20490,1604,100920,1704
OF1,128,Shapes,07-10,29802054674412,15234,13571,1663,80528,1177
OF1,128,Shapes,08-01,22160431238274,16296,15289,1007,125511,1525
OF1,128,Shapes,08-02,14217096526661,7265,6316,949,47919,745
OF1,128,Shapes,08-04,9126415302412,11520,10870,650,69232,730
OF1,128,Shapes,08-06,36858918817906,8458,7850,608,70560,1040
OF1,128,Shapes,08-07,27153789865175,10263,8944,1319,86009,1016
OF1,128,Shapes,08-10,27443247840388,9629,8036,1593,67470,798
OF1,128,Shapes,09-01,14491963200000,23616,22044,1572,175033,998
OF1,128,Shapes,09-02,32821224192000,13900,12593,1307,70513,947
OF1,128,Shapes,09-04,25645830549206,13772,12971,801,76800,1078
OF1,128,Shapes,09-06,40573869400000,12003,11259,744,108205,1055
OF1,128,Shapes,09-07,30639181422955,14853,14034,819,95270,1587
OF1,128,Shapes,09-08,26380187673473,22040,20557,1483,70005,1851
OF1,128,Shapes,09-10,17110674476862,15443,14572,871,77331,1100
OF1,128,Shapes,10-06,40286995373499,12771,11866,905,80367,1041
OF1,128,WhiteNoise,01-06,1217611100004,24789,22561,2228,70056,632
OF1,128,WhiteNoise,01-10,1041588985415,26028,24501,1527,61240,471
OF1,128,WhiteNoise,02-01,1079452759766,28787,27210,1577,62390,474
OF1,128,WhiteNoise,02-04,1164039060605,31562,29931,1631,65204,617
OF1,128,WhiteNoise,02-06,1381849138685,31062,28943,2119,77678,674
OF1,128,WhiteNoise,02-10,1195895819678,27398,23922,3476,67192,443
OF1,128,WhiteNoise,03-01,1126179413511,36827,34494,2333,67674,575
OF1,128,WhiteNoise,03-02,1184678895027,24339,22830,1509,68527,557
OF1,128,WhiteNoise,03-04,1209491561768,29591,28226,1365,70332,598
OF1,128,WhiteNoise,03-06,1022950327079,25809,24374,1435,59714,458
OF1,128,WhiteNoise,03-07,1140090617639,28530,25951,2579,65753,524
OF1,128,WhiteNoise,03-08,1121800162833,34357,32754,1603,64307,614
OF1,128,WhiteNoise,03-09,1200888396510,31105,29512,1593,68553,612
OF1,128,WhiteNoise,03-10,1141048784113,33323,31586,1737,66117,657
OF1,128,WhiteNoise,04-01,996723490415,35519,32733,2786,59358,500
OF1,128,WhiteNoise,04-06,1248102495158,30535,29180,1355,72730,751
OF1,128,WhiteNoise,04-10,1054168748157,25979,24176,1803,60904,379
OF1,128,WhiteNoise,05-01,1097056994561,22022,21054,968,65042,557
OF1,128,WhiteNoise,05-02,1351846772000,25076,24028,1048,74858,635
OF1,128,WhiteNoise,05-03,1184297185103,23277,21801,1476,68398,564
OF1,128,WhiteNoise,05-04,1120112645646,15905,14770,1135,65472,484
OF1,128,WhiteNoise,05-06,1146550918690,28995,27164,1831,68314,573
OF1,128,WhiteNoise,05-07,1098679323434,20188,19009,1179,64196,474
OF1,128,WhiteNoise,05-08,1218571771786,21744,20444,1300,71400,496
OF1,128,WhiteNoise,05-09,1067014196027,16397,15311,1086,64290,485
OF1,128,WhiteNoise,05-10,1131462264626,16328,15410,918,68122,444
OF1,128,WhiteNoise,07-01,1068195966606,33750,31384,2366,64105,578
OF1,128,WhiteNoise,07-02,1270420921956,23445,21070,2375,72066,577
OF1,128,WhiteNoise,07-04,1065182515019,24785,23635,1150,63442,529
OF1,128,WhiteNoise,07-06,1157528936889,32916,31169,1747,67192,514
OF1,128,WhiteNoise,07-10,1081331325832,26831,25285,1546,63817,570
OF1,128,WhiteNoise,08-01,1314700559997,21305,19893,1412,73551,532
OF1,128,WhiteNoise,08-02,1417306493934,33485,31852,1633,77954,852
OF1,128,WhiteNoise,08-04,1275972346465,30441,28439,2002,72309,537
OF1,128,WhiteNoise,08-06,1200982136193,28078,26675,1403,68716,602
OF1,128,WhiteNoise,08-07,1192262832245,36980,34479,2501,68965,629
OF1,128,WhiteNoise,08-10,1180375339436,23366,22151,1215,67705,493
OF1,128,WhiteNoise,09-01,1025084636345,31608,30029,1579,62529,595
OF1,128,WhiteNoise,09-02,1130115811805,30053,28282,1771,64450,478
OF1,128,WhiteNoise,09-04,1035199628864,32403,30519,1884,61226,603
OF1,128,WhiteNoise,09-06,1288967852992,26976,25544,1432,73131,626
OF1,128,WhiteNoise,09-07,1129804284892,31409,30006,1403,66545,589
OF1,128,WhiteNoise,09-08,1235609237816,26098,24764,1334,70166,531
OF1,128,WhiteNoise,09-10,1026881770307,28418,25479,2939,61418,461
OF1,128,WhiteNoise,10-06,1203978296128,20420,18915,1505,69469,565
OF1,256,CauchyDensity,01-03,728309691619119,2299183,2236388,62795,1087224,11318
OF1,256,CauchyDensity,01-04,629197380856461,2469665,2344359,125306,954997,13425
OF1,256,CauchyDensity,01-06,724477956536579,3480468,3396095,84373,1173544,12936
OF1,256,CauchyDensity,01-08,458437637696654,4029940,3918382,111558,1085035,9583
OF1,256,CauchyDensity,01-09,488678729649795,1292490,1244249,48241,984545,7516
OF1,256,CauchyDensity,02-01,511386086697240,3065029,2970721,94308,1101406,15774
OF1,256,CauchyDensity,02-03,553477648804056,3255041,3172118,82923,1184968,8220
OF1,256,CauchyDensity,02-04,196400304710014,1732172,1658126,74046,1191117,7727
OF1,256,CauchyDensity,02-05,327848467413103,4297249,4209352,87897,982016,8737
OF1,256,CauchyDensity,02-06,621674686180893,2646249,2538944,107305,1100646,9737
OF1,256,CauchyDensity,02-07,634423044704968,3701725,3592944,108781,982040,9530
OF1,256,CauchyDensity,02-08,440868012449295,6289623,6080355,209268,980215,13466
OF1,256,CauchyDensity,02-09,264475847961427,4336516,4116635,219881,1141164,29306
OF1,256,CauchyDensity,02-10,424908753055980,2709180,2632226,76954,1175442,9693
OF1,256,CauchyDensity,03-04,476456973935516,4387010,4270541,116469,1007128,12759
OF1,256,CauchyDensity,03-06,253612679077354,3485693,3377045,108648,1022781,11382
OF1,256,CauchyDensity,03-08,321846362384780,2447213,2362690,84523,980262,11229
OF1,256,CauchyDensity,03-09,353905464907022,3126298,3037419,88879,1122769,14919
OF1,256,CauchyDensity,04-08,466713966332294,3557947,3460911,97036,1321591,12985
OF1,256,CauchyDensity,05-01,506019757374096,2110509,2045343,65166,1095719,11105
OF1,256,CauchyDensity,05-03,266546429316028,1950425,1892686,57739,1309814,9324
OF1,256,CauchyDensity,05-04,326641387047419,2536747,2454861,81886,1216420,7707
OF1,256,CauchyDensity,05-06,311838682236178,3198392,3006344,192048,1129607,9341
OF1,256,CauchyDensity,05-08,171260797337880,3052862,2874712,178150,1047831,7895
OF1,256,CauchyDensity,05-09,129280910409038,2858342,2738556,119786,950661,6197
OF1,256,CauchyDensity,05-10,194861635492687,3220081,3034339,185742,1078578,8334
OF1,256,CauchyDensity,06-04,566699483941619,3222561,3112744,109817,1087969,11185
OF1,256,CauchyDensity,06-08,276086343137702,2546336,2470011,76325,1231119,10756
OF1,256,CauchyDensity,07-01,674624639880162,2955152,2848466,106686,1224563,15343
OF1,256,CauchyDensity,07-03,205164106165362,2319768,2239844,79924,1109746,7775
OF1,256,CauchyDensity,07-04,607355822047879,3369161,3251746,117415,1191899,11624
OF1,256,CauchyDensity,07-05,306585557318436,3055184,2962597,92587,993289,9037
OF1,256,CauchyDensity,07-06,141089473027692,4682633,4607420,75213,999874,10502
OF1,256,CauchyDensity,07-08,244917248602486,2438426,2356364,82062,1245789,7465
OF1,256,CauchyDensity,07-09,401097204622158,4479030,4377405,101625,1095394,11556
OF1,256,CauchyDensity,07-10,313594912445530,2772498,2680828,91670,1209897,8700
OF1,256,CauchyDensity,09-04,236126941783527,3181271,3102006,79265,1287750,8192
OF1,256,CauchyDensity,09-06,385451545693952,2933670,2860662,73008,1184659,9435
OF1,256,CauchyDensity,09-08,231147215876918,2441891,2334779,107112,1209713,7228
OF1,256,CauchyDensity,10-01,654712305593385,1723352,1664900,58452,965229,9577
OF1,256,CauchyDensity,10-03,227147774969437,4352776,4208540,144236,1049316,10234
OF1,256,CauchyDensity,10-04,323303997445380,4538872,4451088,87784,1170886,9863
OF1,256,CauchyDensity,10-06,251042539780228,3342477,3161725,180752,1042064,9296
OF1,256,CauchyDensity,10-08,278263868998731,2722759,2482100,240659,1239194,8561
OF1,256,CauchyDensity,10-09,200806022772462,2308040,2243741,64299,1171686,7910
OF1,256,ClassicImages,01-03,118160409524485,1262791,1218393,44398,900525,4873
OF1,256,ClassicImages,01-04,86944828855955,871523,830318,41205,810591,4275
OF1,256,ClassicImages,01-06,149168238762729,1020317,974225,46092,1002312,5356
OF1,256,ClassicImages,01-08,95272697017857,1133530,1094968,38562,808127,5122
OF1,256,ClassicImages,01-09,174971574603145,2171042,2100800,70242,949270,7139
OF1,256,ClassicImages,02-01,105661558455492,1102797,1060135,42662,899381,4871
OF1,256,ClassicImages,02-03,82083010035960,1183324,1106547,76777,849578,5586
OF1,256,ClassicImages,02-04,45400735103277,1519294,1456637,62657,750134,5318
OF1,256,ClassicImages,02-05,45952658780818,1542665,1467866,74799,745565,4417
OF1,256,ClassicImages,02-06,53541358221743,1336904,1298622,38282,758470,3211
OF1,256,ClassicImages,02-07,52468039982097,1495428,1435925,59503,770587,4857
OF1,256,ClassicImages,02-08,60080776419872,1467669,1385499,82170,820017,6413
OF1,256,ClassicImages,02-09,130116966118804,1644698,1587703,56995,966875,4170
OF1,256,ClassicImages,02-10,87871921948919,2662176,2586934,75242,848293,8580
OF1,256,ClassicImages,03-04,67930095707623,5496559,5345112,151447,861322,15266
OF1,256,ClassicImages,03-06,93487607510318,1302821,1236513,66308,888609,5451
OF1,256,ClassicImages,03-08,82762641084860,1526568,1477394,49174,824413,6638
OF1,256,ClassicImages,03-09,154105751873013,1885085,1814766,70319,894561,5729
OF1,256,ClassicImages,04-08,56946602101008,1127887,1068220,59667,766543,4174
OF1,256,ClassicImages,05-01,100192603756076,1870134,1806376,63758,852448,4812
OF1,256,ClassicImages,05-03,76463798369722,2009288,1959315,49973,877402,8856
OF1,256,ClassicImages,05-04,55464666379930,1537843,1481079,56764,743757,5346
OF1,256,ClassicImages,05-06,70289128720404,902437,861283,41154,784047,4175
OF1,256,ClassicImages,05-08,72084568102623,1829237,1735269,93968,773672,4693
OF1,256,ClassicImages,05-09,122086663428024,2271338,2152259,119079,903818,5438
OF1,256,ClassicImages,05-10,111313321441744,1324705,1264343,60362,882592,4884
OF1,256,ClassicImages,06-04,82876950461230,1400504,1350168,50336,836457,4312
OF1,256,ClassicImages,06-08,80156622310621,1142867,1082725,60142,851500,3551
OF1,256,ClassicImages,07-01,119167413702763,3278062,3137331,140731,844987,8120
OF1,256,ClassicImages,07-03,99830299574743,2516717,2447317,69400,853605,6324
OF1,256,ClassicImages,07-04,77496388392549,2232223,2091397,140826,818644,5861
OF1,256,ClassicImages,07-05,53398121176458,1308986,1261277,47709,747932,4515
OF1,256,ClassicImages,07-06,67580273223967,870557,814270,56287,807715,4644
OF1,256,ClassicImages,07-08,76123195480933,1578971,1510245,68726,788412,4776
OF1,256,ClassicImages,07-09,117193853940465,1832023,1776588,55435,913994,5780
OF1,256,ClassicImages,07-10,96018490651370,1458111,1391627,66484,868262,6658
OF1,256,ClassicImages,09-04,147197136636885,2188775,2118499,70276,960098,7101
OF1,256,ClassicImages,09-06,129156878764684,2044482,1914389,130093,982208,6457
OF1,256,ClassicImages,09-08,171352761322387,1985118,1885365,99753,1008879,6626
OF1,256,ClassicImages,10-01,148525249068062,1415321,1312763,102558,923931,6185
OF1,256,ClassicImages,10-03,128631370162549,1981109,1881378,99731,883079,6588
OF1,256,ClassicImages,10-04,114389627691590,2214149,2051007,163142,886747,5443
OF1,256,ClassicImages,10-06,86943791614602,1881154,1822212,58942,852676,5458
OF1,256,ClassicImages,10-08,96939346942576,2296062,2239278,56784,838378,4877
OF1,256,ClassicImages,10-09,188977614152587,2254711,2119289,135422,1060727,7782
OF1,256,GRFmoderate,01-03,83371985413632,1386253,1335817,50436,913689,8155
OF1,256,GRFmoderate,01-04,115804989734758,1682328,1625232,57096,958813,6475
OF1,256,GRFmoderate,01-06,78823121935866,1796042,1708128,87914,809762,5411
OF1,256,GRFmoderate,01-08,129981207591502,3346491,3247367,99124,954915,7463
OF1,256,GRFmoderate,01-09,147621422773752,1659703,1548094,111609,940116,7387
OF1,256,GRFmoderate,02-01,118017260266342,1346944,1292128,54816,953041,5795
OF1,256,GRFmoderate,02-03,162016650557446,2316363,2249045,67318,1017352,9020
OF1,256,GRFmoderate,02-04,144533321042312,2092751,2011370,81381,962161,6436
OF1,256,GRFmoderate,02-05,84317626883444,1391497,1337929,53568,852055,4302
OF1,256,GRFmoderate,02-06,103272618618626,1532183,1484663,47520,897113,5820
OF1,256,GRFmoderate,02-07,114579697088730,1719836,1660302,59534,909804,6298
OF1,256,GRFmoderate,02-08,107051210351978,1777067,1703548,73519,924162,5874
OF1,256,GRFmoderate,02-09,70194311143066,1613585,1548460,65125,825081,6423
OF1,256,GRFmoderate,02-10,118254570991501,2041516,1956618,84898,979357,8450
OF1,256,GRFmoderate,03-04,157989435414683,2154344,2069971,84373,1062275,8937
OF1,256,GRFmoderate,03-06,101159923055180,2110851,2012436,98415,888830,6390
OF1,256,GRFmoderate,03-08,144366899483374,1641607,1587110,54497,981112,7588
OF1,256,GRFmoderate,03-09,195074637536085,2296458,2219700,76758,1017256,8205
OF1,256,GRFmoderate,04-08,211987033392769,2273037,2176255,96782,1069871,8376
OF1,256,GRFmoderate,05-01,92707140496997,1456379,1409137,47242,896209,6812
OF1,256,GRFmoderate,05-03,137556779602743,1866560,1778623,87937,923852,8297
OF1,256,GRFmoderate,05-04,112899534703105,2087196,1930823,156373,925673,5779
OF1,256,GRFmoderate,05-06,81050351709493,1048972,1007991,40981,823792,5706
OF1,256,GRFmoderate,05-08,127982471227120,3343920,3272077,71843,963828,7563
OF1,256,GRFmoderate,05-09,105969172851540,1435862,1374775,61087,878998,9169
OF1,256,GRFmoderate,05-10,106173341659487,1227126,1166663,60463,881946,5167
OF1,256,GRFmoderate,06-04,113378277095699,2388391,2252068,136323,971447,5280
OF1,256,GRFmoderate,06-08,127145985323524,2103011,1995649,107362,993648,10618
OF1,256,GRFmoderate,07-01,55399894541619,1440889,1279210,161679,794947,5562
OF1,256,GRFmoderate,07-03,89512723648617,1109806,1064705,45101,886521,5899
OF1,256,GRFmoderate,07-04,95218083462960,1234881,1189696,45185,903157,4184
OF1,256,GRFmoderate,07-05,83902818924995,1504250,1447541,56709,843603,4104
OF1,256,GRFmoderate,07-06,75590860400609,1800443,1650278,150165,820429,7162
OF1,256,GRFmoderate,07-08,139218476623654,2283986,2193793,90193,957200,7995
OF1,256,GRFmoderate,07-09,145280384245280,2586170,2493887,92283,976417,8325
OF1,256,GRFmoderate,07-10,90662860796462,2001173,1940505,60668,870529,7465
OF1,256,GRFmoderate,09-04,142315710156281,2155000,2015549,139451,1006415,7768
OF1,256,GRFmoderate,09-06,113959319381900,1542354,1492133,50221,900951,7321
OF1,256,GRFmoderate,09-08,144788780642440,1613556,1535694,77862,1009345,7080
OF1,256,GRFmoderate,10-01,100426122954465,2590361,2488274,102087,861663,6157
OF1,256,GRFmoderate,10-03,111191777390292,1637922,1573708,64214,947917,6546
OF1,256,GRFmoderate,10-04,96941238565500,2042554,1936102,106452,942739,7564
OF1,256,GRFmoderate,10-06,72229003362044,1284584,1226608,57976,821312,5385
OF1,256,GRFmoderate,10-08,148810218677398,1952344,1876759,75585,964413,5428
OF1,256,GRFmoderate,10-09,130257845582970,1737204,1686780,50424,1056689,9267
OF1,256,GRFrough,01-03,52527006995073,1171072,1126518,44554,785131,3127
OF1,256,GRFrough,01-04,46335204658792,880479,842204,38275,788873,4183
OF1,256,GRFrough,01-06,35460196641936,1488163,1401580,86583,707195,4144
OF1,256,GRFrough,01-08,29886815402107,1063835,1022262,41573,650691,3024
OF1,256,GRFrough,01-09,27970968449358,997294,953322,43972,657066,3771
OF1,256,GRFrough,02-01,31952978792786,876065,833023,43042,655969,2961
OF1,256,GRFrough,02-03,46854876306700,789653,746845,42808,799102,3743
OF1,256,GRFrough,02-04,51328067897070,1680958,1635537,45421,796744,3737
OF1,256,GRFrough,02-05,40813761656123,1314308,1276338,37970,734548,3770
OF1,256,GRFrough,02-06,40150477713057,731294,702007,29287,699131,2984
OF1,256,GRFrough,02-07,35631029703970,1044033,998715,45318,698281,3038
OF1,256,GRFrough,02-08,34715203669201,1418682,1350671,68011,681194,3499
OF1,256,GRFrough,02-09,38515948905788,1080314,1037081,43233,677609,3422
OF1,256,GRFrough,02-10,25010086008732,1521584,1464528,57056,645270,3822
OF1,256,GRFrough,03-04,34582919487893,1193906,1150267,43639,718914,3605
OF1,256,GRFrough,03-06,30635312038139,1486774,1445456,41318,671637,4142
OF1,256,GRFrough,03-08,44016639267942,1667769,1604967,62802,770766,4583
OF1,256,GRFrough,03-09,49669285340246,950702,907461,43241,775245,3310
OF1,256,GRFrough,04-08,36099231948256,1042623,980514,62109,695083,4228
OF1,256,GRFrough,05-01,38006757834972,881104,827331,53773,728620,3278
OF1,256,GRFrough,05-03,57626328384464,1379476,1285884,93592,821053,3961
OF1,256,GRFrough,05-04,49080185356643,768188,729912,38276,774341,3747
OF1,256,GRFrough,05-06,44581077973364,2825591,2787178,38413,698345,4427
OF1,256,GRFrough,05-08,37261262722438,743080,706322,36758,692991,3771
OF1,256,GRFrough,05-09,35630915447803,604973,570228,34745,703538,2529
OF1,256,GRFrough,05-10,37579713664840,763599,724667,38932,697823,3778
OF1,256,GRFrough,06-04,27034086368140,883461,847367,36094,651551,3090
OF1,256,GRFrough,06-08,30038430127402,1092283,1022345,69938,674321,3615
OF1,256,GRFrough,07-01,28574619589408,928770,892107,36663,671328,2799
OF1,256,GRFrough,07-03,36090655262603,1117208,1076644,40564,727326,3185
OF1,256,GRFrough,07-04,27481331892233,1300323,1266224,34099,649402,3308
OF1,256,GRFrough,07-05,33687950225253,1109222,1041363,67859,693702,3978
OF1,256,GRFrough,07-06,21172876539483,746664,705803,40861,609808,2690
OF1,256,GRFrough,07-08,24640289882387,1340642,1294844,45798,648032,3648
OF1,256,GRFrough,07-09,23182590555174,1586688,1502344,84344,660034,3516
OF1,256,GRFrough,07-10,25332003860991,1017098,977092,40006,640714,3021
OF1,256,GRFrough,09-04,34510797838591,1337145,1208227,128918,724051,3509
OF1,256,GRFrough,09-06,27488918407979,844412,760521,83891,657644,3220
OF1,256,GRFrough,09-08,25669166505738,1237076,1194435,42641,651815,4005
OF1,256,GRFrough,10-01,28274526686130,961673,903301,58372,663630,2963
OF1,256,GRFrough,10-03,42125035106749,1764032,1722062,41970,758888,4103
OF1,256,GRFrough,10-04,42630077994870,1344162,1310578,33584,748162,5674
OF1,256,GRFrough,10-06,29913036932631,781951,752946,29005,656599,4185
OF1,256,GRFrough,10-08,28508771015956,1435160,1373424,61736,680310,4273
OF1,256,GRFrough,10-09,32153677935818,1494657,1446404,48253,677401,3935
OF1,256,GRFsmooth,01-03,250833137231608,3000604,2911984,88620,1048590,11360
OF1,256,GRFsmooth,01-04,248565253493065,2935496,2860052,75444,1158619,8813
OF1,256,GRFsmooth,01-06,202336351134022,3990580,3843878,146702,1056183,7960
OF1,256,GRFsmooth,01-08,118677401470839,1501404,1436399,65005,1006341,6062
OF1,256,GRFsmooth,01-09,183430526459706,2430437,2342714,87723,1053341,7937
OF1,256,GRFsmooth,02-01,148442456852985,1990746,1915132,75614,1005718,7234
OF1,256,GRFsmooth,02-03,345179147930254,4003340,3885708,117632,1051978,12424
OF1,256,GRFsmooth,02-04,374792037237500,4142749,4013704,129045,1312052,12021
OF1,256,GRFsmooth,02-05,287524008150298,3603904,3509084,94820,1042967,8003
OF1,256,GRFsmooth,02-06,303583461412141,2696931,2575910,121021,1108826,8027
OF1,256,GRFsmooth,02-07,212029739943805,2526644,2447884,78760,1150011,8511
OF1,256,GRFsmooth,02-08,154118343484152,3188126,3038331,149795,1019981,8687
OF1,256,GRFsmooth,02-09,304994201304696,2856443,2770989,85454,1060026,7995
OF1,256,GRFsmooth,02-10,391222609926117,5976950,5860756,116194,1449975,19403
OF1,256,GRFsmooth,03-04,153507181945510,2276900,2213813,63087,1000355,9383
OF1,256,GRFsmooth,03-06,134970237185129,1829195,1760173,69022,1002581,6782
OF1,256,GRFsmooth,03-08,217028997287867,3089990,2994005,95985,1065227,8640
OF1,256,GRFsmooth,03-09,142179947560518,1720999,1652182,68817,990529,7391
OF1,256,GRFsmooth,04-08,276062558908375,2666197,2560399,105798,1288233,12283
OF1,256,GRFsmooth,05-01,184974008921432,3030015,2890173,139842,1071684,9298
OF1,256,GRFsmooth,05-03,130271587887048,2575246,2490633,84613,978577,10085
OF1,256,GRFsmooth,05-04,151743258925351,1443996,1381870,62126,1072465,7244
OF1,256,GRFsmooth,05-06,157956441803481,1563041,1488493,74548,983262,9153
OF1,256,GRFsmooth,05-08,166426268211743,4082784,3928233,154551,1047799,11849
OF1,256,GRFsmooth,05-09,88542696643055,2190039,2131068,58971,868947,10031
OF1,256,GRFsmooth,05-10,224337880828338,1482334,1428084,54250,1097927,7795
OF1,256,GRFsmooth,06-04,108741916987820,1999360,1903495,95865,1005996,12275
OF1,256,GRFsmooth,06-08,204691631752545,1884843,1802520,82323,1169387,10090
OF1,256,GRFsmooth,07-01,113732800552343,1841391,1771501,69890,950336,8566
OF1,256,GRFsmooth,07-03,229214775352142,3541342,3463632,77710,1105881,8846
OF1,256,GRFsmooth,07-04,189285336902351,2670272,2590029,80243,1078751,7453
OF1,256,GRFsmooth,07-05,195704139036407,2395538,2308994,86544,1076485,9285
OF1,256,GRFsmooth,07-06,149296822971005,1337025,1277893,59132,963824,5723
OF1,256,GRFsmooth,07-08,164952400732056,1519685,1463013,56672,1024143,8766
OF1,256,GRFsmooth,07-09,173011867107843,2558725,2483696,75029,1005431,7195
OF1,256,GRFsmooth,07-10,198693499339636,2979512,2903372,76140,1120089,10531
OF1,256,GRFsmooth,09-04,121467585764957,1834406,1760788,73618,978188,7234
OF1,256,GRFsmooth,09-06,114602204717877,1544656,1497376,47280,962753,8399
OF1,256,GRFsmooth,09-08,193582678428217,1971130,1917185,53945,1162056,7664
OF1,256,GRFsmooth,10-01,265362839874176,4096819,3976631,120188,1210567,13501
OF1,256,GRFsmooth,10-03,234224673455403,1495092,1440115,54977,1139935,8623
OF1,256,GRFsmooth,10-04,98095233988307,1002567,950656,51911,977395,4444
OF1,256,GRFsmooth,10-06,144209352433457,3110843,3055447,55396,1005230,10131
OF1,256,GRFsmooth,10-08,318984148517981,2932075,2845085,86990,1314579,12835
OF1,256,GRFsmooth,10-09,179354325616740,1913799,1851965,61834,1013560,8292
OF1,256,LogGRF,01-03,451396366237211,3502343,3418085,84258,1143479,13642
OF1,256,LogGRF,01-04,261068695406110,2094157,2022110,72047,928280,7155
OF1,256,LogGRF,01-06,260166848024471,1902578,1786822,115756,995698,8696
OF1,256,LogGRF,01-08,148437862336598,2314441,2206746,107695,853230,6309
OF1,256,LogGRF,01-09,198994472946425,1864242,1775649,88593,913439,11409
OF1,256,LogGRF,02-01,221324946790360,1996967,1931396,65571,967572,8299
OF1,256,LogGRF,02-03,258189330227828,2759542,2652871,106671,1027241,10987
OF1,256,LogGRF,02-04,226853486716723,1558676,1491292,67384,885718,6883
OF1,256,LogGRF,02-05,337025298773860,1992464,1925101,67363,1063485,10904
OF1,256,LogGRF,02-06,436480331444937,2567034,2490823,76211,1245562,10017
OF1,256,LogGRF,02-07,296526116594096,1797861,1694884,102977,1124163,6968
OF1,256,LogGRF,02-08,300902319207860,3085362,2987853,97509,1033778,7514
OF1,256,LogGRF,02-09,267672049384234,2133858,2066147,67711,941333,8617
OF1,256,LogGRF,02-10,155365216200724,2047261,1951395,95866,892559,6828
OF1,256,LogGRF,03-04,335627818338991,1906414,1843969,62445,968784,8287
OF1,256,LogGRF,03-06,665799818556070,3240887,3136736,104151,1241136,14936
OF1,256,LogGRF,03-08,506480046688377,2417006,2338111,78895,1202312,9129
OF1,256,LogGRF,03-09,438763393171383,2794389,2704358,90031,953274,7644
OF1,256,LogGRF,04-08,331101370446726,1502999,1427201,75798,947077,6405
OF1,256,LogGRF,05-01,238415828775626,1797944,1739157,58787,1005750,9615
OF1,256,LogGRF,05-03,530575624143828,3179001,3074699,104302,1359595,13893
OF1,256,LogGRF,05-04,283534381643938,2036356,1928926,107430,972695,9717
OF1,256,LogGRF,05-06,240287765510908,3502902,3334406,168496,880314,11360
OF1,256,LogGRF,05-08,187740839749228,1401111,1346699,54412,1013649,6359
OF1,256,LogGRF,05-09,372170238353524,1343450,1250276,93174,1055746,9433
OF1,256,LogGRF,05-10,306740411657793,1862479,1812404,50075,1081700,14075
OF1,256,LogGRF,06-04,467821925018909,2188585,2079928,108657,1017835,13307
OF1,256,LogGRF,06-08,238353676069056,2319522,2184790,134732,885889,7072
OF1,256,LogGRF,07-01,134167182358394,1680456,1639152,41304,835483,8135
OF1,256,LogGRF,07-03,522240052167363,3797761,3697023,100738,1266513,16180
OF1,256,LogGRF,07-04,315049130274420,2924463,2818092,106371,1011775,10659
OF1,256,LogGRF,07-05,170025106737374,947380,904184,43196,883590,4669
OF1,256,LogGRF,07-06,179216483844813,1607150,1555174,51976,888038,7994
OF1,256,LogGRF,07-08,168347364006741,2751404,2659974,91430,909777,8250
OF1,256,LogGRF,07-09,289078116638432,1429823,1379208,50615,953599,8722
OF1,256,LogGRF,07-10,243902392036669,1466211,1416325,49886,959232,7829
OF1,256,LogGRF,09-04,346998871444240,2265210,2139359,125851,1139764,8969
OF1,256,LogGRF,09-06,357500159072635,1910973,1811080,99893,985006,7516
OF1,256,LogGRF,09-08,221130532526215,1965609,1868875,96734,1063692,9626
OF1,256,LogGRF,10-01,167183841407959,1312321,1270781,41540,920579,6653
OF1,256,LogGRF,10-03,356942302259883,2807193,2727544,79649,1110095,7845
OF1,256,LogGRF,10-04,267325228729129,1554067,1504415,49652,1063090,7836
OF1,256,LogGRF,10-06,375282064347173,2517513,2386927,130586,1132859,11029
OF1,256,LogGRF,10-08,215732136706177,1999001,1946296,52705,978634,6866
OF1,256,LogGRF,10-09,157162294158768,1385439,1303738,81701,861023,6072
OF1,256,LogitGRF,01-03,158323009796217,1731325,1677070,54255,924918,8377
OF1,256,LogitGRF,01-04,236100525902506,2003082,1896848,106234,1018664,7037
OF1,256,LogitGRF,01-06,201134824688332,3576541,3491850,84691,1034477,10686
OF1,256,LogitGRF,01-08,156163314748578,1758684,1698557,60127,929792,8911
OF1,256,LogitGRF,01-09,165175700964429,2378177,2320532,57645,926198,7639
OF1,256,LogitGRF,02-01,247767757307999,2172239,2096725,75514,1111956,9234
OF1,256,LogitGRF,02-03,231568010682753,1381969,1329831,52138,965096,9555
OF1,256,LogitGRF,02-04,153967814215814,1731776,1678817,52959,804646,6026
OF1,256,LogitGRF,02-05,225933710606288,2626113,2581622,44491,961143,8255
OF1,256,LogitGRF,02-06,272700616973270,1879738,1804843,74895,1021996,10861
OF1,256,LogitGRF,02-07,330118143368698,2507697,2428635,79062,1242145,10708
OF1,256,LogitGRF,02-08,212002093144081,3225224,3147562,77662,948202,9114
OF1,256,LogitGRF,02-09,133168013196210,1325976,1254481,71495,864353,5562
OF1,256,LogitGRF,02-10,153994822878055,1418801,1358004,60797,845972,6320
OF1,256,LogitGRF,03-04,229025934698847,2381181,2276958,104223,922883,8141
OF1,256,LogitGRF,03-06,137526792048494,1743239,1687490,55749,969806,9119
OF1,256,LogitGRF,03-08,146227645675808,2717208,2642827,74381,964919,8109
OF1,256,LogitGRF,03-09,160123862155716,1670300,1580406,89894,885271,7386
OF1,256,LogitGRF,04-08,162901876711528,1340411,1254573,85838,941449,7936
OF1,256,LogitGRF,05-01,164171897806788,2836233,2678805,157428,879489,11178
OF1,256,LogitGRF,05-03,149116590088099,1299941,1251326,48615,822424,6223
OF1,256,LogitGRF,05-04,246021081550321,2447453,2386686,60767,948409,9931
OF1,256,LogitGRF,05-06,187359888680088,2007295,1947959,59336,935892,8608
OF1,256,LogitGRF,05-08,186505582552567,2384922,2308393,76529,970003,8583
OF1,256,LogitGRF,05-09,161760834721882,2253631,2125964,127667,924134,8756
OF1,256,LogitGRF,05-10,177580008565687,1846517,1792470,54047,945468,12244
OF1,256,LogitGRF,06-04,300573210905941,2277533,2180406,97127,988567,10167
OF1,256,LogitGRF,06-08,258752082793196,2520532,2413122,107410,1141672,12298
OF1,256,LogitGRF,07-01,119729871126123,2661766,2615842,45924,878928,8943
OF1,256,LogitGRF,07-03,204833651562836,1655168,1606874,48294,901428,6644
OF1,256,LogitGRF,07-04,321282457581072,2265538,2204064,61474,1086531,11271
OF1,256,LogitGRF,07-05,203489597684033,2036442,1981319,55123,952093,8911
OF1,256,LogitGRF,07-06,222749932518726,5719350,5542248,177102,937664,8486
OF1,256,LogitGRF,07-08,218200938528035,1452463,1410801,41662,950277,7187
OF1,256,LogitGRF,07-09,236211140779812,1769562,1690893,78669,1091527,11606
OF1,256,LogitGRF,07-10,261517795406225,1852088,1778696,73392,1024344,8281
OF1,256,LogitGRF,09-04,146718252444198,1803687,1745429,58258,945898,9312
OF1,256,LogitGRF,09-06,205464218677408,1802291,1744466,57825,990184,7686
OF1,256,LogitGRF,09-08,151014424193845,2008218,1907815,100403,843856,7279
OF1,256,LogitGRF,10-01,170128092703238,1570881,1472104,98777,929322,6604
OF1,256,LogitGRF,10-03,174675525998682,2039115,1920106,119009,925789,7273
OF1,256,LogitGRF,10-04,191660600486628,2019978,1917209,102769,879702,6776
OF1,256,LogitGRF,10-06,228886049389127,2044738,1975992,68746,1007985,13803
OF1,256,LogitGRF,10-08,183922757036990,4358436,4293126,65310,1000906,13083
OF1,256,LogitGRF,10-09,128877715932416,1625247,1572414,52833,867920,7482
OF1,256,MicroscopyImages,01-03,214083017681778,477533,397626,79907,337443,5146
OF1,256,MicroscopyImages,01-04,203627332884564,870165,761701,108464,490228,4620
OF1,256,MicroscopyImages,01-06,308247282222700,521269,466472,54797,572071,3776
OF1,256,MicroscopyImages,01-08,286518856099935,557938,501000,56938,515244,4691
OF1,256,MicroscopyImages,01-09,207227322537075,368536,279844,88692,280657,2866
OF1,256,MicroscopyImages,02-01,32933527002195,346591,317120,29471,399334,2131
OF1,256,MicroscopyImages,02-03,204212471912981,671266,628949,42317,482858,5813
OF1,256,MicroscopyImages,02-04,189130598441004,908698,835068,73630,649437,4718
OF1,256,MicroscopyImages,02-05,316270890283942,553044,507342,45702,539851,4376
OF1,256,MicroscopyImages,02-06,307718952090762,1030273,968203,62070,749051,5391
OF1,256,MicroscopyImages,02-07,347034635966882,459507,416219,43288,517217,2783
OF1,256,MicroscopyImages,02-08,285674028886329,936611,846973,89638,658379,3236
OF1,256,MicroscopyImages,02-09,193209963170659,295406,259162,36244,411371,3987
OF1,256,MicroscopyImages,02-10,139655064276558,828154,766937,61217,566158,3991
OF1,256,MicroscopyImages,03-04,62136196162267,253221,211747,41474,411804,1996
OF1,256,MicroscopyImages,03-06,233539588838958,517645,472798,44847,500602,4898
OF1,256,MicroscopyImages,03-08,245523649530032,637575,576066,61509,439344,3885
OF1,256,MicroscopyImages,03-09,220565258715204,461860,411059,50801,247577,2815
OF1,256,MicroscopyImages,04-08,265614934373064,622206,565326,56880,586954,3919
OF1,256,MicroscopyImages,05-01,316940090557777,424949,368275,56674,373428,3419
OF1,256,MicroscopyImages,05-03,242142666161155,409793,356902,52891,340483,3834
OF1,256,MicroscopyImages,05-04,262596587338639,581378,511647,69731,482186,4023
OF1,256,MicroscopyImages,05-06,30981179418616,375242,312297,62945,413221,2533
OF1,256,MicroscopyImages,05-08,118464913710650,611043,548567,62476,409708,3826
OF1,256,MicroscopyImages,05-09,385723529329399,333067,284328,48739,338726,5521
OF1,256,MicroscopyImages,05-10,330673993708309,379146,324179,54967,493260,3796
OF1,256,MicroscopyImages,06-04,250678479363784,1647453,1553246,94207,667204,9373
OF1,256,MicroscopyImages,06-08,111348455654556,1097702,1027461,70241,525412,6110
OF1,256,MicroscopyImages,07-01,345586513389130,288609,254823,33786,348503,2265
OF1,256,MicroscopyImages,07-03,286252995446585,214427,178445,35982,298908,3118
OF1,256,MicroscopyImages,07-04,314199568020372,678945,598982,79963,461254,5607
OF1,256,MicroscopyImages,07-05,145736698882525,314820,277369,37451,279231,2507
OF1,256,MicroscopyImages,07-06,143619142626232,498984,456616,42368,424200,4332
OF1,256,MicroscopyImages,07-08,71178538968060,430216,387915,42301,392635,3160
OF1,256,MicroscopyImages,07-09,421144983742987,380460,308951,71509,282956,3041
OF1,256,MicroscopyImages,07-10,371131533675640,314163,272520,41643,453775,3491
OF1,256,MicroscopyImages,09-04,185163585579669,254302,225406,28896,373300,3019
OF1,256,MicroscopyImages,09-06,370917230076284,544108,489885,54223,490901,6696
OF1,256,MicroscopyImages,09-08,378769890223404,487167,440808,46359,463406,7856
OF1,256,MicroscopyImages,10-01,158523826915467,638593,523695,114898,432221,5317
OF1,256,MicroscopyImages,10-03,180301720507910,317131,283414,33717,412300,3506
OF1,256,MicroscopyImages,10-04,146985223596814,1377430,1288284,89146,566025,5796
OF1,256,MicroscopyImages,10-06,316358651470072,834420,752553,81867,717451,5469
OF1,256,MicroscopyImages,10-08,319575282354090,867760,815903,51857,630050,5734
OF1,256,MicroscopyImages,10-09,75015339685624,170744,139643,31101,356138,2029
OF1,256,Shapes,01-03,41571606800000,386364,366997,19367,765779,1376
OF1,256,Shapes,01-04,168812593064202,860504,780815,79689,756309,3829
OF1,256,Shapes,01-06,312626240800000,851568,818580,32988,893437,4818
OF1,256,Shapes,01-08,177131295613637,531279,508369,22910,662660,7090
OF1,256,Shapes,01-09,115849799600000,708150,684455,23695,690234,3452
OF1,256,Shapes,02-01,240710432896000,596629,564157,32472,704007,3243
OF1,256,Shapes,02-03,241519485408000,347747,332553,15194,367405,3555
OF1,256,Shapes,02-04,78780092439510,220119,205517,14602,373529,2046
OF1,256,Shapes,02-05,284739577528085,189354,172390,16964,371170,2274
OF1,256,Shapes,02-06,295201839376000,269542,251910,17632,414879,5617
OF1,256,Shapes,02-07,229713710341000,326573,307197,19376,515286,3151
OF1,256,Shapes,02-08,114178207615987,329280,300385,28895,232241,2837
OF1,256,Shapes,02-09,262532889696000,284915,264712,20203,367074,4053
OF1,256,Shapes,02-10,274538160986939,331202,314607,16595,375631,3516
OF1,256,Shapes,03-04,171067632349523,256897,241548,15349,376265,3327
OF1,256,Shapes,03-06,313593235200000,601433,569352,32081,571401,5858
OF1,256,Shapes,03-08,179149946412412,211664,199503,12161,307974,2968
OF1,256,Shapes,03-09,119116910000000,165336,152422,12914,401945,1477
OF1,256,Shapes,04-08,73294146021210,189383,168393,20990,341795,1637
OF1,256,Shapes,05-01,129030246999589,760030,736830,23200,816139,3552
OF1,256,Shapes,05-03,132457746105075,217191,185432,31759,323114,3171
OF1,256,Shapes,05-04,209776150489821,359145,322729,36416,456767,2311
OF1,256,Shapes,05-06,329084467287826,305910,267528,38382,455320,3648
OF1,256,Shapes,05-08,189458327688682,145016,133363,11653,308992,1982
OF1,256,Shapes,05-09,175581346841708,391186,350173,41013,393833,5381
OF1,256,Shapes,05-10,139352826153240,524165,502155,22010,384170,5637
OF1,256,Shapes,06-04,283043157962136,475353,441555,33798,494557,4850
OF1,256,Shapes,06-08,294921352046923,225018,210568,14450,341147,3674
OF1,256,Shapes,07-01,218445827214611,699203,660248,38955,726595,4526
OF1,256,Shapes,07-03,221268035182740,356220,316515,39705,433366,4544
OF1,256,Shapes,07-04,207017198496872,789592,749662,39930,501171,6234
OF1,256,Shapes,07-05,253946828054387,392788,371291,21497,471411,4249
OF1,256,Shapes,07-06,486990939865004,522882,494455,28427,533260,6369
OF1,256,Shapes,07-08,216622666714578,247077,230439,16638,442118,5360
OF1,256,Shapes,07-09,244409333072142,581463,554792,26671,475674,5471
OF1,256,Shapes,07-10,238200890218031,522612,497677,24935,449653,7051
OF1,256,Shapes,09-04,204992322375952,325087,303617,21470,379423,3914
OF1,256,Shapes,09-06,324511395000000,364193,346717,17476,555370,4427
OF1,256,Shapes,09-08,210676955506370,372621,350193,22428,332659,5448
OF1,256,Shapes,10-01,73287106962187,771287,742427,28860,630738,3575
OF1,256,Shapes,10-03,82731058504756,414252,396622,17630,322998,3085
OF1,256,Shapes,10-04,201946127246670,378223,357166,21057,372937,3711
OF1,256,Shapes,10-06,322312042936413,358387,335885,22502,459880,4321
OF1,256,Shapes,10-08,219355919373304,157878,143566,14312,301355,2388
OF1,256,Shapes,10-09,136961926001719,777882,715973,61909,357329,3736
OF1,256,WhiteNoise,01-03,5209005452688,592675,558231,34444,298378,1621
OF1,256,WhiteNoise,01-04,4932972714666,740201,683090,57111,293355,1638
OF1,256,WhiteNoise,01-06,4552287681674,496189,460250,35939,272148,1348
OF1,256,WhiteNoise,01-08,4506785542342,606021,574650,31371,274261,1573
OF1,256,WhiteNoise,01-09,4445823914996,620699,560211,60488,267568,1463
OF1,256,WhiteNoise,02-01,4943016225376,697036,662384,34652,287557,1739
OF1,256,WhiteNoise,02-03,4600417339815,676215,641995,34220,272752,1514
OF1,256,WhiteNoise,02-04,4917045543585,422839,395155,27684,291544,1420
OF1,256,WhiteNoise,02-05,4638949776327,518529,484245,34284,278030,1616
OF1,256,WhiteNoise,02-06,4499993998335,596695,569602,27093,274725,1524
OF1,256,WhiteNoise,02-07,5232563502783,676556,643216,33340,294333,1499
OF1,256,WhiteNoise,02-08,5121487243654,1052429,997036,55393,296761,1594
OF1,256,WhiteNoise,02-09,4375930185108,939925,908064,31861,262846,1688
OF1,256,WhiteNoise,02-10,5348354067602,670621,635389,35232,307562,1673
OF1,256,WhiteNoise,03-04,5632128226387,506007,479419,26588,319476,1875
OF1,256,WhiteNoise,03-06,5023739629829,565212,494139,71073,295141,1629
OF1,256,WhiteNoise,03-08,5599982013805,554615,498087,56528,321330,1869
OF1,256,WhiteNoise,03-09,5225289051817,672737,641396,31341,303457,1928
OF1,256,WhiteNoise,04-08,4641230033393,604596,549867,54729,277328,1496
OF1,256,WhiteNoise,05-01,5202772226455,796895,764887,32008,298890,1928
OF1,256,WhiteNoise,05-03,5398357568004,673077,636952,36125,308730,1840
OF1,256,WhiteNoise,05-04,4782588018850,655613,625666,29947,283584,1735
OF1,256,WhiteNoise,05-06,4399651324714,841529,782517,59012,264172,1444
OF1,256,WhiteNoise,05-08,5016417428513,557841,523757,34084,294793,1530
OF1,256,WhiteNoise,05-09,4733170579794,636263,586915,49348,281106,1648
OF1,256,WhiteNoise,05-10,5089996019699,723997,657063,66934,288746,1563
OF1,256,WhiteNoise,06-04,4494251182516,496458,443476,52982,270283,1506
OF1,256,WhiteNoise,06-08,4864731645339,498802,433921,64881,294494,1496
OF1,256,WhiteNoise,07-01,4448128530691,542516,512265,30251,270233,1547
OF1,256,WhiteNoise,07-03,5182828459903,776112,738339,37773,300572,1930
OF1,256,WhiteNoise,07-04,5882156788531,477424,447725,29699,333988,1667
OF1,256,WhiteNoise,07-05,5714956217529,617922,583381,34541,318247,1875
OF1,256,WhiteNoise,07-06,5195063692251,580093,549723,30370,305062,1719
OF1,256,WhiteNoise,07-08,5338920045454,623440,557129,66311,307727,1676
OF1,256,WhiteNoise,07-09,4886096435684,600948,560291,40657,284770,1622
OF1,256,WhiteNoise,07-10,5067724093611,502894,479095,23799,299598,1627
OF1,256,WhiteNoise,09-04,5056561560154,515427,485168,30259,298625,1661
OF1,256,WhiteNoise,09-06,4440252773750,618055,576013,42042,268961,1535
OF1,256,WhiteNoise,09-08,4859919777669,502804,471971,30833,290958,1464
OF1,256,WhiteNoise,10-01,4443937540346,581139,547607,33532,269568,1512
OF1,256,WhiteNoise,10-03,5698770478308,650540,622042,28498,326967,2064
OF1,256,WhiteNoise,10-04,4988992922857,665168,605445,59723,287375,1752
OF1,256,WhiteNoise,10-06,4660634146865,542006,497449,44557,272262,1338
OF1,256,WhiteNoise,10-08,4701798707830,665134,610241,54893,280641,1587
OF1,256,WhiteNoise,10-09,4775101176993,595495,566413,29082,283028,1779
OF1,512,GRFsmooth,07-01,1482079200513794,53277182,51471222,1805960,5554711,34778
OF1,512,GRFsmooth,07-05,1825787993005488,86011424,83523727,2487697,6367350,46597
OF1,512,GRFsmooth,01-05,1520879975278739,66041222,64204117,1837105,6823495,63906
OF1,512,ClassicImages,04-09,1177612595481873,59352290,57573909,1778381,4548775,26486
OF1,512,ClassicImages,09-10,1511858397038490,67024518,65146657,1877861,6013579,38687
OF1,512,ClassicImages,04-10,915157089800642,54015792,52751078,1264714,4669312,31082
OF1,512,WhiteNoise,08-01,18121500716955,12278358,11775975,502383,1102110,4791
OF1,512,WhiteNoise,08-07,18367518289454,10092894,9500724,592170,1114458,4275
OF1,512,WhiteNoise,07-01,18937179206540,10331197,9831639,499558,1154920,4999
OF1,512,CauchyDensity,03-06,1839388633175993,55317184,54055381,1261803,6367061,45072
OF1,512,CauchyDensity,03-07,3696368811930090,87768864,85156677,2612187,8699189,64944
OF1,512,CauchyDensity,06-07,2763187833622501,90815328,88187774,2627554,9094468,53884
OF1,512,LogGRF,09-03,1815719685900890,47252187,45754244,1497943,5339268,34538
OF1,512,LogGRF,09-08,1961670343466078,53456320,52102442,1353878,6492477,33398
OF1,512,LogGRF,08-03,2089771154886697,61554582,60207016,1347566,5864241,35206
OF1,512,LogitGRF,10-03,1554654330295773,45238133,43410238,1827895,5113903,37093
OF1,512,LogitGRF,05-03,1550198813533072,69756861,67752875,2003986,5763757,44661
OF1,512,LogitGRF,10-05,1311312425274122,84216482,82274290,1942192,4715597,37687
OF1,512,Shapes,09-10,1096932866935241,12426649,12076287,350362,1875815,16509
OF1,512,Shapes,10-04,1619072374396877,17682642,17206244,476398,2156910,29560
OF1,512,Shapes,09-04,1639589479518007,12387579,12004673,382906,2315876,21010
OF1,512,MicroscopyImages,05-04,1744837210953420,15059221,13299688,1759533,2704145,16750
OF1,512,MicroscopyImages,05-06,149203743781074,10348413,9506790,841623,1917288,9861
OF1,512,MicroscopyImages,06-04,1686632325754693,48352853,46314592,2038261,3518920,27739
OF1,512,GRFrough,02-03,286883758200935,21865732,21118764,746968,3433327,12141
OF1,512,GRFrough,07-03,270106765733470,22987322,22269592,717730,3567586,11481
OF1,512,GRFrough,02-07,253904304741501,29846995,28580204,1266791,3291364,12883
OF1,512,GRFmoderate,03-07,582575819822279,39906364,38812805,1093559,4140863,19571
OF1,512,GRFmoderate,07-01,613431061791797,32562138,31248168,1313970,4482176,19154
OF1,512,GRFmoderate,03-01,601137467746967,29092002,28083409,1008593,4334471,20485
OF2,32,CauchyDensity,01-02,1792196707,68,59,9,4370,160
OF2,32,CauchyDensity,01-03,5121354077,57,49,8,4320,101
OF2,32,CauchyDensity,01-04,2397780369,59,50,9,3979,116
OF2,32,CauchyDensity,01-05,17909851849,44,36,8,4016,64
OF2,32,CauchyDensity,01-06,17730415512,62,52,10,4703,119
OF2,32,CauchyDensity,01-07,6243912576,61,52,9,4663,105
OF2,32,CauchyDensity,01-08,5688298977,77,64,13,4408,105
OF2,32,CauchyDensity,01-09,4097564224,65,54,11,4260,130
OF2,32,CauchyDensity,01-10,17220924118,64,54,10,5156,112
OF2,32,CauchyDensity,02-04,1358071384,58,46,12,4029,120
OF2,32,CauchyDensity,02-05,15509602618,56,45,11,3921,85
OF2,32,CauchyDensity,02-06,13310503857,67,53,14,4176,107
OF2,32,CauchyDensity,02-08,2838665716,60,46,14,3901,100
OF2,32,CauchyDensity,02-09,3570958089,63,50,13,4487,127
OF2,32,CauchyDensity,02-10,12660462669,62,50,12,4320,100
OF2,32,CauchyDensity,03-02,2252576302,51,39,12,3652,89
OF2,32,CauchyDensity,03-04,1340888028,55,44,11,3762,115
OF2,32,CauchyDensity,03-05,6852192960,58,46,12,3816,104
OF2,32,CauchyDensity,03-06,5282453447,66,51,15,4075,108
OF2,32,CauchyDensity,03-08,1286987748,59,46,13,3808,130
OF2,32,CauchyDensity,03-09,3964919205,63,50,13,4490,127
OF2,32,CauchyDensity,03-10,4552295541,83,65,18,4157,106
OF2,32,CauchyDensity,04-05,10991486054,66,56,10,4063,133
OF2,32,CauchyDensity,04-08,827596960,58,47,11,3640,144
OF2,32,CauchyDensity,04-10,8245624221,70,58,12,4642,126
OF2,32,CauchyDensity,05-08,9303877284,66,54,12,4134,123
OF2,32,CauchyDensity,05-10,3096475867,69,57,12,4524,159
OF2,32,CauchyDensity,06-04,8522432379,58,45,13,4392,98
OF2,32,CauchyDensity,06-05,4281530985,57,43,14,4460,103
OF2,32,CauchyDensity,06-08,5520715675,64,51,13,4168,116
OF2,32,CauchyDensity,06-09,10977793522,68,54,14,4685,122
OF2,32,CauchyDensity,06-10,262412234,63,50,13,4217,215
OF2,32,CauchyDensity,07-02,3071265843,68,57,11,4513,151
OF2,32,CauchyDensity,07-03,1621406347,48,36,12,3721,110
OF2,32,CauchyDensity,07-04,1217239633,54,44,10,4350,134
OF2,32,CauchyDensity,07-05,11658175111,66,54,12,4397,112
OF2,32,CauchyDensity,07-06,5714245194,61,48,13,4006,106
OF2,32,CauchyDensity,07-08,524243513,75,64,11,4115,207
OF2,32,CauchyDensity,07-09,3626689554,52,40,12,4865,127
OF2,32,CauchyDensity,07-10,5851790240,60,47,13,3998,96
OF2,32,CauchyDensity,09-04,1513708625,56,44,12,4097,135
OF2,32,CauchyDensity,09-05,11776812105,83,66,17,4205,118
OF2,32,CauchyDensity,09-08,1792520801,56,45,11,4571,141
OF2,32,CauchyDensity,09-10,10834612538,67,55,12,4882,120
OF2,32,CauchyDensity,10-08,5450830299,71,57,14,4300,135
OF2,32,ClassicImages,01-02,642064623,85,73,12,4606,269
OF2,32,ClassicImages,01-03,764360198,62,49,13,4133,182
OF2,32,ClassicImages,01-04,421791280,51,39,12,3578,154
OF2,32,ClassicImages,01-05,540989401,60,48,12,4003,168
OF2,32,ClassicImages,01-06,1163234480,58,45,13,4168,140
OF2,32,ClassicImages,01-07,865212037,56,44,12,3860,164
OF2,32,ClassicImages,01-08,609060037,78,61,17,4200,209
OF2,32,ClassicImages,01-09,1697348934,53,40,13,3527,101
OF2,32,ClassicImages,01-10,1331537051,110,96,14,4893,281
OF2,32,ClassicImages,02-04,164211261,56,45,11,3375,200
OF2,32,ClassicImages,02-05,155820730,58,47,11,3310,201
OF2,32,ClassicImages,02-06,187296273,64,51,13,3654,197
OF2,32,ClassicImages,02-08,224243244,56,45,11,3679,187
OF2,32,ClassicImages,02-09,838588231,57,44,13,3667,112
OF2,32,ClassicImages,02-10,414270674,57,44,13,3774,175
OF2,32,ClassicImages,03-02,374909903,61,45,16,3453,132
OF2,32,ClassicImages,03-04,285454110,55,44,11,3613,173
OF2,32,ClassicImages,03-05,326952787,56,46,10,3443,201
OF2,32,ClassicImages,03-06,487928608,60,50,10,3733,174
OF2,32,ClassicImages,03-08,371014643,49,37,12,3749,141
OF2,32,ClassicImages,03-09,1258549336,55,44,11,3569,120
OF2,32,ClassicImages,03-10,843443801,57,45,12,4068,149
OF2,32,ClassicImages,04-05,208241169,51,41,10,3347,170
OF2,32,ClassicImages,04-08,187999133,84,68,16,4154,293
OF2,32,ClassicImages,04-10,643276729,65,51,14,4356,171
OF2,32,ClassicImages,05-08,318902136,56,43,13,3499,181
OF2,32,ClassicImages,05-10,644833928,72,54,18,4093,185
OF2,32,ClassicImages,06-04,362148416,67,48,19,3803,174
OF2,32,ClassicImages,06-05,297953779,58,48,10,3769,183
OF2,32,ClassicImages,06-08,359332959,82,62,20,4026,172
OF2,32,ClassicImages,06-09,822271864,69,56,13,4492,156
OF2,32,ClassicImages,06-10,474006191,63,50,13,3714,180
OF2,32,ClassicImages,07-02,170977130,69,58,11,4080,272
OF2,32,ClassicImages,07-03,535268331,49,38,11,3702,142
OF2,32,ClassicImages,07-04,376860113,56,45,11,3969,171
OF2,32,ClassicImages,07-05,186011698,65,53,12,3671,217
OF2,32,ClassicImages,07-06,254800901,51,39,12,3775,160
OF2,32,ClassicImages,07-08,353883358,67,55,12,3409,162
OF2,32,ClassicImages,07-09,689172553,70,58,12,4008,175
OF2,32,ClassicImages,07-10,506634068,58,45,13,3962,155
OF2,32,ClassicImages,09-04,1133114680,69,58,11,3621,172
OF2,32,ClassicImages,09-05,723010961,61,50,11,3621,142
OF2,32,ClassicImages,09-08,1437741601,53,41,12,3431,111
OF2,32,ClassicImages,09-10,1740589599,68,55,13,4118,144
OF2,32,ClassicImages,10-08,496835542,49,37,12,3849,150
OF2,32,GRFmoderate,01-02,417043033,54,43,11,4107,167
OF2,32,GRFmoderate,01-03,908194803,57,44,13,3708,128
OF2,32,GRFmoderate,01-04,2058476023,61,47,14,4611,147
OF2,32,GRFmoderate,01-05,622772266,70,60,10,4448,213
OF2,32,GRFmoderate,01-06,1276934640,61,49,12,4457,161
OF2,32,GRFmoderate,01-07,406183035,53,41,12,4169,148
OF2,32,GRFmoderate,01-08,1317918110,78,57,21,4044,157
OF2,32,GRFmoderate,01-09,288510370,63,51,12,3822,200
OF2,32,GRFmoderate,01-10,209422385,56,45,11,3523,195
OF2,32,GRFmoderate,02-04,1256712988,65,49,16,4264,164
OF2,32,GRFmoderate,02-05,364164385,54,42,12,3582,170
OF2,32,GRFmoderate,02-06,893322779,55,38,17,3903,121
OF2,32,GRFmoderate,02-08,1362745945,63,49,14,3849,136
OF2,32,GRFmoderate,02-09,349434325,63,49,14,3869,201
OF2,32,GRFmoderate,02-10,450423650,59,48,11,4045,203
OF2,32,GRFmoderate,03-02,949126052,60,48,12,3901,137
OF2,32,GRFmoderate,03-04,1120855514,66,54,12,4288,173
OF2,32,GRFmoderate,03-05,632468053,60,48,12,3845,160
OF2,32,GRFmoderate,03-06,885827463,61,47,14,4015,152
OF2,32,GRFmoderate,03-08,358653571,75,63,12,4084,269
OF2,32,GRFmoderate,03-09,632453437,66,55,11,4181,187
OF2,32,GRFmoderate,03-10,670620770,55,42,13,3559,142
OF2,32,GRFmoderate,04-05,746068593,55,42,13,4098,156
OF2,32,GRFmoderate,04-08,1467827953,55,43,12,4180,136
OF2,32,GRFmoderate,04-10,1767724806,51,38,13,4216,108
OF2,32,GRFmoderate,05-08,922413636,53,38,15,3668,121
OF2,32,GRFmoderate,05-10,415758811,49,37,12,3947,152
OF2,32,GRFmoderate,06-04,740953195,56,41,15,4035,151
OF2,32,GRFmoderate,06-05,379468874,64,48,16,3683,157
OF2,32,GRFmoderate,06-08,1307654414,60,47,13,4087,135
OF2,32,GRFmoderate,06-09,876517322,62,49,13,3940,163
OF2,32,GRFmoderate,06-10,996419923,55,42,13,4369,148
OF2,32,GRFmoderate,07-02,407470852,62,45,17,3785,179
OF2,32,GRFmoderate,07-03,805376224,76,61,15,4077,130
OF2,32,GRFmoderate,07-04,1517326078,50,37,13,3888,119
OF2,32,GRFmoderate,07-05,299561843,53,43,10,3933,181
OF2,32,GRFmoderate,07-06,867378169,55,44,11,4055,145
OF2,32,GRFmoderate,07-08,954142553,62,49,13,3629,169
OF2,32,GRFmoderate,07-09,159044387,54,43,11,3868,199
OF2,32,GRFmoderate,07-10,234106414,59,46,13,3466,187
OF2,32,GRFmoderate,09-04,1436318905,62,50,12,4510,160
OF2,32,GRFmoderate,09-05,339332532,51,40,11,3582,167
OF2,32,GRFmoderate,09-08,759504426,52,40,12,3504,123
OF2,32,GRFmoderate,09-10,242499731,56,39,17,3700,148
OF2,32,GRFmoderate,10-08,1074961309,63,46,17,3840,164
OF2,32,GRFrough,01-02,151156309,62,49,13,3751,230
OF2,32,GRFrough,01-03,105799763,61,47,14,3503,204
OF2,32,GRFrough,01-04,170020029,71,60,11,4293,253
OF2,32,GRFrough,01-05,96074176,55,44,11,3207,232
OF2,32,GRFrough,01-06,130973107,61,49,12,3681,224
OF2,32,GRFrough,01-07,84752158,47,38,9,3437,169
OF2,32,GRFrough,01-08,94084457,65,53,12,3589,227
OF2,32,GRFrough,01-09,75566352,51,42,9,2989,201
OF2,32,GRFrough,01-10,101264476,56,44,12,3235,236
OF2,32,GRFrough,02-04,177882234,72,61,11,3641,270
OF2,32,GRFrough,02-05,80379813,51,40,11,3270,214
OF2,32,GRFrough,02-06,187739330,78,61,17,3684,197
OF2,32,GRFrough,02-08,130160550,83,65,18,4156,309
OF2,32,GRFrough,02-09,100041181,71,58,13,3743,274
OF2,32,GRFrough,02-10,96820985,56,44,12,3340,234
OF2,32,GRFrough,03-02,183408184,51,39,12,3540,152
OF2,32,GRFrough,03-04,153466728,68,55,13,3915,241
OF2,32,GRFrough,03-05,149549061,57,46,11,3957,193
OF2,32,GRFrough,03-06,98235286,63,51,12,3579,262
OF2,32,GRFrough,03-08,121005994,65,54,11,3838,231
OF2,32,GRFrough,03-09,133254415,73,60,13,4239,250
OF2,32,GRFrough,03-10,122400625,56,42,14,3706,173
OF2,32,GRFrough,04-05,209710895,67,56,11,3829,217
OF2,32,GRFrough,04-08,205655006,61,48,13,4190,197
OF2,32,GRFrough,04-10,183862247,63,52,11,3837,202
OF2,32,GRFrough,05-08,87788389,51,38,13,3288,188
OF2,32,GRFrough,05-10,68134702,40,29,11,2618,134
OF2,32,GRFrough,06-04,138220966,57,45,12,3427,198
OF2,32,GRFrough,06-05,162308605,77,67,10,3974,258
OF2,32,GRFrough,06-08,185928034,61,43,18,3315,158
OF2,32,GRFrough,06-09,150840939,58,47,11,3512,196
OF2,32,GRFrough,06-10,117139219,74,64,10,3799,269
OF2,32,GRFrough,07-02,167036651,68,56,12,4089,249
OF2,32,GRFrough,07-03,95364267,75,61,14,3544,293
OF2,32,GRFrough,07-04,190470457,70,58,12,4737,241
OF2,32,GRFrough,07-05,122695058,60,47,13,3624,224
OF2,32,GRFrough,07-06,158446987,47,37,10,3160,150
OF2,32,GRFrough,07-08,76879099,45,33,12,2945,158
OF2,32,GRFrough,07-09,89287872,54,42,12,3448,195
OF2,32,GRFrough,07-10,136614510,90,72,18,3923,234
OF2,32,GRFrough,09-04,194897565,73,63,10,4109,228
OF2,32,GRFrough,09-05,69804222,46,37,9,3151,195
OF2,32,GRFrough,09-08,85992103,47,36,11,3137,178
OF2,32,GRFrough,09-10,88268958,64,51,13,3191,227
OF2,32,GRFrough,10-08,122263939,62,46,16,3464,244
OF2,32,GRFsmooth,01-02,2192628583,49,37,12,3636,100
OF2,32,GRFsmooth,01-03,5859784556,65,51,14,4368,108
OF2,32,GRFsmooth,01-04,1935825471,69,55,14,3907,164
OF2,32,GRFsmooth,01-05,1278120742,61,46,15,4337,146
OF2,32,GRFsmooth,01-06,998903875,55,43,12,3748,139
OF2,32,GRFsmooth,01-07,370907675,64,51,13,3858,187
OF2,32,GRFsmooth,01-08,1919398687,79,63,16,3573,131
OF2,32,GRFsmooth,01-09,1352756959,61,46,15,4042,147
OF2,32,GRFsmooth,01-10,2398552683,65,50,15,3763,144
OF2,32,GRFsmooth,02-04,6078514050,61,47,14,3988,102
OF2,32,GRFsmooth,02-05,3489604383,72,55,17,4224,129
OF2,32,GRFsmooth,02-06,1093335490,62,50,12,4053,150
OF2,32,GRFsmooth,02-08,735397096,55,42,13,4315,158
OF2,32,GRFsmooth,02-09,2483493688,61,48,13,4440,144
OF2,32,GRFsmooth,02-10,2270731530,63,50,13,4606,152
OF2,32,GRFsmooth,03-02,4072302973,77,60,17,4719,124
OF2,32,GRFsmooth,03-04,8720841903,61,48,13,4259,102
OF2,32,GRFsmooth,03-05,6930003006,66,53,13,4784,118
OF2,32,GRFsmooth,03-06,3809446997,64,51,13,4365,124
OF2,32,GRFsmooth,03-08,2090817265,56,43,13,4346,124
OF2,32,GRFsmooth,03-09,3169266845,44,34,10,3840,87
OF2,32,GRFsmooth,03-10,2550004137,60,46,14,4271,126
OF2,32,GRFsmooth,04-05,929198859,72,57,15,4112,143
OF2,32,GRFsmooth,04-08,4633448114,61,50,11,4113,116
OF2,32,GRFsmooth,04-10,3106598072,59,42,17,3714,98
OF2,32,GRFsmooth,05-08,2641344483,56,43,13,4183,103
OF2,32,GRFsmooth,05-10,2299669915,68,54,14,4258,147
OF2,32,GRFsmooth,06-04,3032271612,59,45,14,3830,101
OF2,32,GRFsmooth,06-05,1356711709,74,57,17,4202,151
OF2,32,GRFsmooth,06-08,750194750,65,50,15,3886,151
OF2,32,GRFsmooth,06-09,1340901494,50,38,12,3896,115
OF2,32,GRFsmooth,06-10,1367176930,61,45,16,4021,130
OF2,32,GRFsmooth,07-02,1691797832,50,38,12,4020,103
OF2,32,GRFsmooth,07-03,6102346267,63,51,12,4682,105
OF2,32,GRFsmooth,07-04,2163936616,63,50,13,3996,133
OF2,32,GRFsmooth,07-05,1267127657,68,54,14,4536,172
OF2,32,GRFsmooth,07-06,767096158,65,52,13,3863,166
OF2,32,GRFsmooth,07-08,1639328430,64,50,14,4063,130
OF2,32,GRFsmooth,07-09,1432067894,57,45,12,4510,146
OF2,32,GRFsmooth,07-10,1986458394,63,48,15,4042,139
OF2,32,GRFsmooth,09-04,2005629276,69,55,14,3925,147
OF2,32,GRFsmooth,09-05,1610084355,66,54,12,4466,138
OF2,32,GRFsmooth,09-08,1100107608,59,47,12,3844,127
OF2,32,GRFsmooth,09-10,755517558,66,51,15,4120,178
OF2,32,GRFsmooth,10-08,1014648180,58,43,15,4132,148
OF2,32,LogGRF,01-02,1965745245,49,38,11,3968,99
OF2,32,LogGRF,01-03,8694492219,81,62,19,5012,152
OF2,32,LogGRF,01-04,6480024361,64,47,17,4412,117
OF2,32,LogGRF,01-05,17205783639,67,55,12,4578,119
OF2,32,LogGRF,01-06,3229519112,55,42,13,4251,140
OF2,32,LogGRF,01-07,1335892375,57,45,12,3965,135
OF2,32,LogGRF,01-08,3919672441,72,55,17,4409,129
OF2,32,LogGRF,01-09,14659395961,66,52,14,5221,133
OF2,32,LogGRF,01-10,8878243714,68,55,13,4163,121
OF2,32,LogGRF,02-04,4252932996,82,60,22,4390,117
OF2,32,LogGRF,02-05,10377222264,62,50,12,3940,114
OF2,32,LogGRF,02-06,1815590147,60,47,13,4081,128
OF2,32,LogGRF,02-08,1203369810,56,45,11,4014,132
OF2,32,LogGRF,02-09,8119403846,66,52,14,5099,127
OF2,32,LogGRF,02-10,3990752541,58,45,13,3628,116
OF2,32,LogGRF,03-02,5428342044,65,50,15,4325,151
OF2,32,LogGRF,03-04,10608431310,76,54,22,4728,146
OF2,32,LogGRF,03-05,9054858322,83,66,17,4555,170
OF2,32,LogGRF,03-06,5788811237,74,57,17,4691,136
OF2,32,LogGRF,03-08,5800943878,61,46,15,4443,133
OF2,32,LogGRF,03-09,8259967534,71,54,17,4903,144
OF2,32,LogGRF,03-10,4608541127,64,46,18,4371,118
OF2,32,LogGRF,04-05,9404884288,71,57,14,4588,137
OF2,32,LogGRF,04-08,2979160606,69,55,14,4742,168
OF2,32,LogGRF,04-10,4158961923,52,37,15,4090,106
OF2,32,LogGRF,05-08,6192225618,52,40,12,3786,91
OF2,32,LogGRF,05-10,2567696637,60,48,12,4285,131
OF2,32,LogGRF,06-04,8610066159,70,53,17,4824,127
OF2,32,LogGRF,06-05,16409543573,65,51,14,4297,109
OF2,32,LogGRF,06-08,4177327967,67,50,17,4586,120
OF2,32,LogGRF,06-09,7047150347,69,53,16,4488,127
OF2,32,LogGRF,06-10,8063474482,60,47,13,4256,98
OF2,32,LogGRF,07-02,2676762566,56,42,14,4190,121
OF2,32,LogGRF,07-03,6597397664,67,50,17,4790,124
OF2,32,LogGRF,07-04,5871678556,87,69,18,4635,206
OF2,32,LogGRF,07-05,14474713246,65,52,13,4556,109
OF2,32,LogGRF,07-06,4607070487,61,49,12,4629,148
OF2,32,LogGRF,07-08,3351691604,63,48,15,4210,142
OF2,32,LogGRF,07-09,16324292722,67,53,14,5604,160
OF2,32,LogGRF,07-10,7671692129,85,64,21,4510,110
OF2,32,LogGRF,09-04,12879358992,58,44,14,4633,130
OF2,32,LogGRF,09-05,10517415150,70,55,15,5085,129
OF2,32,LogGRF,09-08,8015762412,68,50,18,4767,122
OF2,32,LogGRF,09-10,6675200023,63,49,14,4833,145
OF2,32,LogGRF,10-08,2385191327,60,44,16,4225,116
OF2,32,LogitGRF,01-02,1734786131,59,45,14,4406,139
OF2,32,LogitGRF,01-03,1541589601,65,53,12,4177,156
OF2,32,LogitGRF,01-04,1099587926,57,44,13,4279,138
OF2,32,LogitGRF,01-05,669189205,55,43,12,4013,154
OF2,32,LogitGRF,01-06,771856370,64,52,12,4277,188
OF2,32,LogitGRF,01-07,1459837111,64,52,12,4385,144
OF2,32,LogitGRF,01-08,585110612,73,55,18,4185,176
OF2,32,LogitGRF,01-09,3305342258,58,45,13,4454,121
OF2,32,LogitGRF,01-10,1528658852,64,52,12,4374,166
OF2,32,LogitGRF,02-04,814646253,63,51,12,4414,178
OF2,32,LogitGRF,02-05,1488019704,69,51,18,3958,150
OF2,32,LogitGRF,02-06,1458165119,59,46,13,4253,141
OF2,32,LogitGRF,02-08,1995448687,67,50,17,4650,151
OF2,32,LogitGRF,02-09,2394452805,66,49,17,4082,137
OF2,32,LogitGRF,02-10,1155488377,62,47,15,4225,155
OF2,32,LogitGRF,03-02,2276718360,71,55,16,4259,147
OF2,32,LogitGRF,03-04,2375471039,70,52,18,4411,143
OF2,32,LogitGRF,03-05,956947752,55,42,13,4031,119
OF2,32,LogitGRF,03-06,1400098481,86,66,20,4148,154
OF2,32,LogitGRF,03-08,2269511669,66,54,12,4414,133
OF2,32,LogitGRF,03-09,1151562337,56,45,11,4248,159
OF2,32,LogitGRF,03-10,1165578561,53,39,14,4065,117
OF2,32,LogitGRF,04-05,1281138037,71,57,14,4357,154
OF2,32,LogitGRF,04-08,1228374494,69,50,19,4229,130
OF2,32,LogitGRF,04-10,1579418934,69,51,18,3913,141
OF2,32,LogitGRF,05-08,1114201435,75,54,21,3952,141
OF2,32,LogitGRF,05-10,1317770009,64,50,14,4480,133
OF2,32,LogitGRF,06-04,1362585730,62,50,12,4064,144
OF2,32,LogitGRF,06-05,917695103,69,56,13,4313,179
OF2,32,LogitGRF,06-08,1041451750,56,42,14,3892,117
OF2,32,LogitGRF,06-09,2841771926,62,45,17,4454,137
OF2,32,LogitGRF,06-10,1130739680,79,61,18,4331,164
OF2,32,LogitGRF,07-02,3031423402,73,58,15,4531,151
OF2,32,LogitGRF,07-03,1128095288,63,51,12,4136,164
OF2,32,LogitGRF,07-04,2769335017,78,65,13,4544,154
OF2,32,LogitGRF,07-05,1658562170,61,47,14,4242,121
OF2,32,LogitGRF,07-06,1033728317,62,50,12,4327,149
OF2,32,LogitGRF,07-08,2399560381,78,61,17,4009,150
OF2,32,LogitGRF,07-09,3199824953,51,39,12,4350,115
OF2,32,LogitGRF,07-10,1949831135,70,56,14,4408,171
OF2,32,LogitGRF,09-04,3237239400,92,78,14,4590,201
OF2,32,LogitGRF,09-05,2067002647,62,49,13,4096,138
OF2,32,LogitGRF,09-08,4231362120,69,55,14,4448,123
OF2,32,LogitGRF,09-10,1331916570,54,41,13,4211,126
OF2,32,LogitGRF,10-08,2038417282,68,54,14,4442,138
OF2,32,MicroscopyImages,01-02,1113439145,39,27,12,2546,130
OF2,32,MicroscopyImages,01-03,9127985268,36,24,12,2316,100
OF2,32,MicroscopyImages,01-04,4375274325,44,30,14,2754,110
OF2,32,MicroscopyImages,01-05,6404851276,54,39,15,2945,125
OF2,32,MicroscopyImages,01-06,7407039052,56,40,16,3603,139
OF2,32,MicroscopyImages,01-07,5636671272,46,32,14,2858,139
OF2,32,MicroscopyImages,01-08,6309242060,66,45,21,3454,116
OF2,32,MicroscopyImages,01-09,4895665785,42,30,12,2500,122
OF2,32,MicroscopyImages,01-10,2975148890,48,35,13,3204,137
OF2,32,MicroscopyImages,02-04,5615986990,53,41,12,3444,111
OF2,32,MicroscopyImages,02-05,5055032825,55,39,16,3546,113
OF2,32,MicroscopyImages,02-06,6640787263,60,41,19,4019,104
OF2,32,MicroscopyImages,02-08,5876045361,54,40,14,4197,119
OF2,32,MicroscopyImages,02-09,3985490722,53,37,16,3161,127
OF2,32,MicroscopyImages,02-10,2151446473,52,39,13,3330,112
OF2,32,MicroscopyImages,03-02,10368915611,50,36,14,3254,114
OF2,32,MicroscopyImages,03-04,1458056103,45,31,14,2606,134
OF2,32,MicroscopyImages,03-05,4076134672,54,42,12,2716,134
OF2,32,MicroscopyImages,03-06,2499003470,46,33,13,2974,110
OF2,32,MicroscopyImages,03-08,4441900634,40,29,11,2671,87
OF2,32,MicroscopyImages,03-09,4820437077,56,42,14,2453,111
OF2,32,MicroscopyImages,03-10,5286615562,52,40,12,3301,131
OF2,32,MicroscopyImages,04-05,3326211681,58,36,22,3285,110
OF2,32,MicroscopyImages,04-08,3049428353,56,42,14,3511,111
OF2,32,MicroscopyImages,04-10,2773701599,58,43,15,3863,118
OF2,32,MicroscopyImages,05-08,2929547244,50,35,15,3538,120
OF2,32,MicroscopyImages,05-10,2198895408,56,42,14,3469,155
OF2,32,MicroscopyImages,06-04,2486900891,63,47,16,3677,134
OF2,32,MicroscopyImages,06-05,465637718,58,42,16,3201,159
OF2,32,MicroscopyImages,06-08,2863284268,56,42,14,3929,123
OF2,32,MicroscopyImages,06-09,2587922603,43,29,14,3455,110
OF2,32,MicroscopyImages,06-10,2708490782,70,54,16,4168,166
OF2,32,MicroscopyImages,07-02,5341166391,47,33,14,3577,125
OF2,32,MicroscopyImages,07-03,4912835614,54,42,12,2329,101
OF2,32,MicroscopyImages,07-04,3067474949,43,30,13,3099,96
OF2,32,MicroscopyImages,07-05,2956463676,41,29,12,3050,124
OF2,32,MicroscopyImages,07-06,3007911002,58,44,14,3598,159
OF2,32,MicroscopyImages,07-08,337039790,40,30,10,2705,154
OF2,32,MicroscopyImages,07-09,5735521479,50,35,15,3450,141
OF2,32,MicroscopyImages,07-10,4667825704,44,31,13,3710,108
OF2,32,MicroscopyImages,09-04,3530608744,44,32,12,3299,130
OF2,32,MicroscopyImages,09-05,2288966075,42,29,13,3138,124
OF2,32,MicroscopyImages,09-08,5551601535,53,41,12,3871,149
OF2,32,MicroscopyImages,09-10,869092881,47,33,14,3201,135
OF2,32,MicroscopyImages,10-08,4745611100,52,40,12,4326,123
OF2,32,Shapes,01-02,2498560000,30,24,6,2837,105
OF2,32,Shapes,01-03,136000000,32,28,4,3639,138
OF2,32,Shapes,01-04,1380876504,34,25,9,2941,99
OF2,32,Shapes,01-05,974472630,32,23,9,3025,110
OF2,32,Shapes,01-06,4886800000,44,35,9,4752,125
OF2,32,Shapes,01-07,2856691337,42,31,11,3409,129
OF2,32,Shapes,01-08,1677590960,33,24,9,2630,121
OF2,32,Shapes,01-09,778000000,38,30,8,3835,136
OF2,32,Shapes,01-10,341166340,29,20,9,2791,121
OF2,32,Shapes,02-04,352115986,21,15,6,1412,115
OF2,32,Shapes,02-05,3227151522,18,14,4,1754,88
OF2,32,Shapes,02-06,3891264000,20,15,5,1894,109
OF2,32,Shapes,02-08,629300580,12,9,3,1258,105
OF2,32,Shapes,02-09,2960160000,21,17,4,1738,101
OF2,32,Shapes,02-10,3509690032,22,17,5,2255,99
OF2,32,Shapes,03-02,2560096000,25,19,6,1816,123
OF2,32,Shapes,03-04,1453457196,19,14,5,2131,81
OF2,32,Shapes,03-05,1050860320,19,14,5,2082,105
OF2,32,Shapes,03-06,4951600000,30,25,5,4498,179
OF2,32,Shapes,03-08,1735402504,17,13,4,1677,95
OF2,32,Shapes,03-09,834400000,22,17,5,2644,127
OF2,32,Shapes,03-10,432434912,21,17,4,2178,128
OF2,32,Shapes,04-05,1851552136,23,16,7,2102,107
OF2,32,Shapes,04-08,340140112,15,11,4,1513,127
OF2,32,Shapes,04-10,2250417600,21,15,6,2140,99
OF2,32,Shapes,05-08,1545470204,17,12,5,1556,110
OF2,32,Shapes,05-10,1263731228,24,17,7,2215,111
OF2,32,Shapes,06-04,3595726992,26,19,7,2274,121
OF2,32,Shapes,06-05,5472922118,20,13,7,2054,66
OF2,32,Shapes,06-08,3906389576,16,11,5,1662,84
OF2,32,Shapes,06-09,5411200000,34,27,7,3597,162
OF2,32,Shapes,06-10,5777420840,24,17,7,2103,88
OF2,32,Shapes,07-02,2589584123,22,16,6,2097,100
OF2,32,Shapes,07-03,2931901317,25,19,6,2379,118
OF2,32,Shapes,07-04,2040807815,29,21,8,2370,129
OF2,32,Shapes,07-05,3381665761,26,19,7,2543,109
OF2,32,Shapes,07-06,10775897657,28,20,8,2551,103
OF2,32,Shapes,07-08,2346634519,22,16,6,2061,119
OF2,32,Shapes,07-09,3487215639,31,24,7,2660,133
OF2,32,Shapes,07-10,3639101183,26,18,8,2236,107
OF2,32,Shapes,09-04,1957490118,27,19,8,2135,122
OF2,32,Shapes,09-05,1745648268,22,16,6,2389,98
OF2,32,Shapes,09-08,2278436924,22,17,5,1907,123
OF2,32,Shapes,09-10,930355024,27,18,9,1847,121
OF2,32,Shapes,10-08,2543288816,15,11,4,1714,83
OF2,32,WhiteNoise,01-02,72631474,54,44,10,3176,229
OF2,32,WhiteNoise,01-03,77475839,43,34,9,2881,187
OF2,32,WhiteNoise,01-04,98469247,51,43,8,3156,207
OF2,32,WhiteNoise,01-05,80924888,44,34,10,3081,169
OF2,32,WhiteNoise,01-06,66044153,47,39,8,2896,205
OF2,32,WhiteNoise,01-07,73705465,48,37,11,3087,199
OF2,32,WhiteNoise,01-08,71791015,54,41,13,2981,188
OF2,32,WhiteNoise,01-09,94176366,41,33,8,2789,168
OF2,32,WhiteNoise,01-10,78316204,45,37,8,3095,182
OF2,32,WhiteNoise,02-04,95227651,171,156,15,3287,246
OF2,32,WhiteNoise,02-05,76939238,142,72,70,3031,203
OF2,32,WhiteNoise,02-06,76607451,114,102,12,2734,177
OF2,32,WhiteNoise,02-08,68138269,78,50,28,2671,172
OF2,32,WhiteNoise,02-09,79764058,125,117,8,3123,181
OF2,32,WhiteNoise,02-10,83020178,133,75,58,3092,216
OF2,32,WhiteNoise,03-02,79716769,48,37,11,2948,200
OF2,32,WhiteNoise,03-04,99770800,144,132,12,3388,235
OF2,32,WhiteNoise,03-05,82048023,107,97,10,3226,191
OF2,32,WhiteNoise,03-06,66730834,54,46,8,2926,238
OF2,32,WhiteNoise,03-08,86971808,111,100,11,3341,191
OF2,32,WhiteNoise,03-09,84280449,50,41,9,3141,232
OF2,32,WhiteNoise,03-10,70089433,99,88,11,2909,199
OF2,32,WhiteNoise,04-05,77180629,61,49,12,2881,222
OF2,32,WhiteNoise,04-08,97534768,65,52,13,3419,206
OF2,32,WhiteNoise,04-10,119068103,71,58,13,3516,210
OF2,32,WhiteNoise,05-08,83570883,61,47,14,3184,205
OF2,32,WhiteNoise,05-10,88253438,74,61,13,3267,212
OF2,32,WhiteNoise,06-04,83850164,87,70,17,3012,208
OF2,32,WhiteNoise,06-05,73267053,76,55,21,2850,195
OF2,32,WhiteNoise,06-08,74716462,83,59,24,2976,171
OF2,32,WhiteNoise,06-09,87470769,86,60,26,3167,201
OF2,32,WhiteNoise,06-10,71464641,69,52,17,2832,193
OF2,32,WhiteNoise,07-02,77529055,58,48,10,3124,258
OF2,32,WhiteNoise,07-03,81831112,42,32,10,2983,168
OF2,32,WhiteNoise,07-04,124288292,64,53,11,3881,213
OF2,32,WhiteNoise,07-05,79855821,45,35,10,2790,173
OF2,32,WhiteNoise,07-06,82416958,45,33,12,2740,180
OF2,32,WhiteNoise,07-08,77792116,57,43,14,3010,200
OF2,32,WhiteNoise,07-09,100452347,55,44,11,3457,217
OF2,32,WhiteNoise,07-10,81917349,43,32,11,2822,163
OF2,32,WhiteNoise,09-04,83115435,63,49,14,2746,199
OF2,32,WhiteNoise,09-05,76746646,54,42,12,2804,170
OF2,32,WhiteNoise,09-08,91426453,70,55,15,3423,198
OF2,32,WhiteNoise,09-10,95253472,69,58,11,3205,197
OF2,32,WhiteNoise,10-08,85910655,68,56,12,3100,262
OF2,64,CauchyDensity,01-02,144304310665,377,319,58,21748,202
OF2,64,CauchyDensity,01-03,21901458378,380,321,59,19743,226
OF2,64,CauchyDensity,01-04,65575610400,431,365,66,21880,215
OF2,64,CauchyDensity,01-05,72157399142,367,301,66,22871,159
OF2,64,CauchyDensity,01-06,129576229366,476,408,68,22258,221
OF2,64,CauchyDensity,01-07,56024485389,309,254,55,23617,168
OF2,64,CauchyDensity,01-08,110773437996,413,351,62,22972,203
OF2,64,CauchyDensity,01-09,83471564505,461,397,64,23604,276
OF2,64,CauchyDensity,01-10,71925648284,527,446,81,24410,238
OF2,64,CauchyDensity,02-03,121472957977,745,627,118,19130,221
OF2,64,CauchyDensity,02-04,99779684705,477,400,77,19422,154
OF2,64,CauchyDensity,02-05,38491248233,508,432,76,17049,183
OF2,64,CauchyDensity,02-07,87292819360,548,467,81,19069,166
OF2,64,CauchyDensity,02-10,105613729341,653,571,82,19471,251
OF2,64,CauchyDensity,03-07,12782169843,442,365,77,18562,202
OF2,64,CauchyDensity,03-10,22228627248,443,364,79,19465,223
OF2,64,CauchyDensity,04-03,40017765318,595,503,92,18018,257
OF2,64,CauchyDensity,04-07,30103261989,568,467,101,18189,242
OF2,64,CauchyDensity,04-10,33222875862,587,457,130,17767,223
OF2,64,CauchyDensity,05-03,53392841146,508,421,87,18008,180
OF2,64,CauchyDensity,05-04,69672501810,523,439,84,17798,218
OF2,64,CauchyDensity,05-07,37437454913,545,468,77,18941,198
OF2,64,CauchyDensity,05-10,65218213342,551,470,81,17004,225
OF2,64,CauchyDensity,06-02,59571687809,534,464,70,20694,273
OF2,64,CauchyDensity,06-03,95588179542,482,406,76,18780,132
OF2,64,CauchyDensity,06-04,35980303100,504,414,90,17474,174
OF2,64,CauchyDensity,06-05,46470625090,441,369,72,17174,199
OF2,64,CauchyDensity,06-07,65139016001,514,450,64,16752,174
OF2,64,CauchyDensity,06-08,41212944250,442,380,62,19332,222
OF2,64,CauchyDensity,06-10,87541684044,684,614,70,17346,303
OF2,64,CauchyDensity,07-10,5561007617,560,450,110,18341,318
OF2,64,CauchyDensity,08-02,31766180869,543,488,55,16594,281
OF2,64,CauchyDensity,08-03,100770903796,551,462,89,19150,166
OF2,64,CauchyDensity,08-04,70492312460,408,331,77,19330,147
OF2,64,CauchyDensity,08-05,20066313380,627,536,91,17840,246
OF2,64,CauchyDensity,08-07,70495478851,575,473,102,18812,187
OF2,64,CauchyDensity,08-10,93076186740,676,555,121,19607,225
OF2,64,CauchyDensity,09-02,91272973178,404,354,50,18039,201
OF2,64,CauchyDensity,09-03,52414815905,422,352,70,19325,217
OF2,64,CauchyDensity,09-04,82075851253,531,444,87,19170,243
OF2,64,CauchyDensity,09-05,65605277869,440,370,70,17053,192
OF2,64,CauchyDensity,09-06,137677854051,493,426,67,19211,185
OF2,64,CauchyDensity,09-07,33262583478,463,386,77,19493,228
OF2,64,CauchyDensity,09-08,78892276321,747,672,75,19401,410
OF2,64,CauchyDensity,09-10,26640695577,506,431,75,20792,206
OF2,64,ClassicImages,01-02,9953483267,483,391,92,18157,246
OF2,64,ClassicImages,01-03,11894246639,408,343,65,18013,217
OF2,64,ClassicImages,01-04,6446736234,511,450,61,18191,314
OF2,64,ClassicImages,01-05,8302069493,495,426,69,17910,297
OF2,64,ClassicImages,01-06,18286640020,460,394,66,18328,252
OF2,64,ClassicImages,01-07,13547702160,420,361,59,17758,215
OF2,64,ClassicImages,01-08,9430749326,520,450,70,19490,332
OF2,64,ClassicImages,01-09,26816496931,439,376,63,16306,206
OF2,64,ClassicImages,01-10,20971373979,650,506,144,19993,265
OF2,64,ClassicImages,02-03,5656430460,452,376,76,15760,193
OF2,64,ClassicImages,02-04,2279622099,539,458,81,16687,303
OF2,64,ClassicImages,02-05,2160463172,717,610,107,17150,443
OF2,64,ClassicImages,02-07,2407959135,692,604,88,17911,445
OF2,64,ClassicImages,02-10,6291167666,710,598,112,17764,282
OF2,64,ClassicImages,03-07,8215840617,548,474,74,17585,296
OF2,64,ClassicImages,03-10,13151915480,491,381,110,17859,197
OF2,64,ClassicImages,04-03,4241030265,552,476,76,16324,299
OF2,64,ClassicImages,04-07,5702778540,547,440,107,17369,255
OF2,64,ClassicImages,04-10,9969669003,589,464,125,17947,277
OF2,64,ClassicImages,05-03,4914443054,548,484,64,16382,278
OF2,64,ClassicImages,05-04,2998646733,674,606,68,17756,395
OF2,64,ClassicImages,05-07,2659114721,576,503,73,16289,349
OF2,64,ClassicImages,05-10,9987637388,552,458,94,18647,222
OF2,64,ClassicImages,06-02,2686823485,552,461,91,16887,314
OF2,64,ClassicImages,06-03,7465547845,366,305,61,16957,198
OF2,64,ClassicImages,06-04,5441375542,505,436,69,18257,268
OF2,64,ClassicImages,06-05,4415729455,428,363,65,18177,247
OF2,64,ClassicImages,06-07,3752998244,638,549,89,17774,307
OF2,64,ClassicImages,06-08,5386752230,520,437,83,18108,272
OF2,64,ClassicImages,06-10,7250340401,553,488,65,17567,293
OF2,64,ClassicImages,07-10,7776826313,559,486,73,18099,281
OF2,64,ClassicImages,08-02,3264445361,454,386,68,16287,233
OF2,64,ClassicImages,08-03,5599011975,456,381,75,15985,181
OF2,64,ClassicImages,08-04,2680410324,756,661,95,17425,472
OF2,64,ClassicImages,08-05,4757657035,479,419,60,17738,264
OF2,64,ClassicImages,08-07,5336141428,512,439,73,17075,228
OF2,64,ClassicImages,08-10,7627977153,591,519,72,17338,320
OF2,64,ClassicImages,09-02,13059583616,506,439,67,16750,255
OF2,64,ClassicImages,09-03,19791546582,414,349,65,15615,208
OF2,64,ClassicImages,09-04,17769434943,567,462,105,16107,226
OF2,64,ClassicImages,09-05,11202578774,429,360,69,15723,215
OF2,64,ClassicImages,09-06,12805351579,519,431,88,17724,276
OF2,64,ClassicImages,09-07,10704435987,450,371,79,15873,213
OF2,64,ClassicImages,09-08,22622648081,367,307,60,16246,131
OF2,64,ClassicImages,09-10,27485497854,522,447,75,17781,259
OF2,64,GRFmoderate,01-02,8132167619,430,369,61,18198,246
OF2,64,GRFmoderate,01-03,6355757748,566,497,69,17609,359
OF2,64,GRFmoderate,01-04,6681767624,433,370,63,17742,262
OF2,64,GRFmoderate,01-05,9079611068,450,381,69,16197,211
OF2,64,GRFmoderate,01-06,16029822397,456,390,66,15927,226
OF2,64,GRFmoderate,01-07,8249865108,438,371,67,17580,233
OF2,64,GRFmoderate,01-08,14850939526,510,445,65,17521,276
OF2,64,GRFmoderate,01-09,8227234109,404,334,70,17275,201
OF2,64,GRFmoderate,01-10,11569587745,715,622,93,19475,366
OF2,64,GRFmoderate,02-03,7317183825,560,467,93,17710,254
OF2,64,GRFmoderate,02-04,17980085403,429,345,84,18854,182
OF2,64,GRFmoderate,02-05,14671507357,526,454,72,17904,213
OF2,64,GRFmoderate,02-07,15045364921,902,782,120,18639,326
OF2,64,GRFmoderate,02-10,26098845944,681,596,85,20041,360
OF2,64,GRFmoderate,03-07,7058912140,512,434,78,17796,267
OF2,64,GRFmoderate,03-10,15095133053,457,373,84,19712,250
OF2,64,GRFmoderate,04-03,14529840714,444,367,77,17744,170
OF2,64,GRFmoderate,04-07,9320590548,558,481,77,17795,244
OF2,64,GRFmoderate,04-10,4804053417,562,468,94,16995,250
OF2,64,GRFmoderate,05-03,6174743488,511,427,84,17055,205
OF2,64,GRFmoderate,05-04,16305725086,548,471,77,18706,206
OF2,64,GRFmoderate,05-07,4197703782,766,679,87,17609,479
OF2,64,GRFmoderate,05-10,14897825377,588,492,96,17336,243
OF2,64,GRFmoderate,06-02,18782525652,621,549,72,18010,317
OF2,64,GRFmoderate,06-03,9155069317,621,556,65,16917,324
OF2,64,GRFmoderate,06-04,21282613557,746,664,82,16860,432
OF2,64,GRFmoderate,06-05,2969639407,606,507,99,18164,338
OF2,64,GRFmoderate,06-07,7462538721,613,545,68,17622,329
OF2,64,GRFmoderate,06-08,6862114921,526,446,80,18768,285
OF2,64,GRFmoderate,06-10,17926038764,587,500,87,17900,186
OF2,64,GRFmoderate,07-10,10277970509,498,409,89,17981,281
OF2,64,GRFmoderate,08-02,11376680217,625,551,74,19257,315
OF2,64,GRFmoderate,08-03,6546746864,650,549,101,18513,283
OF2,64,GRFmoderate,08-04,24200847982,760,626,134,19005,332
OF2,64,GRFmoderate,08-05,5995058038,497,423,74,17237,255
OF2,64,GRFmoderate,08-07,7033534482,579,466,113,18119,271
OF2,64,GRFmoderate,08-10,24705809725,640,563,77,19346,302
OF2,64,GRFmoderate,09-02,17500939330,415,339,76,18304,211
OF2,64,GRFmoderate,09-03,9308631963,563,480,83,19002,255
OF2,64,GRFmoderate,09-04,6448189615,557,492,65,18330,339
OF2,64,GRFmoderate,09-05,6215925365,421,354,67,17214,243
OF2,64,GRFmoderate,09-06,8456122476,580,498,82,18758,315
OF2,64,GRFmoderate,09-07,3084205255,417,355,62,17033,287
OF2,64,GRFmoderate,09-08,10976833841,519,454,65,18610,327
OF2,64,GRFmoderate,09-10,5616579748,463,395,68,17740,267
OF2,64,GRFrough,01-02,833990071,611,551,60,18001,532
OF2,64,GRFrough,01-03,1489027910,422,361,61,17200,303
OF2,64,GRFrough,01-04,1691484296,549,469,80,17374,390
OF2,64,GRFrough,01-05,715303700,498,440,58,16135,456
OF2,64,GRFrough,01-06,900745961,814,753,61,20367,679
OF2,64,GRFrough,01-07,1413319109,546,473,73,16745,397
OF2,64,GRFrough,01-08,843679703,555,501,54,17319,511
OF2,64,GRFrough,01-09,802908520,465,405,60,16790,428
OF2,64,GRFrough,01-10,1084004306,589,507,82,16919,357
OF2,64,GRFrough,02-03,1100651743,626,553,73,17130,404
OF2,64,GRFrough,02-04,1454565095,641,545,96,18120,365
OF2,64,GRFrough,02-05,1224476959,521,449,72,16259,345
OF2,64,GRFrough,02-07,968366236,617,557,60,17362,439
OF2,64,GRFrough,02-10,1660440873,750,668,82,18128,451
OF2,64,GRFrough,03-07,839650835,568,507,61,16487,391
OF2,64,GRFrough,03-10,1779530240,648,538,110,17746,417
OF2,64,GRFrough,04-03,1165848740,586,508,78,15830,378
OF2,64,GRFrough,04-07,1005214285,712,617,95,18267,510
OF2,64,GRFrough,04-10,1711738484,691,557,134,17606,394
OF2,64,GRFrough,05-03,1838111102,838,733,105,17669,462
OF2,64,GRFrough,05-04,1441439828,615,542,73,16226,350
OF2,64,GRFrough,05-07,1745648261,921,827,94,16116,634
OF2,64,GRFrough,05-10,784454276,641,549,92,16238,439
OF2,64,GRFrough,06-02,1337246218,657,571,86,16643,431
OF2,64,GRFrough,06-03,1810540789,867,780,87,17280,520
OF2,64,GRFrough,06-04,1677512729,553,478,75,16899,327
OF2,64,GRFrough,06-05,594608343,610,558,52,16621,557
OF2,64,GRFrough,06-07,2120931526,650,581,69,17606,375
OF2,64,GRFrough,06-08,1202759936,564,489,75,17054,426
OF2,64,GRFrough,06-10,700510387,949,867,82,15548,473
OF2,64,GRFrough,07-10,1905287265,668,569,99,18256,454
OF2,64,GRFrough,08-02,1460352722,470,409,61,15805,317
OF2,64,GRFrough,08-03,1754379047,618,526,92,16305,356
OF2,64,GRFrough,08-04,1706242913,564,492,72,16391,311
OF2,64,GRFrough,08-05,1018628823,587,520,67,17377,390
OF2,64,GRFrough,08-07,1476985294,809,729,80,18295,516
OF2,64,GRFrough,08-10,1028719229,515,444,71,15768,308
OF2,64,GRFrough,09-02,1188609089,607,533,74,17176,480
OF2,64,GRFrough,09-03,2000943470,680,581,99,17254,461
OF2,64,GRFrough,09-04,1609295810,493,426,67,15465,318
OF2,64,GRFrough,09-05,437944436,414,364,50,16093,450
OF2,64,GRFrough,09-06,626632865,410,358,52,16164,385
OF2,64,GRFrough,09-07,1901074359,498,415,83,17210,343
OF2,64,GRFrough,09-08,1174556991,417,344,73,16262,308
OF2,64,GRFrough,09-10,844550106,507,422,85,15934,385
OF2,64,GRFsmooth,01-02,89541335245,466,393,73,18634,178
OF2,64,GRFsmooth,01-03,16642031179,507,431,76,17947,278
OF2,64,GRFsmooth,01-04,66107747364,575,509,66,19105,293
OF2,64,GRFsmooth,01-05,56029226935,460,382,78,18974,237
OF2,64,GRFsmooth,01-06,11108627936,485,426,59,19466,270
OF2,64,GRFsmooth,01-07,28085122474,481,410,71,19163,219
OF2,64,GRFsmooth,01-08,27202083144,496,418,78,18926,259
OF2,64,GRFsmooth,01-09,17036313052,401,337,64,18041,170
OF2,64,GRFsmooth,01-10,50058475172,542,458,84,19940,217
OF2,64,GRFsmooth,02-03,62293290776,612,528,84,18920,262
OF2,64,GRFsmooth,02-04,20846051365,395,320,75,16511,156
OF2,64,GRFsmooth,02-05,36925804290,598,510,88,17585,275
OF2,64,GRFsmooth,02-07,104204654551,777,666,111,18391,227
OF2,64,GRFsmooth,02-10,41089047403,675,600,75,17904,289
OF2,64,GRFsmooth,03-07,31708130999,634,497,137,17200,279
OF2,64,GRFsmooth,03-10,34230177901,515,427,88,19096,273
OF2,64,GRFsmooth,04-03,50947666579,545,463,82,17035,224
OF2,64,GRFsmooth,04-07,81851289900,509,436,73,16785,166
OF2,64,GRFsmooth,04-10,46219612118,563,476,87,16644,219
OF2,64,GRFsmooth,05-03,50520820870,578,484,94,17454,257
OF2,64,GRFsmooth,05-04,27939477841,527,439,88,17414,176
OF2,64,GRFsmooth,05-07,38888729167,570,482,88,17848,215
OF2,64,GRFsmooth,05-10,17291631723,623,540,83,17398,295
OF2,64,GRFsmooth,06-02,62710785561,507,428,79,18701,190
OF2,64,GRFsmooth,06-03,13132763041,680,604,76,19246,387
OF2,64,GRFsmooth,06-04,55167501402,489,417,72,17984,181
OF2,64,GRFsmooth,06-05,36780410941,790,714,76,18691,323
OF2,64,GRFsmooth,06-07,17568973166,495,423,72,17391,212
OF2,64,GRFsmooth,06-08,12781102570,376,310,66,17951,186
OF2,64,GRFsmooth,06-10,22568096146,488,426,62,20104,265
OF2,64,GRFsmooth,07-10,26788949874,445,347,98,17850,193
OF2,64,GRFsmooth,08-02,54576376699,541,459,82,17765,180
OF2,64,GRFsmooth,08-03,11123650773,655,566,89,19426,337
OF2,64,GRFsmooth,08-04,62328000320,513,422,91,17180,175
OF2,64,GRFsmooth,08-05,46398140509,619,543,76,18851,288
OF2,64,GRFsmooth,08-07,31541733026,528,445,83,18759,185
OF2,64,GRFsmooth,08-10,20298193434,691,604,87,18269,343
OF2,64,GRFsmooth,09-02,55096322475,504,431,73,19386,244
OF2,64,GRFsmooth,09-03,6741270309,495,427,68,17856,330
OF2,64,GRFsmooth,09-04,51299902762,390,312,78,17785,156
OF2,64,GRFsmooth,09-05,57294776937,462,390,72,18783,257
OF2,64,GRFsmooth,09-06,13739422518,473,395,78,17700,235
OF2,64,GRFsmooth,09-07,44917860564,532,452,80,18318,257
OF2,64,GRFsmooth,09-08,13191435262,485,419,66,18512,282
OF2,64,GRFsmooth,09-10,39211381116,588,499,89,18247,280
OF2,64,LogGRF,01-02,60444562865,535,451,84,18331,253
OF2,64,LogGRF,01-03,79111387984,459,392,67,20170,272
OF2,64,LogGRF,01-04,127480949762,1000,922,78,18524,306
OF2,64,LogGRF,01-05,84240436809,419,348,71,20343,187
OF2,64,LogGRF,01-06,77803869953,528,465,63,19789,359
OF2,64,LogGRF,01-07,30808931834,573,497,76,19586,326
OF2,64,LogGRF,01-08,36137376385,648,562,86,19814,366
OF2,64,LogGRF,01-09,83911542122,554,488,66,19685,314
OF2,64,LogGRF,01-10,73163343695,598,501,97,20532,226
OF2,64,LogGRF,02-03,86066609519,427,351,76,19558,164
OF2,64,LogGRF,02-04,220320450715,507,421,86,17575,202
OF2,64,LogGRF,02-05,157515987678,751,646,105,18978,265
OF2,64,LogGRF,02-07,55684226651,634,558,76,19822,339
OF2,64,LogGRF,02-10,107492101526,592,517,75,18696,234
OF2,64,LogGRF,03-07,30797181126,602,512,90,19809,337
OF2,64,LogGRF,03-10,20009665463,449,377,72,18357,212
OF2,64,LogGRF,04-03,68362963876,469,406,63,17976,218
OF2,64,LogGRF,04-07,99140064746,687,612,75,19000,224
OF2,64,LogGRF,04-10,90418398697,645,568,77,17777,230
OF2,64,LogGRF,05-03,40780476849,554,476,78,19666,301
OF2,64,LogGRF,05-04,31966648109,424,346,78,19084,191
OF2,64,LogGRF,05-07,63544616435,555,477,78,20668,286
OF2,64,LogGRF,05-10,35124479310,491,413,78,18651,237
OF2,64,LogGRF,06-02,119601021310,439,363,76,18761,184
OF2,64,LogGRF,06-03,11085002307,414,334,80,16646,207
OF2,64,LogGRF,06-04,37089339211,415,344,71,17781,166
OF2,64,LogGRF,06-05,21088675508,483,399,84,18131,224
OF2,64,LogGRF,06-07,33824349945,547,477,70,19743,324
OF2,64,LogGRF,06-08,37083632640,539,454,85,19531,258
OF2,64,LogGRF,06-10,23465997116,413,349,64,17974,192
OF2,64,LogGRF,07-10,44980231399,463,388,75,19612,237
OF2,64,LogGRF,08-02,125450990842,515,398,117,17928,157
OF2,64,LogGRF,08-03,56862317167,491,404,87,19460,211
OF2,64,LogGRF,08-04,51427592241,443,372,71,19647,221
OF2,64,LogGRF,08-05,36223722182,458,391,67,20209,262
OF2,64,LogGRF,08-07,41664225471,757,656,101,18186,365
OF2,64,LogGRF,08-10,47347635696,444,374,70,18395,197
OF2,64,LogGRF,09-02,58736659995,468,405,63,19708,254
OF2,64,LogGRF,09-03,31959267346,467,402,65,18620,243
OF2,64,LogGRF,09-04,101847969264,513,427,86,18191,206
OF2,64,LogGRF,09-05,74703238567,611,526,85,19500,261
OF2,64,LogGRF,09-06,43796973909,628,548,80,18383,308
OF2,64,LogGRF,09-07,38580285974,624,509,115,19932,213
OF2,64,LogGRF,09-08,92978186293,1142,1062,80,19493,567
OF2,64,LogGRF,09-10,71853105013,551,472,79,19793,225
OF2,64,LogitGRF,01-02,10287515484,367,307,60,18737,199
OF2,64,LogitGRF,01-03,30753934080,504,433,71,19173,229
OF2,64,LogitGRF,01-04,33189772975,505,440,65,17410,252
OF2,64,LogitGRF,01-05,11018603464,454,392,62,18851,264
OF2,64,LogitGRF,01-06,12920787428,422,363,59,18911,236
OF2,64,LogitGRF,01-07,54357093325,749,667,82,18572,307
OF2,64,LogitGRF,01-08,17597040421,508,429,79,20216,270
OF2,64,LogitGRF,01-09,17856865429,507,442,65,17875,285
OF2,64,LogitGRF,01-10,25251804100,774,680,94,18863,320
OF2,64,LogitGRF,02-03,28727313308,538,448,90,18268,184
OF2,64,LogitGRF,02-04,26911845639,764,651,113,17672,224
OF2,64,LogitGRF,02-05,16816522996,562,480,82,20596,246
OF2,64,LogitGRF,02-07,46239536907,1073,984,89,19669,308
OF2,64,LogitGRF,02-10,22755955366,521,440,81,18102,176
OF2,64,LogitGRF,03-07,16249810663,631,526,105,19205,272
OF2,64,LogitGRF,03-10,7354437612,465,399,66,18280,249
OF2,64,LogitGRF,04-03,17740000047,560,484,76,19222,246
OF2,64,LogitGRF,04-07,17578911698,616,547,69,19359,357
OF2,64,LogitGRF,04-10,7896713619,507,427,80,18205,221
OF2,64,LogitGRF,05-03,28726848860,535,444,91,20170,185
OF2,64,LogitGRF,05-04,23582284579,512,431,81,18084,186
OF2,64,LogitGRF,05-07,41770944463,675,591,84,19582,287
OF2,64,LogitGRF,05-10,20153879650,603,530,73,19358,256
OF2,64,LogitGRF,06-02,14331210616,440,372,68,18984,250
OF2,64,LogitGRF,06-03,36175628140,596,513,83,19881,248
OF2,64,LogitGRF,06-04,33853397901,538,474,64,17679,236
OF2,64,LogitGRF,06-05,12830732014,391,330,61,18356,199
OF2,64,LogitGRF,06-07,58166758151,770,663,107,18527,321
OF2,64,LogitGRF,06-08,18941863295,573,482,91,18946,228
OF2,64,LogitGRF,06-10,27123586562,694,622,72,18961,336
OF2,64,LogitGRF,07-10,13441967993,484,404,80,18792,241
OF2,64,LogitGRF,08-02,20066071555,499,439,60,20037,225
OF2,64,LogitGRF,08-03,35819640431,605,486,119,20698,244
OF2,64,LogitGRF,08-04,19016601376,867,759,108,19377,466
OF2,64,LogitGRF,08-05,12161073497,522,436,86,18844,234
OF2,64,LogitGRF,08-07,49254929976,592,489,103,19321,205
OF2,64,LogitGRF,08-10,23515334681,547,470,77,19892,219
OF2,64,LogitGRF,09-02,17825057319,450,389,61,19461,221
OF2,64,LogitGRF,09-03,9819150905,397,340,57,18325,212
OF2,64,LogitGRF,09-04,12278775404,412,347,65,18962,199
OF2,64,LogitGRF,09-05,16693759641,523,458,65,19536,317
OF2,64,LogitGRF,09-06,21645745543,419,350,69,18763,188
OF2,64,LogitGRF,09-07,21887124490,482,411,71,17971,237
OF2,64,LogitGRF,09-08,17046581856,379,319,60,19121,204
OF2,64,LogitGRF,09-10,6632591625,424,361,63,18271,232
OF2,64,MicroscopyImages,01-02,16482926894,135,90,45,4891,158
OF2,64,MicroscopyImages,01-03,26621280364,118,79,39,3018,174
OF2,64,MicroscopyImages,01-04,31511921329,122,80,42,4982,141
OF2,64,MicroscopyImages,01-05,97755493707,117,75,42,3287,136
OF2,64,MicroscopyImages,01-06,95581340884,195,145,50,4739,162
OF2,64,MicroscopyImages,01-07,28895420926,113,76,37,4420,162
OF2,64,MicroscopyImages,01-08,40684280331,161,116,45,6238,147
OF2,64,MicroscopyImages,01-09,177274246615,94,60,34,3845,127
OF2,64,MicroscopyImages,01-10,125153328737,191,123,68,6882,137
OF2,64,MicroscopyImages,02-03,16486784608,206,140,66,5094,179
OF2,64,MicroscopyImages,02-04,27812672667,200,146,54,8252,178
OF2,64,MicroscopyImages,02-05,73135922495,152,102,50,5929,155
OF2,64,MicroscopyImages,02-07,22699285402,300,242,58,7311,223
OF2,64,MicroscopyImages,02-10,99980787659,271,205,66,9878,205
OF2,64,MicroscopyImages,03-07,18785515748,107,68,39,4859,152
OF2,64,MicroscopyImages,03-10,58126264317,158,112,46,6641,143
OF2,64,MicroscopyImages,04-03,13124200181,175,111,64,5514,226
OF2,64,MicroscopyImages,04-07,32137075009,218,166,52,8076,161
OF2,64,MicroscopyImages,04-10,44801632006,250,189,61,8294,172
OF2,64,MicroscopyImages,05-03,42610208271,120,79,41,3817,157
OF2,64,MicroscopyImages,05-04,37310469260,158,114,44,5398,161
OF2,64,MicroscopyImages,05-07,71796971349,147,100,47,5289,159
OF2,64,MicroscopyImages,05-10,23867749568,152,104,48,7113,166
OF2,64,MicroscopyImages,06-02,84288113520,274,212,62,7698,217
OF2,64,MicroscopyImages,06-03,52625070536,159,107,52,4852,147
OF2,64,MicroscopyImages,06-04,30695978351,183,123,60,6956,162
OF2,64,MicroscopyImages,06-05,20394908933,129,83,46,5167,164
OF2,64,MicroscopyImages,06-07,83838768646,279,219,60,7363,149
OF2,64,MicroscopyImages,06-08,88003338767,362,273,89,10005,167
OF2,64,MicroscopyImages,06-10,17357642175,198,143,55,8204,164
OF2,64,MicroscopyImages,07-10,87134939987,303,240,63,9036,220
OF2,64,MicroscopyImages,08-02,20371519439,253,196,57,9725,209
OF2,64,MicroscopyImages,08-03,16321606925,127,84,43,6496,154
OF2,64,MicroscopyImages,08-04,38962932958,242,189,53,10474,249
OF2,64,MicroscopyImages,08-05,63519767222,164,120,44,7203,151
OF2,64,MicroscopyImages,08-07,9373947165,237,179,58,8069,158
OF2,64,MicroscopyImages,08-10,84206568456,351,285,66,11598,206
OF2,64,MicroscopyImages,09-02,142270669177,223,174,49,6767,203
OF2,64,MicroscopyImages,09-03,89436557345,109,66,43,3924,135
OF2,64,MicroscopyImages,09-04,82911478762,195,126,69,5715,144
OF2,64,MicroscopyImages,09-05,40259116424,116,81,35,4134,139
OF2,64,MicroscopyImages,09-06,46031340585,171,122,49,5625,144
OF2,64,MicroscopyImages,09-07,122342886271,160,115,45,5691,152
OF2,64,MicroscopyImages,09-08,114646308392,213,160,53,8030,151
OF2,64,MicroscopyImages,09-10,13132851844,201,150,51,6823,183
OF2,64,Shapes,01-02,39485440000,205,170,35,12461,117
OF2,64,Shapes,01-03,1694000000,341,295,46,19971,580
OF2,64,Shapes,01-04,21846108552,235,190,45,13484,107
OF2,64,Shapes,01-05,15615080434,224,182,42,14989,153
OF2,64,Shapes,01-06,77692400000,379,327,52,29894,209
OF2,64,Shapes,01-07,43361216615,259,213,46,14902,157
OF2,64,Shapes,01-08,26623569312,204,167,37,13428,147
OF2,64,Shapes,01-09,11839600000,303,250,53,20833,182
OF2,64,Shapes,01-10,4192698874,250,184,66,12277,145
OF2,64,Shapes,02-03,40457664000,154,128,26,8359,142
OF2,64,Shapes,02-04,4992134016,170,125,45,7049,159
OF2,64,Shapes,02-05,51567712558,154,121,33,8117,144
OF2,64,Shapes,02-07,39407248313,158,122,36,8910,125
OF2,64,Shapes,02-10,51778666636,139,105,34,7626,104
OF2,64,Shapes,03-07,44440401501,233,194,39,11415,195
OF2,64,Shapes,03-10,5395188022,155,118,37,8350,89
OF2,64,Shapes,04-03,22879329786,222,185,37,10833,160
OF2,64,Shapes,04-07,30714562273,215,168,47,10811,128
OF2,64,Shapes,04-10,32511786008,171,131,40,10765,96
OF2,64,Shapes,05-03,16751164068,190,159,31,12014,187
OF2,64,Shapes,05-04,29880414584,187,153,34,9758,153
OF2,64,Shapes,05-07,52306678067,233,184,49,11079,163
OF2,64,Shapes,05-10,18842738256,248,180,68,10023,165
OF2,64,Shapes,06-02,61735712000,154,123,31,7923,185
OF2,64,Shapes,06-03,78673600000,232,197,35,20542,156
OF2,64,Shapes,06-04,57032294190,213,177,36,10219,190
OF2,64,Shapes,06-05,87463223068,195,161,34,12061,176
OF2,64,Shapes,06-07,167937934719,178,129,49,10309,129
OF2,64,Shapes,06-08,62291445530,134,103,31,9228,159
OF2,64,Shapes,06-10,88538596160,179,140,39,11086,124
OF2,64,Shapes,07-10,52935617529,258,188,70,11286,219
OF2,64,Shapes,08-02,9941900604,111,67,44,6258,126
OF2,64,Shapes,08-03,27477075902,224,183,41,9530,268
OF2,64,Shapes,08-04,5121715666,116,89,27,7690,136
OF2,64,Shapes,08-05,24280105952,118,89,29,7845,111
OF2,64,Shapes,08-07,35350981429,153,122,31,9523,195
OF2,64,Shapes,08-10,37176913080,147,118,29,9225,160
OF2,64,Shapes,09-02,46781984000,174,145,29,8474,167
OF2,64,Shapes,09-03,12799200000,268,219,49,15780,188
OF2,64,Shapes,09-04,31029093214,206,171,35,9897,167
OF2,64,Shapes,09-05,27661476718,241,199,42,13428,261
OF2,64,Shapes,09-06,85985600000,247,209,38,26531,201
OF2,64,Shapes,09-07,53207349267,242,205,37,11239,200
OF2,64,Shapes,09-08,35675236008,234,201,33,9871,316
OF2,64,Shapes,09-10,13352698622,166,132,34,10177,152
OF2,64,WhiteNoise,01-02,319604347,371,329,42,12656,438
OF2,64,WhiteNoise,01-03,320143335,367,320,47,12778,428
OF2,64,WhiteNoise,01-04,366941152,352,307,45,12887,345
OF2,64,WhiteNoise,01-05,366592745,394,348,46,13668,448
OF2,64,WhiteNoise,01-06,343817331,335,293,42,13345,350
OF2,64,WhiteNoise,01-07,545316364,668,608,60,17610,546
OF2,64,WhiteNoise,01-08,440818184,587,540,47,16327,613
OF2,64,WhiteNoise,01-09,403705254,459,411,48,14703,496
OF2,64,WhiteNoise,01-10,413028478,737,667,70,16003,644
OF2,64,WhiteNoise,02-03,386857778,455,398,57,13370,348
OF2,64,WhiteNoise,02-04,425225567,619,562,57,15735,491
OF2,64,WhiteNoise,02-05,377729882,510,454,56,13706,444
OF2,64,WhiteNoise,02-07,495691735,815,752,63,16777,641
OF2,64,WhiteNoise,02-10,448651719,520,447,73,14365,389
OF2,64,WhiteNoise,03-07,577195541,604,533,71,17650,546
OF2,64,WhiteNoise,03-10,462520685,473,409,64,16118,470
OF2,64,WhiteNoise,04-03,339103207,436,381,55,13218,390
OF2,64,WhiteNoise,04-07,512204036,722,637,85,17913,611
OF2,64,WhiteNoise,04-10,409098194,418,361,57,14375,351
OF2,64,WhiteNoise,05-03,367917114,503,443,60,14071,445
OF2,64,WhiteNoise,05-04,380175567,457,395,62,14577,382
OF2,64,WhiteNoise,05-07,410829851,525,458,67,14743,446
OF2,64,WhiteNoise,05-10,335017723,503,421,82,13672,408
OF2,64,WhiteNoise,06-02,319604426,348,309,39,12809,367
OF2,64,WhiteNoise,06-03,394606058,494,451,43,15261,512
OF2,64,WhiteNoise,06-04,367474939,392,344,48,13408,408
OF2,64,WhiteNoise,06-05,346480252,353,310,43,13839,401
OF2,64,WhiteNoise,06-07,361884761,479,431,48,14097,506
OF2,64,WhiteNoise,06-08,349710159,349,308,41,13043,377
OF2,64,WhiteNoise,06-10,375211029,472,431,41,13131,451
OF2,64,WhiteNoise,07-10,352028108,473,382,91,13769,409
OF2,64,WhiteNoise,08-02,453944929,486,440,46,15446,445
OF2,64,WhiteNoise,08-03,443428975,571,519,52,15409,517
OF2,64,WhiteNoise,08-04,349815104,364,322,42,12769,415
OF2,64,WhiteNoise,08-05,402320215,518,474,44,14901,486
OF2,64,WhiteNoise,08-07,378069848,397,352,45,13428,369
OF2,64,WhiteNoise,08-10,353368450,596,523,73,14028,408
OF2,64,WhiteNoise,09-02,456957989,738,691,47,16490,723
OF2,64,WhiteNoise,09-03,397267661,469,424,45,14824,512
OF2,64,WhiteNoise,09-04,320756358,380,341,39,12660,420
OF2,64,WhiteNoise,09-05,418927239,414,365,49,14820,375
OF2,64,WhiteNoise,09-06,359484777,490,450,40,13919,489
OF2,64,WhiteNoise,09-07,451848482,524,480,44,15953,548
OF2,64,WhiteNoise,09-08,337226548,434,387,47,13146,496
OF2,64,WhiteNoise,09-10,428767514,519,471,48,14695,383
OF2,128,CauchyDensity,01-06,4900357948345,2714,2271,443,64292,271
OF2,128,CauchyDensity,01-10,3124262173582,3025,2430,595,63241,357
OF2,128,CauchyDensity,02-01,777271120646,5705,5044,661,73580,609
OF2,128,CauchyDensity,02-04,1788629719137,3899,3227,672,66778,302
OF2,128,CauchyDensity,02-06,3220884257339,4096,3479,617,60839,491
OF2,128,CauchyDensity,02-10,2621356774390,2713,2167,546,59506,256
OF2,128,CauchyDensity,03-01,4412375167301,5453,4156,1297,64789,309
OF2,128,CauchyDensity,03-02,2436908334629,4425,3907,518,63798,427
OF2,128,CauchyDensity,03-04,274209840576,4456,3887,569,71808,330
OF2,128,CauchyDensity,03-06,238865336670,4794,4036,758,79281,444
OF2,128,CauchyDensity,03-07,241883895060,4148,3470,678,73621,265
OF2,128,CauchyDensity,03-08,545722250492,4020,3539,481,70815,396
OF2,128,CauchyDensity,03-09,534019709754,3763,3164,599,71251,298
OF2,128,CauchyDensity,03-10,1281374287445,3971,2986,985,66398,239
OF2,128,CauchyDensity,04-01,3067878353595,3278,2630,648,61681,251
OF2,128,CauchyDensity,04-06,341861065654,3845,3311,534,80177,458
OF2,128,CauchyDensity,04-10,1187416858953,4450,3838,612,71730,416
OF2,128,CauchyDensity,05-01,2885528036630,2724,2256,468,63006,255
OF2,128,CauchyDensity,05-02,1719118049312,2864,2267,597,63626,264
OF2,128,CauchyDensity,05-03,747780542649,3749,3225,524,72558,417
OF2,128,CauchyDensity,05-04,434983973867,3291,2796,495,76670,334
OF2,128,CauchyDensity,05-06,543221381833,5550,4743,807,75975,570
OF2,128,CauchyDensity,05-07,258142399381,4002,3468,534,80017,428
OF2,128,CauchyDensity,05-08,130154142595,6279,5348,931,82757,639
OF2,128,CauchyDensity,05-09,409660642213,4902,4338,564,78344,651
OF2,128,CauchyDensity,05-10,1350577954178,4499,3923,576,69704,475
OF2,128,CauchyDensity,07-01,3644588668747,3802,3146,656,65645,376
OF2,128,CauchyDensity,07-02,2186082481789,4602,3661,941,62652,454
OF2,128,CauchyDensity,07-04,141437306220,5773,4890,883,85663,582
OF2,128,CauchyDensity,07-06,130660923826,4655,3930,725,79679,456
OF2,128,CauchyDensity,07-10,930075518993,5628,5035,593,70864,358
OF2,128,CauchyDensity,08-01,2834655483739,3039,2403,636,62759,238
OF2,128,CauchyDensity,08-02,1729203736741,4433,3593,840,62360,416
OF2,128,CauchyDensity,08-04,268810708132,4767,4145,622,80770,474
OF2,128,CauchyDensity,08-06,402566487866,4179,3436,743,76142,332
OF2,128,CauchyDensity,08-07,96679172018,5884,5162,722,81135,670
OF2,128,CauchyDensity,08-10,743655192177,5774,4937,837,77661,511
OF2,128,CauchyDensity,09-01,4227189814593,3225,2628,597,62534,238
OF2,128,CauchyDensity,09-02,3002147922383,4381,3528,853,60042,382
OF2,128,CauchyDensity,09-04,265548487190,5280,4699,581,81873,537
OF2,128,CauchyDensity,09-06,126955964288,5195,4341,854,73080,566
OF2,128,CauchyDensity,09-07,145596471164,4919,4112,807,75529,521
OF2,128,CauchyDensity,09-08,309478266524,4881,3908,973,78253,365
OF2,128,CauchyDensity,09-10,1381354031189,7905,7165,740,80163,938
OF2,128,CauchyDensity,10-06,1295336428247,3529,2920,609,69389,316
OF2,128,ClassicImages,01-06,291226837612,4553,3816,737,79903,420
OF2,128,ClassicImages,01-10,334236719497,7488,6440,1048,78661,624
OF2,128,ClassicImages,02-01,157845295987,9323,8332,991,83219,1032
OF2,128,ClassicImages,02-04,35106560232,4240,3564,676,71701,426
OF2,128,ClassicImages,02-06,41611605969,5733,4945,788,76899,704
OF2,128,ClassicImages,02-10,99256086008,4522,3864,658,74941,452
OF2,128,ClassicImages,03-01,188906687813,5176,4296,880,79064,520
OF2,128,ClassicImages,03-02,89056972964,6388,5369,1019,72535,499
OF2,128,ClassicImages,03-04,66494780538,3899,3017,882,70662,297
OF2,128,ClassicImages,03-06,118072712957,4750,4175,575,74333,452
OF2,128,ClassicImages,03-07,130078420765,6654,5551,1103,72975,390
OF2,128,ClassicImages,03-08,88213501885,5352,4510,842,74279,573
OF2,128,ClassicImages,03-09,315244757111,5397,4597,800,70136,468
OF2,128,ClassicImages,03-10,209081844476,6013,5426,587,76635,722
OF2,128,ClassicImages,04-01,101830740511,7242,6380,862,79535,967
OF2,128,ClassicImages,04-06,85655193319,5425,4707,718,78855,624
OF2,128,ClassicImages,04-10,158152181612,5373,4665,708,77441,624
OF2,128,ClassicImages,05-01,131458313953,4026,3494,532,74752,500
OF2,128,ClassicImages,05-02,33102781582,4941,4294,647,76205,616
OF2,128,ClassicImages,05-03,77228616554,4003,3453,550,71643,535
OF2,128,ClassicImages,05-04,46587143650,4554,3928,626,73178,561
OF2,128,ClassicImages,05-06,69239430791,6695,5998,697,82182,738
OF2,128,ClassicImages,05-07,41162259853,3842,3309,533,72834,486
OF2,128,ClassicImages,05-08,74803209217,4481,3959,522,73625,605
OF2,128,ClassicImages,05-09,177838533037,5229,4735,494,73383,589
OF2,128,ClassicImages,05-10,158406860066,4203,3669,534,77207,472
OF2,128,ClassicImages,07-01,215510150348,6327,5392,935,76821,463
OF2,128,ClassicImages,07-02,37184885785,6594,5732,862,77902,806
OF2,128,ClassicImages,07-04,89904984455,5782,5058,724,76603,638
OF2,128,ClassicImages,07-06,58718924256,4300,3674,626,76501,468
OF2,128,ClassicImages,07-10,123108732721,6455,5832,623,78341,776
OF2,128,ClassicImages,08-01,149596865512,7562,6882,680,85570,991
OF2,128,ClassicImages,08-02,50854646209,4072,3433,639,71483,346
OF2,128,ClassicImages,08-04,41536568813,5732,4609,1123,73830,464
OF2,128,ClassicImages,08-06,84846128876,6048,5303,745,75900,710
OF2,128,ClassicImages,08-07,84029333630,4504,3730,774,71180,418
OF2,128,ClassicImages,08-10,120664563601,4001,3372,629,76310,357
OF2,128,ClassicImages,09-01,427705465706,5524,4627,897,72828,383
OF2,128,ClassicImages,09-02,207563491975,5586,4860,726,74691,530
OF2,128,ClassicImages,09-04,282903383977,4722,3962,760,72566,385
OF2,128,ClassicImages,09-06,203445046784,5289,4649,640,79936,475
OF2,128,ClassicImages,09-07,169905133770,6707,6074,633,74012,832
OF2,128,ClassicImages,09-08,360568225912,4485,3957,528,71230,410
OF2,128,ClassicImages,09-10,438374223205,5471,4706,765,75861,485
OF2,128,ClassicImages,10-06,114629312053,5339,4701,638,73602,705
OF2,128,GRFmoderate,01-06,254353547484,4137,3348,789,77043,361
OF2,128,GRFmoderate,01-10,138331384168,5466,4748,718,81969,822
OF2,128,GRFmoderate,02-01,227261231593,5350,4579,771,79693,590
OF2,128,GRFmoderate,02-04,132241842123,5621,4852,769,73762,666
OF2,128,GRFmoderate,02-06,351812506039,4731,4032,699,74319,392
OF2,128,GRFmoderate,02-10,42897611173,5401,4346,1055,76926,502
OF2,128,GRFmoderate,03-01,236655201496,6609,5977,632,81613,878
OF2,128,GRFmoderate,03-02,133534233141,5271,4420,851,74494,459
OF2,128,GRFmoderate,03-04,81329135664,5565,4732,833,76341,654
OF2,128,GRFmoderate,03-06,124927137328,8382,7436,946,78854,994
OF2,128,GRFmoderate,03-07,158718039936,6422,5736,686,80334,739
OF2,128,GRFmoderate,03-08,105088551273,5786,5191,595,81943,652
OF2,128,GRFmoderate,03-09,138512117909,4312,3790,522,77370,342
OF2,128,GRFmoderate,03-10,104788121592,5088,4463,625,77081,557
OF2,128,GRFmoderate,04-01,124956086908,5860,4969,891,83176,695
OF2,128,GRFmoderate,04-06,112295052484,6973,5643,1330,76562,755
OF2,128,GRFmoderate,04-10,73345187892,5930,5134,796,76819,760
OF2,128,GRFmoderate,05-01,235389262367,5097,4481,616,82992,650
OF2,128,GRFmoderate,05-02,77025414324,3211,2701,510,69754,350
OF2,128,GRFmoderate,05-03,89736023581,3357,2747,610,73154,385
OF2,128,GRFmoderate,05-04,123841259579,3623,3085,538,74623,466
OF2,128,GRFmoderate,05-06,218036410209,5295,4544,751,75344,378
OF2,128,GRFmoderate,05-07,158933623949,5663,4960,703,78912,756
OF2,128,GRFmoderate,05-08,118903167468,3853,3240,613,79824,416
OF2,128,GRFmoderate,05-09,170292583254,4815,4223,592,79128,615
OF2,128,GRFmoderate,05-10,93299134715,4462,3764,698,70941,594
OF2,128,GRFmoderate,07-01,23249291812,5772,4954,818,76047,722
OF2,128,GRFmoderate,07-02,153186699005,6818,6175,643,79042,945
OF2,128,GRFmoderate,07-04,76475523440,4952,4141,811,77080,464
OF2,128,GRFmoderate,07-06,207750082566,8239,7409,830,76963,1133
OF2,128,GRFmoderate,07-10,83852929226,5028,4197,831,80064,513
OF2,128,GRFmoderate,08-01,122330305589,6063,5406,657,80387,731
OF2,128,GRFmoderate,08-02,203676644672,6925,5759,1166,76479,760
OF2,128,GRFmoderate,08-04,82404146495,5502,4741,761,75211,641
OF2,128,GRFmoderate,08-06,91789725221,4285,3702,583,71471,461
OF2,128,GRFmoderate,08-07,81998782015,7232,6547,685,75037,990
OF2,128,GRFmoderate,08-10,150187302061,5497,4585,912,75774,479
OF2,128,GRFmoderate,09-01,173600759911,6712,5907,805,78312,828
OF2,128,GRFmoderate,09-02,297857194666,4932,4113,819,75282,426
OF2,128,GRFmoderate,09-04,118028408041,7533,6661,872,76361,938
OF2,128,GRFmoderate,09-06,78477549723,5313,4192,1121,74393,489
OF2,128,GRFmoderate,09-07,147333830817,6690,5756,934,74264,766
OF2,128,GRFmoderate,09-08,42443827434,6840,6011,829,72626,918
OF2,128,GRFmoderate,09-10,240477075817,4523,3827,696,75207,420
OF2,128,GRFmoderate,10-06,250472830146,5455,4806,649,74066,773
OF2,128,GRFrough,01-06,17609679733,5137,4350,787,72410,625
OF2,128,GRFrough,01-10,34860644423,5078,4295,783,74591,666
OF2,128,GRFrough,02-01,9143191263,6627,5925,702,77860,829
OF2,128,GRFrough,02-04,26469047718,6701,6003,698,75374,894
OF2,128,GRFrough,02-06,16943205258,4765,3922,843,74949,485
OF2,128,GRFrough,02-10,37909444440,5599,4595,1004,75292,524
OF2,128,GRFrough,03-01,19042037158,6644,5606,1038,78914,736
OF2,128,GRFrough,03-02,19149369113,6413,5201,1212,77999,716
OF2,128,GRFrough,03-04,6917272159,5972,5314,658,72264,686
OF2,128,GRFrough,03-06,7753992989,7374,6454,920,79412,1000
OF2,128,GRFrough,03-07,5602119230,8017,7179,838,77469,1023
OF2,128,GRFrough,03-08,18371575843,6165,5600,565,72114,652
OF2,128,GRFrough,03-09,11184562127,4344,3787,557,70562,464
OF2,128,GRFrough,03-10,16835201851,7180,6547,633,74453,966
OF2,128,GRFrough,04-01,24289380331,5306,4536,770,74204,642
OF2,128,GRFrough,04-06,13037615230,4564,3857,707,72016,512
OF2,128,GRFrough,04-10,16504107030,5155,4395,760,72763,556
OF2,128,GRFrough,05-01,20856189512,5315,4809,506,79074,779
OF2,128,GRFrough,05-02,23234234853,7259,6588,671,83049,1029
OF2,128,GRFrough,05-03,5645678092,4872,4303,569,72330,764
OF2,128,GRFrough,05-04,7649198073,3683,3152,531,68435,508
OF2,128,GRFrough,05-06,10677684055,7300,6382,918,72910,737
OF2,128,GRFrough,05-07,6980133028,4450,3885,565,65765,698
OF2,128,GRFrough,05-08,21861472957,4086,3410,676,68953,435
OF2,128,GRFrough,05-09,13255312693,4823,4145,678,75539,685
OF2,128,GRFrough,05-10,17833083329,7147,6520,627,72553,1139
OF2,128,GRFrough,07-01,23667407424,4600,3961,639,76456,519
OF2,128,GRFrough,07-02,24676454665,5518,4880,638,77693,658
OF2,128,GRFrough,07-04,9037931887,5790,4967,823,75204,630
OF2,128,GRFrough,07-06,8428076633,5172,4418,754,73244,594
OF2,128,GRFrough,07-10,21862023743,5310,4503,807,74272,575
OF2,128,GRFrough,08-01,17666935933,7521,6416,1105,72806,573
OF2,128,GRFrough,08-02,15339910076,5165,4035,1130,75288,460
OF2,128,GRFrough,08-04,26721532710,4877,4030,847,69070,457
OF2,128,GRFrough,08-06,15964314078,6751,5992,759,73306,839
OF2,128,GRFrough,08-07,14486663407,4916,4071,845,69405,508
OF2,128,GRFrough,08-10,38047825990,5809,5097,712,72269,662
OF2,128,GRFrough,09-01,14410263671,6024,4775,1249,75505,539
OF2,128,GRFrough,09-02,10596394504,6411,5700,711,74431,873
OF2,128,GRFrough,09-04,17672719542,6071,5412,659,76847,793
OF2,128,GRFrough,09-06,9084316068,5275,4423,852,71682,667
OF2,128,GRFrough,09-07,14371659969,5029,4045,984,70558,566
OF2,128,GRFrough,09-08,15559958682,5996,4863,1133,71966,505
OF2,128,GRFrough,09-10,17810573104,4760,4011,749,73581,492
OF2,128,GRFrough,10-06,17408256958,4342,3715,627,74291,570
OF2,128,GRFsmooth,01-06,2034679263933,3580,2914,666,68987,334
OF2,128,GRFsmooth,01-10,974406672497,5471,4791,680,69596,564
OF2,128,GRFsmooth,02-01,1094571365051,5913,5072,841,69425,725
OF2,128,GRFsmooth,02-04,356963072028,6835,6184,651,80347,930
OF2,128,GRFsmooth,02-06,999251951278,4595,3881,714,73933,461
OF2,128,GRFsmooth,02-10,99309943026,6085,4980,1105,76745,733
OF2,128,GRFsmooth,03-01,1057558163913,4653,4017,636,72942,420
OF2,128,GRFsmooth,03-02,580734893046,3771,3204,567,72775,357
OF2,128,GRFsmooth,03-04,1009348929770,2603,2166,437,59153,387
OF2,128,GRFsmooth,03-06,462110445798,5067,4530,537,79968,565
OF2,128,GRFsmooth,03-07,476713205219,8864,7626,1238,82952,1149
OF2,128,GRFsmooth,03-08,434249100554,5182,4529,653,74214,580
OF2,128,GRFsmooth,03-09,641224567123,3134,2557,577,70454,302
OF2,128,GRFsmooth,03-10,672431360072,3641,2929,712,69387,318
OF2,128,GRFsmooth,04-01,1716149552557,4613,3889,724,59340,495
OF2,128,GRFsmooth,04-06,791035425126,6037,5190,847,67874,660
OF2,128,GRFsmooth,04-10,375542891932,4855,4038,817,72762,433
OF2,128,GRFsmooth,05-01,722494776334,5495,4930,565,74928,757
OF2,128,GRFsmooth,05-02,370043098123,4926,4279,647,76670,720
OF2,128,GRFsmooth,05-03,148607103881,4104,3547,557,80236,492
OF2,128,GRFsmooth,05-04,706763273157,4475,3831,644,71404,682
OF2,128,GRFsmooth,05-06,567412273293,4373,3634,739,74440,302
OF2,128,GRFsmooth,05-07,308979525816,3555,3043,512,78743,430
OF2,128,GRFsmooth,05-08,207578480247,4539,4070,469,75419,633
OF2,128,GRFsmooth,05-09,452193929900,4588,4033,555,71981,583
OF2,128,GRFsmooth,05-10,344552024197,4456,3962,494,78746,578
OF2,128,GRFsmooth,07-01,1292783189238,4551,3832,719,61711,452
OF2,128,GRFsmooth,07-02,206404701957,6615,5677,938,76942,743
OF2,128,GRFsmooth,07-04,190815149799,5220,4417,803,78199,465
OF2,128,GRFsmooth,07-06,515698895811,6165,5334,831,77419,717
OF2,128,GRFsmooth,07-10,270926887651,4992,4392,600,73524,506
OF2,128,GRFsmooth,08-01,498915474113,5321,4610,711,74526,532
OF2,128,GRFsmooth,08-02,302316902278,5374,4518,856,77156,464
OF2,128,GRFsmooth,08-04,582404938436,7452,6537,915,70971,997
OF2,128,GRFsmooth,08-06,927563175144,4878,4240,638,69577,465
OF2,128,GRFsmooth,08-07,346078250145,4651,4030,621,72502,405
OF2,128,GRFsmooth,08-10,242220338316,7101,6460,641,78341,893
OF2,128,GRFsmooth,09-01,947212789834,7305,6452,853,74298,994
OF2,128,GRFsmooth,09-02,373893603803,6256,5631,625,78953,711
OF2,128,GRFsmooth,09-04,755035890013,4423,3516,907,66625,432
OF2,128,GRFsmooth,09-06,1230032486793,11299,10417,882,71101,863
OF2,128,GRFsmooth,09-07,563084384354,4899,4281,618,74631,414
OF2,128,GRFsmooth,09-08,229647264307,3602,3095,507,75806,325
OF2,128,GRFsmooth,09-10,311364856005,4156,3449,707,72067,326
OF2,128,GRFsmooth,10-06,1069453468644,2970,2333,637,68781,287
OF2,128,LogGRF,01-06,478632133878,8552,7703,849,76863,436
OF2,128,LogGRF,01-10,2776809343133,3754,3108,646,62250,429
OF2,128,LogGRF,02-01,2751908617042,3754,3114,640,61465,330
OF2,128,LogGRF,02-04,4796032265002,2604,2164,440,62431,395
OF2,128,LogGRF,02-06,3628132347230,4952,4107,845,63001,444
OF2,128,LogGRF,02-10,5883794089381,4180,3652,528,67186,436
OF2,128,LogGRF,03-01,987535119076,3886,3298,588,72431,446
OF2,128,LogGRF,03-02,5685874028202,3681,3125,556,62814,446
OF2,128,LogGRF,03-04,2223595678124,3347,2802,545,61624,334
OF2,128,LogGRF,03-06,745192657576,6076,5292,784,75026,622
OF2,128,LogGRF,03-07,2612049691988,3929,3296,633,66071,458
OF2,128,LogGRF,03-08,1894143100488,8208,7569,639,64781,556
OF2,128,LogGRF,03-09,3079408876288,5395,4858,537,63032,1020
OF2,128,LogGRF,03-10,3392128493789,3199,2636,563,62294,418
OF2,128,LogGRF,04-01,2850696677494,4466,3847,619,63091,494
OF2,128,LogGRF,04-06,3005925603314,3706,3032,674,62443,263
OF2,128,LogGRF,04-10,8205136957673,3284,2889,395,63925,292
OF2,128,LogGRF,05-01,1175720628903,4465,3757,708,65123,552
OF2,128,LogGRF,05-02,5385919602205,2995,2529,466,62486,296
OF2,128,LogGRF,05-03,462943895443,4878,4202,676,75755,634
OF2,128,LogGRF,05-04,1552390962459,6224,5701,523,72179,705
OF2,128,LogGRF,05-06,1164288816513,5538,4709,829,65070,437
OF2,128,LogGRF,05-07,1774001632305,5547,4887,660,65691,311
OF2,128,LogGRF,05-08,1447370410449,3457,2830,627,60788,418
OF2,128,LogGRF,05-09,3013152434899,2945,2399,546,62717,361
OF2,128,LogGRF,05-10,4768401120414,3336,2898,438,61587,468
OF2,128,LogGRF,07-01,1617025797166,4635,4061,574,69646,546
OF2,128,LogGRF,07-02,1913079464286,2992,2497,495,60528,441
OF2,128,LogGRF,07-04,1102669644406,2842,2362,480,65979,358
OF2,128,LogGRF,07-06,2203595227702,4362,3754,608,62827,531
OF2,128,LogGRF,07-10,6072752152283,3385,2783,602,63287,303
OF2,128,LogGRF,08-01,450889415988,4958,4456,502,75904,670
OF2,128,LogGRF,08-02,1856967459262,3410,2819,591,60690,396
OF2,128,LogGRF,08-04,2370604195824,4758,4097,661,61378,478
OF2,128,LogGRF,08-06,1192888862676,8039,7460,579,72255,553
OF2,128,LogGRF,08-07,780001179008,3059,2403,656,72162,275
OF2,128,LogGRF,08-10,4182374670341,3085,2491,594,63871,248
OF2,128,LogGRF,09-01,1031072969272,3919,3188,731,72033,328
OF2,128,LogGRF,09-02,829202400714,6214,5634,580,75126,939
OF2,128,LogGRF,09-04,3840998179204,2965,2452,513,63312,433
OF2,128,LogGRF,09-06,1600056716678,4152,3388,764,65751,410
OF2,128,LogGRF,09-07,1245356581372,3559,2957,602,61795,497
OF2,128,LogGRF,09-08,662454238482,5143,4600,543,74360,787
OF2,128,LogGRF,09-10,3177687170687,3886,3333,553,63269,445
OF2,128,LogGRF,10-06,1689821130579,3115,2454,661,61711,342
OF2,128,LogitGRF,01-06,237850771633,5401,4808,593,79469,750
OF2,128,LogitGRF,01-10,501999468484,3960,3157,803,77127,362
OF2,128,LogitGRF,02-01,646692784149,5892,5300,592,77359,722
OF2,128,LogitGRF,02-04,316950256157,6029,5179,850,78913,548
OF2,128,LogitGRF,02-06,445889962466,4433,3708,725,76784,393
OF2,128,LogitGRF,02-10,408594548595,4059,3418,641,71596,394
OF2,128,LogitGRF,03-01,166651278222,5503,4845,658,80269,623
OF2,128,LogitGRF,03-02,377916299579,4295,3731,564,74835,607
OF2,128,LogitGRF,03-04,202630576614,5201,4728,473,77205,785
OF2,128,LogitGRF,03-06,160070673577,4418,3875,543,76578,500
OF2,128,LogitGRF,03-07,236505390215,6780,6073,707,77113,525
OF2,128,LogitGRF,03-08,543477720803,4082,3437,645,74579,454
OF2,128,LogitGRF,03-09,361494892775,5596,4920,676,78352,894
OF2,128,LogitGRF,03-10,220215517724,3631,3060,571,76032,383
OF2,128,LogitGRF,04-01,343140513862,7266,6614,652,77714,459
OF2,128,LogitGRF,04-06,285728497815,4579,3690,889,78856,433
OF2,128,LogitGRF,04-10,318636737524,5106,4452,654,78734,620
OF2,128,LogitGRF,05-01,167128280223,3588,3044,544,79081,433
OF2,128,LogitGRF,05-02,455874099848,4871,4252,619,78241,596
OF2,128,LogitGRF,05-03,193428804081,4178,3543,635,76609,457
OF2,128,LogitGRF,05-04,256899337969,5181,4704,477,79784,741
OF2,128,LogitGRF,05-06,236462873314,5375,4591,784,75775,361
OF2,128,LogitGRF,05-07,550133035678,5560,5061,499,74744,520
OF2,128,LogitGRF,05-08,930708278090,8033,7496,537,74730,676
OF2,128,LogitGRF,05-09,598846612704,6611,6018,593,73282,426
OF2,128,LogitGRF,05-10,494207401725,6622,5996,626,74084,560
OF2,128,LogitGRF,07-01,458636581613,6910,6241,669,81715,857
OF2,128,LogitGRF,07-02,498595050530,5513,4672,841,71121,606
OF2,128,LogitGRF,07-04,304812520837,5511,4573,938,80352,532
OF2,128,LogitGRF,07-06,377682144672,6062,5416,646,82985,599
OF2,128,LogitGRF,07-10,157249187831,5569,4813,756,79048,701
OF2,128,LogitGRF,08-01,930486421847,5381,4521,860,75792,525
OF2,128,LogitGRF,08-02,455445077846,6224,5457,767,76343,645
OF2,128,LogitGRF,08-04,381740237387,5690,5058,632,78763,652
OF2,128,LogitGRF,08-06,707318940580,5964,5297,667,74635,675
OF2,128,LogitGRF,08-07,305916851758,9562,9079,483,78150,669
OF2,128,LogitGRF,08-10,293994056357,5055,4198,857,77141,445
OF2,128,LogitGRF,09-01,467608427609,7494,6622,872,77029,877
OF2,128,LogitGRF,09-02,898616147102,4392,3818,574,65426,632
OF2,128,LogitGRF,09-04,427741174735,5724,5222,502,73152,547
OF2,128,LogitGRF,09-06,381430749834,7717,6912,805,82173,504
OF2,128,LogitGRF,09-07,366207426836,5869,5298,571,81582,799
OF2,128,LogitGRF,09-08,562956797830,5650,5030,620,72993,664
OF2,128,LogitGRF,09-10,303211858315,4685,4048,637,77424,508
OF2,128,LogitGRF,10-06,252932783483,4428,3826,602,80082,485
OF2,128,MicroscopyImages,01-06,796771338714,2308,1711,597,36544,567
OF2,128,MicroscopyImages,01-10,814721030364,3934,2759,1175,30709,575
OF2,128,MicroscopyImages,02-01,83773435957,1926,1479,447,32076,294
OF2,128,MicroscopyImages,02-04,306025227824,4725,4211,514,57489,462
OF2,128,MicroscopyImages,02-06,793131673653,4697,4103,594,55799,686
OF2,128,MicroscopyImages,02-10,503067543801,5461,4862,599,45160,547
OF2,128,MicroscopyImages,03-01,378463738169,1650,1230,420,30000,562
OF2,128,MicroscopyImages,03-02,410914503012,5658,4873,785,47707,647
OF2,128,MicroscopyImages,03-04,38315833128,2808,2384,424,39236,594
OF2,128,MicroscopyImages,03-06,970881727787,2781,2291,490,41687,499
OF2,128,MicroscopyImages,03-07,1567077181260,3718,2819,899,28401,628
OF2,128,MicroscopyImages,03-08,1386764985483,3752,3193,559,37020,495
OF2,128,MicroscopyImages,03-09,1296841636076,2300,1852,448,21724,511
OF2,128,MicroscopyImages,03-10,1007114719411,4372,3486,886,37625,614
OF2,128,MicroscopyImages,04-01,281250936243,2584,1955,629,41524,327
OF2,128,MicroscopyImages,04-06,793799305521,5274,4437,837,55735,420
OF2,128,MicroscopyImages,04-10,899902977473,4133,3532,601,48088,370
OF2,128,MicroscopyImages,05-01,1120162886700,1930,1292,638,25420,565
OF2,128,MicroscopyImages,05-02,1144312909977,4318,3645,673,38639,655
OF2,128,MicroscopyImages,05-03,1262750197649,2558,1988,570,28403,486
OF2,128,MicroscopyImages,05-04,1090217051973,3885,3275,610,39912,560
OF2,128,MicroscopyImages,05-06,77823368296,3734,3066,668,34346,539
OF2,128,MicroscopyImages,05-07,1534066655511,2267,1788,479,20546,610
OF2,128,MicroscopyImages,05-08,1450485404758,3441,2658,783,28796,551
OF2,128,MicroscopyImages,05-09,2407968601845,2093,1568,525,21872,778
OF2,128,MicroscopyImages,05-10,1541378769962,4415,3739,676,36012,766
OF2,128,MicroscopyImages,07-01,1636341974029,3229,2572,657,22676,476
OF2,128,MicroscopyImages,07-02,1551430988866,3711,3049,662,34891,513
OF2,128,MicroscopyImages,07-04,1450098462466,5777,5136,641,38616,779
OF2,128,MicroscopyImages,07-06,1201856875277,4989,4113,876,30177,535
OF2,128,MicroscopyImages,07-10,1757475306099,5543,4635,908,28182,618
OF2,128,MicroscopyImages,08-01,1415673746620,3574,2823,751,31286,613
OF2,128,MicroscopyImages,08-02,1312958507313,9059,8251,808,46895,705
OF2,128,MicroscopyImages,08-04,1270446903989,5720,5139,581,52162,556
OF2,128,MicroscopyImages,08-06,1103811079698,4056,3068,988,44246,386
OF2,128,MicroscopyImages,08-07,49251612631,1966,1456,510,28522,378
OF2,128,MicroscopyImages,08-10,1482109563330,4304,3623,681,38315,570
OF2,128,MicroscopyImages,09-01,1315762937853,1712,1270,442,18096,543
OF2,128,MicroscopyImages,09-02,928264085734,2170,1712,458,29989,456
OF2,128,MicroscopyImages,09-04,1260762055258,4214,3545,669,31626,726
OF2,128,MicroscopyImages,09-06,1993411461761,3285,2597,688,30658,734
OF2,128,MicroscopyImages,09-07,2331489934468,1621,1142,479,19997,662
OF2,128,MicroscopyImages,09-08,2000551814119,3398,2865,533,26482,849
OF2,128,MicroscopyImages,09-10,209203922589,1540,1053,487,24593,397
OF2,128,MicroscopyImages,10-06,1186573733684,4849,3916,933,46058,719
OF2,128,Shapes,01-06,1241048000000,2321,1794,527,78239,181
OF2,128,Shapes,01-10,66072776558,1642,1135,507,56852,170
OF2,128,Shapes,02-01,629800960000,1697,1340,357,46751,123
OF2,128,Shapes,02-04,78688844154,1264,955,309,32797,198
OF2,128,Shapes,02-06,985665344000,1499,928,571,26331,241
OF2,128,Shapes,02-10,829222275228,1180,822,358,28232,159
OF2,128,Shapes,03-01,25018800000,3086,2579,507,103608,237
OF2,128,Shapes,03-02,645056672000,2285,2055,230,36274,289
OF2,128,Shapes,03-04,366232268076,1411,1139,272,41190,283
OF2,128,Shapes,03-06,1256590800000,2196,1861,335,82683,209
OF2,128,Shapes,03-07,700042111545,1644,1325,319,42070,374
OF2,128,Shapes,03-08,435547933768,2177,1881,296,39552,669
OF2,128,Shapes,03-09,202881600000,1471,1212,259,88641,154
OF2,128,Shapes,03-10,85171131206,2107,1856,251,40829,333
OF2,128,Shapes,04-01,350031298578,2373,1905,468,55783,245
OF2,128,Shapes,04-06,910633592124,1592,1214,378,32577,233
OF2,128,Shapes,04-10,523834103036,1705,1198,507,42452,268
OF2,128,Shapes,05-01,247290313686,2900,2535,365,65882,442
OF2,128,Shapes,05-02,819433074692,1632,1329,303,30797,363
OF2,128,Shapes,05-03,264988573724,1827,1529,298,56582,641
OF2,128,Shapes,05-04,474593430052,2138,1830,308,39843,387
OF2,128,Shapes,05-06,1394651078262,3831,3326,505,36696,282
OF2,128,Shapes,05-07,825153002341,1994,1625,369,39416,440
OF2,128,Shapes,05-08,382785539164,1089,805,284,34626,135
OF2,128,Shapes,05-09,439171951500,3871,3550,321,58791,1048
OF2,128,Shapes,05-10,300253654116,1823,1515,308,41748,384
OF2,128,Shapes,07-01,683084977715,2812,2231,581,54555,252
OF2,128,Shapes,07-02,623917189419,1595,1234,361,36150,245
OF2,128,Shapes,07-04,485057967701,1593,1228,365,42526,215
OF2,128,Shapes,07-06,2671398261727,3228,2633,595,35514,377
OF2,128,Shapes,07-10,837941706349,3576,3080,496,40096,628
OF2,128,Shapes,08-01,422030832032,3790,3385,405,57973,419
OF2,128,Shapes,08-02,158669016146,1240,920,320,27769,359
OF2,128,Shapes,08-04,80461018254,1149,810,339,33014,203
OF2,128,Shapes,08-06,994635807750,2683,2228,455,26053,624
OF2,128,Shapes,08-07,557623961887,2089,1720,369,37738,371
OF2,128,Shapes,08-10,593319666410,1696,1281,415,36632,344
OF2,128,Shapes,09-01,186952800000,3740,3008,732,118601,281
OF2,128,Shapes,09-02,746230112000,1758,1471,287,31380,267
OF2,128,Shapes,09-04,496981115814,3158,2758,400,39122,505
OF2,128,Shapes,09-06,1373592400000,2218,1761,457,71892,183
OF2,128,Shapes,09-07,839764152669,3409,2948,461,39938,637
OF2,128,Shapes,09-08,563044189044,5677,5070,607,43779,1066
OF2,128,Shapes,09-10,211333776054,3033,2237,796,41411,258
OF2,128,Shapes,10-06,1417223021078,1531,1144,387,32901,203
OF2,128,WhiteNoise,01-06,1708270377,5145,4739,406,63650,829
OF2,128,WhiteNoise,01-10,1373468805,2930,2524,406,51534,391
OF2,128,WhiteNoise,02-01,1439261920,4971,4568,403,56853,909
OF2,128,WhiteNoise,02-04,1617048808,4987,4202,785,54546,595
OF2,128,WhiteNoise,02-06,2020156289,6780,6069,711,65714,1018
OF2,128,WhiteNoise,02-10,1687473349,5233,4794,439,60334,721
OF2,128,WhiteNoise,03-01,1519431778,5697,5258,439,59469,792
OF2,128,WhiteNoise,03-02,1636843102,5880,5223,657,62637,796
OF2,128,WhiteNoise,03-04,1694959542,5924,5160,764,61885,753
OF2,128,WhiteNoise,03-06,1355707641,4900,4461,439,53412,905
OF2,128,WhiteNoise,03-07,1559976526,7996,7567,429,59258,1301
OF2,128,WhiteNoise,03-08,1518777492,7120,6634,486,59718,1100
OF2,128,WhiteNoise,03-09,1676560192,5321,4940,381,61131,727
OF2,128,WhiteNoise,03-10,1562502611,8364,7685,679,61059,1264
OF2,128,WhiteNoise,04-01,1297969386,4745,4107,638,50102,487
OF2,128,WhiteNoise,04-06,1783281341,5830,5353,477,66644,903
OF2,128,WhiteNoise,04-10,1422583837,5477,4880,597,53222,865
OF2,128,WhiteNoise,05-01,1477173654,3814,3457,357,56326,649
OF2,128,WhiteNoise,05-02,2016976756,3218,2750,468,64668,422
OF2,128,WhiteNoise,05-03,1643819632,2992,2634,358,57697,426
OF2,128,WhiteNoise,05-04,1534551820,2853,2510,343,54327,449
OF2,128,WhiteNoise,05-06,1573006101,5258,4714,544,59716,822
OF2,128,WhiteNoise,05-07,1483606856,2705,2367,338,55953,397
OF2,128,WhiteNoise,05-08,1705401320,5896,5540,356,63388,975
OF2,128,WhiteNoise,05-09,1427123590,4203,3768,435,58551,913
OF2,128,WhiteNoise,05-10,1534102657,4747,4376,371,59558,789
OF2,128,WhiteNoise,07-01,1430800902,4290,3680,610,52303,588
OF2,128,WhiteNoise,07-02,1840980374,3973,3420,553,60698,479
OF2,128,WhiteNoise,07-04,1432373070,3617,2878,739,53254,378
OF2,128,WhiteNoise,07-06,1605965979,4791,4295,496,59579,597
OF2,128,WhiteNoise,07-10,1467342733,5845,5380,465,57845,1071
OF2,128,WhiteNoise,08-01,1906196218,5872,5403,469,65516,796
OF2,128,WhiteNoise,08-02,2162586380,5186,4602,584,66165,670
OF2,128,WhiteNoise,08-04,1834875334,7550,6815,735,63708,930
OF2,128,WhiteNoise,08-06,1701758875,6851,6359,492,61909,1024
OF2,128,WhiteNoise,08-07,1664135972,6218,5479,739,60842,851
OF2,128,WhiteNoise,08-10,1629477121,3665,3234,431,58290,454
OF2,128,WhiteNoise,09-01,1350218890,3430,2986,444,51759,452
OF2,128,WhiteNoise,09-02,1547097590,5901,5428,473,59243,1017
OF2,128,WhiteNoise,09-04,1359239810,5582,4926,656,53730,770
OF2,128,WhiteNoise,09-06,1867374587,6877,6386,491,65365,985
OF2,128,WhiteNoise,09-07,1542281090,4016,3582,434,55582,547
OF2,128,WhiteNoise,09-08,1744106054,5804,5014,790,59663,637
OF2,128,WhiteNoise,09-10,1349960859,3616,3177,439,52823,474
OF2,128,WhiteNoise,10-06,1693410540,5635,5175,460,62014,1071
OF2,256,CauchyDensity,01-03,104830190547827,122174,113281,8893,263522,1321
OF2,256,CauchyDensity,01-04,75513577391033,32612,24824,7788,253559,762
OF2,256,CauchyDensity,01-06,91857020875892,46108,37071,9037,254546,952
OF2,256,CauchyDensity,01-08,44644648526796,37348,28069,9279,253271,541
OF2,256,CauchyDensity,01-09,49531847174191,32776,23633,9143,253055,520
OF2,256,CauchyDensity,02-01,53266513473056,43787,33642,10145,255601,1011
OF2,256,CauchyDensity,02-03,53508360652287,55201,43350,11851,246399,858
OF2,256,CauchyDensity,02-04,6972141360363,58217,45696,12521,286213,944
OF2,256,CauchyDensity,02-05,21050764930494,65436,51558,13878,284543,1084
OF2,256,CauchyDensity,02-06,70960872836116,50878,38884,11994,245058,623
OF2,256,CauchyDensity,02-07,69894260530601,65965,53259,12706,275929,1000
OF2,256,CauchyDensity,02-08,40642850878614,68846,51489,17357,253629,746
OF2,256,CauchyDensity,02-09,17547771706765,58060,44639,13421,267026,893
OF2,256,CauchyDensity,02-10,36521955889749,62759,50028,12731,250093,1154
OF2,256,CauchyDensity,03-04,39835704328680,48918,38826,10092,242973,805
OF2,256,CauchyDensity,03-06,13200074715377,59275,48361,10914,237785,1003
OF2,256,CauchyDensity,03-08,21221267283541,41908,32536,9372,238039,855
OF2,256,CauchyDensity,03-09,23613833911748,58314,46885,11429,241720,858
OF2,256,CauchyDensity,04-08,39339346015347,41912,33149,8763,248870,774
OF2,256,CauchyDensity,05-01,56248156089812,35819,28701,7118,260189,785
OF2,256,CauchyDensity,05-03,12418383248905,40428,29035,11393,246838,753
OF2,256,CauchyDensity,05-04,17755225876269,64948,53047,11901,289115,1289
OF2,256,CauchyDensity,05-06,18936072129588,49014,31039,17975,235406,532
OF2,256,CauchyDensity,05-08,6315963648998,48146,38550,9596,257983,1038
OF2,256,CauchyDensity,05-09,3384493117647,37344,27841,9503,276771,511
OF2,256,CauchyDensity,05-10,6998030256173,53018,42209,10809,261672,991
OF2,256,CauchyDensity,06-04,56482092866237,53429,44118,9311,253467,1173
OF2,256,CauchyDensity,06-08,13012874662918,49991,38938,11053,281537,1475
OF2,256,CauchyDensity,07-01,89735638459635,40522,31794,8728,266079,643
OF2,256,CauchyDensity,07-03,8811715983372,51167,34460,16707,241584,1026
OF2,256,CauchyDensity,07-04,61268263957080,65719,54370,11349,301104,1199
OF2,256,CauchyDensity,07-05,15678300682447,59950,48449,11501,293513,1288
OF2,256,CauchyDensity,07-06,4536640999237,42762,32219,10543,255185,851
OF2,256,CauchyDensity,07-08,10837835416435,63692,52521,11171,248803,1670
OF2,256,CauchyDensity,07-09,27659627630306,53796,44296,9500,265642,885
OF2,256,CauchyDensity,07-10,16813271680608,52618,42023,10595,263513,908
OF2,256,CauchyDensity,09-04,11939237305560,58193,47109,11084,272579,1346
OF2,256,CauchyDensity,09-06,25655959846853,60234,48449,11785,252843,1381
OF2,256,CauchyDensity,09-08,9112534533111,49945,39574,10371,274138,988
OF2,256,CauchyDensity,10-01,81245546993603,35599,27293,8306,255014,779
OF2,256,CauchyDensity,10-03,10691924432590,38179,26444,11735,231603,795
OF2,256,CauchyDensity,10-04,20356022457514,57897,46210,11687,263849,920
OF2,256,CauchyDensity,10-06,11384331578337,47334,34084,13250,259675,642
OF2,256,CauchyDensity,10-08,13130126689035,49359,39423,9936,263660,1229
OF2,256,CauchyDensity,10-09,6882420628620,61115,49500,11615,290940,1325
OF2,256,ClassicImages,01-03,3017036861142,52745,43093,9652,301158,1361
OF2,256,ClassicImages,01-04,1623916459117,81439,68030,13409,318395,1627
OF2,256,ClassicImages,01-06,4654198750376,50257,37755,12502,268076,1013
OF2,256,ClassicImages,01-08,2388230036782,50816,38273,12543,299611,883
OF2,256,ClassicImages,01-09,6837795547991,63259,52496,10763,282893,1167
OF2,256,ClassicImages,02-01,2520155922523,59135,45175,13960,305483,1216
OF2,256,ClassicImages,02-03,1419098621313,60965,48641,12324,305623,1101
OF2,256,ClassicImages,02-04,556225747792,62208,50199,12009,311926,1653
OF2,256,ClassicImages,02-05,524166284979,70472,57569,12903,305436,1954
OF2,256,ClassicImages,02-06,660118916935,53448,40083,13365,328584,1142
OF2,256,ClassicImages,02-07,589519617432,62103,47077,15026,318194,911
OF2,256,ClassicImages,02-08,808180785249,54795,38918,15877,312756,1020
OF2,256,ClassicImages,02-09,3315421578234,74268,60803,13465,303203,1836
OF2,256,ClassicImages,02-10,1582559893055,48114,35432,12682,301154,922
OF2,256,ClassicImages,03-04,1058401311977,44084,34891,9193,304428,835
OF2,256,ClassicImages,03-06,1883652560650,61675,50886,10789,310610,1542
OF2,256,ClassicImages,03-08,1405886127954,44390,32068,12322,317801,807
OF2,256,ClassicImages,03-09,5038285521963,58842,47043,11799,293198,1054
OF2,256,ClassicImages,04-08,659121013509,35851,24076,11775,315760,706
OF2,256,ClassicImages,05-01,2097794174846,61965,52749,9216,308257,1411
OF2,256,ClassicImages,05-03,1230084718940,43279,30866,12413,301504,776
OF2,256,ClassicImages,05-04,739892058401,48818,37718,11100,307128,964
OF2,256,ClassicImages,05-06,1102215426590,56012,44238,11774,325210,1201
OF2,256,ClassicImages,05-08,1191451774140,77062,65400,11662,317366,2104
OF2,256,ClassicImages,05-09,2839839121591,76069,52532,23537,303315,1294
OF2,256,ClassicImages,05-10,2529076322188,64776,53544,11232,295100,1624
OF2,256,ClassicImages,06-04,1364926528505,50073,39069,11004,313841,1299
OF2,256,ClassicImages,06-08,1352093775778,43678,32346,11332,322133,1019
OF2,256,ClassicImages,07-01,3443132809415,55201,43315,11886,282779,1392
OF2,256,ClassicImages,07-03,2075729754879,56796,46376,10420,306102,1283
OF2,256,ClassicImages,07-04,1433217023502,66584,51279,15305,316173,1378
OF2,256,ClassicImages,07-05,653153965259,64371,54690,9681,319761,1423
OF2,256,ClassicImages,07-06,934083144431,70000,59080,10920,343207,1967
OF2,256,ClassicImages,07-08,1339005136747,54509,42201,12308,309340,817
OF2,256,ClassicImages,07-09,2713049914160,165516,152750,12766,298919,1705
OF2,256,ClassicImages,07-10,1964359401557,116498,104091,12407,311383,1363
OF2,256,ClassicImages,09-04,4520970180246,70904,55314,15590,291757,1901
OF2,256,ClassicImages,09-06,3249577915785,50191,39320,10871,299143,1063
OF2,256,ClassicImages,09-08,5763678576617,44592,35450,9142,282772,834
OF2,256,ClassicImages,10-01,5342228436402,110166,100249,9917,275120,1826
OF2,256,ClassicImages,10-03,3339851965094,49880,35975,13905,302083,1023
OF2,256,ClassicImages,10-04,2524929779255,60410,47738,12672,293928,1463
OF2,256,ClassicImages,10-06,1828599086238,53677,41465,12212,311793,1289
OF2,256,ClassicImages,10-08,1925214790796,48121,37627,10494,304591,904
OF2,256,ClassicImages,10-09,7008568181769,45200,34402,10798,267097,851
OF2,256,GRFmoderate,01-03,1455887736533,41086,27801,13285,302205,704
OF2,256,GRFmoderate,01-04,2659373174070,52794,37009,15785,290563,875
OF2,256,GRFmoderate,01-06,1752982013064,52150,41180,10970,303451,1310
OF2,256,GRFmoderate,01-08,3997561660254,54747,44313,10434,286328,1228
OF2,256,GRFmoderate,01-09,5414526474685,50525,37805,12720,250813,1266
OF2,256,GRFmoderate,02-01,2919405582387,83484,69469,14015,302560,2229
OF2,256,GRFmoderate,02-03,5417230610202,54428,42440,11988,251586,1399
OF2,256,GRFmoderate,02-04,4278998854131,52775,41093,11682,284083,966
OF2,256,GRFmoderate,02-05,1595763168808,72446,59395,13051,305712,1495
OF2,256,GRFmoderate,02-06,2172383614295,67670,50087,17583,307234,1529
OF2,256,GRFmoderate,02-07,2736694790330,53811,41111,12700,298539,1118
OF2,256,GRFmoderate,02-08,2852474749749,53025,38094,14931,286114,917
OF2,256,GRFmoderate,02-09,1325176269726,49913,37566,12347,300994,987
OF2,256,GRFmoderate,02-10,2923142961375,57090,44332,12758,290907,1283
OF2,256,GRFmoderate,03-04,5056698287553,47016,35291,11725,243527,1074
OF2,256,GRFmoderate,03-06,2535331573429,63379,53085,10294,297025,1973
OF2,256,GRFmoderate,03-08,4388828582203,64611,53467,11144,298187,1573
OF2,256,GRFmoderate,03-09,8679595713436,53825,44348,9477,245773,1636
OF2,256,GRFmoderate,04-08,8614311097558,52360,41871,10489,263892,1283
OF2,256,GRFmoderate,05-01,1893316784215,50950,41564,9386,308320,1262
OF2,256,GRFmoderate,05-03,3787160454026,45378,35124,10254,259301,1097
OF2,256,GRFmoderate,05-04,2552348981347,55832,45265,10567,301031,1243
OF2,256,GRFmoderate,05-06,1463982517511,52221,42246,9975,311102,1402
OF2,256,GRFmoderate,05-08,3464074070667,59895,45828,14067,290972,1285
OF2,256,GRFmoderate,05-09,2625553768562,55232,41005,14227,289688,1340
OF2,256,GRFmoderate,05-10,2935706408555,47976,35548,12428,292295,923
OF2,256,GRFmoderate,06-04,2554138423678,51755,40554,11201,299515,1252
OF2,256,GRFmoderate,06-08,3096145153894,52820,40109,12711,287372,1359
OF2,256,GRFmoderate,07-01,714078187461,58260,47093,11167,317253,1570
OF2,256,GRFmoderate,07-03,1654901555004,48640,38166,10474,301600,1098
OF2,256,GRFmoderate,07-04,1881535230835,60301,49631,10670,306092,1441
OF2,256,GRFmoderate,07-05,1632253144422,64381,53166,11215,306969,1638
OF2,256,GRFmoderate,07-06,1441478077017,59741,44439,15302,307712,1361
OF2,256,GRFmoderate,07-08,4583318083747,61948,49272,12676,299347,1304
OF2,256,GRFmoderate,07-09,4879053466216,48256,37063,11193,266130,1087
OF2,256,GRFmoderate,07-10,1660555536171,46258,36133,10125,315637,1009
OF2,256,GRFmoderate,09-04,4727899759493,57210,46340,10870,284642,1427
OF2,256,GRFmoderate,09-06,3893005693721,50423,38924,11499,274407,1147
OF2,256,GRFmoderate,09-08,4554565305601,48417,37211,11206,266318,1127
OF2,256,GRFmoderate,10-01,2159885547658,51266,37767,13499,297712,1068
OF2,256,GRFmoderate,10-03,2841248096183,52706,40637,12069,281893,1280
OF2,256,GRFmoderate,10-04,2166270713424,56759,46787,9972,295800,1460
OF2,256,GRFmoderate,10-06,1203226485624,52810,42875,9935,312715,1253
OF2,256,GRFmoderate,10-08,4782718077334,53558,41994,11564,286508,979
OF2,256,GRFmoderate,10-09,3796236081837,47668,34969,12699,281542,769
OF2,256,GRFrough,01-03,584592875835,57035,43267,13768,326250,1102
OF2,256,GRFrough,01-04,437690063316,67687,55040,12647,329503,1796
OF2,256,GRFrough,01-06,257436582126,63751,51837,11914,325038,1647
OF2,256,GRFrough,01-08,185715025015,67228,53591,13637,325999,1538
OF2,256,GRFrough,01-09,171758443783,75450,63960,11490,329479,2222
OF2,256,GRFrough,02-01,236662856282,54504,42532,11972,311085,1206
OF2,256,GRFrough,02-03,435214417465,56322,42217,14105,338196,968
OF2,256,GRFrough,02-04,507133338724,70033,57749,12284,356305,1830
OF2,256,GRFrough,02-05,336470810047,55954,42558,13396,318095,1190
OF2,256,GRFrough,02-06,353295298004,74812,57873,16939,342669,1461
OF2,256,GRFrough,02-07,287940793711,65626,51573,14053,326723,1637
OF2,256,GRFrough,02-08,274071286119,59521,44484,15037,325775,1252
OF2,256,GRFrough,02-09,385707110321,77251,63875,13376,324860,2186
OF2,256,GRFrough,02-10,142590079231,65349,54338,11011,312936,1836
OF2,256,GRFrough,03-04,258356513733,91545,79100,12445,341548,2412
OF2,256,GRFrough,03-06,216060036457,78881,68070,10811,316859,2297
OF2,256,GRFrough,03-08,462616965340,66418,53601,12817,319685,1625
OF2,256,GRFrough,03-09,538973190530,66115,56908,9207,329502,1710
OF2,256,GRFrough,04-08,298758089359,52019,39171,12848,320937,1405
OF2,256,GRFrough,05-01,291328574387,50531,40269,10262,321175,1094
OF2,256,GRFrough,05-03,759295156136,57696,46593,11103,313528,1378
OF2,256,GRFrough,05-04,499131837077,70435,57079,13356,339507,1855
OF2,256,GRFrough,05-06,483212202629,65596,53442,12154,333682,1694
OF2,256,GRFrough,05-08,360571632924,45666,34037,11629,314249,862
OF2,256,GRFrough,05-09,291821452950,74107,61717,12390,339775,2043
OF2,256,GRFrough,05-10,331163680572,80157,68075,12082,318040,2093
OF2,256,GRFrough,06-04,159834253416,56867,44674,12193,320923,1573
OF2,256,GRFrough,06-08,198075743491,61378,47283,14095,316531,1841
OF2,256,GRFrough,07-01,179462175633,66541,50423,16118,315664,1405
OF2,256,GRFrough,07-03,291117617086,73813,62274,11539,318937,2169
OF2,256,GRFrough,07-04,166510954581,58723,46743,11980,319641,1453
OF2,256,GRFrough,07-05,259024796768,49638,37148,12490,333815,970
OF2,256,GRFrough,07-06,101813129331,52608,41774,10834,306652,1293
OF2,256,GRFrough,07-08,129868675054,50836,38703,12133,298972,1049
OF2,256,GRFrough,07-09,112136486906,60549,49507,11042,312368,1536
OF2,256,GRFrough,07-10,144048634964,66501,56131,10370,319814,1881
OF2,256,GRFrough,09-04,249732211301,51952,38942,13010,326410,1129
OF2,256,GRFrough,09-06,169789613881,60187,49263,10924,316577,1549
OF2,256,GRFrough,09-08,147110716064,50439,38180,12259,309289,1248
OF2,256,GRFrough,10-01,169488188737,50626,39463,11163,311677,1058
OF2,256,GRFrough,10-03,376482301262,61250,48433,12817,323676,942
OF2,256,GRFrough,10-04,369173072377,48645,37954,10691,329125,1037
OF2,256,GRFrough,10-06,206617142461,52517,41730,10787,327875,1232
OF2,256,GRFrough,10-08,168228918632,52905,43383,9522,322341,1249
OF2,256,GRFrough,10-09,225836938878,57273,46387,10886,320781,1355
OF2,256,GRFsmooth,01-03,12565813172505,54121,43258,10863,257726,1096
OF2,256,GRFsmooth,01-04,12553492251018,50247,38376,11871,244205,900
OF2,256,GRFsmooth,01-06,7907196565289,59809,48635,11174,262536,1526
OF2,256,GRFsmooth,01-08,2907119281971,70887,61412,9475,306015,2067
OF2,256,GRFsmooth,01-09,6929603976350,68731,53249,15482,291414,1288
OF2,256,GRFsmooth,02-01,6259064277107,59992,46670,13322,261062,1296
OF2,256,GRFsmooth,02-03,21019841160466,67516,55498,12018,275224,1431
OF2,256,GRFsmooth,02-04,26612432518307,47097,34899,12198,246789,555
OF2,256,GRFsmooth,02-05,16664972043291,65074,52223,12851,263253,1416
OF2,256,GRFsmooth,02-06,16870286392398,77816,64844,12972,258245,1522
OF2,256,GRFsmooth,02-07,11134618668875,55614,43464,12150,256536,985
OF2,256,GRFsmooth,02-08,5570635803350,52436,36477,15959,264350,825
OF2,256,GRFsmooth,02-09,18926962865539,82605,69490,13115,290011,1922
OF2,256,GRFsmooth,02-10,29144030978032,57655,44980,12675,247601,1109
OF2,256,GRFsmooth,03-04,6121554730283,45616,36145,9471,245084,1210
OF2,256,GRFsmooth,03-06,4038123985456,61619,48688,12931,279076,1631
OF2,256,GRFsmooth,03-08,8803219816156,63394,50115,13279,271953,1337
OF2,256,GRFsmooth,03-09,4495799391993,57429,42369,15060,276719,1143
OF2,256,GRFsmooth,04-08,14581446376331,52663,41860,10803,248568,1841
OF2,256,GRFsmooth,05-01,7527797444012,54949,41593,13356,275286,1041
OF2,256,GRFsmooth,05-03,3549692354767,63536,45757,17779,276939,1298
OF2,256,GRFsmooth,05-04,4595705034034,53447,43235,10212,251664,1380
OF2,256,GRFsmooth,05-06,4858338503127,45937,36872,9065,250668,1210
OF2,256,GRFsmooth,05-08,5730540682991,51800,40786,11014,267594,1089
OF2,256,GRFsmooth,05-09,1699511364524,55881,44994,10887,305644,1428
OF2,256,GRFsmooth,05-10,9610645467737,53412,42528,10884,256895,1509
OF2,256,GRFsmooth,06-04,2971854475459,55261,42577,12684,291477,1600
OF2,256,GRFsmooth,06-08,8470086894240,43632,34382,9250,247534,1178
OF2,256,GRFsmooth,07-01,3355507630518,49039,37593,11446,278458,1040
OF2,256,GRFsmooth,07-03,10135137000829,65446,54338,11108,258787,1816
OF2,256,GRFsmooth,07-04,9153984400296,57859,45491,12368,262474,1296
OF2,256,GRFsmooth,07-05,8938458441116,59494,49005,10489,242272,1829
OF2,256,GRFsmooth,07-06,4859000035769,72214,63113,9101,305595,2071
OF2,256,GRFsmooth,07-08,6000255244803,48327,35031,13296,253177,1026
OF2,256,GRFsmooth,07-09,6846452513094,53753,41393,12360,264877,1095
OF2,256,GRFsmooth,07-10,8659501662607,51471,42114,9357,251019,1267
OF2,256,GRFsmooth,09-04,2913513724970,44266,32708,11558,291879,878
OF2,256,GRFsmooth,09-06,2661065944509,45708,37386,8322,293578,1109
OF2,256,GRFsmooth,09-08,6898206550119,54095,44478,9617,242425,1639
OF2,256,GRFsmooth,10-01,13609159031247,52190,41261,10929,244416,1075
OF2,256,GRFsmooth,10-03,11618052554698,47464,36369,11095,247056,1045
OF2,256,GRFsmooth,10-04,1943597695659,70921,58532,12389,331384,1906
OF2,256,GRFsmooth,10-06,5229470104060,46317,37194,9123,254778,1251
OF2,256,GRFsmooth,10-08,19299458109920,49937,35720,14217,247209,961
OF2,256,GRFsmooth,10-09,6688717416339,69785,58523,11262,249571,2396
OF2,256,LogGRF,01-03,40632112129660,61686,44107,17579,249421,1131
OF2,256,LogGRF,01-04,15207547261083,59795,48637,11158,251175,1020
OF2,256,LogGRF,01-06,13985872428812,90529,78828,11701,256045,1626
OF2,256,LogGRF,01-08,5149246948845,63652,48790,14862,275343,1365
OF2,256,LogGRF,01-09,7805227985363,82682,73654,9028,244392,1108
OF2,256,LogGRF,02-01,10076047357629,120935,108625,12310,244775,1056
OF2,256,LogGRF,02-03,14565207129457,63598,50476,13122,258468,1381
OF2,256,LogGRF,02-04,11897391591654,58650,45509,13141,248812,1013
OF2,256,LogGRF,02-05,24532874202309,244211,224293,19918,254804,2388
OF2,256,LogGRF,02-06,37161336530637,281139,268028,13111,253733,1484
OF2,256,LogGRF,02-07,18267256045296,41103,30179,10924,242564,611
OF2,256,LogGRF,02-08,17474118804830,103187,86162,17025,251974,2078
OF2,256,LogGRF,02-09,13705744315346,54922,42958,11964,260917,897
OF2,256,LogGRF,02-10,4842153272088,125011,112646,12365,279019,1100
OF2,256,LogGRF,03-04,22973455823817,79218,67547,11671,248136,1997
OF2,256,LogGRF,03-06,83355494455550,52603,43260,9343,257861,1100
OF2,256,LogGRF,03-08,52506692233287,48466,38804,9662,256717,705
OF2,256,LogGRF,03-09,38206426800249,92784,78387,14397,272245,2240
OF2,256,LogGRF,04-08,24639287462770,213003,202904,10099,251070,1102
OF2,256,LogGRF,05-01,11359380328380,64125,52286,11839,245005,1149
OF2,256,LogGRF,05-03,56962430516066,55523,45730,9793,256985,1332
OF2,256,LogGRF,05-04,20603512975727,167824,151934,15890,254759,1404
OF2,256,LogGRF,05-06,13074751520846,82603,61948,20655,252569,950
OF2,256,LogGRF,05-08,7818353937795,77347,58824,18523,250262,2206
OF2,256,LogGRF,05-09,25821209458267,106122,95042,11080,249662,1133
OF2,256,LogGRF,05-10,18907599219581,97419,79057,18362,251524,1971
OF2,256,LogGRF,06-04,44299768358173,282754,271751,11003,254896,2086
OF2,256,LogGRF,06-08,11590529340691,50783,39483,11300,246560,1100
OF2,256,LogGRF,07-01,4111463411317,36250,26171,10079,271747,788
OF2,256,LogGRF,07-03,53033104195255,48365,37800,10565,255123,800
OF2,256,LogGRF,07-04,20366762703648,106618,94695,11923,249546,1414
OF2,256,LogGRF,07-05,6243753254485,82659,71367,11292,249280,1838
OF2,256,LogGRF,07-06,6397889933795,44724,36217,8507,261277,1150
OF2,256,LogGRF,07-08,5638422166102,86116,75504,10612,256554,1013
OF2,256,LogGRF,07-09,15890967544456,55592,46332,9260,247154,1467
OF2,256,LogGRF,07-10,12339747853410,63784,48067,15717,248245,996
OF2,256,LogGRF,09-04,24882530802272,47255,37408,9847,247498,983
OF2,256,LogGRF,09-06,26893634165235,147048,136756,10292,243299,1287
OF2,256,LogGRF,09-08,8872489153356,43811,31519,12292,245197,809
OF2,256,LogGRF,10-01,5846633862549,54072,36442,17630,246274,884
OF2,256,LogGRF,10-03,23816589586019,52957,41304,11653,254447,912
OF2,256,LogGRF,10-04,14371054044668,80742,70099,10643,249129,1263
OF2,256,LogGRF,10-06,27917474735435,42564,34144,8420,248131,964
OF2,256,LogGRF,10-08,9106807397352,101754,90119,11635,245576,1133
OF2,256,LogGRF,10-09,5004796084306,58534,47751,10783,281250,1164
OF2,256,LogitGRF,01-03,5254682969922,58309,47404,10905,295750,1573
OF2,256,LogitGRF,01-04,11648125845585,59523,48655,10868,253467,1222
OF2,256,LogitGRF,01-06,9560139924363,124530,113145,11385,259791,1199
OF2,256,LogitGRF,01-08,5605405046104,50561,39670,10891,262766,1371
OF2,256,LogitGRF,01-09,6060444340618,53161,39636,13525,257154,950
OF2,256,LogitGRF,02-01,13267623772614,124380,111890,12490,255398,1761
OF2,256,LogitGRF,02-03,9895712256446,43005,31953,11052,250311,1035
OF2,256,LogitGRF,02-04,6581604579053,108945,95690,13255,266704,1903
OF2,256,LogitGRF,02-05,11961699795563,51314,38700,12614,259126,1011
OF2,256,LogitGRF,02-06,16869252020305,57620,43739,13881,249877,969
OF2,256,LogitGRF,02-07,22698693750534,91510,77558,13952,261471,1446
OF2,256,LogitGRF,02-08,9473591217088,157988,140625,17363,244383,1248
OF2,256,LogitGRF,02-09,4387135016004,120396,105507,14889,276753,1431
OF2,256,LogitGRF,02-10,5340815270013,56421,43539,12882,254694,953
OF2,256,LogitGRF,03-04,9650075542275,79581,70634,8947,257560,1823
OF2,256,LogitGRF,03-06,3633168486779,55879,45421,10458,288546,1440
OF2,256,LogitGRF,03-08,4091526098472,61120,49309,11811,286037,1317
OF2,256,LogitGRF,03-09,5314533841844,47915,33481,14434,263048,758
OF2,256,LogitGRF,04-08,5477209215807,56235,45345,10890,263191,1925
OF2,256,LogitGRF,05-01,5085557033171,130103,117200,12903,289496,1209
OF2,256,LogitGRF,05-03,4609377109541,61944,52806,9138,268625,1107
OF2,256,LogitGRF,05-04,13694663069992,106462,89386,17076,253887,1209
OF2,256,LogitGRF,05-06,7366557999230,55574,43659,11915,251299,881
OF2,256,LogitGRF,05-08,8101374019673,81153,70699,10454,253198,1745
OF2,256,LogitGRF,05-09,5871281834979,54289,42991,11298,275435,1255
OF2,256,LogitGRF,05-10,6075970901098,123654,112355,11299,258481,1809
OF2,256,LogitGRF,06-04,17708258362300,45435,36802,8633,254798,1120
OF2,256,LogitGRF,06-08,11948792532979,51972,42452,9520,247644,1644
OF2,256,LogitGRF,07-01,3328577697482,74150,62024,12126,292915,1566
OF2,256,LogitGRF,07-03,8607140396848,106374,95223,11151,257791,1767
OF2,256,LogitGRF,07-04,21430080299981,102288,87866,14422,256729,931
OF2,256,LogitGRF,07-05,7949303776837,88684,76698,11986,275174,1559
OF2,256,LogitGRF,07-06,11218126924439,127638,113580,14058,261737,1021
OF2,256,LogitGRF,07-08,10583248779788,44409,35067,9342,273189,871
OF2,256,LogitGRF,07-09,12319792510260,82859,72981,9878,263166,1605
OF2,256,LogitGRF,07-10,12739193035227,54022,42130,11892,251658,1447
OF2,256,LogitGRF,09-04,5656714909731,52632,43986,8646,267952,912
OF2,256,LogitGRF,09-06,10036367428907,64811,46869,17942,244143,1120
OF2,256,LogitGRF,09-08,5941620553332,33279,22531,10748,265503,500
OF2,256,LogitGRF,10-01,5915866100217,44339,33553,10786,259390,1010
OF2,256,LogitGRF,10-03,6247067704837,56290,45385,10905,259793,1764
OF2,256,LogitGRF,10-04,8160391790252,98456,87373,11083,256187,2503
OF2,256,LogitGRF,10-06,13093782443352,66117,51264,14853,248739,1212
OF2,256,LogitGRF,10-08,7359639745997,74213,60820,13393,259917,1310
OF2,256,LogitGRF,10-09,3792921274603,107651,94702,12949,291880,3186
OF2,256,MicroscopyImages,01-03,9781788298239,65538,53391,12147,115630,1722
OF2,256,MicroscopyImages,01-04,8739335747432,142741,124745,17996,158653,2181
OF2,256,MicroscopyImages,01-06,19377365509860,168289,156070,12219,158722,1724
OF2,256,MicroscopyImages,01-08,16193824586606,199885,171081,28804,138771,1776
OF2,256,MicroscopyImages,01-09,8826220129063,76092,63327,12765,97760,2196
OF2,256,MicroscopyImages,02-01,336906302201,40204,30408,9796,175957,1231
OF2,256,MicroscopyImages,02-03,8730862801052,121456,105778,15678,156390,1783
OF2,256,MicroscopyImages,02-04,7481156944017,104059,89508,14551,212042,1118
OF2,256,MicroscopyImages,02-05,19928328270952,140361,123981,16380,155040,1488
OF2,256,MicroscopyImages,02-06,18851259408501,154341,135627,18714,206144,1682
OF2,256,MicroscopyImages,02-07,23566725547572,131768,116440,15328,139676,1926
OF2,256,MicroscopyImages,02-08,16346036114575,170249,146296,23953,191850,1591
OF2,256,MicroscopyImages,02-09,7963701827410,71896,57548,14348,128377,1706
OF2,256,MicroscopyImages,02-10,4219941067180,76190,62406,13784,199090,1542
OF2,256,MicroscopyImages,03-04,1003952089923,49822,37576,12246,162460,1446
OF2,256,MicroscopyImages,03-06,11031695829109,123933,111410,12523,146198,1857
OF2,256,MicroscopyImages,03-08,13288876789413,87322,73467,13855,131621,1577
OF2,256,MicroscopyImages,03-09,10155175413246,34658,24212,10446,85530,1597
OF2,256,MicroscopyImages,04-08,15580170071190,80630,69121,11509,182720,1817
OF2,256,MicroscopyImages,05-01,20385607584243,68655,50096,18559,116150,1913
OF2,256,MicroscopyImages,05-03,11800432505684,87575,72647,14928,111064,2186
OF2,256,MicroscopyImages,05-04,13829566966355,91655,70127,21528,151827,2152
OF2,256,MicroscopyImages,05-06,308442078681,53137,39131,14006,182326,1598
OF2,256,MicroscopyImages,05-08,3168041239533,63143,50777,12366,165684,1796
OF2,256,MicroscopyImages,05-09,26878517045652,96897,81120,15777,96020,1967
OF2,256,MicroscopyImages,05-10,20148418814964,94455,72978,21477,136407,2087
OF2,256,MicroscopyImages,06-04,12628827813298,254115,239928,14187,197607,1991
OF2,256,MicroscopyImages,06-08,2922235683928,67343,54110,13233,217822,2089
OF2,256,MicroscopyImages,07-01,22974078939579,102932,77100,25832,98951,1907
OF2,256,MicroscopyImages,07-03,18757411598978,43167,28538,14629,96036,1697
OF2,256,MicroscopyImages,07-04,21935124469139,75792,61996,13796,138010,1965
OF2,256,MicroscopyImages,07-05,4769109035938,49120,38879,10241,118682,1726
OF2,256,MicroscopyImages,07-06,4804572336203,69272,47850,21422,157479,1791
OF2,256,MicroscopyImages,07-08,1830846911879,62808,50039,12769,136379,1487
OF2,256,MicroscopyImages,07-09,32392800830642,68707,47298,21409,85387,1843
OF2,256,MicroscopyImages,07-10,25815356819388,87580,73423,14157,123622,1824
OF2,256,MicroscopyImages,09-04,7126032959105,50184,38186,11998,124056,1738
OF2,256,MicroscopyImages,09-06,25053157903289,107257,90229,17028,131767,1711
OF2,256,MicroscopyImages,09-08,26492754098593,70753,59914,10839,121768,1882
OF2,256,MicroscopyImages,10-01,5236682421759,117953,103871,14082,154222,2217
OF2,256,MicroscopyImages,10-03,7009688821922,93114,80277,12837,130887,2604
OF2,256,MicroscopyImages,10-04,4589441442567,132122,117837,14285,199862,2120
OF2,256,MicroscopyImages,10-06,18588284811861,183887,163537,20350,182068,1746
OF2,256,MicroscopyImages,10-08,19504657717409,183729,161602,22127,162808,1656
OF2,256,MicroscopyImages,10-09,1351367782252,58756,43493,15263,130841,1579
OF2,256,Shapes,01-03,392096000000,34408,24899,9509,510636,439
OF2,256,Shapes,01-04,5589530482324,40458,32424,8034,188197,492
OF2,256,Shapes,01-06,19848698800000,26775,16905,9870,365383,177
OF2,256,Shapes,01-08,6737143999132,70651,60440,10211,178944,1637
OF2,256,Shapes,01-09,2981203200000,40960,23110,17850,376519,298
OF2,256,Shapes,02-01,10068951040000,17589,8767,8822,145334,95
OF2,256,Shapes,02-03,10312437120000,36688,27323,9365,118875,577
OF2,256,Shapes,02-04,1262992346658,17671,8735,8936,137263,369
OF2,256,Shapes,02-05,13085877809486,27073,17162,9911,107914,944
OF2,256,Shapes,02-06,15762042528000,20467,11069,9398,110365,769
OF2,256,Shapes,02-07,9925883566740,17770,8947,8823,121016,368
OF2,256,Shapes,02-08,2553099582794,30412,12892,17520,102990,911
OF2,256,Shapes,02-09,11930539360000,29767,20890,8877,112604,709
OF2,256,Shapes,02-10,13268559928114,16973,7107,9866,116594,220
OF2,256,Shapes,03-04,5848841591828,26818,19334,7484,132770,848
OF2,256,Shapes,03-06,20096787200000,25565,17273,8292,379436,377
OF2,256,Shapes,03-08,6953257328566,40777,33374,7403,120212,1267
OF2,256,Shapes,03-09,3242604800000,28865,14680,14185,268035,448
OF2,256,Shapes,04-08,1290485843642,23944,11695,12249,142012,735
OF2,256,Shapes,05-01,3964049664148,79826,69738,10088,251100,1591
OF2,256,Shapes,05-03,4246379022864,32771,23047,9724,196769,2097
OF2,256,Shapes,05-04,7563668734240,40826,27316,13510,126452,1253
OF2,256,Shapes,05-06,22296130445498,33706,23228,10478,153462,923
OF2,256,Shapes,05-08,6075700062758,28524,20422,8102,115601,603
OF2,256,Shapes,05-09,7027537688090,45762,36344,9418,175919,2319
OF2,256,Shapes,05-10,4825833591184,43058,31303,11755,157227,1169
OF2,256,Shapes,06-04,14562348631348,18316,11065,7251,128350,344
OF2,256,Shapes,06-08,15918011084734,34368,26296,8072,113625,1724
OF2,256,Shapes,07-01,10876837844768,84649,76471,8178,198870,1056
OF2,256,Shapes,07-03,11146751332720,49393,40795,8598,144791,2445
OF2,256,Shapes,07-04,7710173266458,19818,10100,9718,141573,384
OF2,256,Shapes,07-05,13151139533976,51191,41469,9722,134932,1315
OF2,256,Shapes,07-06,42626039579982,68925,59540,9385,137610,811
OF2,256,Shapes,07-08,8872955076062,41397,30816,10581,118700,1408
OF2,256,Shapes,07-09,13375357389316,43135,33304,9831,142629,1781
OF2,256,Shapes,07-10,13367313445274,40232,26101,14131,152199,963
OF2,256,Shapes,09-04,7934131101684,51757,42635,9122,121679,871
OF2,256,Shapes,09-06,21971486400000,36239,27918,8321,349959,889
OF2,256,Shapes,09-08,8963385122978,39590,28452,11138,120698,1739
OF2,256,Shapes,10-01,1059328488444,23074,12149,10925,238586,345
OF2,256,Shapes,10-03,1363670365146,39676,28632,11044,185271,996
OF2,256,Shapes,10-04,8384186528874,29522,21386,8136,138571,409
OF2,256,Shapes,10-06,22680428622712,37293,24142,13151,139297,779
OF2,256,Shapes,10-08,9487134688060,29345,20724,8621,119775,850
OF2,256,Shapes,10-09,3372403850074,41000,34278,6722,153745,789
OF2,256,WhiteNoise,01-03,7619638099,82315,73670,8645,281039,2357
OF2,256,WhiteNoise,01-04,6997651354,56622,46297,10325,264861,1512
OF2,256,WhiteNoise,01-06,6235996779,73998,63562,10436,242616,2441
OF2,256,WhiteNoise,01-08,6168900167,71346,61842,9504,244145,2317
OF2,256,WhiteNoise,01-09,6057342074,64543,54715,9828,239982,1885
OF2,256,WhiteNoise,02-01,7015138992,84438,72911,11527,277238,2480
OF2,256,WhiteNoise,02-03,6336986149,44175,33309,10866,242026,1080
OF2,256,WhiteNoise,02-04,6982569306,70798,59358,11440,267120,2133
OF2,256,WhiteNoise,02-05,6414500093,72207,61086,11121,250120,2268
OF2,256,WhiteNoise,02-06,6136383573,48224,36864,11360,234572,1282
OF2,256,WhiteNoise,02-07,7603332789,75783,65017,10766,283307,2192
OF2,256,WhiteNoise,02-08,7443807953,88875,73857,15018,270023,2372
OF2,256,WhiteNoise,02-09,5900410252,40212,29232,10980,228246,850
OF2,256,WhiteNoise,02-10,7902065718,74833,63050,11783,284841,1935
OF2,256,WhiteNoise,03-04,8593530595,105085,94071,11014,315431,3194
OF2,256,WhiteNoise,03-06,7169229600,72609,65091,7518,258608,2492
OF2,256,WhiteNoise,03-08,8611839916,112170,101584,10586,308522,3911
OF2,256,WhiteNoise,03-09,7626655129,83191,71794,11397,280809,2482
OF2,256,WhiteNoise,04-08,6420950461,51580,43192,8388,243711,1916
OF2,256,WhiteNoise,05-01,7559539663,70442,60268,10174,276042,1903
OF2,256,WhiteNoise,05-03,8196863452,96452,86899,9553,281507,2776
OF2,256,WhiteNoise,05-04,6702393589,50872,41340,9532,249519,1363
OF2,256,WhiteNoise,05-06,5955796762,38379,28984,9395,225474,907
OF2,256,WhiteNoise,05-08,7178931808,59782,48911,10871,265302,1662
OF2,256,WhiteNoise,05-09,6620916663,64398,55583,8815,260126,1897
OF2,256,WhiteNoise,05-10,7531595975,71559,60876,10683,255524,2214
OF2,256,WhiteNoise,06-04,6173248035,65811,54657,11154,241052,1952
OF2,256,WhiteNoise,06-08,6822487866,49364,40272,9092,259567,1275
OF2,256,WhiteNoise,07-01,6025750293,47981,39595,8386,237854,1344
OF2,256,WhiteNoise,07-03,7558067930,104498,95201,9297,287495,3387
OF2,256,WhiteNoise,07-04,8971915551,92128,83239,8889,339096,2757
OF2,256,WhiteNoise,07-05,8797481874,94228,83313,10915,318452,2643
OF2,256,WhiteNoise,07-06,7503825878,108572,96567,12005,297223,3564
OF2,256,WhiteNoise,07-08,7752307154,92148,84904,7244,299337,2943
OF2,256,WhiteNoise,07-09,6894517121,68325,58004,10321,264243,1967
OF2,256,WhiteNoise,07-10,7224614673,73077,60875,12202,271633,1951
OF2,256,WhiteNoise,09-04,7385625854,83078,73528,9550,276420,3021
OF2,256,WhiteNoise,09-06,6030475093,77172,63756,13416,239241,2654
OF2,256,WhiteNoise,09-08,6894709715,72344,61596,10748,265650,2368
OF2,256,WhiteNoise,10-01,6050722610,84009,75137,8872,246664,2904
OF2,256,WhiteNoise,10-03,8700282143,59490,48908,10582,277181,1537
OF2,256,WhiteNoise,10-04,7186477560,61452,51488,9964,256746,1706
OF2,256,WhiteNoise,10-06,6512893415,63693,51208,12485,237301,1531
OF2,256,WhiteNoise,10-08,6512484471,66142,57079,9063,256306,1954
OF2,256,WhiteNoise,10-09,6755743230,81839,72301,9538,264736,2478
OF2,512,CauchyDensity,01-05,464017636835278,499843,389074,110769,1080718,1729
OF2,512,CauchyDensity,01-06,285221324355243,473994,363153,110841,1061994,1909
OF2,512,CauchyDensity,01-07,604166435493532,465682,368788,96894,1018668,1734
OF2,512,CauchyDensity,01-09,258150145026048,461864,357909,103955,1048459,2200
OF2,512,CauchyDensity,02-01,1228793885661173,532934,408116,124818,1053022,2074
OF2,512,CauchyDensity,02-05,589229870933897,590357,462754,127603,1025803,2046
OF2,512,CauchyDensity,02-06,1161748748581644,565748,448806,116942,1012373,1874
OF2,512,CauchyDensity,02-07,501344627557695,573588,451540,122048,1035605,2042
OF2,512,CauchyDensity,02-09,1569718667301677,562677,447725,114952,1015792,1761
OF2,512,CauchyDensity,03-01,521235236187923,321752,229093,92659,1039690,1572
OF2,512,CauchyDensity,03-02,1439975440357442,519106,408820,110286,1048476,2211
OF2,512,CauchyDensity,03-04,548088037145070,460560,336206,124354,988599,1634
OF2,512,CauchyDensity,03-05,270828111992279,385777,280889,104888,997688,1617
OF2,512,CauchyDensity,03-06,188486061986034,344637,247911,96726,992955,2237
OF2,512,CauchyDensity,03-07,614605997949709,445481,335882,109599,1023592,2139
OF2,512,CauchyDensity,03-09,158745419480397,391237,284515,106722,1017675,2308
OF2,512,CauchyDensity,03-10,110778252071895,358157,247430,110727,1076958,2269
OF2,512,CauchyDensity,04-01,695875768888043,368540,269860,98680,1023309,1812
OF2,512,CauchyDensity,04-02,323829004446972,525515,410220,115295,981637,2879
OF2,512,CauchyDensity,04-05,208485129977829,495755,385923,109832,940071,2966
OF2,512,CauchyDensity,04-06,377938614899074,626603,516930,109673,1163644,3329
OF2,512,CauchyDensity,04-07,283899285549359,522845,403210,119635,963771,3435
OF2,512,CauchyDensity,04-09,662145142786935,527132,413737,113395,992524,1801
OF2,512,CauchyDensity,04-10,357501292534817,570309,454616,115693,990453,2501
OF2,512,CauchyDensity,05-06,246616025243483,543949,438471,105478,954488,2003
OF2,512,CauchyDensity,05-07,154274030866602,431594,329660,101934,994179,3342
OF2,512,CauchyDensity,05-09,350323545987912,515339,398901,116438,971361,2385
OF2,512,CauchyDensity,07-06,340388991890959,483835,378706,105129,987091,2899
OF2,512,CauchyDensity,08-01,256356417478238,430657,271086,159571,1055057,2054
OF2,512,CauchyDensity,08-02,1541246871588245,636889,449097,187792,1014934,2167
OF2,512,CauchyDensity,08-03,181776236067161,602518,412401,190117,1057192,3094
OF2,512,CauchyDensity,08-04,687189070306847,577404,379403,198001,971982,1671
OF2,512,CauchyDensity,08-05,332999007153222,546595,448868,97727,1001055,2973
OF2,512,CauchyDensity,08-06,70040099229277,430565,310707,119858,976785,2574
OF2,512,CauchyDensity,08-07,497734950510350,611454,475055,136399,1036648,2999
OF2,512,CauchyDensity,08-09,11837444998074,480572,369215,111357,1210578,3357
OF2,512,CauchyDensity,08-10,70685358705244,630413,420779,209634,1221380,3003
OF2,512,CauchyDensity,09-06,67793637984629,463092,363310,99782,1056190,3547
OF2,512,CauchyDensity,09-07,577123651826038,519559,399730,119829,1000171,2623
OF2,512,CauchyDensity,10-01,316859738525022,451186,360450,90736,1054552,3539
OF2,512,CauchyDensity,10-02,1111441457166119,471856,361057,110799,1004540,1246
OF2,512,CauchyDensity,10-05,143698595511530,383461,283001,100460,966415,1796
OF2,512,CauchyDensity,10-06,38148766013279,359508,245243,114265,1001959,1932
OF2,512,CauchyDensity,10-07,348038312101464,559428,451915,107513,1012635,3577
OF2,512,CauchyDensity,10-09,59125005296570,881104,740139,140965,1442455,6026
OF2,512,ClassicImages,01-05,33540929946563,1344876,1219050,125826,1065114,4203
OF2,512,ClassicImages,01-06,74442809582847,1286641,1173504,113137,1052072,6021
OF2,512,ClassicImages,01-07,55067656836775,1027711,914996,112715,1070569,3400
OF2,512,ClassicImages,01-09,109379527152160,863919,747360,116559,1054682,3438
OF2,512,ClassicImages,02-01,40298309146419,1021101,892037,129064,1071972,3273
OF2,512,ClassicImages,02-05,8364304470776,465975,341632,124343,1239751,2770
OF2,512,ClassicImages,02-06,10539823847112,615137,503077,112060,1215106,4899
OF2,512,ClassicImages,02-07,9410610562760,535308,426439,108869,1216406,1868
OF2,512,ClassicImages,02-09,53024243186357,1748869,1612850,136019,1090966,5576
OF2,512,ClassicImages,03-01,48249425932377,692757,574956,117801,1077478,4296
OF2,512,ClassicImages,03-02,22683272476500,784971,654563,130408,1144861,2886
OF2,512,ClassicImages,03-04,16912283094940,492978,385556,107422,1176381,3744
OF2,512,ClassicImages,03-05,19659188103048,578618,467249,111369,1171440,3624
OF2,512,ClassicImages,03-06,30116687446046,582042,467912,114130,1071338,2558
OF2,512,ClassicImages,03-07,33189720767358,624484,494422,130062,1042934,2942
OF2,512,ClassicImages,03-09,80590249209769,652456,529448,123008,1086138,2668
OF2,512,ClassicImages,03-10,53415763770798,406148,277013,129135,1015257,2015
OF2,512,ClassicImages,04-01,25959762953825,1026122,894688,131434,1150809,7195
OF2,512,ClassicImages,04-02,8877474355826,484118,372720,111398,1243040,3183
OF2,512,ClassicImages,04-05,11816205801560,577705,447915,129790,1204160,4008
OF2,512,ClassicImages,04-06,21817622368624,466422,345135,121287,1056576,2536
OF2,512,ClassicImages,04-07,22910475806760,1219644,1091365,128279,1067566,4127
OF2,512,ClassicImages,04-09,72314003621159,797514,674625,122889,1065106,2923
OF2,512,ClassicImages,04-10,40377409687664,502254,386950,115304,1017270,3392
OF2,512,ClassicImages,05-06,17613004753514,537382,420644,116738,1090231,3762
OF2,512,ClassicImages,05-07,10428868980532,790950,664351,126599,1195676,3585
OF2,512,ClassicImages,05-09,45415312003947,465891,344748,121143,1104419,2328
OF2,512,ClassicImages,07-06,14923343431364,478077,358815,119262,1052839,2401
OF2,512,ClassicImages,08-01,38189159353821,1006761,784179,222582,1043365,4393
OF2,512,ClassicImages,08-02,12908932445198,485854,266261,219593,1206204,1600
OF2,512,ClassicImages,08-03,22472249243354,484652,271074,213578,1146533,2070
OF2,512,ClassicImages,08-04,10524350278246,547450,336625,210825,1234575,2969
OF2,512,ClassicImages,08-05,19041013025908,471337,314229,157108,1138836,2192
OF2,512,ClassicImages,08-06,21612416933580,503259,388814,114445,1129367,1717
OF2,512,ClassicImages,08-07,21402169421794,1002533,882456,120077,1131271,1989
OF2,512,ClassicImages,08-09,92196890004611,687775,562085,125690,1052896,5020
OF2,512,ClassicImages,08-10,30781786310878,815390,598337,217053,1047045,6366
OF2,512,ClassicImages,09-06,51969118676215,529246,413503,115743,1039799,3131
OF2,512,ClassicImages,09-07,43387523617105,2460238,2248358,211880,1081592,4619
OF2,512,ClassicImages,10-01,85452294488947,1112111,975499,136612,1044044,4550
OF2,512,ClassicImages,10-02,25298866570838,613973,514314,99659,1096100,5653
OF2,512,ClassicImages,10-05,40443764216196,811691,687432,124259,997138,2679
OF2,512,ClassicImages,10-06,29237160446926,627724,505199,122525,1040733,4785
OF2,512,ClassicImages,10-07,31408452369436,1960833,1846872,113961,1024211,2748
OF2,512,ClassicImages,10-09,112116078093385,664572,557324,107248,1017337,4643
OF2,512,GRFmoderate,01-05,23063093409302,421845,299720,122125,1036088,2716
OF2,512,GRFmoderate,01-06,18129504687488,536281,417271,119010,1144117,3845
OF2,512,GRFmoderate,01-07,19650422456475,449700,330308,119392,1008966,3170
OF2,512,GRFmoderate,01-09,19432653341558,502089,385948,116141,1053961,3940
OF2,512,GRFmoderate,02-01,61217751482565,470339,347197,123142,1011198,2246
OF2,512,GRFmoderate,02-05,36207444756491,585902,455317,130585,1055523,3622
OF2,512,GRFmoderate,02-06,41738003561701,444288,328299,115989,1014927,2463
OF2,512,GRFmoderate,02-07,40524574506576,474345,350979,123366,1021288,2601
OF2,512,GRFmoderate,02-09,39915968267607,557838,427989,129849,1054556,3565
OF2,512,GRFmoderate,03-01,20136616489124,645614,521584,124030,1109767,5144
OF2,512,GRFmoderate,03-02,57693077429681,460532,353040,107492,1008498,3086
OF2,512,GRFmoderate,03-04,15895317334104,606467,498167,108300,1176080,4789
OF2,512,GRFmoderate,03-05,25632616415742,542755,420071,122684,1061633,4088
OF2,512,GRFmoderate,03-06,27088018161216,585829,473908,111921,1032690,5056
OF2,512,GRFmoderate,03-07,21551726887499,683913,553560,130353,1075551,6097
OF2,512,GRFmoderate,03-09,19796278547590,382745,251240,131505,1019408,2025
OF2,512,GRFmoderate,03-10,16371726774795,416792,312576,104216,1097923,2653
OF2,512,GRFmoderate,04-01,24513771944592,442715,322827,119888,1056319,2476
OF2,512,GRFmoderate,04-02,40163642917863,361394,261886,99508,1009594,2300
OF2,512,GRFmoderate,04-05,27122366620618,522770,409181,113589,1069496,3849
OF2,512,GRFmoderate,04-06,21935403593574,506457,387290,119167,1130254,3440
OF2,512,GRFmoderate,04-07,12911416954211,900472,778452,122020,1231747,8430
OF2,512,GRFmoderate,04-09,28957761612662,513504,406742,106762,1047583,3881
OF2,512,GRFmoderate,04-10,9598324529835,411003,285768,125235,1197803,2376
OF2,512,GRFmoderate,05-06,9890018002688,446807,348329,98478,1243503,2994
OF2,512,GRFmoderate,05-07,9802493046535,583416,454662,128754,1242831,4562
OF2,512,GRFmoderate,05-09,13976504365746,548254,444635,103619,1176956,4639
OF2,512,GRFmoderate,07-06,13424655939371,489089,373044,116045,1161315,4806
OF2,512,GRFmoderate,08-01,10168883282211,696513,470285,226228,1230688,4317
OF2,512,GRFmoderate,08-02,35734520961938,489825,260141,229684,1032816,2034
OF2,512,GRFmoderate,08-03,16069441661923,677150,450742,226408,1097481,4466
OF2,512,GRFmoderate,08-04,12622256564061,809194,582963,226231,1196687,6236
OF2,512,GRFmoderate,08-05,14905350310953,420318,317108,103210,1130499,2706
OF2,512,GRFmoderate,08-06,13194667334653,573474,446650,126824,1179147,4299
OF2,512,GRFmoderate,08-07,10634124656442,681175,531117,150058,1247374,5095
OF2,512,GRFmoderate,08-09,14681453212549,488018,364171,123847,1199214,3179
OF2,512,GRFmoderate,08-10,10987804489408,724224,510247,213977,1215734,5308
OF2,512,GRFmoderate,09-06,25168048556942,434628,328349,106279,1039697,3355
OF2,512,GRFmoderate,09-07,16670137175951,504103,396336,107767,1159253,3784
OF2,512,GRFmoderate,10-01,24421852052101,510769,390252,120517,1058402,3299
OF2,512,GRFmoderate,10-02,26745176407088,364002,254903,109099,1013381,2200
OF2,512,GRFmoderate,10-05,15923683991083,490170,357236,132934,1191608,2961
OF2,512,GRFmoderate,10-06,15346311380871,471402,345211,126191,1169311,2718
OF2,512,GRFmoderate,10-07,13234124944334,450888,322612,128276,1171589,2795
OF2,512,GRFmoderate,10-09,19067320710305,683183,536123,147060,1212126,5043
OF2,512,GRFrough,01-05,3462109844718,680143,555720,124423,1336821,5457
OF2,512,GRFrough,01-06,1333002638486,577779,462356,115423,1337718,4509
OF2,512,GRFrough,01-07,3368298379050,476391,364704,111687,1386301,3074
OF2,512,GRFrough,01-09,3845366902114,536799,409666,127133,1288425,3711
OF2,512,GRFrough,02-01,2753079212257,676697,532661,144036,1329495,4151
OF2,512,GRFrough,02-05,1585305597779,522687,381344,141343,1335018,3414
OF2,512,GRFrough,02-06,2254074557645,558896,438067,120829,1330372,3526
OF2,512,GRFrough,02-07,3435313610013,632425,527584,104841,1374555,5229
OF2,512,GRFrough,02-09,1265066386531,503760,369290,134470,1357574,3184
OF2,512,GRFrough,03-01,3117582774592,451060,325524,125536,1336634,2588
OF2,512,GRFrough,03-02,4503340859175,484214,347202,137012,1330131,2506
OF2,512,GRFrough,03-04,4728270606898,684796,565783,119013,1347224,5231
OF2,512,GRFrough,03-05,5439165572496,621980,508277,113703,1320415,4966
OF2,512,GRFrough,03-06,2408565265064,553861,429747,124114,1376208,3738
OF2,512,GRFrough,03-07,3796834720838,486165,370095,116070,1332119,3189
OF2,512,GRFrough,03-09,5622359048066,634337,518522,115815,1314325,4892
OF2,512,GRFrough,03-10,4969255832468,665267,532742,132525,1304888,5039
OF2,512,GRFrough,04-01,2264190139794,557883,428797,129086,1349471,3811
OF2,512,GRFrough,04-02,1015061932705,381548,267852,113696,1306141,2085
OF2,512,GRFrough,04-05,1364260449928,530916,409324,121592,1355950,3701
OF2,512,GRFrough,04-06,2014116367684,547448,421072,126376,1369225,3669
OF2,512,GRFrough,04-07,3259481731942,464193,337467,126726,1359740,2602
OF2,512,GRFrough,04-09,1461196408898,454677,340240,114437,1376427,2747
OF2,512,GRFrough,04-10,4401904169546,482861,365647,117214,1311878,3147
OF2,512,GRFrough,05-06,3158352973368,576892,444147,132745,1346553,3694
OF2,512,GRFrough,05-07,4423302974916,635468,481558,153910,1345834,4584
OF2,512,GRFrough,05-09,1670147951500,906900,768504,138396,1399588,8729
OF2,512,GRFrough,07-06,2461652740614,385984,271209,114775,1346275,2832
OF2,512,GRFrough,08-01,2519825237370,586966,348400,238566,1328427,2929
OF2,512,GRFrough,08-02,2229560945427,731187,507333,223854,1342955,4457
OF2,512,GRFrough,08-03,4804179006050,582939,355906,227033,1321469,2938
OF2,512,GRFrough,08-04,1441940418656,634852,399874,234978,1373423,3293
OF2,512,GRFrough,08-05,2735356540140,585233,446512,138721,1350955,4054
OF2,512,GRFrough,08-06,2638687975928,415828,297013,118815,1327714,2261
OF2,512,GRFrough,08-07,5410956306432,619064,493754,125310,1308196,4969
OF2,512,GRFrough,08-09,2020142364546,570612,430315,140297,1377771,3494
OF2,512,GRFrough,08-10,6756719344098,712384,479556,232828,1277942,4428
OF2,512,GRFrough,09-06,3306371205714,582101,467670,114431,1339808,4378
OF2,512,GRFrough,09-07,4388848129826,695344,585554,109790,1363321,5503
OF2,512,GRFrough,10-01,4147888463544,507238,382583,124655,1353083,3273
OF2,512,GRFrough,10-02,6295352897097,496922,380894,116028,1277898,3314
OF2,512,GRFrough,10-05,5584849030418,495342,374933,120409,1322887,3007
OF2,512,GRFrough,10-06,3477740307692,619620,492213,127407,1363368,4405
OF2,512,GRFrough,10-07,3172614500438,567883,434102,133781,1380208,3594
OF2,512,GRFrough,10-09,7807087122278,448346,343864,104482,1288059,2664
OF2,512,GRFsmooth,01-05,119025757757842,481249,352177,129072,1010017,3409
OF2,512,GRFsmooth,01-06,144596198942281,613769,475144,138625,1013445,3739
OF2,512,GRFsmooth,01-07,121558386118051,451540,326173,125367,995713,2711
OF2,512,GRFsmooth,01-09,59482086975841,529065,406113,122952,1021168,3795
OF2,512,GRFsmooth,02-01,121236660260776,530438,387245,143193,1007659,2185
OF2,512,GRFsmooth,02-05,107681131935542,581256,439649,141607,1011761,4230
OF2,512,GRFsmooth,02-06,373844561601531,560972,447778,113194,1007026,2429
OF2,512,GRFsmooth,02-07,290875016460217,633611,523586,110025,1028414,3844
OF2,512,GRFsmooth,02-09,232312618677801,516938,372773,144165,1025013,1893
OF2,512,GRFsmooth,03-01,83575263394954,510896,392471,118425,1013793,3213
OF2,512,GRFsmooth,03-02,243188110997470,722034,596566,125468,1021891,5119
OF2,512,GRFsmooth,03-04,116608861553611,405872,278360,127512,998975,2508
OF2,512,GRFsmooth,03-05,133449047083764,559774,431537,128237,1019517,3554
OF2,512,GRFsmooth,03-06,53086639019787,661612,543035,118577,1037984,5731
OF2,512,GRFsmooth,03-07,19729773348857,640474,535837,104637,1036149,4446
OF2,512,GRFsmooth,03-09,90851940628325,366884,263061,103823,1011538,2132
OF2,512,GRFsmooth,03-10,95350939627288,519129,417288,101841,1095760,3856
OF2,512,GRFsmooth,04-01,55131358880447,458759,351243,107516,994540,2149
OF2,512,GRFsmooth,04-02,146084404578975,507565,394152,113413,1030668,2520
OF2,512,GRFsmooth,04-05,185346085900983,481245,368527,112718,1017569,2976
OF2,512,GRFsmooth,04-06,206992011802140,382544,275257,107287,969479,1623
OF2,512,GRFsmooth,04-07,105517174454968,470094,364523,105571,971847,3247
OF2,512,GRFsmooth,04-09,27189549452562,704783,582253,122530,1235292,5087
OF2,512,GRFsmooth,04-10,316030456097865,469520,347060,122460,998011,3704
OF2,512,GRFsmooth,05-06,193349998966625,620439,482361,138078,1023620,3395
OF2,512,GRFsmooth,05-07,182348514325097,496862,359920,136942,992220,1972
OF2,512,GRFsmooth,05-09,224057867096897,612595,472205,140390,1039932,3445
OF2,512,GRFsmooth,07-06,75296489544914,401850,294996,106854,998013,2751
OF2,512,GRFsmooth,08-01,94299697951426,583468,375217,208251,1010857,2859
OF2,512,GRFsmooth,08-02,254233369407554,626252,414350,211902,1027185,2396
OF2,512,GRFsmooth,08-03,133690880254696,566838,363482,203356,1048549,3509
OF2,512,GRFsmooth,08-04,44327325536223,558774,361206,197568,1030768,3039
OF2,512,GRFsmooth,08-05,297872167754662,413200,308262,104938,975570,1712
OF2,512,GRFsmooth,08-06,185752920261539,393786,256298,137488,1015511,1931
OF2,512,GRFsmooth,08-07,125256890548677,447395,297224,150171,997092,2559
OF2,512,GRFsmooth,08-09,23981717954149,629570,483594,145976,1093062,4613
OF2,512,GRFsmooth,08-10,380265244412244,508066,326355,181711,1059410,2873
OF2,512,GRFsmooth,09-06,134707156859552,328424,217829,110595,996486,1860
OF2,512,GRFsmooth,09-07,80140404335114,381198,257744,123454,963942,2241
OF2,512,GRFsmooth,10-01,222529702771722,465672,348118,117554,998380,2924
OF2,512,GRFsmooth,10-02,363767030554614,779865,663438,116427,1024842,6139
OF2,512,GRFsmooth,10-05,117688401220180,434164,318547,115617,974777,2301
OF2,512,GRFsmooth,10-06,96042930271765,466745,344432,122313,1011021,2514
OF2,512,GRFsmooth,10-07,126859971977235,480778,375829,104949,1007343,3743
OF2,512,GRFsmooth,10-09,282280759783723,364899,255562,109337,1035408,2328
OF2,512,LogGRF,01-05,311702245536465,1714657,1528455,186202,1009312,3419
OF2,512,LogGRF,01-06,291725847005751,3534693,3349370,185323,1039733,5578
OF2,512,LogGRF,01-07,454034186245927,2117486,1966052,151434,1055957,6092
OF2,512,LogGRF,01-09,405443691225189,2401125,2245709,155416,1028394,3217
OF2,512,LogGRF,02-01,249646972574142,2207098,1874673,332425,1032171,3532
OF2,512,LogGRF,02-05,291991076519249,548830,429627,119203,1012487,2982
OF2,512,LogGRF,02-06,534107945988077,1265856,1161059,104797,1048167,3310
OF2,512,LogGRF,02-07,253059862735551,1899183,1556474,342709,1025166,1874
OF2,512,LogGRF,02-09,478751855866447,730442,600871,129571,1019020,4227
OF2,512,LogGRF,03-01,186943947243870,688393,571411,116982,995033,2635
OF2,512,LogGRF,03-02,539499683091012,2748259,2642777,105482,1011254,2260
OF2,512,LogGRF,03-04,157174151649292,1053672,926824,126848,1018737,3352
OF2,512,LogGRF,03-05,211342257742223,1348101,1193245,154856,1012744,3739
OF2,512,LogGRF,03-06,148070817688285,681252,501392,179860,1010371,2919
OF2,512,LogGRF,03-07,551549953914401,6776873,6606856,170017,1033799,4925
OF2,512,LogGRF,03-09,209750544407475,2330212,2157789,172423,993788,2498
OF2,512,LogGRF,03-10,476785686209410,1484231,1393446,90785,1020088,3130
OF2,512,LogGRF,04-01,488926553082860,1159713,980239,179474,1018788,2984
OF2,512,LogGRF,04-02,750771434014184,550021,444401,105620,1060078,2400
OF2,512,LogGRF,04-05,240534153510351,1184534,1077159,107375,1004918,3009
OF2,512,LogGRF,04-06,86337049033605,766162,639412,126750,1009291,2614
OF2,512,LogGRF,04-07,636166871634067,947623,823696,123927,1032008,2037
OF2,512,LogGRF,04-09,134820227948215,828023,724964,103059,1001140,3246
OF2,512,LogGRF,04-10,363427814133194,581738,467572,114166,1030028,4013
OF2,512,LogGRF,05-06,230150087512670,1113245,997983,115262,1025263,4308
OF2,512,LogGRF,05-07,211462121231696,490649,374121,116528,1022218,2928
OF2,512,LogGRF,05-09,92538999610810,3357793,3239806,117987,1012348,3928
OF2,512,LogGRF,07-06,495555019332860,480833,367940,112893,1044920,2793
OF2,512,LogGRF,08-01,143967172200025,911020,750971,160049,1010118,2641
OF2,512,LogGRF,08-02,131708576995635,683530,497574,185956,1031819,3277
OF2,512,LogGRF,08-03,249603236151937,2952969,2625693,327276,1016118,4247
OF2,512,LogGRF,08-04,403224813792969,733052,624318,108734,1020446,2563
OF2,512,LogGRF,08-05,115275174031220,1634384,1535568,98816,992762,2501
OF2,512,LogGRF,08-06,234332448572986,1339446,1207812,131634,1012250,3622
OF2,512,LogGRF,08-07,169234405997492,1187117,1048119,138998,1014836,5738
OF2,512,LogGRF,08-09,193238957212854,2054276,1865241,189035,998316,3894
OF2,512,LogGRF,08-10,624841191278337,5335306,5189901,145405,1023333,4290
OF2,512,LogGRF,09-06,136503012550628,2270134,2152791,117343,998355,5125
OF2,512,LogGRF,09-07,263107842412730,778635,664376,114259,1028656,2127
OF2,512,LogGRF,10-01,896968042072576,1003354,898421,104933,1066848,6639
OF2,512,LogGRF,10-02,1025044034749606,608659,496011,112648,1046615,4435
OF2,512,LogGRF,10-05,353345528231675,1228757,1110963,117794,1027963,5856
OF2,512,LogGRF,10-06,501210460691735,482810,390391,92419,1054641,3741
OF2,512,LogGRF,10-07,551550854318239,8173424,7913552,259872,1068931,6159
OF2,512,LogGRF,10-09,200708603920951,1127599,1006597,121002,1020446,3080
OF2,512,LogitGRF,01-05,192732260229939,480125,361577,118548,1071390,2927
OF2,512,LogitGRF,01-06,102810356676323,524591,419994,104597,1059382,2277
OF2,512,LogitGRF,01-07,50391935891551,1029333,865912,163421,1098235,3724
OF2,512,LogitGRF,01-09,85696153874649,757370,637433,119937,1049971,3164
OF2,512,LogitGRF,02-01,122530163567369,1540721,1401487,139234,1049955,2816
OF2,512,LogitGRF,02-05,46654597131712,480611,374953,105658,1058530,3873
OF2,512,LogitGRF,02-06,52062346681316,405673,304883,100790,1034983,2740
OF2,512,LogitGRF,02-07,96760274146146,521677,405432,116245,1029958,3535
OF2,512,LogitGRF,02-09,97565446281134,780123,656257,123866,1081595,6799
OF2,512,LogitGRF,03-01,69171576816067,1927407,1812157,115250,1100423,4671
OF2,512,LogitGRF,03-02,61287505355190,499665,389776,109889,1069873,4059
OF2,512,LogitGRF,03-04,71474690779690,2186088,2081012,105076,1076137,2326
OF2,512,LogitGRF,03-05,116102629541646,492609,387461,105148,1033562,3813
OF2,512,LogitGRF,03-06,69750264511846,527722,415905,111817,1028094,4110
OF2,512,LogitGRF,03-07,44611353265566,658921,555096,103825,1034863,4802
OF2,512,LogitGRF,03-09,48541328862618,349636,233977,115659,1007222,1746
OF2,512,LogitGRF,03-10,133076834398376,381327,272527,108800,1018954,2692
OF2,512,LogitGRF,04-01,120363410326785,2586268,2368773,217495,1052705,3880
OF2,512,LogitGRF,04-02,22317331221930,581906,465896,116010,1053056,3065
OF2,512,LogitGRF,04-05,55199697699232,485625,360243,125382,1030224,3519
OF2,512,LogitGRF,04-06,75091902416326,1001986,869728,132258,1037940,2553
OF2,512,LogitGRF,04-07,100560599669004,1538657,1398636,140021,1039418,3234
OF2,512,LogitGRF,04-09,107454282905016,396570,297865,98705,1025100,1955
OF2,512,LogitGRF,04-10,116619795145372,1511411,1359735,151676,1050599,5837
OF2,512,LogitGRF,05-06,71829139064992,502891,383055,119836,1032765,3466
OF2,512,LogitGRF,05-07,134473483868306,2578596,2419929,158667,1042298,5027
OF2,512,LogitGRF,05-09,170936783567854,1138292,997657,140635,1061027,4639
OF2,512,LogitGRF,07-06,78480446886376,612342,507177,105165,1018571,2060
OF2,512,LogitGRF,08-01,124616798088475,3122211,2913676,208535,1025703,4793
OF2,512,LogitGRF,08-02,51447468658782,599149,370747,228402,1053433,2890
OF2,512,LogitGRF,08-03,54551814199220,509156,288544,220612,992701,2270
OF2,512,LogitGRF,08-04,73996413213968,594644,373866,220778,1013811,2729
OF2,512,LogitGRF,08-05,110917598560028,468275,360024,108251,1049096,2422
OF2,512,LogitGRF,08-06,66990700840528,939541,828293,111248,998498,2050
OF2,512,LogitGRF,08-07,102876409878522,2095279,1973451,121828,1010079,5495
OF2,512,LogitGRF,08-09,47469494692644,1227301,1047866,179435,1022914,4005
OF2,512,LogitGRF,08-10,78025003838746,790810,575234,215576,1025316,3352
OF2,512,LogitGRF,09-06,62467133555908,1292931,1181483,111448,1009431,3809
OF2,512,LogitGRF,09-07,62469150605224,618430,497214,121216,1008684,5823
OF2,512,LogitGRF,10-01,179743101726299,503657,375403,128254,1059989,3251
OF2,512,LogitGRF,10-02,68926957551144,1053856,932424,121432,1012158,2251
OF2,512,LogitGRF,10-05,92619655542716,2740309,2623830,116479,1036036,3493
OF2,512,LogitGRF,10-06,38367957111586,500321,383000,117321,1036851,2563
OF2,512,LogitGRF,10-07,159917965401364,1516797,1366729,150068,1013852,2882
OF2,512,LogitGRF,10-09,124516976750156,1602750,1489097,113653,1017906,2606
OF2,512,MicroscopyImages,01-05,308764681417311,2092715,1810708,282007,558207,6083
OF2,512,MicroscopyImages,01-06,297921233280250,5083302,4623763,459539,689576,6739
OF2,512,MicroscopyImages,01-07,559803501502759,2364282,2134427,229855,450172,6041
OF2,512,MicroscopyImages,01-09,675048514538137,2507074,2205772,301302,444418,5610
OF2,512,MicroscopyImages,02-01,15262432011039,1818061,1643024,175037,768704,5684
OF2,512,MicroscopyImages,02-05,236026078129874,3968861,3585600,383261,715787,5840
OF2,512,MicroscopyImages,02-06,225150088896241,2046206,1804900,241306,860595,3851
OF2,512,MicroscopyImages,02-07,467795399402390,2265497,1907138,358359,544983,5803
OF2,512,MicroscopyImages,02-09,562850530810586,3659724,3332013,327711,592336,5320
OF2,512,MicroscopyImages,03-01,166503798051302,984482,763962,220520,434976,7256
OF2,512,MicroscopyImages,03-02,132156093185497,1219453,1049344,170109,563623,6953
OF2,512,MicroscopyImages,03-04,28947605261192,1227181,984199,242982,506834,5404
OF2,512,MicroscopyImages,03-05,235242146332743,1460654,1200555,260099,464173,7525
OF2,512,MicroscopyImages,03-06,228711609922256,1590896,1376220,214676,568844,6753
OF2,512,MicroscopyImages,03-07,300712299136361,865458,665094,200364,340635,5586
OF2,512,MicroscopyImages,03-09,581391041625769,1163164,929874,233290,357908,5991
OF2,512,MicroscopyImages,03-10,529041672418835,2761441,2543048,218393,505316,7233
OF2,512,MicroscopyImages,04-01,188365590323630,4072047,3750155,321892,605455,7290
OF2,512,MicroscopyImages,04-02,130591390370115,3052687,2834922,217765,746831,6601
OF2,512,MicroscopyImages,04-05,154580233153557,1921848,1690606,231242,624802,6233
OF2,512,MicroscopyImages,04-06,148096644450298,2334591,2136706,197885,766241,7444
OF2,512,MicroscopyImages,04-07,232383463123045,1500711,1262260,238451,488002,6491
OF2,512,MicroscopyImages,04-09,433239296266531,2101839,1850344,251495,512639,6174
OF2,512,MicroscopyImages,04-10,381216198299539,5025561,4797005,228556,692949,7668
OF2,512,MicroscopyImages,05-06,1667592454357,486488,362748,123740,808278,5322
OF2,512,MicroscopyImages,05-07,139699675002494,491923,357294,134629,424284,5250
OF2,512,MicroscopyImages,05-09,136024395216240,1396748,1200396,196352,464722,6337
OF2,512,MicroscopyImages,07-06,138470475503053,702658,564243,138415,537715,5947
OF2,512,MicroscopyImages,08-01,460217584947628,3737356,3409448,327908,580567,6838
OF2,512,MicroscopyImages,08-02,372364845454497,3828978,3523380,305598,732153,5569
OF2,512,MicroscopyImages,08-03,248711869759522,1772606,1596600,176006,487370,7756
OF2,512,MicroscopyImages,08-04,174403838789004,2664078,2428994,235084,651191,8655
OF2,512,MicroscopyImages,08-05,100591206795023,1193669,1014958,178711,595939,7676
OF2,512,MicroscopyImages,08-06,97365660244250,1207311,1040527,166784,729426,7876
OF2,512,MicroscopyImages,08-07,13701425637203,582652,445058,137594,467649,5348
OF2,512,MicroscopyImages,08-09,171200991521203,1553050,1280863,272187,474660,6159
OF2,512,MicroscopyImages,08-10,161373555791969,1815808,1633515,182293,632067,7663
OF2,512,MicroscopyImages,09-06,133024917094447,2369394,2064628,304766,582682,6023
OF2,512,MicroscopyImages,09-07,201288386627246,549509,414584,134925,330605,5335
OF2,512,MicroscopyImages,10-01,595153612395799,3863048,3382897,480151,607710,6142
OF2,512,MicroscopyImages,10-02,486626126748052,7143901,6780919,362982,769836,6896
OF2,512,MicroscopyImages,10-05,109981401910938,1858783,1699258,159525,617275,7487
OF2,512,MicroscopyImages,10-06,106469448990035,2414624,2179056,235568,747358,5979
OF2,512,MicroscopyImages,10-07,204109644669890,647736,498809,148927,470149,5837
OF2,512,MicroscopyImages,10-09,9807801715392,998468,830836,167632,550519,6127
OF2,512,Shapes,01-05,63306138418142,1560343,1430377,129966,858374,7060
OF2,512,Shapes,01-06,317546696400000,350116,251330,98786,1345190,820
OF2,512,Shapes,01-07,173969950805309,514727,418346,96381,804720,3047
OF2,512,Shapes,01-09,47659020400000,448349,345120,103229,1560998,817
OF2,512,Shapes,02-01,161071759360000,171968,84617,87351,580514,163
OF2,512,Shapes,02-05,209223792810186,579553,469567,109986,423426,4318
OF2,512,Shapes,02-06,252158409824000,172438,79194,93244,452091,965
OF2,512,Shapes,02-07,158776701876487,501337,395528,105809,502845,1649
OF2,512,Shapes,02-09,190851950080000,251571,171329,80242,422625,1006
OF2,512,Shapes,03-01,6240494400000,310108,188051,122057,1862730,1028
OF2,512,Shapes,03-02,164965580800000,262539,171879,90660,514113,1091
OF2,512,Shapes,03-04,93484802943856,233398,151123,82275,557932,1785
OF2,512,Shapes,03-05,67817958194028,426895,323008,103887,727585,6470
OF2,512,Shapes,03-06,321514048400000,294058,195087,98971,1594003,928
OF2,512,Shapes,03-07,178283237906629,494443,383334,111109,621500,5219
OF2,512,Shapes,03-09,51897212800000,223741,136910,86831,1220152,931
OF2,512,Shapes,03-10,21912254747596,402925,298605,104320,599345,2338
OF2,512,Shapes,04-01,89337320907720,293375,195309,98066,755742,1120
OF2,512,Shapes,04-02,20160745368042,143655,53514,90141,504070,603
OF2,512,Shapes,04-05,120887395687812,419612,297967,121645,512092,2631
OF2,512,Shapes,04-06,232964790332672,337262,235901,101361,488098,1158
OF2,512,Shapes,04-07,123307146956027,221048,131293,89755,562356,1253
OF2,512,Shapes,04-09,126857647772142,557718,453821,103897,514485,3808
OF2,512,Shapes,04-10,134475148456314,433167,326033,107134,579367,902
OF2,512,Shapes,05-06,356618507634966,613716,497994,115722,626319,3489
OF2,512,Shapes,05-07,210262486806611,887568,764011,123557,545922,4451
OF2,512,Shapes,05-09,112311909667902,692854,579227,113627,714362,6929
OF2,512,Shapes,07-06,681934796587195,756180,638835,117345,549117,1881
OF2,512,Shapes,08-01,107826964238232,3288773,3099853,188920,735977,7036
OF2,512,Shapes,08-02,40741434148854,358899,184958,173941,375649,2692
OF2,512,Shapes,08-03,111286291557858,993447,823421,170026,500536,5307
OF2,512,Shapes,08-04,20563840033018,605307,429657,175650,515945,3909
OF2,512,Shapes,08-05,97259928872766,202920,89329,113591,439054,636
OF2,512,Shapes,08-06,254609959687798,589814,478464,111350,468548,4941
OF2,512,Shapes,08-07,141878444413843,605917,488930,116987,495678,3911
OF2,512,Shapes,08-09,143212717734596,685758,588957,96801,485870,4256
OF2,512,Shapes,08-10,152260121849300,695524,496987,198537,496013,4059
OF2,512,Shapes,09-06,351533379200000,404435,297965,106470,1468754,2463
OF2,512,Shapes,09-07,213906607920349,561605,451083,110522,569299,4400
OF2,512,Shapes,10-01,17039760565974,362645,255082,107563,828956,1064
OF2,512,Shapes,10-02,212853418508012,205077,112989,92088,475824,1411
OF2,512,Shapes,10-05,77120818896652,643111,507841,135270,533041,3122
OF2,512,Shapes,10-06,363302408965014,827207,706396,120811,569561,4310
OF2,512,Shapes,10-07,214170632398355,389013,281075,107938,596168,1915
OF2,512,Shapes,10-09,54041381610780,396711,303600,93111,541455,2437
OF2,512,WhiteNoise,01-05,27169215983,622803,524073,98730,1089903,4695
OF2,512,WhiteNoise,01-06,29799948765,750496,650704,99792,1181172,5946
OF2,512,WhiteNoise,01-07,26343852146,748951,642309,106642,1102560,5247
OF2,512,WhiteNoise,01-09,28018311165,994409,893704,100705,1158440,7970
OF2,512,WhiteNoise,02-01,29801218875,873745,772608,101137,1178552,7545
OF2,512,WhiteNoise,02-05,30792440806,827852,691104,136748,1217470,6366
OF2,512,WhiteNoise,02-06,31446219110,974065,864155,109910,1210664,8693
OF2,512,WhiteNoise,02-07,31438883731,643027,530913,112114,1233386,4126
OF2,512,WhiteNoise,02-09,31931803272,913102,753784,159318,1241214,6818
OF2,512,WhiteNoise,03-01,33575949565,936078,827242,108836,1270460,7303
OF2,512,WhiteNoise,03-02,29241833444,573757,473474,100283,1118526,4219
OF2,512,WhiteNoise,03-04,32902160187,1259443,1127942,131501,1344212,11257
OF2,512,WhiteNoise,03-05,28176352064,622365,509421,112944,1127088,5450
OF2,512,WhiteNoise,03-06,30069996806,626442,529365,97077,1135719,5131
OF2,512,WhiteNoise,03-07,31555860305,906491,808299,98192,1221089,7228
OF2,512,WhiteNoise,03-09,39878152826,1053973,922788,131185,1496951,7221
OF2,512,WhiteNoise,03-10,28191675861,770518,647655,122863,1126922,6664
OF2,512,WhiteNoise,04-01,26521754132,599960,502194,97766,1051598,4751
OF2,512,WhiteNoise,04-02,31630700077,843620,735174,108446,1231620,7103
OF2,512,WhiteNoise,04-05,33094678215,990178,868233,121945,1286634,8040
OF2,512,WhiteNoise,04-06,32246103611,672446,556766,115680,1246940,5025
OF2,512,WhiteNoise,04-07,25166050724,524796,428919,95877,1021284,4277
OF2,512,WhiteNoise,04-09,30704807819,872418,749848,122570,1200215,6741
OF2,512,WhiteNoise,04-10,28864211608,581174,475942,105232,1096085,4786
OF2,512,WhiteNoise,05-06,27840592500,598758,505136,93622,1098101,4712
OF2,512,WhiteNoise,05-07,28958525939,827571,721621,105950,1121220,6562
OF2,512,WhiteNoise,05-09,37856488676,1522588,1382233,140355,1501577,12145
OF2,512,WhiteNoise,07-06,27944530659,608488,501855,106633,1109348,5256
OF2,512,WhiteNoise,08-01,24825762773,607255,410625,196630,1035507,3515
OF2,512,WhiteNoise,08-02,32105064392,825212,613159,212053,1231599,5562
OF2,512,WhiteNoise,08-03,30890742892,1248430,1037770,210660,1268763,10427
OF2,512,WhiteNoise,08-04,25256761145,687923,475714,212209,1000932,5281
OF2,512,WhiteNoise,08-05,29013409840,924087,815645,108442,1189421,8114
OF2,512,WhiteNoise,08-06,29216983490,624940,462690,162250,1145115,4171
OF2,512,WhiteNoise,08-07,25262662805,650968,535096,115872,1007621,5209
OF2,512,WhiteNoise,08-09,32871132878,1513021,1387969,125052,1461961,10888
OF2,512,WhiteNoise,08-10,27439239929,754219,561530,192689,1068807,6106
OF2,512,WhiteNoise,09-06,42711679394,1294225,1168846,125379,1551547,11015
OF2,512,WhiteNoise,09-07,33469502589,1049812,926122,123690,1375900,8293
OF2,512,WhiteNoise,10-01,27996687558,1060048,946757,113291,1165547,8947
OF2,512,WhiteNoise,10-02,28849750581,655004,546039,108965,1113626,5387
OF2,512,WhiteNoise,10-05,29466055513,600145,493171,106974,1146906,4480
OF2,512,WhiteNoise,10-06,32525159481,724972,617100,107872,1323130,5308
OF2,512,WhiteNoise,10-07,26474066884,543994,428974,115020,1050398,3407
OF2,512,WhiteNoise,10-09,32547278305,778227,666402,111825,1256551,5454
OF3,32,CauchyDensity,01-02,509582395,61,56,5,1702,166
OF3,32,CauchyDensity,01-03,873134543,67,63,4,1586,195
OF3,32,CauchyDensity,01-04,533707125,72,59,13,1953,167
OF3,32,CauchyDensity,01-05,1428612311,33,29,4,1192,53
OF3,32,CauchyDensity,01-06,1606904908,70,62,8,1909,168
OF3,32,CauchyDensity,01-07,939354302,124,116,8,2595,366
OF3,32,CauchyDensity,01-08,829605141,147,133,14,2649,369
OF3,32,CauchyDensity,01-09,583820578,48,41,7,1818,92
OF3,32,CauchyDensity,01-10,1598134906,54,48,6,1521,123
OF3,32,CauchyDensity,02-04,362767942,47,40,7,1924,85
OF3,32,CauchyDensity,02-05,1253153406,28,26,2,1553,35
OF3,32,CauchyDensity,02-06,1294873279,39,33,6,1227,58
OF3,32,CauchyDensity,02-08,484190268,74,63,11,2623,169
OF3,32,CauchyDensity,02-09,633920857,48,38,10,1419,67
OF3,32,CauchyDensity,02-10,1295188237,35,29,6,1178,43
OF3,32,CauchyDensity,03-02,565636512,35,31,4,1325,52
OF3,32,CauchyDensity,03-04,406045590,35,28,7,1439,37
OF3,32,CauchyDensity,03-05,969186040,24,19,5,680,23
OF3,32,CauchyDensity,03-06,758427407,68,57,11,1869,133
OF3,32,CauchyDensity,03-08,350992658,55,46,9,2066,132
OF3,32,CauchyDensity,03-09,728214071,49,38,11,1647,72
OF3,32,CauchyDensity,03-10,730611005,56,43,13,1603,78
OF3,32,CauchyDensity,04-05,1071565730,38,36,2,1774,53
OF3,32,CauchyDensity,04-08,303858580,38,29,9,1518,57
OF3,32,CauchyDensity,04-10,1135409119,28,23,5,866,20
OF3,32,CauchyDensity,05-08,1050138000,30,24,6,1084,26
OF3,32,CauchyDensity,05-10,683517633,34,26,8,1138,29
OF3,32,CauchyDensity,06-04,1135008989,35,29,6,1112,41
OF3,32,CauchyDensity,06-05,763229671,38,30,8,1276,43
OF3,32,CauchyDensity,06-08,928543127,29,24,5,902,20
OF3,32,CauchyDensity,06-09,1411017516,36,30,6,966,39
OF3,32,CauchyDensity,06-10,153327876,53,42,11,2023,127
OF3,32,CauchyDensity,07-02,510767911,64,50,14,3029,157
OF3,32,CauchyDensity,07-03,430872527,36,28,8,1689,93
OF3,32,CauchyDensity,07-04,423439793,33,26,7,1443,55
OF3,32,CauchyDensity,07-05,1314329747,25,21,4,651,30
OF3,32,CauchyDensity,07-06,836523450,28,23,5,1059,29
OF3,32,CauchyDensity,07-08,266086367,29,21,8,1369,26
OF3,32,CauchyDensity,07-09,613533328,39,29,10,1934,46
OF3,32,CauchyDensity,07-10,824927136,30,25,5,1209,25
OF3,32,CauchyDensity,09-04,477301409,30,22,8,1168,30
OF3,32,CauchyDensity,09-05,1266404765,30,26,4,760,29
OF3,32,CauchyDensity,09-08,482474389,35,27,8,1595,31
OF3,32,CauchyDensity,09-10,1411417646,41,34,7,948,41
OF3,32,CauchyDensity,10-08,928943257,24,19,5,895,20
OF3,32,ClassicImages,01-02,258319795,43,31,12,1760,69
OF3,32,ClassicImages,01-03,310023556,33,23,10,1443,46
OF3,32,ClassicImages,01-04,208274376,40,30,10,1962,75
OF3,32,ClassicImages,01-05,245829059,37,28,9,1643,60
OF3,32,ClassicImages,01-06,370316108,39,29,10,1591,59
OF3,32,ClassicImages,01-07,280989545,45,35,10,1956,86
OF3,32,ClassicImages,01-08,222472679,69,53,16,2172,111
OF3,32,ClassicImages,01-09,403918210,46,38,8,1774,69
OF3,32,ClassicImages,01-10,348265937,57,41,16,2276,123
OF3,32,ClassicImages,02-04,105320729,38,29,9,1866,94
OF3,32,ClassicImages,02-05,111663666,31,22,9,1675,47
OF3,32,ClassicImages,02-06,126631797,37,27,10,1762,59
OF3,32,ClassicImages,02-08,145832232,41,33,8,1927,85
OF3,32,ClassicImages,02-09,310876861,53,44,9,1697,66
OF3,32,ClassicImages,02-10,200379612,48,38,10,2193,107
OF3,32,ClassicImages,03-02,190590447,39,30,9,1981,60
OF3,32,ClassicImages,03-04,160853976,42,33,9,1834,75
OF3,32,ClassicImages,03-05,166456271,49,40,9,2080,117
OF3,32,ClassicImages,03-06,233756294,55,44,11,1719,55
OF3,32,ClassicImages,03-08,203129131,44,33,11,1756,51
OF3,32,ClassicImages,03-09,348070300,39,31,8,1696,53
OF3,32,ClassicImages,03-10,303619147,46,37,9,1841,93
OF3,32,ClassicImages,04-05,128138199,39,30,9,1965,94
OF3,32,ClassicImages,04-08,131546471,54,44,10,2168,153
OF3,32,ClassicImages,04-10,257092567,56,44,12,2257,135
OF3,32,ClassicImages,05-08,165402782,37,26,11,1738,59
OF3,32,ClassicImages,05-10,255779012,53,43,10,2181,127
OF3,32,ClassicImages,06-04,199532592,45,34,11,1978,65
OF3,32,ClassicImages,06-05,162723901,34,24,10,1651,53
OF3,32,ClassicImages,06-08,204045907,47,36,11,1708,59
OF3,32,ClassicImages,06-09,345481766,34,26,8,1436,24
OF3,32,ClassicImages,06-10,206761251,48,34,14,1850,70
OF3,32,ClassicImages,07-02,124400988,49,39,10,2046,121
OF3,32,ClassicImages,07-03,224471383,40,31,9,2144,88
OF3,32,ClassicImages,07-04,176629457,45,36,9,1946,86
OF3,32,ClassicImages,07-05,124617964,34,24,10,1892,73
OF3,32,ClassicImages,07-06,155036647,45,33,12,1928,113
OF3,32,ClassicImages,07-08,174791352,72,61,11,2189,208
OF3,32,ClassicImages,07-09,267673597,52,43,9,1917,93
OF3,32,ClassicImages,07-10,228547682,57,42,15,1899,81
OF3,32,ClassicImages,09-04,323205576,57,46,11,1882,50
OF3,32,ClassicImages,09-05,263578247,42,35,7,1751,75
OF3,32,ClassicImages,09-08,391335555,52,45,7,1801,112
OF3,32,ClassicImages,09-10,468572763,36,28,8,1581,34
OF3,32,ClassicImages,10-08,227262394,40,28,12,1871,91
OF3,32,GRFmoderate,01-02,202507111,51,42,9,1898,112
OF3,32,GRFmoderate,01-03,344779095,38,29,9,1513,47
OF3,32,GRFmoderate,01-04,484736535,45,35,10,1794,46
OF3,32,GRFmoderate,01-05,255289188,39,30,9,1745,62
OF3,32,GRFmoderate,01-06,360414420,49,40,9,1848,84
OF3,32,GRFmoderate,01-07,189466411,43,33,10,1962,82
OF3,32,GRFmoderate,01-08,389558618,61,49,12,1461,65
OF3,32,GRFmoderate,01-09,163898502,43,33,10,1905,93
OF3,32,GRFmoderate,01-10,127029889,46,35,11,2096,77
OF3,32,GRFmoderate,02-04,417400558,36,27,9,1552,27
OF3,32,GRFmoderate,02-05,186965843,35,26,9,1745,62
OF3,32,GRFmoderate,02-06,294615731,43,33,10,1802,57
OF3,32,GRFmoderate,02-08,381376191,44,35,9,1708,48
OF3,32,GRFmoderate,02-09,188243511,35,23,12,1772,39
OF3,32,GRFmoderate,02-10,195968886,39,31,8,2029,64
OF3,32,GRFmoderate,03-02,332927088,40,30,10,1598,51
OF3,32,GRFmoderate,03-04,370408162,50,40,10,1709,99
OF3,32,GRFmoderate,03-05,261576189,41,32,9,1668,60
OF3,32,GRFmoderate,03-06,320864351,60,45,15,1952,73
OF3,32,GRFmoderate,03-08,181980679,35,27,8,1862,62
OF3,32,GRFmoderate,03-09,246151585,40,33,7,1790,91
OF3,32,GRFmoderate,03-10,280699096,43,33,10,1649,75
OF3,32,GRFmoderate,04-05,286780319,40,30,10,1816,69
OF3,32,GRFmoderate,04-08,450308601,43,34,9,1652,61
OF3,32,GRFmoderate,04-10,400016072,49,37,12,2194,78
OF3,32,GRFmoderate,05-08,331592808,39,31,8,1552,69
OF3,32,GRFmoderate,05-10,195233333,43,33,10,2046,93
OF3,32,GRFmoderate,06-04,267871593,44,32,12,2016,81
OF3,32,GRFmoderate,06-05,183495458,45,36,9,2191,109
OF3,32,GRFmoderate,06-08,389038338,50,41,9,1790,98
OF3,32,GRFmoderate,06-09,289694602,42,31,11,1820,66
OF3,32,GRFmoderate,06-10,288077573,59,45,14,2172,82
OF3,32,GRFmoderate,07-02,199075284,38,26,12,1792,52
OF3,32,GRFmoderate,07-03,300693852,56,46,10,1824,121
OF3,32,GRFmoderate,07-04,396722570,51,40,11,1920,89
OF3,32,GRFmoderate,07-05,176799677,37,29,8,1922,68
OF3,32,GRFmoderate,07-06,281348293,69,60,9,2192,194
OF3,32,GRFmoderate,07-08,338550751,44,35,9,1691,56
OF3,32,GRFmoderate,07-09,110053133,44,33,11,1980,91
OF3,32,GRFmoderate,07-10,150533640,35,25,10,1805,63
OF3,32,GRFmoderate,09-04,397859161,44,34,10,1833,60
OF3,32,GRFmoderate,09-05,186179942,34,25,9,1836,49
OF3,32,GRFmoderate,09-08,272248604,41,33,8,1939,53
OF3,32,GRFmoderate,09-10,146184241,48,36,12,1936,103
OF3,32,GRFmoderate,10-08,339353105,48,39,9,1962,69
OF3,32,GRFrough,01-02,110209359,45,33,12,2020,89
OF3,32,GRFrough,01-03,85260847,40,31,9,1998,91
OF3,32,GRFrough,01-04,132602737,53,43,10,1925,110
OF3,32,GRFrough,01-05,80260476,43,33,10,1904,108
OF3,32,GRFrough,01-06,106360167,51,41,10,2073,117
OF3,32,GRFrough,01-07,78093628,51,41,10,2142,164
OF3,32,GRFrough,01-08,80632669,47,38,9,1997,112
OF3,32,GRFrough,01-09,68721222,53,45,8,2185,155
OF3,32,GRFrough,01-10,86517806,41,32,9,1951,111
OF3,32,GRFrough,02-04,118876248,57,48,9,2127,145
OF3,32,GRFrough,02-05,71246013,62,49,13,2159,134
OF3,32,GRFrough,02-06,124025104,47,36,11,1874,83
OF3,32,GRFrough,02-08,113247400,38,27,11,1945,80
OF3,32,GRFrough,02-09,85975395,52,37,15,2107,126
OF3,32,GRFrough,02-10,77457379,44,35,9,2018,117
OF3,32,GRFrough,03-02,134008132,75,60,15,2023,161
OF3,32,GRFrough,03-04,119215482,55,42,13,1917,81
OF3,32,GRFrough,03-05,121397383,46,37,9,1678,74
OF3,32,GRFrough,03-06,86152702,42,32,10,1998,96
OF3,32,GRFrough,03-08,103998630,46,37,9,1956,94
OF3,32,GRFrough,03-09,105184065,47,36,11,1951,86
OF3,32,GRFrough,03-10,105385829,56,44,12,1884,87
OF3,32,GRFrough,04-05,141549731,49,40,9,2033,92
OF3,32,GRFrough,04-08,153777188,67,57,10,1891,100
OF3,32,GRFrough,04-10,126286625,49,38,11,1868,83
OF3,32,GRFrough,05-08,79047955,42,29,13,1849,94
OF3,32,GRFrough,05-10,61797082,35,26,9,1885,91
OF3,32,GRFrough,06-04,105417862,54,43,11,2236,159
OF3,32,GRFrough,06-05,114263469,50,41,9,2029,125
OF3,32,GRFrough,06-08,121119844,39,30,9,1960,88
OF3,32,GRFrough,06-09,106646015,58,49,9,2073,158
OF3,32,GRFrough,06-10,95565719,47,38,9,1971,107
OF3,32,GRFrough,07-02,130524503,42,31,11,1964,76
OF3,32,GRFrough,07-03,86157013,47,38,9,1887,108
OF3,32,GRFrough,07-04,151526227,62,51,11,1783,73
OF3,32,GRFrough,07-05,102546336,39,28,11,1798,59
OF3,32,GRFrough,07-06,109255333,65,56,9,2053,155
OF3,32,GRFrough,07-08,71595903,40,29,11,1829,91
OF3,32,GRFrough,07-09,84957080,51,41,10,1942,82
OF3,32,GRFrough,07-10,111755368,52,40,12,2089,104
OF3,32,GRFrough,09-04,141091129,60,51,9,1839,110
OF3,32,GRFrough,09-05,64996708,37,29,8,1979,124
OF3,32,GRFrough,09-08,75451341,43,32,11,1976,121
OF3,32,GRFrough,09-10,78393096,36,28,8,1719,97
OF3,32,GRFrough,10-08,98594103,41,32,9,1966,117
OF3,32,GRFsmooth,01-02,513546339,53,43,10,1420,62
OF3,32,GRFsmooth,01-03,926937802,36,30,6,1122,32
OF3,32,GRFsmooth,01-04,475984987,49,40,9,1728,76
OF3,32,GRFsmooth,01-05,371317160,59,47,12,1897,117
OF3,32,GRFsmooth,01-06,316592345,43,34,9,1787,70
OF3,32,GRFsmooth,01-07,163712709,63,52,11,1912,161
OF3,32,GRFsmooth,01-08,434341293,46,36,10,1695,69
OF3,32,GRFsmooth,01-09,437902607,42,32,10,1467,81
OF3,32,GRFsmooth,01-10,514320287,44,34,10,1683,78
OF3,32,GRFsmooth,02-04,915411394,34,28,6,1125,38
OF3,32,GRFsmooth,02-05,653748297,40,32,8,1272,34
OF3,32,GRFsmooth,02-06,365900848,50,43,7,1508,106
OF3,32,GRFsmooth,02-08,277394070,42,31,11,1827,85
OF3,32,GRFsmooth,02-09,608040090,59,48,11,1682,106
OF3,32,GRFsmooth,02-10,448761802,58,48,10,2232,127
OF3,32,GRFsmooth,03-02,708413217,55,42,13,1883,83
OF3,32,GRFsmooth,03-04,998199831,31,25,6,1033,23
OF3,32,GRFsmooth,03-05,951660294,39,33,6,1450,44
OF3,32,GRFsmooth,03-06,743003639,40,33,7,1438,40
OF3,32,GRFsmooth,03-08,533528727,36,26,10,1624,48
OF3,32,GRFsmooth,03-09,622640049,44,37,7,1494,95
OF3,32,GRFsmooth,03-10,565858843,42,34,8,1779,65
OF3,32,GRFsmooth,04-05,345289703,52,42,10,1910,90
OF3,32,GRFsmooth,04-08,733142930,35,30,5,1251,54
OF3,32,GRFsmooth,04-10,511346908,32,27,5,1755,35
OF3,32,GRFsmooth,05-08,587229823,28,22,6,1371,25
OF3,32,GRFsmooth,05-10,517189823,30,23,7,1323,35
OF3,32,GRFsmooth,06-04,598319956,42,34,8,1471,46
OF3,32,GRFsmooth,06-05,400060215,39,26,13,1409,36
OF3,32,GRFsmooth,06-08,256418092,47,37,10,1895,82
OF3,32,GRFsmooth,06-09,436773264,34,25,9,1520,46
OF3,32,GRFsmooth,06-10,369692906,53,38,15,1595,63
OF3,32,GRFsmooth,07-02,459206126,45,37,8,1506,78
OF3,32,GRFsmooth,07-03,977279031,45,35,10,1362,45
OF3,32,GRFsmooth,07-04,585305900,38,31,7,1199,31
OF3,32,GRFsmooth,07-05,384309607,47,38,9,1737,72
OF3,32,GRFsmooth,07-06,281396618,45,35,10,1778,76
OF3,32,GRFsmooth,07-08,473022334,32,24,8,1321,29
OF3,32,GRFsmooth,07-09,459380552,36,26,10,1424,51
OF3,32,GRFsmooth,07-10,452319464,41,31,10,1851,53
OF3,32,GRFsmooth,09-04,462350614,45,36,9,1641,75
OF3,32,GRFsmooth,09-05,479479079,50,41,9,1651,85
OF3,32,GRFsmooth,09-08,375333574,46,37,9,1542,52
OF3,32,GRFsmooth,09-10,305433992,48,38,10,1640,61
OF3,32,GRFsmooth,10-08,253442710,57,45,12,2270,155
OF3,32,LogGRF,01-02,512558289,45,37,8,1662,91
OF3,32,LogGRF,01-03,964453131,64,54,10,1840,108
OF3,32,LogGRF,01-04,764462503,75,62,13,2424,160
OF3,32,LogGRF,01-05,1402242233,29,24,5,1034,27
OF3,32,LogGRF,01-06,561691716,53,44,9,2399,129
OF3,32,LogGRF,01-07,342264683,88,77,11,2353,257
OF3,32,LogGRF,01-08,669311055,70,58,12,1799,149
OF3,32,LogGRF,01-09,1506886753,55,45,10,1517,100
OF3,32,LogGRF,01-10,1059376060,43,36,7,1293,58
OF3,32,LogGRF,02-04,727391052,57,46,11,1624,107
OF3,32,LogGRF,02-05,1015218136,35,29,6,1549,45
OF3,32,LogGRF,02-06,491964437,43,33,10,1712,62
OF3,32,LogGRF,02-08,347642538,63,53,10,2420,161
OF3,32,LogGRF,02-09,1076182312,67,57,10,1762,73
OF3,32,LogGRF,02-10,692753497,34,27,7,1470,33
OF3,32,LogGRF,03-02,750803570,34,25,9,1434,49
OF3,32,LogGRF,03-04,940658592,96,77,19,2713,243
OF3,32,LogGRF,03-05,928623988,48,37,11,1540,79
OF3,32,LogGRF,03-06,822468585,45,37,8,1597,67
OF3,32,LogGRF,03-08,807667248,38,27,11,1487,61
OF3,32,LogGRF,03-09,994746864,78,63,15,2225,163
OF3,32,LogGRF,03-10,698504047,49,39,10,1995,97
OF3,32,LogGRF,04-05,997116628,36,29,7,1228,54
OF3,32,LogGRF,04-08,624144708,50,39,11,1946,104
OF3,32,LogGRF,04-10,632018989,39,29,10,1835,66
OF3,32,LogGRF,05-08,830374424,50,42,8,1796,85
OF3,32,LogGRF,05-10,594286173,40,33,7,1527,79
OF3,32,LogGRF,06-04,1035001803,64,51,13,1571,117
OF3,32,LogGRF,06-05,1388995035,27,22,5,751,26
OF3,32,LogGRF,06-08,764683473,42,33,9,1522,52
OF3,32,LogGRF,06-09,1035435291,38,33,5,1133,40
OF3,32,LogGRF,06-10,993220856,54,45,9,1455,56
OF3,32,LogGRF,07-02,580399518,49,39,10,2073,107
OF3,32,LogGRF,07-03,944861314,44,36,8,1413,53
OF3,32,LogGRF,07-04,754698774,72,59,13,2634,148
OF3,32,LogGRF,07-05,1338325098,27,22,5,1044,24
OF3,32,LogGRF,07-06,745787813,66,53,13,1937,87
OF3,32,LogGRF,07-08,652029818,38,29,9,1661,60
OF3,32,LogGRF,07-09,1476650824,54,42,12,1641,84
OF3,32,LogGRF,07-10,1022921179,40,34,6,1313,53
OF3,32,LogGRF,09-04,1207371242,67,54,13,2347,132
OF3,32,LogGRF,09-05,1316124032,53,44,9,1605,89
OF3,32,LogGRF,09-08,943417238,72,62,10,2500,129
OF3,32,LogGRF,09-10,907590773,66,55,11,2029,129
OF3,32,LogGRF,10-08,569077283,49,42,7,1914,93
OF3,32,LogitGRF,01-02,372783347,64,50,14,2489,159
OF3,32,LogitGRF,01-03,396487083,58,48,10,2228,123
OF3,32,LogitGRF,01-04,288735382,59,46,13,2370,131
OF3,32,LogitGRF,01-05,269508871,53,42,11,2242,108
OF3,32,LogitGRF,01-06,277578632,51,41,10,2166,108
OF3,32,LogitGRF,01-07,395280515,48,38,10,1792,72
OF3,32,LogitGRF,01-08,228290022,70,56,14,2329,158
OF3,32,LogitGRF,01-09,615558744,56,45,11,2051,90
OF3,32,LogitGRF,01-10,400725650,50,40,10,1952,84
OF3,32,LogitGRF,02-04,277349729,47,35,12,2040,94
OF3,32,LogitGRF,02-05,362289994,70,58,12,2071,170
OF3,32,LogitGRF,02-06,405207393,60,48,12,1853,78
OF3,32,LogitGRF,02-08,407109231,54,39,15,2385,108
OF3,32,LogitGRF,02-09,446559439,59,47,12,2348,111
OF3,32,LogitGRF,02-10,325419265,74,62,12,2323,190
OF3,32,LogitGRF,03-02,423039084,44,35,9,2181,86
OF3,32,LogitGRF,03-04,468619663,43,34,9,1943,62
OF3,32,LogitGRF,03-05,318701242,37,29,8,1763,58
OF3,32,LogitGRF,03-06,336543797,50,38,12,2342,119
OF3,32,LogitGRF,03-08,494878629,41,32,9,1770,57
OF3,32,LogitGRF,03-09,336792089,66,54,12,2446,200
OF3,32,LogitGRF,03-10,319412815,63,50,13,2330,158
OF3,32,LogitGRF,04-05,396775695,58,49,9,1784,152
OF3,32,LogitGRF,04-08,321850662,45,33,12,2013,100
OF3,32,LogitGRF,04-10,395283022,37,28,9,1675,65
OF3,32,LogitGRF,05-08,354451775,39,27,12,1610,55
OF3,32,LogitGRF,05-10,403021801,38,30,8,1833,79
OF3,32,LogitGRF,06-04,369378510,50,40,10,1950,101
OF3,32,LogitGRF,06-05,299752705,52,42,10,2159,121
OF3,32,LogitGRF,06-08,309819964,37,27,10,1679,36
OF3,32,LogitGRF,06-09,508254974,82,70,12,2960,187
OF3,32,LogitGRF,06-10,306214778,67,56,11,2567,202
OF3,32,LogitGRF,07-02,646116724,38,31,7,1526,42
OF3,32,LogitGRF,07-03,338360942,57,41,16,1848,88
OF3,32,LogitGRF,07-04,537554275,42,32,10,1513,46
OF3,32,LogitGRF,07-05,446044790,54,41,13,1644,44
OF3,32,LogitGRF,07-06,338591239,47,36,11,1962,75
OF3,32,LogitGRF,07-08,485997525,38,30,8,1733,49
OF3,32,LogitGRF,07-09,540813063,68,57,11,2869,135
OF3,32,LogitGRF,07-10,498953315,52,42,10,1800,73
OF3,32,LogitGRF,09-04,618271414,51,39,12,1609,60
OF3,32,LogitGRF,09-05,495562817,72,59,13,1747,77
OF3,32,LogitGRF,09-08,730136708,46,38,8,1849,54
OF3,32,LogitGRF,09-10,324568360,61,49,12,2210,166
OF3,32,LogitGRF,10-08,494116354,57,49,8,1896,114
OF3,32,MicroscopyImages,01-02,355430655,47,36,11,1401,165
OF3,32,MicroscopyImages,01-03,1098185916,24,17,7,759,56
OF3,32,MicroscopyImages,01-04,785440951,35,26,9,1089,76
OF3,32,MicroscopyImages,01-05,837699238,30,22,8,1244,70
OF3,32,MicroscopyImages,01-06,914911296,50,42,8,1678,142
OF3,32,MicroscopyImages,01-07,783348776,36,24,12,1290,94
OF3,32,MicroscopyImages,01-08,825498924,45,27,18,1369,96
OF3,32,MicroscopyImages,01-09,687519147,25,16,9,1049,64
OF3,32,MicroscopyImages,01-10,575304142,53,45,8,1796,185
OF3,32,MicroscopyImages,02-04,943358062,42,32,10,963,61
OF3,32,MicroscopyImages,02-05,768762321,46,34,12,1459,98
OF3,32,MicroscopyImages,02-06,891911225,46,38,8,1383,70
OF3,32,MicroscopyImages,02-08,876811273,61,51,10,1687,130
OF3,32,MicroscopyImages,02-09,499515574,34,27,7,1520,110
OF3,32,MicroscopyImages,02-10,434688459,41,32,9,1805,79
OF3,32,MicroscopyImages,03-02,1261114693,34,24,10,919,56
OF3,32,MicroscopyImages,03-04,362533441,36,28,8,1562,124
OF3,32,MicroscopyImages,03-05,723827876,29,21,8,836,50
OF3,32,MicroscopyImages,03-06,531412210,28,22,6,1179,50
OF3,32,MicroscopyImages,03-08,632699786,39,29,10,1398,85
OF3,32,MicroscopyImages,03-09,834947885,36,24,12,1123,73
OF3,32,MicroscopyImages,03-10,894117012,36,30,6,1166,80
OF3,32,MicroscopyImages,04-05,558585877,42,31,11,1739,94
OF3,32,MicroscopyImages,04-08,570145675,50,39,11,1631,87
OF3,32,MicroscopyImages,04-10,580547043,52,43,9,1630,103
OF3,32,MicroscopyImages,05-08,544690610,45,32,13,1884,96
OF3,32,MicroscopyImages,05-10,448346600,49,36,13,1856,131
OF3,32,MicroscopyImages,06-04,498035351,45,35,10,1692,71
OF3,32,MicroscopyImages,06-05,221160878,38,28,10,1538,79
OF3,32,MicroscopyImages,06-08,557386234,46,36,10,1970,88
OF3,32,MicroscopyImages,06-09,562548529,53,38,15,1819,110
OF3,32,MicroscopyImages,06-10,529469128,77,63,14,2047,185
OF3,32,MicroscopyImages,07-02,809432895,56,41,15,1516,118
OF3,32,MicroscopyImages,07-03,691694576,25,18,7,997,53
OF3,32,MicroscopyImages,07-04,594208839,39,30,9,1401,76
OF3,32,MicroscopyImages,07-05,555259126,45,34,11,1519,118
OF3,32,MicroscopyImages,07-06,565479074,57,44,13,1694,129
OF3,32,MicroscopyImages,07-08,184634704,38,28,10,1660,98
OF3,32,MicroscopyImages,07-09,808362609,47,36,11,1717,125
OF3,32,MicroscopyImages,07-10,702819966,71,60,11,2230,195
OF3,32,MicroscopyImages,09-04,631734096,54,43,11,1795,170
OF3,32,MicroscopyImages,09-05,526083287,47,37,10,1565,161
OF3,32,MicroscopyImages,09-08,812757431,43,33,10,1766,82
OF3,32,MicroscopyImages,09-10,249234745,64,49,15,2084,152
OF3,32,MicroscopyImages,10-08,700069576,51,40,11,2420,111
OF3,32,Shapes,01-02,614400000,15,10,5,807,25
OF3,32,Shapes,01-03,90800000,34,30,4,2920,163
OF3,32,Shapes,01-04,454487706,20,12,8,1088,22
OF3,32,Shapes,01-05,303709206,21,14,7,1296,49
OF3,32,Shapes,01-06,819200000,22,16,6,1424,28
OF3,32,Shapes,01-07,546096229,27,19,8,1451,43
OF3,32,Shapes,01-08,462841428,20,13,7,864,43
OF3,32,Shapes,01-09,275200000,34,28,6,2480,143
OF3,32,Shapes,01-10,200594534,21,14,7,1461,51
OF3,32,Shapes,02-04,160754214,12,8,4,989,46
OF3,32,Shapes,02-05,681115360,13,8,5,420,28
OF3,32,Shapes,02-06,637152000,14,9,5,899,57
OF3,32,Shapes,02-08,260095972,7,4,3,472,26
OF3,32,Shapes,02-09,622976000,16,11,5,811,55
OF3,32,Shapes,02-10,705097604,11,8,3,684,38
OF3,32,Shapes,03-02,614400000,8,5,3,458,17
OF3,32,Shapes,03-04,456065658,11,7,4,641,28
OF3,32,Shapes,03-05,309842460,14,10,4,903,80
OF3,32,Shapes,03-06,819200000,11,7,4,875,26
OF3,32,Shapes,03-08,463650610,11,8,3,656,53
OF3,32,Shapes,03-09,276800000,15,11,4,1373,83
OF3,32,Shapes,03-10,216388720,13,9,4,933,54
OF3,32,Shapes,04-05,521202856,12,7,5,541,26
OF3,32,Shapes,04-08,174133320,12,8,4,873,62
OF3,32,Shapes,04-10,546928630,13,9,4,640,46
OF3,32,Shapes,05-08,469253364,11,6,5,515,41
OF3,32,Shapes,05-10,358932040,16,10,6,807,68
OF3,32,Shapes,06-04,604690726,18,13,5,1024,66
OF3,32,Shapes,06-05,852558054,13,8,5,561,28
OF3,32,Shapes,06-08,657002236,13,9,4,928,53
OF3,32,Shapes,06-09,819200000,21,14,7,1125,51
OF3,32,Shapes,06-10,864549098,15,10,5,576,33
OF3,32,Shapes,07-02,610447547,14,10,4,807,42
OF3,32,Shapes,07-03,550931599,17,12,5,844,56
OF3,32,Shapes,07-04,509492733,20,13,7,771,37
OF3,32,Shapes,07-05,633499377,21,15,6,1002,80
OF3,32,Shapes,07-06,1101449147,23,15,8,1027,56
OF3,32,Shapes,07-08,544983227,20,12,8,737,61
OF3,32,Shapes,07-09,603640577,22,16,6,1010,83
OF3,32,Shapes,07-10,618112997,28,21,7,976,132
OF3,32,Shapes,09-04,468832788,24,16,8,1088,104
OF3,32,Shapes,09-05,387442362,20,14,6,972,106
OF3,32,Shapes,09-08,499117342,15,10,5,855,69
OF3,32,Shapes,09-10,326834330,18,13,5,891,112
OF3,32,Shapes,10-08,597770856,8,5,3,456,26
OF3,32,WhiteNoise,01-02,67764626,52,43,9,2312,213
OF3,32,WhiteNoise,01-03,71228825,35,26,9,2034,108
OF3,32,WhiteNoise,01-04,84784227,56,49,7,2298,162
OF3,32,WhiteNoise,01-05,74836218,58,50,8,2327,187
OF3,32,WhiteNoise,01-06,62355613,36,29,7,2194,120
OF3,32,WhiteNoise,01-07,70691619,42,31,11,2254,123
OF3,32,WhiteNoise,01-08,66420509,59,48,11,2283,148
OF3,32,WhiteNoise,01-09,79693134,52,45,7,2349,193
OF3,32,WhiteNoise,01-10,71410972,48,41,7,2205,159
OF3,32,WhiteNoise,02-04,84782833,61,48,13,2054,96
OF3,32,WhiteNoise,02-05,72756198,41,33,8,2189,118
OF3,32,WhiteNoise,02-06,69817713,41,31,10,2041,143
OF3,32,WhiteNoise,02-08,64096403,34,25,9,2056,108
OF3,32,WhiteNoise,02-09,72032034,49,40,9,2106,175
OF3,32,WhiteNoise,02-10,74161426,43,33,10,2123,115
OF3,32,WhiteNoise,03-02,70167457,56,43,13,2087,123
OF3,32,WhiteNoise,03-04,87232786,50,40,10,1997,128
OF3,32,WhiteNoise,03-05,74887573,55,47,8,2155,194
OF3,32,WhiteNoise,03-06,63842690,40,33,7,2073,165
OF3,32,WhiteNoise,03-08,78206990,48,39,9,2394,159
OF3,32,WhiteNoise,03-09,74489161,40,32,8,2009,145
OF3,32,WhiteNoise,03-10,66287553,38,29,9,2145,130
OF3,32,WhiteNoise,04-05,72129431,49,40,9,1993,149
OF3,32,WhiteNoise,04-08,87379878,57,47,10,2129,118
OF3,32,WhiteNoise,04-10,98770723,73,63,10,2205,165
OF3,32,WhiteNoise,05-08,76000349,52,44,8,2474,173
OF3,32,WhiteNoise,05-10,81708990,56,47,9,2167,146
OF3,32,WhiteNoise,06-04,75522308,51,44,7,2021,138
OF3,32,WhiteNoise,06-05,68174385,46,37,9,2181,145
OF3,32,WhiteNoise,06-08,69850006,47,38,9,2125,152
OF3,32,WhiteNoise,06-09,79082725,49,41,8,2089,156
OF3,32,WhiteNoise,06-10,66476137,54,47,7,2144,175
OF3,32,WhiteNoise,07-02,71482763,43,34,9,2125,149
OF3,32,WhiteNoise,07-03,72588046,39,30,9,2117,136
OF3,32,WhiteNoise,07-04,103575510,66,54,12,2211,142
OF3,32,WhiteNoise,07-05,75488579,46,37,9,1935,112
OF3,32,WhiteNoise,07-06,74014898,42,32,10,1954,146
OF3,32,WhiteNoise,07-08,70193346,41,31,10,2105,125
OF3,32,WhiteNoise,07-09,84048363,53,44,9,2346,167
OF3,32,WhiteNoise,07-10,74328565,41,31,10,2067,120
OF3,32,WhiteNoise,09-04,73720777,46,38,8,2190,143
OF3,32,WhiteNoise,09-05,70748332,39,31,8,2032,137
OF3,32,WhiteNoise,09-08,80502929,61,47,14,2334,148
OF3,32,WhiteNoise,09-10,83255656,49,41,8,2054,130
OF3,32,WhiteNoise,10-08,77883963,49,41,8,2376,186
OF3,64,CauchyDensity,01-02,9180212805,444,399,45,7646,233
OF3,64,CauchyDensity,01-03,2978021838,722,661,61,12174,379
OF3,64,CauchyDensity,01-04,5244903360,1765,1678,87,14130,1246
OF3,64,CauchyDensity,01-05,6267903722,668,609,59,8724,365
OF3,64,CauchyDensity,01-06,8640756736,464,365,99,5987,149
OF3,64,CauchyDensity,01-07,4560601099,901,834,67,17263,577
OF3,64,CauchyDensity,01-08,7749756608,977,888,89,10615,585
OF3,64,CauchyDensity,01-09,6373859371,1175,1050,125,13122,724
OF3,64,CauchyDensity,01-10,5683947610,1080,949,131,13019,393
OF3,64,CauchyDensity,02-03,8213374227,599,535,64,6372,263
OF3,64,CauchyDensity,02-04,7712808349,718,629,89,6002,240
OF3,64,CauchyDensity,02-05,3968841989,1393,1290,103,9826,1015
OF3,64,CauchyDensity,02-07,7240226578,460,413,47,5529,174
OF3,64,CauchyDensity,02-10,8086721039,442,397,45,5072,160
OF3,64,CauchyDensity,03-07,2254023431,806,748,58,11628,512
OF3,64,CauchyDensity,03-10,3050901438,603,524,79,12619,231
OF3,64,CauchyDensity,04-03,3822871490,892,820,72,8974,542
OF3,64,CauchyDensity,04-07,3557888645,690,593,97,6940,336
OF3,64,CauchyDensity,04-10,3899715232,485,441,44,5411,197
OF3,64,CauchyDensity,05-03,5656689318,398,340,58,6286,61
OF3,64,CauchyDensity,05-04,5012064572,504,424,80,7820,143
OF3,64,CauchyDensity,05-07,5008872209,316,271,45,4601,41
OF3,64,CauchyDensity,05-10,6309067556,344,299,45,4965,69
OF3,64,CauchyDensity,06-02,6277165557,239,205,34,4783,59
OF3,64,CauchyDensity,06-03,6929047716,506,420,86,4638,66
OF3,64,CauchyDensity,06-04,4228125018,386,320,66,6158,51
OF3,64,CauchyDensity,06-05,4719844430,363,317,46,5442,60
OF3,64,CauchyDensity,06-07,4993040453,356,303,53,6670,53
OF3,64,CauchyDensity,06-08,4905074922,309,271,38,5419,39
OF3,64,CauchyDensity,06-10,5926376798,406,341,65,6945,61
OF3,64,CauchyDensity,07-10,1522110923,366,313,53,7349,98
OF3,64,CauchyDensity,08-02,3555405581,496,450,46,8406,228
OF3,64,CauchyDensity,08-03,7586575220,891,832,59,5606,576
OF3,64,CauchyDensity,08-04,6026807778,487,425,62,7170,80
OF3,64,CauchyDensity,08-05,2895053492,633,570,63,8551,293
OF3,64,CauchyDensity,08-07,6956867545,321,280,41,4431,41
OF3,64,CauchyDensity,08-10,8249592644,310,264,46,3586,40
OF3,64,CauchyDensity,09-02,5929815142,249,210,39,7118,70
OF3,64,CauchyDensity,09-03,4684521737,458,350,108,8350,78
OF3,64,CauchyDensity,09-04,7247384839,297,243,54,4464,50
OF3,64,CauchyDensity,09-05,4655713009,342,295,47,8423,67
OF3,64,CauchyDensity,09-06,9312581623,222,188,34,2482,30
OF3,64,CauchyDensity,09-07,4632473874,299,260,39,5386,46
OF3,64,CauchyDensity,09-08,6246565287,279,240,39,5229,38
OF3,64,CauchyDensity,09-10,3916119791,314,270,44,6109,45
OF3,64,ClassicImages,01-02,2069488237,374,324,50,7119,147
OF3,64,ClassicImages,01-03,2483465849,481,440,41,6620,307
OF3,64,ClassicImages,01-04,1668780480,313,265,48,7688,107
OF3,64,ClassicImages,01-05,1970458101,459,415,44,7291,268
OF3,64,ClassicImages,01-06,2965569322,288,242,46,6490,82
OF3,64,ClassicImages,01-07,2251109528,483,423,60,7865,160
OF3,64,ClassicImages,01-08,1782650502,387,329,58,8126,184
OF3,64,ClassicImages,01-09,3233198041,313,264,49,6895,52
OF3,64,ClassicImages,01-10,2793357881,465,377,88,7798,134
OF3,64,ClassicImages,02-03,1525876716,331,284,47,8033,155
OF3,64,ClassicImages,02-04,844038513,559,519,40,8389,393
OF3,64,ClassicImages,02-05,895232904,333,295,38,7144,191
OF3,64,ClassicImages,02-07,999782463,353,300,53,8291,153
OF3,64,ClassicImages,02-10,1607139804,553,498,55,9384,331
OF3,64,ClassicImages,03-07,1797966195,563,512,51,8382,342
OF3,64,ClassicImages,03-10,2433724870,371,303,68,7488,120
OF3,64,ClassicImages,04-03,1286687881,273,208,65,7709,93
OF3,64,ClassicImages,04-07,1415033784,513,470,43,8937,303
OF3,64,ClassicImages,04-10,2061928001,455,353,102,8763,151
OF3,64,ClassicImages,05-03,1335463698,366,308,58,8813,162
OF3,64,ClassicImages,05-04,1027760483,527,453,74,8136,225
OF3,64,ClassicImages,05-07,1001153907,440,394,46,8351,257
OF3,64,ClassicImages,05-10,2049653328,953,889,64,10020,609
OF3,64,ClassicImages,06-02,1014878625,353,293,60,7176,99
OF3,64,ClassicImages,06-03,1871331185,350,306,44,7341,151
OF3,64,ClassicImages,06-04,1597308358,441,367,74,7727,99
OF3,64,ClassicImages,06-05,1302524327,338,295,43,8011,141
OF3,64,ClassicImages,06-07,1242566472,421,362,59,8885,171
OF3,64,ClassicImages,06-08,1633473362,437,380,57,7287,134
OF3,64,ClassicImages,06-10,1658754219,390,340,50,7969,170
OF3,64,ClassicImages,07-10,1830977043,1132,1070,62,9248,974
OF3,64,ClassicImages,08-02,1169660289,348,300,48,7561,149
OF3,64,ClassicImages,08-03,1626240011,324,252,72,7552,114
OF3,64,ClassicImages,08-04,1056395410,326,262,64,7795,136
OF3,64,ClassicImages,08-05,1327555773,483,427,56,8219,248
OF3,64,ClassicImages,08-07,1401033200,355,281,74,7770,126
OF3,64,ClassicImages,08-10,1823866863,561,485,76,8122,220
OF3,64,ClassicImages,09-02,2486488892,347,287,60,6459,84
OF3,64,ClassicImages,09-03,2783913814,503,452,51,7793,255
OF3,64,ClassicImages,09-04,2585927611,351,299,52,7463,91
OF3,64,ClassicImages,09-05,2109278208,615,565,50,8211,204
OF3,64,ClassicImages,09-06,2762950415,294,256,38,6216,46
OF3,64,ClassicImages,09-07,2144263271,325,273,52,7223,91
OF3,64,ClassicImages,09-08,3131095789,373,318,55,6753,53
OF3,64,ClassicImages,09-10,3749504838,452,390,62,6207,156
OF3,64,GRFmoderate,01-02,1803866917,375,324,51,8660,144
OF3,64,GRFmoderate,01-03,1598181652,350,302,48,7583,139
OF3,64,GRFmoderate,01-04,1512318274,362,306,56,8171,118
OF3,64,GRFmoderate,01-05,1883104522,292,247,45,6876,48
OF3,64,GRFmoderate,01-06,2286832519,446,394,52,8352,165
OF3,64,GRFmoderate,01-07,1848446996,344,288,56,7326,106
OF3,64,GRFmoderate,01-08,2416352798,302,255,47,6021,80
OF3,64,GRFmoderate,01-09,1847298469,426,376,50,7693,151
OF3,64,GRFmoderate,01-10,2462941359,368,317,51,6177,59
OF3,64,GRFmoderate,02-03,1795248671,374,316,58,7999,122
OF3,64,GRFmoderate,02-04,2515495519,492,414,78,8708,115
OF3,64,GRFmoderate,02-05,2756184143,354,299,55,6735,114
OF3,64,GRFmoderate,02-07,2563164355,330,281,49,6675,77
OF3,64,GRFmoderate,02-10,3288239754,378,325,53,7576,110
OF3,64,GRFmoderate,03-07,1779981174,308,260,48,7816,124
OF3,64,GRFmoderate,03-10,2494029241,384,335,49,8260,124
OF3,64,GRFmoderate,04-03,2603923664,396,338,58,7037,117
OF3,64,GRFmoderate,04-07,2196016272,347,298,49,6861,70
OF3,64,GRFmoderate,04-10,1339869765,320,267,53,7503,91
OF3,64,GRFmoderate,05-03,1628002064,567,521,46,7539,301
OF3,64,GRFmoderate,05-04,3002469170,294,253,41,5973,58
OF3,64,GRFmoderate,05-07,1237522500,833,767,66,8852,555
OF3,64,GRFmoderate,05-10,2735121265,438,385,53,7087,154
OF3,64,GRFmoderate,06-02,3089824254,311,252,59,6154,48
OF3,64,GRFmoderate,06-03,2029065417,399,344,55,7041,137
OF3,64,GRFmoderate,06-04,3434361073,303,257,46,5879,48
OF3,64,GRFmoderate,06-05,1135459491,217,176,41,6738,70
OF3,64,GRFmoderate,06-07,1839157111,389,332,57,7636,113
OF3,64,GRFmoderate,06-08,1578609793,486,428,58,8574,268
OF3,64,GRFmoderate,06-10,3299964920,396,340,56,5600,43
OF3,64,GRFmoderate,07-10,2020792961,942,863,79,7844,738
OF3,64,GRFmoderate,08-02,2082777551,566,512,54,8282,322
OF3,64,GRFmoderate,08-03,1752903452,436,367,69,7259,137
OF3,64,GRFmoderate,08-04,3622514630,330,282,48,6135,67
OF3,64,GRFmoderate,08-05,1604452308,366,321,45,7472,181
OF3,64,GRFmoderate,08-07,1722907602,328,274,54,7284,72
OF3,64,GRFmoderate,08-10,3463491179,321,276,45,6435,60
OF3,64,GRFmoderate,09-02,2777747022,409,352,57,7277,121
OF3,64,GRFmoderate,09-03,1888910525,328,265,63,8136,93
OF3,64,GRFmoderate,09-04,1686375507,457,399,58,7747,203
OF3,64,GRFmoderate,09-05,1615710531,556,505,51,7800,294
OF3,64,GRFmoderate,09-06,2165298350,329,282,47,6346,65
OF3,64,GRFmoderate,09-07,1018327403,610,543,67,8578,315
OF3,64,GRFmoderate,09-08,2332510953,351,295,56,6965,90
OF3,64,GRFmoderate,09-10,1547656804,353,295,58,6846,132
OF3,64,GRFrough,01-02,574552675,287,244,43,7442,138
OF3,64,GRFrough,01-03,811700944,384,330,54,7468,155
OF3,64,GRFrough,01-04,721216452,364,319,45,8825,155
OF3,64,GRFrough,01-05,472591652,373,328,45,8346,229
OF3,64,GRFrough,01-06,598859085,435,381,54,8371,234
OF3,64,GRFrough,01-07,811793609,510,457,53,8051,307
OF3,64,GRFrough,01-08,539063957,385,339,46,8636,243
OF3,64,GRFrough,01-09,518260200,465,414,51,8654,303
OF3,64,GRFrough,01-10,640567356,568,494,74,8274,236
OF3,64,GRFrough,02-03,669116941,394,324,70,7498,118
OF3,64,GRFrough,02-04,782610381,420,356,64,7739,191
OF3,64,GRFrough,02-05,692880455,282,238,44,7671,110
OF3,64,GRFrough,02-07,651821328,638,588,50,8178,427
OF3,64,GRFrough,02-10,804499549,719,665,54,8822,501
OF3,64,GRFrough,03-07,510171357,329,277,52,7651,164
OF3,64,GRFrough,03-10,873448650,397,347,50,7503,124
OF3,64,GRFrough,04-03,655848902,357,313,44,8281,218
OF3,64,GRFrough,04-07,572101137,360,315,45,8905,195
OF3,64,GRFrough,04-10,793694758,616,545,71,8391,254
OF3,64,GRFrough,05-03,914542584,314,257,57,7053,79
OF3,64,GRFrough,05-04,695429078,367,313,54,8491,132
OF3,64,GRFrough,05-07,873921007,376,329,47,7413,161
OF3,64,GRFrough,05-10,534686858,483,421,62,8397,261
OF3,64,GRFrough,06-02,762688306,392,341,51,7980,181
OF3,64,GRFrough,06-03,935698787,427,377,50,7067,107
OF3,64,GRFrough,06-04,747487079,428,368,60,8584,212
OF3,64,GRFrough,06-05,409276041,343,297,46,8380,223
OF3,64,GRFrough,06-07,973070766,288,239,49,7368,77
OF3,64,GRFrough,06-08,676623980,298,250,48,7814,120
OF3,64,GRFrough,06-10,487773501,520,479,41,8310,370
OF3,64,GRFrough,07-10,931893057,568,499,69,7924,214
OF3,64,GRFrough,08-02,711309560,285,241,44,8150,127
OF3,64,GRFrough,08-03,829694565,319,274,45,8198,105
OF3,64,GRFrough,08-04,778313917,439,353,86,8724,135
OF3,64,GRFrough,08-05,608965585,377,331,46,8346,158
OF3,64,GRFrough,08-07,786584328,328,259,69,7987,105
OF3,64,GRFrough,08-10,588537365,418,373,45,8474,244
OF3,64,GRFrough,09-02,664136381,388,342,46,8032,210
OF3,64,GRFrough,09-03,957711902,355,306,49,7035,106
OF3,64,GRFrough,09-04,762468274,390,339,51,8392,154
OF3,64,GRFrough,09-05,372900232,288,249,39,8068,179
OF3,64,GRFrough,09-06,447565637,312,276,36,8217,205
OF3,64,GRFrough,09-07,871886411,485,415,70,7794,115
OF3,64,GRFrough,09-08,672614363,419,378,41,8238,243
OF3,64,GRFrough,09-10,537859216,319,284,35,8301,171
OF3,64,GRFsmooth,01-02,7386639609,337,294,43,5399,54
OF3,64,GRFsmooth,01-03,2558839339,375,320,55,6390,122
OF3,64,GRFsmooth,01-04,6078394044,302,264,38,5447,47
OF3,64,GRFsmooth,01-05,4671769207,425,363,62,7237,118
OF3,64,GRFsmooth,01-06,2511821416,282,234,48,6398,67
OF3,64,GRFsmooth,01-07,3545342086,457,382,75,7665,146
OF3,64,GRFsmooth,01-08,2806538272,607,538,69,8926,296
OF3,64,GRFsmooth,01-09,2665517720,578,530,48,7796,288
OF3,64,GRFsmooth,01-10,4420509334,540,464,76,7726,105
OF3,64,GRFsmooth,02-03,5707131678,376,313,63,6077,59
OF3,64,GRFsmooth,02-04,2675284805,957,865,92,10167,579
OF3,64,GRFsmooth,02-05,3828154514,519,446,73,7495,193
OF3,64,GRFsmooth,02-07,7049644947,355,305,50,5104,60
OF3,64,GRFsmooth,02-10,4157193929,415,348,67,6795,77
OF3,64,GRFsmooth,03-07,3286702019,351,294,57,7313,51
OF3,64,GRFsmooth,03-10,3304848265,416,352,64,7849,152
OF3,64,GRFsmooth,04-03,4439836815,360,310,50,5811,60
OF3,64,GRFsmooth,04-07,5779227566,387,297,90,5981,54
OF3,64,GRFsmooth,04-10,4522729216,433,353,80,6049,63
OF3,64,GRFsmooth,05-03,3967586408,465,388,77,8199,142
OF3,64,GRFsmooth,05-04,3742353601,480,401,79,6271,52
OF3,64,GRFsmooth,05-07,4726485733,436,387,49,5855,127
OF3,64,GRFsmooth,05-10,2605104743,576,508,68,8267,242
OF3,64,GRFsmooth,06-02,6014521765,347,306,41,5124,58
OF3,64,GRFsmooth,06-03,2325406369,490,427,63,8288,159
OF3,64,GRFsmooth,06-04,5341854724,431,371,60,5279,48
OF3,64,GRFsmooth,06-05,4201387203,515,473,42,7579,214
OF3,64,GRFsmooth,06-07,2864222982,718,661,57,7447,356
OF3,64,GRFsmooth,06-08,2178709242,689,604,85,8251,385
OF3,64,GRFsmooth,06-10,2966252690,398,342,56,8453,134
OF3,64,GRFsmooth,07-10,3292830956,357,305,52,6386,106
OF3,64,GRFsmooth,08-02,5168114003,377,321,56,5789,54
OF3,64,GRFsmooth,08-03,2037164851,394,320,74,6691,73
OF3,64,GRFsmooth,08-04,4673709328,379,308,71,6592,88
OF3,64,GRFsmooth,08-05,4260200239,1163,1042,121,10986,600
OF3,64,GRFsmooth,08-07,3174741876,519,450,69,8355,160
OF3,64,GRFsmooth,08-10,2570495964,423,319,104,7421,75
OF3,64,GRFsmooth,09-02,5628441333,362,314,48,6123,60
OF3,64,GRFsmooth,09-03,1633550109,278,231,47,7412,76
OF3,64,GRFsmooth,09-04,4384964258,355,294,61,7249,112
OF3,64,GRFsmooth,09-05,4708282371,637,575,62,9540,321
OF3,64,GRFsmooth,09-06,2185594336,295,251,44,6912,45
OF3,64,GRFsmooth,09-07,4333202046,377,319,58,6367,81
OF3,64,GRFsmooth,09-08,2563516770,335,282,53,6280,53
OF3,64,GRFsmooth,09-10,4130129238,543,475,68,7055,174
OF3,64,LogGRF,01-02,4944109561,394,331,63,8167,119
OF3,64,LogGRF,01-03,5917690494,467,396,71,7532,215
OF3,64,LogGRF,01-04,8347146670,327,269,58,5025,56
OF3,64,LogGRF,01-05,6288799481,502,440,62,7599,150
OF3,64,LogGRF,01-06,5354398935,461,389,72,10794,203
OF3,64,LogGRF,01-07,3832174416,667,593,74,8264,387
OF3,64,LogGRF,01-08,4156634399,437,371,66,7024,97
OF3,64,LogGRF,01-09,6110364016,447,358,89,7728,135
OF3,64,LogGRF,01-10,5527600045,611,516,95,7719,130
OF3,64,LogGRF,02-03,6906575763,458,377,81,5864,81
OF3,64,LogGRF,02-04,11719302799,277,234,43,3633,48
OF3,64,LogGRF,02-05,9671652576,302,254,48,4434,52
OF3,64,LogGRF,02-07,5197452955,433,377,56,6810,113
OF3,64,LogGRF,02-10,6880536036,511,431,80,6936,202
OF3,64,LogGRF,03-07,3516292994,421,359,62,7280,135
OF3,64,LogGRF,03-10,2776915597,556,483,73,8793,278
OF3,64,LogGRF,04-03,5204761254,373,329,44,7493,97
OF3,64,LogGRF,04-07,7014206434,502,427,75,5664,68
OF3,64,LogGRF,04-10,5628555377,535,443,92,8884,149
OF3,64,LogGRF,05-03,4517094907,340,301,39,5864,127
OF3,64,LogGRF,05-04,3383106075,513,463,50,9735,236
OF3,64,LogGRF,05-07,5353385891,492,443,49,7145,166
OF3,64,LogGRF,05-10,4041295808,470,412,58,7597,120
OF3,64,LogGRF,06-02,8364819964,373,320,53,5632,92
OF3,64,LogGRF,06-03,2176395535,665,585,80,7894,289
OF3,64,LogGRF,06-04,3818160939,478,419,59,8016,138
OF3,64,LogGRF,06-05,2918710800,799,738,61,10269,439
OF3,64,LogGRF,06-07,3724766351,517,429,88,7710,140
OF3,64,LogGRF,06-08,4268195220,431,367,64,6311,156
OF3,64,LogGRF,06-10,2917780444,419,346,73,9181,142
OF3,64,LogGRF,07-10,3876805527,537,435,102,9262,240
OF3,64,LogGRF,08-02,7562772902,359,303,56,5817,75
OF3,64,LogGRF,08-03,5565647183,384,338,46,5124,181
OF3,64,LogGRF,08-04,4253327499,439,371,68,8259,134
OF3,64,LogGRF,08-05,3398881780,448,392,56,9578,153
OF3,64,LogGRF,08-07,3874697115,414,357,57,7928,161
OF3,64,LogGRF,08-10,5028298656,278,240,38,5077,43
OF3,64,LogGRF,09-02,5248494019,592,537,55,7434,346
OF3,64,LogGRF,09-03,3853674858,347,293,54,8246,120
OF3,64,LogGRF,09-04,6780094132,391,334,57,4576,59
OF3,64,LogGRF,09-05,5725312143,356,295,61,5756,111
OF3,64,LogGRF,09-06,4181453773,347,301,46,7241,98
OF3,64,LogGRF,09-07,4168582822,580,523,57,8760,281
OF3,64,LogGRF,09-08,5835919589,350,300,50,6350,107
OF3,64,LogGRF,09-10,5163214825,735,653,82,10793,398
OF3,64,LogitGRF,01-02,2073001798,530,474,56,9743,322
OF3,64,LogitGRF,01-03,3709694888,426,362,64,7933,110
OF3,64,LogitGRF,01-04,3839765975,792,736,56,8416,514
OF3,64,LogitGRF,01-05,1934233436,659,591,68,9145,442
OF3,64,LogitGRF,01-06,2330429928,719,663,56,9142,498
OF3,64,LogitGRF,01-07,5017990821,448,385,63,6782,139
OF3,64,LogitGRF,01-08,2987558307,685,609,76,8528,420
OF3,64,LogitGRF,01-09,2676548553,387,322,65,7507,122
OF3,64,LogitGRF,01-10,3214712938,669,584,85,7196,143
OF3,64,LogitGRF,02-03,3598260862,706,651,55,8166,422
OF3,64,LogitGRF,02-04,3400478613,509,458,51,7597,271
OF3,64,LogitGRF,02-05,2699144828,440,390,50,8935,204
OF3,64,LogitGRF,02-07,4726608405,381,334,47,6763,87
OF3,64,LogitGRF,02-10,3226868230,606,552,54,8477,314
OF3,64,LogitGRF,03-07,2678464271,596,550,46,9128,390
OF3,64,LogitGRF,03-10,1515619958,501,443,58,9311,345
OF3,64,LogitGRF,04-03,2827053687,559,491,68,8289,307
OF3,64,LogitGRF,04-07,2707290970,357,302,55,7886,95
OF3,64,LogitGRF,04-10,1868526047,465,404,61,8302,228
OF3,64,LogitGRF,05-03,3665206412,422,372,50,7396,154
OF3,64,LogitGRF,05-04,3365665027,585,534,51,7233,192
OF3,64,LogitGRF,05-07,4862807031,300,255,45,5200,46
OF3,64,LogitGRF,05-10,3004601646,491,428,63,7719,181
OF3,64,LogitGRF,06-02,2330621208,524,472,52,9373,303
OF3,64,LogitGRF,06-03,4300780764,565,490,75,7826,236
OF3,64,LogitGRF,06-04,3999844199,498,448,50,7329,211
OF3,64,LogitGRF,06-05,2141328712,483,421,62,9017,221
OF3,64,LogitGRF,06-07,5595808721,308,264,44,5314,57
OF3,64,LogitGRF,06-08,2921647109,390,341,49,7285,181
OF3,64,LogitGRF,06-10,3622460520,487,436,51,7299,190
OF3,64,LogitGRF,07-10,2261607711,341,282,59,6812,96
OF3,64,LogitGRF,08-02,2942656911,407,351,56,8440,132
OF3,64,LogitGRF,08-03,4258890343,443,389,54,7907,173
OF3,64,LogitGRF,08-04,2982296164,832,773,59,8041,543
OF3,64,LogitGRF,08-05,2325519177,601,539,62,8547,194
OF3,64,LogitGRF,08-07,4991237462,465,399,66,7044,148
OF3,64,LogitGRF,08-10,3348822551,446,373,73,7763,112
OF3,64,LogitGRF,09-02,2923298871,709,649,60,9379,349
OF3,64,LogitGRF,09-03,2074210127,599,552,47,9279,405
OF3,64,LogitGRF,09-04,2475324366,508,447,61,8267,217
OF3,64,LogitGRF,09-05,2613070913,352,289,63,7694,134
OF3,64,LogitGRF,09-06,3118908123,319,265,54,7401,78
OF3,64,LogitGRF,09-07,3057600236,635,560,75,8241,256
OF3,64,LogitGRF,09-08,2606298530,364,317,47,8483,175
OF3,64,LogitGRF,09-10,1703247717,384,336,48,8342,187
OF3,64,MicroscopyImages,01-02,2378120324,129,89,40,2915,113
OF3,64,MicroscopyImages,01-03,3417240106,92,60,32,1823,77
OF3,64,MicroscopyImages,01-04,4014715301,103,73,30,2221,96
OF3,64,MicroscopyImages,01-05,6778121903,68,35,33,1224,52
OF3,64,MicroscopyImages,01-06,7248746880,91,56,35,1715,66
OF3,64,MicroscopyImages,01-07,3956638292,70,43,27,1944,63
OF3,64,MicroscopyImages,01-08,4910091061,126,90,36,2778,118
OF3,64,MicroscopyImages,01-09,8878587305,70,41,29,1078,58
OF3,64,MicroscopyImages,01-10,7605094891,131,73,58,2171,87
OF3,64,MicroscopyImages,02-03,2702384116,120,78,42,2921,125
OF3,64,MicroscopyImages,02-04,3813160569,284,205,79,4658,148
OF3,64,MicroscopyImages,02-05,6256613731,129,94,35,2068,112
OF3,64,MicroscopyImages,02-07,3128994194,176,124,52,3360,111
OF3,64,MicroscopyImages,02-10,7280055659,171,122,49,3048,75
OF3,64,MicroscopyImages,03-07,2755187712,129,89,40,3165,208
OF3,64,MicroscopyImages,03-10,5597239547,124,87,37,2688,93
OF3,64,MicroscopyImages,04-03,2384090653,124,86,38,3569,133
OF3,64,MicroscopyImages,04-07,3791898639,247,183,64,4267,156
OF3,64,MicroscopyImages,04-10,4033043998,231,168,63,4350,151
OF3,64,MicroscopyImages,05-03,4442744501,90,55,35,1568,102
OF3,64,MicroscopyImages,05-04,4079109682,133,91,42,2918,114
OF3,64,MicroscopyImages,05-07,6302711869,85,53,32,1522,60
OF3,64,MicroscopyImages,05-10,3445947804,192,133,59,3236,138
OF3,64,MicroscopyImages,06-02,6879359348,195,150,45,2533,100
OF3,64,MicroscopyImages,06-03,5199508508,138,95,43,2320,125
OF3,64,MicroscopyImages,06-04,3574961983,184,132,52,3680,107
OF3,64,MicroscopyImages,06-05,2874354247,165,105,60,3274,200
OF3,64,MicroscopyImages,06-07,7118128144,172,122,50,2107,81
OF3,64,MicroscopyImages,06-08,6904093487,210,156,54,3948,106
OF3,64,MicroscopyImages,06-10,2929815561,239,193,46,4097,194
OF3,64,MicroscopyImages,07-10,7391376629,155,118,37,2525,81
OF3,64,MicroscopyImages,08-02,3075350363,519,440,79,5983,571
OF3,64,MicroscopyImages,08-03,2809365781,113,76,37,3703,111
OF3,64,MicroscopyImages,08-04,4120325050,220,166,54,5489,155
OF3,64,MicroscopyImages,08-05,6174717140,118,83,35,2339,77
OF3,64,MicroscopyImages,08-07,1783317395,239,186,53,4756,157
OF3,64,MicroscopyImages,08-10,7188196976,192,143,49,3549,67
OF3,64,MicroscopyImages,09-02,8456520057,117,66,51,1759,54
OF3,64,MicroscopyImages,09-03,6742385593,105,70,35,1538,88
OF3,64,MicroscopyImages,09-04,6170147100,103,70,33,1984,51
OF3,64,MicroscopyImages,09-05,4646581906,102,68,34,1917,143
OF3,64,MicroscopyImages,09-06,4943509405,108,64,44,1983,69
OF3,64,MicroscopyImages,09-07,8425262973,76,43,33,1150,35
OF3,64,MicroscopyImages,09-08,8282919316,162,109,53,1836,61
OF3,64,MicroscopyImages,09-10,2600663228,135,91,44,3144,68
OF3,64,Shapes,01-02,4915200000,141,117,24,3423,59
OF3,64,Shapes,01-03,681600000,254,211,43,12950,286
OF3,64,Shapes,01-04,3644102860,151,122,29,3933,40
OF3,64,Shapes,01-05,2451180264,207,180,27,6847,128
OF3,64,Shapes,01-06,6553600000,201,168,33,7042,58
OF3,64,Shapes,01-07,4298990571,220,180,40,5868,65
OF3,64,Shapes,01-08,3700502294,138,114,24,4521,87
OF3,64,Shapes,01-09,2188800000,352,317,35,11048,298
OF3,64,Shapes,01-10,1456709668,164,120,44,5781,60
OF3,64,Shapes,02-03,4915200000,88,72,16,2251,57
OF3,64,Shapes,02-04,1289677806,115,93,22,4006,85
OF3,64,Shapes,02-05,5449977274,92,70,22,2346,64
OF3,64,Shapes,02-07,4783605251,152,125,27,3649,113
OF3,64,Shapes,02-10,5414395560,160,122,38,3162,74
OF3,64,Shapes,03-07,4332781713,123,97,26,3756,86
OF3,64,Shapes,03-10,1586309606,111,86,25,3796,127
OF3,64,Shapes,04-03,3650183190,90,71,19,2230,54
OF3,64,Shapes,04-07,3970313383,118,90,28,3238,42
OF3,64,Shapes,04-10,4149467022,88,64,24,2970,66
OF3,64,Shapes,05-03,2506254638,76,53,23,2294,64
OF3,64,Shapes,05-04,4178879776,79,55,24,2065,35
OF3,64,Shapes,05-07,5024229805,158,120,38,3880,107
OF3,64,Shapes,05-10,2738839748,141,112,29,3664,107
OF3,64,Shapes,06-02,5087552000,163,120,43,4439,115
OF3,64,Shapes,06-03,6553600000,119,101,18,2911,62
OF3,64,Shapes,06-04,4848469616,135,105,30,3947,77
OF3,64,Shapes,06-05,6820985084,101,76,25,2120,50
OF3,64,Shapes,06-07,8690763355,145,112,33,3727,76
OF3,64,Shapes,06-08,5253322002,201,176,25,5364,293
OF3,64,Shapes,06-10,6803195242,119,92,27,2634,58
OF3,64,Shapes,07-10,4720918761,143,104,39,4010,101
OF3,64,Shapes,08-02,2110060064,56,35,21,2014,47
OF3,64,Shapes,08-03,3709357818,104,83,21,2970,106
OF3,64,Shapes,08-04,1408589846,113,91,22,3926,139
OF3,64,Shapes,08-05,3755612368,91,61,30,3139,79
OF3,64,Shapes,08-07,4245138943,158,109,49,3621,118
OF3,64,Shapes,08-10,4565695170,122,102,20,3363,137
OF3,64,Shapes,09-02,4948832000,152,119,33,3683,133
OF3,64,Shapes,09-03,2197600000,171,145,26,8652,134
OF3,64,Shapes,09-04,3730471002,274,242,32,4756,326
OF3,64,Shapes,09-05,3104671408,173,132,41,4335,116
OF3,64,Shapes,09-06,6553600000,212,169,43,5706,176
OF3,64,Shapes,09-07,4742920073,181,149,32,3818,150
OF3,64,Shapes,09-08,3939478658,97,71,26,3645,87
OF3,64,Shapes,09-10,2546665976,138,113,25,4181,125
OF3,64,WhiteNoise,01-02,291726155,392,344,48,9087,248
OF3,64,WhiteNoise,01-03,292938511,371,327,44,9380,314
OF3,64,WhiteNoise,01-04,324752480,316,275,41,8818,222
OF3,64,WhiteNoise,01-05,319030245,332,289,43,9241,234
OF3,64,WhiteNoise,01-06,314385277,351,305,46,9385,228
OF3,64,WhiteNoise,01-07,437001352,633,569,64,9556,413
OF3,64,WhiteNoise,01-08,367113804,273,229,44,9182,166
OF3,64,WhiteNoise,01-09,343638416,337,294,43,9462,225
OF3,64,WhiteNoise,01-10,343330416,635,566,69,9909,400
OF3,64,WhiteNoise,02-03,334441764,376,311,65,8963,218
OF3,64,WhiteNoise,02-04,359090245,346,300,46,9380,178
OF3,64,WhiteNoise,02-05,332839586,350,275,75,9055,172
OF3,64,WhiteNoise,02-07,391554505,420,374,46,9939,276
OF3,64,WhiteNoise,02-10,361931991,343,293,50,9290,265
OF3,64,WhiteNoise,03-07,445825565,564,476,88,10053,312
OF3,64,WhiteNoise,03-10,377548849,417,365,52,10056,273
OF3,64,WhiteNoise,04-03,309239937,350,289,61,9258,258
OF3,64,WhiteNoise,04-07,425181248,653,583,70,9917,332
OF3,64,WhiteNoise,04-10,354826106,478,419,59,9452,316
OF3,64,WhiteNoise,05-03,325020270,369,304,65,9161,231
OF3,64,WhiteNoise,05-04,338265011,374,320,54,9132,230
OF3,64,WhiteNoise,05-07,365870295,511,457,54,9820,323
OF3,64,WhiteNoise,05-10,309091903,297,252,45,9173,197
OF3,64,WhiteNoise,06-02,292834716,341,301,40,9009,272
OF3,64,WhiteNoise,06-03,340527736,510,455,55,9462,270
OF3,64,WhiteNoise,06-04,321904361,447,394,53,9172,286
OF3,64,WhiteNoise,06-05,314071108,384,342,42,9646,257
OF3,64,WhiteNoise,06-07,321965857,399,354,45,9135,308
OF3,64,WhiteNoise,06-08,314385043,329,292,37,8678,273
OF3,64,WhiteNoise,06-10,324236573,459,394,65,9507,319
OF3,64,WhiteNoise,07-10,316551876,436,387,49,9298,306
OF3,64,WhiteNoise,08-02,379269997,300,254,46,9122,161
OF3,64,WhiteNoise,08-03,363133089,421,369,52,9984,273
OF3,64,WhiteNoise,08-04,309748102,336,291,45,8811,189
OF3,64,WhiteNoise,08-05,338724889,440,392,48,9361,320
OF3,64,WhiteNoise,08-07,334495436,591,541,50,9296,466
OF3,64,WhiteNoise,08-10,320027570,313,248,65,9181,170
OF3,64,WhiteNoise,09-02,368834963,598,547,51,10059,453
OF3,64,WhiteNoise,09-03,341080195,447,397,50,9300,282
OF3,64,WhiteNoise,09-04,293983898,327,285,42,8885,239
OF3,64,WhiteNoise,09-05,358709399,530,458,72,9478,237
OF3,64,WhiteNoise,09-06,312855057,371,326,45,9067,277
OF3,64,WhiteNoise,09-07,381950432,435,373,62,9686,215
OF3,64,WhiteNoise,09-08,303776302,308,265,43,8800,220
OF3,64,WhiteNoise,09-10,371789022,424,376,48,9043,302
OF3,128,CauchyDensity,01-06,106588249053,3521,2589,932,14221,121
OF3,128,CauchyDensity,01-10,64704367372,5040,3839,1201,32606,471
OF3,128,CauchyDensity,02-01,36710624322,6044,5314,730,26948,619
OF3,128,CauchyDensity,02-04,68812516857,2616,2164,452,14091,56
OF3,128,CauchyDensity,02-06,87151415875,3080,2682,398,14868,116
OF3,128,CauchyDensity,02-10,67909333764,4069,3366,703,17722,262
OF3,128,CauchyDensity,03-01,97915887665,2617,2062,555,15091,151
OF3,128,CauchyDensity,03-02,77118653459,3223,2635,588,13301,44
OF3,128,CauchyDensity,03-04,19819378228,6222,5713,509,40339,755
OF3,128,CauchyDensity,03-06,20737336990,9832,9041,791,39854,1707
OF3,128,CauchyDensity,03-07,19033031474,9247,8446,801,51103,1541
OF3,128,CauchyDensity,03-08,28678103588,5886,5081,805,38995,696
OF3,128,CauchyDensity,03-09,29870730472,8021,7212,809,38022,1204
OF3,128,CauchyDensity,03-10,45738381091,6513,5984,529,29090,983
OF3,128,CauchyDensity,04-01,87205826863,4283,3618,665,13436,333
OF3,128,CauchyDensity,04-06,25422437140,5478,4996,482,28543,716
OF3,128,CauchyDensity,04-10,53652058459,3280,2911,369,15947,95
OF3,128,CauchyDensity,05-01,76611696814,2516,2124,392,15236,143
OF3,128,CauchyDensity,05-02,59025249402,3111,2608,503,19139,137
OF3,128,CauchyDensity,05-03,37368490727,4250,3686,564,27430,485
OF3,128,CauchyDensity,05-04,31965626717,2587,2244,343,22868,159
OF3,128,CauchyDensity,05-06,34332394801,3370,2829,541,24595,83
OF3,128,CauchyDensity,05-07,25371182283,3921,3502,419,24640,381
OF3,128,CauchyDensity,05-08,17321743625,3442,2787,655,23156,205
OF3,128,CauchyDensity,05-09,31416618453,2581,2190,391,21634,77
OF3,128,CauchyDensity,05-10,60835979210,2554,2212,342,14911,48
OF3,128,CauchyDensity,07-01,89829424147,3477,3058,419,15105,177
OF3,128,CauchyDensity,07-02,69359378255,2661,2169,492,16073,59
OF3,128,CauchyDensity,07-04,15913451026,8037,7438,599,35496,1214
OF3,128,CauchyDensity,07-06,17926423112,2767,2392,375,21708,71
OF3,128,CauchyDensity,07-10,43756728069,2581,2236,345,16588,47
OF3,128,CauchyDensity,08-01,76526388889,2293,1904,389,16679,116
OF3,128,CauchyDensity,08-02,56085898047,2991,2455,536,19259,106
OF3,128,CauchyDensity,08-04,24962565458,3498,3029,469,26906,218
OF3,128,CauchyDensity,08-06,32584079094,2750,2386,364,20891,57
OF3,128,CauchyDensity,08-07,14709949294,3999,3452,547,24755,102
OF3,128,CauchyDensity,08-10,45152900817,2637,2278,359,17242,52
OF3,128,CauchyDensity,09-01,101925772525,2044,1664,380,12822,84
OF3,128,CauchyDensity,09-02,83901751377,2452,2046,406,13232,62
OF3,128,CauchyDensity,09-04,23696527360,5388,4812,576,31034,564
OF3,128,CauchyDensity,09-06,14407567286,3651,2992,659,32177,353
OF3,128,CauchyDensity,09-07,14650891864,4254,3646,608,29866,98
OF3,128,CauchyDensity,09-08,29169218920,2602,2257,345,19531,43
OF3,128,CauchyDensity,09-10,49166129577,3129,2712,417,25217,67
OF3,128,CauchyDensity,10-06,44432049933,3557,3034,523,31886,77
OF3,128,ClassicImages,01-06,23728173924,3639,3206,433,24932,287
OF3,128,ClassicImages,01-10,22353698197,4639,3775,864,30055,442
OF3,128,ClassicImages,02-01,16560269043,3523,2956,567,28347,100
OF3,128,ClassicImages,02-04,6756847166,7610,6642,968,33946,802
OF3,128,ClassicImages,02-06,8120850023,4592,3796,796,30349,407
OF3,128,ClassicImages,02-10,12867141442,5339,4557,782,34906,512
OF3,128,ClassicImages,03-01,19873642301,4040,3316,724,25637,315
OF3,128,ClassicImages,03-02,12212270386,2907,2496,411,30475,169
OF3,128,ClassicImages,03-04,10296463400,2975,2484,491,32062,194
OF3,128,ClassicImages,03-06,14974118639,3616,3143,473,28118,156
OF3,128,ClassicImages,03-07,14392152163,5811,4879,932,33642,501
OF3,128,ClassicImages,03-08,13013269247,2737,2258,479,27814,158
OF3,128,ClassicImages,03-09,22278516789,3740,3097,643,29307,147
OF3,128,ClassicImages,03-10,19479823580,3399,2958,441,28096,173
OF3,128,ClassicImages,04-01,13353769135,8045,7505,540,31652,489
OF3,128,ClassicImages,04-06,12781136453,4613,4055,558,30871,353
OF3,128,ClassicImages,04-10,16508605894,4606,4040,566,32897,395
OF3,128,ClassicImages,05-01,15768931293,3879,3249,630,28612,256
OF3,128,ClassicImages,05-02,7164895338,4186,3761,425,30024,565
OF3,128,ClassicImages,05-03,10687808198,8396,7955,441,38994,1539
OF3,128,ClassicImages,05-04,8230775970,4362,3865,497,31027,580
OF3,128,ClassicImages,05-06,10423123927,5077,4379,698,32437,332
OF3,128,ClassicImages,05-07,8015892317,10710,10093,617,36400,2081
OF3,128,ClassicImages,05-08,10628160935,3971,3397,574,32724,295
OF3,128,ClassicImages,05-09,16879641581,3921,3086,835,32481,158
OF3,128,ClassicImages,05-10,16404166796,7936,6864,1072,35536,1146
OF3,128,ClassicImages,07-01,18013202974,5462,4671,791,31399,346
OF3,128,ClassicImages,07-02,8007114023,4654,3934,720,33590,382
OF3,128,ClassicImages,07-04,11324380217,7609,6970,639,36227,999
OF3,128,ClassicImages,07-06,9937348406,5217,4680,537,37304,588
OF3,128,ClassicImages,07-10,14657708281,5383,3970,1413,30129,287
OF3,128,ClassicImages,08-01,14264980662,6658,5832,826,32606,738
OF3,128,ClassicImages,08-02,9361953027,5561,4852,709,31031,558
OF3,128,ClassicImages,08-04,8454994213,4558,4040,518,32926,491
OF3,128,ClassicImages,08-06,13070724188,6235,5606,629,29180,508
OF3,128,ClassicImages,08-07,11213458382,4582,4034,548,33209,368
OF3,128,ClassicImages,08-10,14601157735,4836,4264,572,32054,437
OF3,128,ClassicImages,09-01,25867137192,4974,4470,504,28466,290
OF3,128,ClassicImages,09-02,19894818329,4744,4028,716,26879,84
OF3,128,ClassicImages,09-04,20690165575,4465,3652,813,31853,139
OF3,128,ClassicImages,09-06,22104564614,4005,3532,473,24174,99
OF3,128,ClassicImages,09-07,17159056466,4398,3959,439,30949,304
OF3,128,ClassicImages,09-08,25051176968,3848,3391,457,28481,98
OF3,128,ClassicImages,09-10,30000775175,3926,3303,623,24130,100
OF3,128,ClassicImages,10-06,13280362469,3115,2602,513,30044,213
OF3,128,GRFmoderate,01-06,23946304338,3061,2599,462,22880,113
OF3,128,GRFmoderate,01-10,16265263020,4948,4504,444,29130,640
OF3,128,GRFmoderate,02-01,20182801841,4956,4196,760,28313,214
OF3,128,GRFmoderate,02-04,13821918177,4376,3877,499,34125,388
OF3,128,GRFmoderate,02-06,21626940863,3833,3345,488,28508,155
OF3,128,GRFmoderate,02-10,8900163801,2885,2209,676,29145,141
OF3,128,GRFmoderate,03-01,20513807214,3420,2996,424,27631,192
OF3,128,GRFmoderate,03-02,14394309937,5150,4667,483,28544,133
OF3,128,GRFmoderate,03-04,12617614116,3276,2686,590,29296,335
OF3,128,GRFmoderate,03-06,12896319058,4057,3542,515,32355,267
OF3,128,GRFmoderate,03-07,16724666010,3871,3370,501,27800,320
OF3,128,GRFmoderate,03-08,13560017739,4907,4515,392,32035,667
OF3,128,GRFmoderate,03-09,15915155825,3745,3077,668,29370,247
OF3,128,GRFmoderate,03-10,14473543200,4002,3278,724,28437,189
OF3,128,GRFmoderate,04-01,16195915640,4937,4471,466,27322,530
OF3,128,GRFmoderate,04-06,13077850792,4066,3280,786,29356,120
OF3,128,GRFmoderate,04-10,10747401708,3980,3220,760,29854,305
OF3,128,GRFmoderate,05-01,20271925399,3788,3291,497,29801,404
OF3,128,GRFmoderate,05-02,10212297752,14452,14022,430,38102,2965
OF3,128,GRFmoderate,05-03,12356831709,3840,3372,468,32571,463
OF3,128,GRFmoderate,05-04,15264106085,2397,2026,371,28127,142
OF3,128,GRFmoderate,05-06,18874983569,4719,3879,840,27530,381
OF3,128,GRFmoderate,05-07,16410247967,2928,2252,676,29762,146
OF3,128,GRFmoderate,05-08,15351338150,3697,3220,477,28263,209
OF3,128,GRFmoderate,05-09,17748839580,3347,2853,494,26770,221
OF3,128,GRFmoderate,05-10,12343970053,3344,2832,512,31276,291
OF3,128,GRFmoderate,07-01,6028285624,4342,3691,651,32296,435
OF3,128,GRFmoderate,07-02,16757155085,3411,2902,509,27704,148
OF3,128,GRFmoderate,07-04,12708200518,4204,3752,452,28022,415
OF3,128,GRFmoderate,07-06,19926032490,3265,2789,476,25436,85
OF3,128,GRFmoderate,07-10,13139195016,4570,4032,538,28145,453
OF3,128,GRFmoderate,08-01,15567359433,3519,3005,514,25106,60
OF3,128,GRFmoderate,08-02,20603757502,4705,4234,471,27070,366
OF3,128,GRFmoderate,08-04,11304682253,10329,9836,493,35452,1693
OF3,128,GRFmoderate,08-06,11665393143,6117,4919,1198,31650,597
OF3,128,GRFmoderate,08-07,11599182867,4032,3254,778,28473,99
OF3,128,GRFmoderate,08-10,15964910737,4060,3559,501,27477,224
OF3,128,GRFmoderate,09-01,17906387907,3503,3094,409,24263,83
OF3,128,GRFmoderate,09-02,22936484496,3607,3157,450,25278,179
OF3,128,GRFmoderate,09-04,13573465471,3694,3148,546,32946,230
OF3,128,GRFmoderate,09-06,11104399909,6486,6047,439,32075,790
OF3,128,GRFmoderate,09-07,14703469517,8184,7385,799,30999,758
OF3,128,GRFmoderate,09-08,7954557718,4778,4216,562,33603,525
OF3,128,GRFmoderate,09-10,18219213271,4907,4460,447,28633,489
OF3,128,GRFmoderate,10-06,18610733930,12733,12075,658,30329,1026
OF3,128,GRFrough,01-06,5164339695,3202,2845,357,32533,429
OF3,128,GRFrough,01-10,7524039595,4804,4168,636,34195,487
OF3,128,GRFrough,02-01,3832369315,3338,2710,628,31579,258
OF3,128,GRFrough,02-04,7405400850,7494,7054,440,32270,1120
OF3,128,GRFrough,02-06,5068151160,5104,4647,457,33208,684
OF3,128,GRFrough,02-10,8282356664,3708,3287,421,31246,295
OF3,128,GRFrough,03-01,5595145810,3143,2683,460,31780,136
OF3,128,GRFrough,03-02,5992235691,5434,4954,480,33735,757
OF3,128,GRFrough,03-04,3175540665,4764,4004,760,33716,631
OF3,128,GRFrough,03-06,3618174465,2752,2317,435,32139,230
OF3,128,GRFrough,03-07,2953179440,3194,2720,474,32224,320
OF3,128,GRFrough,03-08,5298904909,2848,2339,509,31820,189
OF3,128,GRFrough,03-09,4118125651,2499,2068,431,32931,205
OF3,128,GRFrough,03-10,5128025691,2774,2306,468,31963,203
OF3,128,GRFrough,04-01,6966478503,5227,4618,609,31034,350
OF3,128,GRFrough,04-06,5000037936,3976,3533,443,31269,367
OF3,128,GRFrough,04-10,5268800704,4161,3647,514,33140,492
OF3,128,GRFrough,05-01,6558121770,3639,3209,430,29334,274
OF3,128,GRFrough,05-02,7246708935,3754,3365,389,28538,410
OF3,128,GRFrough,05-03,2864186188,3019,2597,422,32124,383
OF3,128,GRFrough,05-04,3444111129,2819,2355,464,33604,312
OF3,128,GRFrough,05-06,4440827867,4566,3641,925,31337,361
OF3,128,GRFrough,05-07,3308328724,3533,3176,357,32042,443
OF3,128,GRFrough,05-08,5676033165,4245,3775,470,33842,380
OF3,128,GRFrough,05-09,4729052845,4020,3634,386,32035,481
OF3,128,GRFrough,05-10,5400639507,4461,4094,367,33256,602
OF3,128,GRFrough,07-01,5920613590,3342,2891,451,33792,285
OF3,128,GRFrough,07-02,6725410891,3138,2562,576,29550,232
OF3,128,GRFrough,07-04,3819608489,3272,2598,674,32042,216
OF3,128,GRFrough,07-06,3648797255,3014,2545,469,32367,396
OF3,128,GRFrough,07-10,5931273203,4886,4372,514,33351,533
OF3,128,GRFrough,08-01,5470954909,3169,2723,446,31625,236
OF3,128,GRFrough,08-02,5174352948,5261,4826,435,32894,748
OF3,128,GRFrough,08-04,6680290168,4562,4178,384,30883,209
OF3,128,GRFrough,08-06,5657682418,4232,3830,402,30722,513
OF3,128,GRFrough,08-07,5144106781,5801,5136,665,33237,686
OF3,128,GRFrough,08-10,8104190064,5074,4470,604,32605,567
OF3,128,GRFrough,09-01,4588981999,2804,2432,372,32411,287
OF3,128,GRFrough,09-02,4225379556,2635,2288,347,33090,253
OF3,128,GRFrough,09-04,5421200922,9921,9367,554,33605,1960
OF3,128,GRFrough,09-06,3702642038,4056,3675,381,33169,654
OF3,128,GRFrough,09-07,4368858363,5135,4611,524,36130,567
OF3,128,GRFrough,09-08,5329811082,3861,3447,414,30146,498
OF3,128,GRFrough,09-10,5401875868,5296,4784,512,32404,780
OF3,128,GRFrough,10-06,5535699612,5224,4846,378,32352,736
OF3,128,GRFsmooth,01-06,63354637549,3081,2515,566,19365,67
OF3,128,GRFsmooth,01-10,44636634807,3387,2906,481,20223,63
OF3,128,GRFsmooth,02-01,46962008903,5577,4844,733,22893,361
OF3,128,GRFsmooth,02-04,28734606698,4476,3936,540,26167,266
OF3,128,GRFsmooth,02-06,39661780348,2907,2500,407,22297,137
OF3,128,GRFsmooth,02-10,12267691018,6840,5955,885,36276,871
OF3,128,GRFsmooth,03-01,43975455033,3366,2943,423,23169,72
OF3,128,GRFsmooth,03-02,34518145006,3849,3334,515,25986,79
OF3,128,GRFsmooth,03-04,40218471240,3226,2474,752,30144,121
OF3,128,GRFsmooth,03-06,29410270520,3224,2609,615,21555,103
OF3,128,GRFsmooth,03-07,28844538615,3070,2675,395,30995,87
OF3,128,GRFsmooth,03-08,32022178944,3724,3331,393,20398,75
OF3,128,GRFsmooth,03-09,34166827763,4406,3926,480,24134,248
OF3,128,GRFsmooth,03-10,38861498008,4100,3535,565,21917,195
OF3,128,GRFsmooth,04-01,64019029525,4183,3538,645,14022,50
OF3,128,GRFsmooth,04-06,43078003844,3431,2977,454,20315,62
OF3,128,GRFsmooth,04-10,27527205088,4588,3965,623,26039,293
OF3,128,GRFsmooth,05-01,34482427186,3733,3326,407,24897,242
OF3,128,GRFsmooth,05-02,24948064143,5762,5324,438,29801,658
OF3,128,GRFsmooth,05-03,16227743869,3107,2633,474,28506,106
OF3,128,GRFsmooth,05-04,32970842807,2986,2567,419,27565,202
OF3,128,GRFsmooth,05-06,30728801491,4845,4281,564,24159,261
OF3,128,GRFsmooth,05-07,23566685866,4632,4251,381,29798,459
OF3,128,GRFsmooth,05-08,18394387983,4801,4264,537,30390,447
OF3,128,GRFsmooth,05-09,27271696126,3467,2911,556,28149,268
OF3,128,GRFsmooth,05-10,25381537841,2662,2277,385,25432,73
OF3,128,GRFsmooth,07-01,55822945302,3804,3135,669,17115,53
OF3,128,GRFsmooth,07-02,19461658635,9630,9211,419,29736,1527
OF3,128,GRFsmooth,07-04,17672975037,3538,2811,727,30015,201
OF3,128,GRFsmooth,07-06,31722273817,3407,2953,454,20911,61
OF3,128,GRFsmooth,07-10,20180080617,5170,4634,536,29140,492
OF3,128,GRFsmooth,08-01,32141621733,5107,4248,859,24762,263
OF3,128,GRFsmooth,08-02,24012545440,5015,4348,667,27047,423
OF3,128,GRFsmooth,08-04,34667885604,3630,3140,490,21231,120
OF3,128,GRFsmooth,08-06,37862345796,3573,3104,469,26192,89
OF3,128,GRFsmooth,08-07,26438429067,3611,3122,489,23780,69
OF3,128,GRFsmooth,08-10,21515914762,2800,2420,380,23333,86
OF3,128,GRFsmooth,09-01,36433890940,3638,2836,802,29347,116
OF3,128,GRFsmooth,09-02,24732901357,5345,4499,846,29474,440
OF3,128,GRFsmooth,09-04,32272733723,5748,5189,559,31969,385
OF3,128,GRFsmooth,09-06,43920769507,4325,3555,770,26839,316
OF3,128,GRFsmooth,09-07,29920267814,5322,4179,1143,30986,304
OF3,128,GRFsmooth,09-08,21036373091,4902,3938,964,31375,301
OF3,128,GRFsmooth,09-10,19455925821,5240,4239,1001,33558,266
OF3,128,GRFsmooth,10-06,42992420036,2833,2308,525,19581,143
OF3,128,LogGRF,01-06,29723199608,4217,3328,889,28895,547
OF3,128,LogGRF,01-10,77445387965,3183,2299,884,16637,151
OF3,128,LogGRF,02-01,77003231882,3058,2542,516,12267,81
OF3,128,LogGRF,02-04,100287357218,2274,1941,333,14612,208
OF3,128,LogGRF,02-06,94621836120,3345,2781,564,13380,76
OF3,128,LogGRF,02-10,97292200173,3577,3163,414,20502,199
OF3,128,LogGRF,03-01,43590381506,3472,3017,455,21954,226
OF3,128,LogGRF,03-02,118272673826,2167,1780,387,8951,52
OF3,128,LogGRF,03-04,68217496882,2546,2041,505,13349,49
OF3,128,LogGRF,03-06,38519817768,2988,2420,568,25245,145
OF3,128,LogGRF,03-07,67502026164,2757,2233,524,18391,91
OF3,128,LogGRF,03-08,61338589754,2646,2162,484,16825,86
OF3,128,LogGRF,03-09,83376731892,3111,2693,418,18007,242
OF3,128,LogGRF,03-10,86494419961,2747,2166,581,13077,45
OF3,128,LogGRF,04-01,77723880442,3142,2670,472,15963,68
OF3,128,LogGRF,04-06,90825462834,2788,2335,453,11731,40
OF3,128,LogGRF,04-10,154676648445,2325,2051,274,6310,37
OF3,128,LogGRF,05-01,46274411841,3679,3240,439,26018,403
OF3,128,LogGRF,05-02,116089308771,2130,1784,346,8740,54
OF3,128,LogGRF,05-03,27586357933,3977,3359,618,32734,334
OF3,128,LogGRF,05-04,49923904465,3538,3025,513,28950,164
OF3,128,LogGRF,05-06,47712143539,5693,4893,800,30555,527
OF3,128,LogGRF,05-07,60414651515,3074,2627,447,20564,100
OF3,128,LogGRF,05-08,55793715721,2643,2231,412,16571,62
OF3,128,LogGRF,05-09,81362741007,2611,2158,453,14627,142
OF3,128,LogGRF,05-10,106820092652,2112,1762,350,11295,78
OF3,128,LogGRF,07-01,51668675458,4667,3998,669,26501,232
OF3,128,LogGRF,07-02,59718549112,2906,2495,411,21245,200
OF3,128,LogGRF,07-04,41728023012,3118,2678,440,27898,308
OF3,128,LogGRF,07-06,72852057350,2950,2556,394,15031,164
OF3,128,LogGRF,07-10,126905548635,1945,1617,328,6908,29
OF3,128,LogGRF,08-01,28682965518,3888,3119,769,29487,197
OF3,128,LogGRF,08-02,60779531662,2684,2246,438,16355,66
OF3,128,LogGRF,08-04,65469436934,3216,2629,587,24716,297
OF3,128,LogGRF,08-06,47941622346,3378,2903,475,25682,222
OF3,128,LogGRF,08-07,32259339972,3221,2798,423,30877,240
OF3,128,LogGRF,08-10,97029640629,2240,1864,376,12175,47
OF3,128,LogGRF,09-01,42605210948,9061,8507,554,31901,1295
OF3,128,LogGRF,09-02,38879906188,4023,3489,534,24088,330
OF3,128,LogGRF,09-04,79553286566,2864,2224,640,19357,135
OF3,128,LogGRF,09-06,61606440300,4017,3446,571,18779,179
OF3,128,LogGRF,09-07,51515726380,2786,2298,488,17549,65
OF3,128,LogGRF,09-08,35037392440,3586,3071,515,26576,305
OF3,128,LogGRF,09-10,75451483329,2870,2420,450,16039,97
OF3,128,LogGRF,10-06,63880835091,3364,2867,497,20716,307
OF3,128,LogitGRF,01-06,20182602697,6048,5439,609,32758,773
OF3,128,LogitGRF,01-10,28241216512,6796,5771,1025,34807,805
OF3,128,LogitGRF,02-01,35578173631,5241,4248,993,26326,214
OF3,128,LogitGRF,02-04,21422415475,5591,4682,909,34335,547
OF3,128,LogitGRF,02-06,27058621924,9400,8771,629,34930,1247
OF3,128,LogitGRF,02-10,23134750699,4767,4006,761,32174,309
OF3,128,LogitGRF,03-01,16158972536,4393,3862,531,36753,460
OF3,128,LogitGRF,03-02,25044642561,2950,2468,482,28042,202
OF3,128,LogitGRF,03-04,17759610552,3064,2463,601,31893,231
OF3,128,LogitGRF,03-06,16464073507,4703,4121,582,31794,525
OF3,128,LogitGRF,03-07,18961868609,4019,3522,497,32478,431
OF3,128,LogitGRF,03-08,28332404527,5010,4579,431,27680,595
OF3,128,LogitGRF,03-09,26051465027,5666,4606,1060,31881,518
OF3,128,LogitGRF,03-10,16568090858,7560,7030,530,38197,1038
OF3,128,LogitGRF,04-01,25042758364,7518,6322,1196,31153,768
OF3,128,LogitGRF,04-06,21664675261,12894,12292,602,33255,1099
OF3,128,LogitGRF,04-10,24326626304,4358,3685,673,29805,197
OF3,128,LogitGRF,05-01,15482575613,9228,8585,643,33914,1640
OF3,128,LogitGRF,05-02,28964623946,3959,3366,593,27849,241
OF3,128,LogitGRF,05-03,16214453241,4497,4046,451,34878,542
OF3,128,LogitGRF,05-04,20665910355,6066,5583,483,33476,775
OF3,128,LogitGRF,05-06,18506149602,6985,5404,1581,34098,760
OF3,128,LogitGRF,05-07,28580948084,6958,6351,607,37068,984
OF3,128,LogitGRF,05-08,37452449894,3253,2824,429,26966,186
OF3,128,LogitGRF,05-09,32767776744,7684,7109,575,27850,976
OF3,128,LogitGRF,05-10,25992565973,6173,5559,614,35276,777
OF3,128,LogitGRF,07-01,27190142265,7132,6512,620,35842,827
OF3,128,LogitGRF,07-02,25993439878,6833,6049,784,40362,616
OF3,128,LogitGRF,07-04,23428029421,7303,6180,1123,35956,625
OF3,128,LogitGRF,07-06,24815990998,4885,3961,924,31870,309
OF3,128,LogitGRF,07-10,14497438817,9062,8117,945,36582,1322
OF3,128,LogitGRF,08-01,41144926833,4142,3639,503,21410,166
OF3,128,LogitGRF,08-02,28304877868,3814,3182,632,26585,115
OF3,128,LogitGRF,08-04,23268275909,4339,3612,727,32168,151
OF3,128,LogitGRF,08-06,33775260396,4343,3836,507,24779,184
OF3,128,LogitGRF,08-07,22505161244,5020,4190,830,29610,367
OF3,128,LogitGRF,08-10,20969099609,3932,3201,731,30815,178
OF3,128,LogitGRF,09-01,28962545289,6244,5809,435,33715,663
OF3,128,LogitGRF,09-02,35897879162,6850,6283,567,31552,684
OF3,128,LogitGRF,09-04,25923772751,3610,3219,391,29297,281
OF3,128,LogitGRF,09-06,24535441976,4454,3828,626,30074,300
OF3,128,LogitGRF,09-07,24950482544,6636,5733,903,37162,774
OF3,128,LogitGRF,09-08,33566740828,4801,4189,612,25945,345
OF3,128,LogitGRF,09-10,21239358325,8652,7311,1341,35389,825
OF3,128,LogitGRF,10-06,18923052511,4658,4114,544,33637,421
OF3,128,MicroscopyImages,01-06,38499224482,2478,1581,897,16469,315
OF3,128,MicroscopyImages,01-10,34508397718,3695,2758,937,14908,266
OF3,128,MicroscopyImages,02-01,10770820535,2985,2353,632,21264,324
OF3,128,MicroscopyImages,02-04,23182359308,5156,4033,1123,30997,604
OF3,128,MicroscopyImages,02-06,37447344813,4947,3720,1227,24115,715
OF3,128,MicroscopyImages,02-10,25965421593,5652,4541,1111,22770,247
OF3,128,MicroscopyImages,03-01,25898607417,2901,1588,1313,15536,433
OF3,128,MicroscopyImages,03-02,27505275888,2943,2405,538,21821,456
OF3,128,MicroscopyImages,03-04,7407779606,2645,2055,590,24093,361
OF3,128,MicroscopyImages,03-06,38397394747,2889,2181,708,21284,519
OF3,128,MicroscopyImages,03-07,52400582942,1407,933,474,11885,200
OF3,128,MicroscopyImages,03-08,47485492799,3517,2984,533,17775,678
OF3,128,MicroscopyImages,03-09,47654822520,2366,1799,567,13553,744
OF3,128,MicroscopyImages,03-10,44175069701,4355,3465,890,17473,453
OF3,128,MicroscopyImages,04-01,21666877859,3028,2422,606,22565,570
OF3,128,MicroscopyImages,04-06,36689512049,3617,2957,660,22209,228
OF3,128,MicroscopyImages,04-10,40868521733,3718,2966,752,22565,260
OF3,128,MicroscopyImages,05-01,46767009844,1623,750,873,8740,191
OF3,128,MicroscopyImages,05-02,45548923315,2345,1709,636,16142,266
OF3,128,MicroscopyImages,05-03,45992833017,2349,1900,449,14382,660
OF3,128,MicroscopyImages,05-04,44474539841,4143,3670,473,18807,1007
OF3,128,MicroscopyImages,05-06,10631194058,4678,3864,814,21036,495
OF3,128,MicroscopyImages,05-07,60571689453,2998,2410,588,8275,259
OF3,128,MicroscopyImages,05-08,58948325626,3823,3393,430,10270,250
OF3,128,MicroscopyImages,05-09,63825822401,1217,821,396,8148,149
OF3,128,MicroscopyImages,05-10,48128025274,2190,1502,688,15341,194
OF3,128,MicroscopyImages,07-01,59041743465,2175,1766,409,7790,270
OF3,128,MicroscopyImages,07-02,58988736944,2411,1588,823,11066,260
OF3,128,MicroscopyImages,07-04,53087629546,3422,2866,556,15538,243
OF3,128,MicroscopyImages,07-06,53410256645,2205,1692,513,11744,136
OF3,128,MicroscopyImages,07-10,57181973333,4071,2925,1146,12060,424
OF3,128,MicroscopyImages,08-01,55635223686,1784,986,798,9382,141
OF3,128,MicroscopyImages,08-02,54265222873,3109,2326,783,13199,166
OF3,128,MicroscopyImages,08-04,48266003197,4592,3455,1137,20909,327
OF3,128,MicroscopyImages,08-06,50552962672,2805,2047,758,17580,147
OF3,128,MicroscopyImages,08-07,8474572315,5029,4161,868,17150,503
OF3,128,MicroscopyImages,08-10,52182094882,3838,3206,632,18046,619
OF3,128,MicroscopyImages,09-01,43845728769,1871,1107,764,8625,143
OF3,128,MicroscopyImages,09-02,35976315540,2491,1940,551,15505,289
OF3,128,MicroscopyImages,09-04,44944692416,4138,3409,729,16362,551
OF3,128,MicroscopyImages,09-06,56392397687,1863,1438,425,12642,118
OF3,128,MicroscopyImages,09-07,63594755540,1552,963,589,7939,397
OF3,128,MicroscopyImages,09-08,57809688005,1714,1072,642,10213,341
OF3,128,MicroscopyImages,09-10,18906763849,2113,1665,448,13791,255
OF3,128,MicroscopyImages,10-06,42047320754,5865,5207,658,25231,1370
OF3,128,Shapes,01-06,52428800000,1869,1401,468,36835,64
OF3,128,Shapes,01-10,11755357250,1343,1031,312,22617,154
OF3,128,Shapes,02-01,39321600000,1483,1107,376,11988,57
OF3,128,Shapes,02-04,10317274756,1428,914,514,17217,120
OF3,128,Shapes,02-06,40684160000,1011,676,335,13126,127
OF3,128,Shapes,02-10,43377064888,1067,767,300,10791,71
OF3,128,Shapes,03-01,5370400000,1950,1580,370,65647,195
OF3,128,Shapes,03-02,39321600000,657,492,165,7686,50
OF3,128,Shapes,03-04,29239567500,1201,1015,186,11390,253
OF3,128,Shapes,03-06,52428800000,670,424,246,11635,27
OF3,128,Shapes,03-07,34434515991,1909,1696,213,13927,527
OF3,128,Shapes,03-08,29576650544,989,779,210,11220,231
OF3,128,Shapes,03-09,17530400000,1249,989,260,39093,175
OF3,128,Shapes,03-10,12759160030,2175,1786,389,16273,586
OF3,128,Shapes,04-01,29214624986,1730,1337,393,14413,68
OF3,128,Shapes,04-06,38736025332,1062,724,338,13085,61
OF3,128,Shapes,04-10,33332414928,1039,553,486,9052,84
OF3,128,Shapes,05-01,19578930916,1927,1626,301,25504,259
OF3,128,Shapes,05-02,43527832996,746,485,261,8419,61
OF3,128,Shapes,05-03,20019742786,916,758,158,11766,240
OF3,128,Shapes,05-04,33420854762,706,489,217,8638,58
OF3,128,Shapes,05-06,54531915906,1361,959,402,5117,54
OF3,128,Shapes,05-07,39947722267,1109,820,289,13250,151
OF3,128,Shapes,05-08,29910788234,623,377,246,9966,59
OF3,128,Shapes,05-09,24767196274,1362,1100,262,13691,367
OF3,128,Shapes,05-10,21959329844,889,595,294,11779,75
OF3,128,Shapes,07-01,34193013833,3064,2531,533,20732,219
OF3,128,Shapes,07-02,38121996459,1505,1238,267,11642,98
OF3,128,Shapes,07-04,31649864693,1714,1444,270,12182,93
OF3,128,Shapes,07-06,69380905703,2405,1925,480,10955,95
OF3,128,Shapes,07-10,37637265385,1564,1162,402,13192,142
OF3,128,Shapes,08-01,29508117522,1881,1644,237,17024,208
OF3,128,Shapes,08-02,16912545366,877,442,435,8762,80
OF3,128,Shapes,08-04,11261442490,1013,746,267,15284,200
OF3,128,Shapes,08-06,41972810676,1486,1082,404,10984,242
OF3,128,Shapes,08-07,33713414473,993,704,289,12260,118
OF3,128,Shapes,08-10,36525382978,823,535,288,8502,98
OF3,128,Shapes,09-01,17484800000,3195,2805,390,62743,287
OF3,128,Shapes,09-02,39510528000,2049,1772,277,15731,637
OF3,128,Shapes,09-04,29814528810,1758,1418,340,16350,421
OF3,128,Shapes,09-06,52428800000,856,432,424,19802,38
OF3,128,Shapes,09-07,37672325421,1259,976,283,13869,188
OF3,128,Shapes,09-08,31317207908,905,702,203,13138,197
OF3,128,Shapes,09-10,20372705602,2173,1804,369,16693,485
OF3,128,Shapes,10-06,54456540412,933,625,308,7506,44
OF3,128,WhiteNoise,01-06,1431005683,4596,4087,509,39041,579
OF3,128,WhiteNoise,01-10,1241653941,5418,4972,446,37290,678
OF3,128,WhiteNoise,02-01,1285182276,3178,2722,456,36899,290
OF3,128,WhiteNoise,02-04,1377611618,6658,6123,535,37305,547
OF3,128,WhiteNoise,02-06,1657659545,6355,5765,590,39347,556
OF3,128,WhiteNoise,02-10,1444651171,5323,4776,547,37994,482
OF3,128,WhiteNoise,03-01,1344060860,3032,2662,370,38758,390
OF3,128,WhiteNoise,03-02,1440831798,3523,3154,369,38362,335
OF3,128,WhiteNoise,03-04,1443019400,4502,4043,459,39592,518
OF3,128,WhiteNoise,03-06,1218268809,6739,6186,553,36369,794
OF3,128,WhiteNoise,03-07,1359945582,7490,6994,496,39448,743
OF3,128,WhiteNoise,03-08,1329085782,6408,5867,541,37751,544
OF3,128,WhiteNoise,03-09,1412639378,3946,3440,506,38332,434
OF3,128,WhiteNoise,03-10,1349259025,9274,8789,485,39036,616
OF3,128,WhiteNoise,04-01,1186296564,4555,4131,424,36178,503
OF3,128,WhiteNoise,04-06,1482280633,5344,4779,565,39169,699
OF3,128,WhiteNoise,04-10,1253084737,5028,4584,444,37580,491
OF3,128,WhiteNoise,05-01,1325252490,2913,2531,382,37994,379
OF3,128,WhiteNoise,05-02,1642247220,4080,3693,387,39764,506
OF3,128,WhiteNoise,05-03,1415991388,2707,2310,397,38173,294
OF3,128,WhiteNoise,05-04,1342604564,3096,2645,451,38673,464
OF3,128,WhiteNoise,05-06,1362634307,4642,3990,652,37963,379
OF3,128,WhiteNoise,05-07,1321485948,3603,3225,378,38098,563
OF3,128,WhiteNoise,05-08,1443210420,3579,3201,378,38941,489
OF3,128,WhiteNoise,05-09,1290675954,5810,5367,443,38269,1154
OF3,128,WhiteNoise,05-10,1364248905,4852,4490,362,40006,782
OF3,128,WhiteNoise,07-01,1285294962,4103,3604,499,36336,510
OF3,128,WhiteNoise,07-02,1523952088,4349,3694,655,38839,520
OF3,128,WhiteNoise,07-04,1271630002,3385,2934,451,37465,366
OF3,128,WhiteNoise,07-06,1370249603,9071,8237,834,39489,777
OF3,128,WhiteNoise,07-10,1274760281,4448,3974,474,38172,632
OF3,128,WhiteNoise,08-01,1551199568,8487,7656,831,39258,777
OF3,128,WhiteNoise,08-02,1752573696,6278,5721,557,40354,675
OF3,128,WhiteNoise,08-04,1503675236,6254,5525,729,39514,834
OF3,128,WhiteNoise,08-06,1409916721,6742,6028,714,38467,684
OF3,128,WhiteNoise,08-07,1428916854,5762,5297,465,38640,553
OF3,128,WhiteNoise,08-10,1398671355,3955,3252,703,38881,458
OF3,128,WhiteNoise,09-01,1215120972,4030,3625,405,36780,492
OF3,128,WhiteNoise,09-02,1357605602,2882,2451,431,37235,378
OF3,128,WhiteNoise,09-04,1233658624,3807,3420,387,37245,644
OF3,128,WhiteNoise,09-06,1514639589,6403,5964,439,40022,550
OF3,128,WhiteNoise,09-07,1332544666,5160,4756,404,39204,829
OF3,128,WhiteNoise,09-08,1457089734,6028,5574,454,38770,552
OF3,128,WhiteNoise,09-10,1217716027,2743,2384,359,37170,320
OF3,128,WhiteNoise,10-06,1423279764,7448,6958,490,37870,714
OF3,256,CauchyDensity,01-03,955644276101,44580,36478,8102,31576,724
OF3,256,CauchyDensity,01-04,740986953605,44455,27711,16744,47769,97
OF3,256,CauchyDensity,01-06,999513618216,32639,24667,7972,24233,74
OF3,256,CauchyDensity,01-08,627073940018,36973,27803,9170,33278,147
OF3,256,CauchyDensity,01-09,533320943115,42983,32958,10025,69915,434
OF3,256,CauchyDensity,02-01,629828436206,38973,27807,11166,35022,215
OF3,256,CauchyDensity,02-03,715778360111,34005,24201,9804,18530,46
OF3,256,CauchyDensity,02-04,253671312209,44295,31461,12834,60361,139
OF3,256,CauchyDensity,02-05,370453718124,42576,29850,12726,71338,101
OF3,256,CauchyDensity,02-06,773754694612,35505,25345,10160,24040,96
OF3,256,CauchyDensity,02-07,717535439251,35322,24741,10581,29141,49
OF3,256,CauchyDensity,02-08,485162801192,75527,35425,40102,62376,577
OF3,256,CauchyDensity,02-09,306911490867,324214,309799,14415,129190,5272
OF3,256,CauchyDensity,02-10,567417115335,40323,28809,11514,28594,239
OF3,256,CauchyDensity,03-04,517865507920,35581,26955,8626,55610,67
OF3,256,CauchyDensity,03-06,286353682573,101343,88246,13097,137973,3219
OF3,256,CauchyDensity,03-08,351586558059,37422,24008,13414,82083,197
OF3,256,CauchyDensity,03-09,431818357846,36011,27139,8872,53514,75
OF3,256,CauchyDensity,04-08,624006458167,33392,21556,11836,26422,46
OF3,256,CauchyDensity,05-01,623753149568,33603,24162,9441,40919,163
OF3,256,CauchyDensity,05-03,345324641987,38451,29097,9354,60090,65
OF3,256,CauchyDensity,05-04,424120351783,35344,27166,8178,42026,60
OF3,256,CauchyDensity,05-06,403336958734,36241,27468,8773,47728,67
OF3,256,CauchyDensity,05-08,220357708784,74474,57984,16490,94371,1187
OF3,256,CauchyDensity,05-09,148082711065,87648,71123,16525,133043,2031
OF3,256,CauchyDensity,05-10,243223321741,41043,32761,8282,77790,356
OF3,256,CauchyDensity,06-04,603470405995,38717,22801,15916,56645,63
OF3,256,CauchyDensity,06-08,383108908112,33803,25288,8515,49705,61
OF3,256,CauchyDensity,07-01,947594558137,30850,22061,8789,24573,104
OF3,256,CauchyDensity,07-03,274890898562,52147,32775,19372,88059,350
OF3,256,CauchyDensity,07-04,682781142392,33613,25230,8383,33631,58
OF3,256,CauchyDensity,07-05,347081721127,40835,31041,9794,73741,82
OF3,256,CauchyDensity,07-06,159249670861,49599,38537,11062,104509,527
OF3,256,CauchyDensity,07-08,326889652751,37792,29724,8068,59587,64
OF3,256,CauchyDensity,07-09,433575436986,39125,29417,9708,72754,72
OF3,256,CauchyDensity,07-10,410767384894,37635,29532,8103,53759,68
OF3,256,CauchyDensity,09-04,317398975466,41864,31897,9967,61318,226
OF3,256,CauchyDensity,09-06,489794692347,35091,25213,9878,31046,45
OF3,256,CauchyDensity,09-08,306609641489,37659,28911,8748,56452,62
OF3,256,CauchyDensity,10-01,794367651801,34115,26569,7546,35933,262
OF3,256,CauchyDensity,10-03,251071377986,110696,97969,12727,144608,3454
OF3,256,CauchyDensity,10-04,365834915530,41714,31610,10104,75368,90
OF3,256,CauchyDensity,10-06,283593867133,44670,30501,14169,90020,87
OF3,256,CauchyDensity,10-08,351992700669,46753,35963,10790,64275,68
OF3,256,CauchyDensity,10-09,279785642698,41310,32427,8883,66561,75
OF3,256,ClassicImages,01-03,159009364194,34003,22896,11107,87701,223
OF3,256,ClassicImages,01-04,106838773907,46672,36031,10641,116224,701
OF3,256,ClassicImages,01-06,189827646490,49050,39871,9179,94205,655
OF3,256,ClassicImages,01-08,114129092982,66964,48052,18912,114628,1341
OF3,256,ClassicImages,01-09,206941162591,45954,35746,10208,95464,284
OF3,256,ClassicImages,02-01,132481473111,87714,76147,11567,119273,1716
OF3,256,ClassicImages,02-03,97709037805,104782,94030,10752,137345,3237
OF3,256,ClassicImages,02-04,54064854220,59181,45832,13349,130781,1143
OF3,256,ClassicImages,02-05,57332660037,45263,33097,12166,113598,467
OF3,256,ClassicImages,02-06,64972808515,51182,37942,13240,121580,600
OF3,256,ClassicImages,02-07,64072679986,54031,41249,12782,130894,942
OF3,256,ClassicImages,02-08,74907554227,66677,48315,18362,121770,583
OF3,256,ClassicImages,02-09,159171211886,54307,42707,11600,102479,381
OF3,256,ClassicImages,02-10,102956313759,57746,44578,13168,131165,924
OF3,256,ClassicImages,03-04,82386253533,46182,36449,9733,126857,534
OF3,256,ClassicImages,03-06,119806543772,79009,69318,9691,107901,533
OF3,256,ClassicImages,03-08,104114232518,44700,35746,8954,111325,528
OF3,256,ClassicImages,03-09,178244804617,73555,54153,19402,111241,941
OF3,256,ClassicImages,04-08,67651095501,36697,26578,10119,125674,706
OF3,256,ClassicImages,05-01,126168160508,54914,44520,10394,105279,558
OF3,256,ClassicImages,05-03,85506235870,181002,157120,23882,150794,4340
OF3,256,ClassicImages,05-04,65870267129,68852,57360,11492,122729,1163
OF3,256,ClassicImages,05-06,83391285122,51416,40685,10731,126312,367
OF3,256,ClassicImages,05-08,85045152900,80153,65403,14750,129323,1016
OF3,256,ClassicImages,05-09,135050178387,86873,77677,9196,132931,946
OF3,256,ClassicImages,05-10,131253383522,101398,86221,15177,123680,2542
OF3,256,ClassicImages,06-04,102259051433,46030,32898,13132,113775,570
OF3,256,ClassicImages,06-08,104572059668,47843,36455,11388,104904,488
OF3,256,ClassicImages,07-01,144103672177,83420,73091,10329,125532,2019
OF3,256,ClassicImages,07-03,115162368507,39607,28463,11144,127010,401
OF3,256,ClassicImages,07-04,90613992966,82382,65098,17284,132371,1488
OF3,256,ClassicImages,07-05,64145455721,131615,114191,17424,137502,3985
OF3,256,ClassicImages,07-06,79512402727,69504,57283,12221,130332,1020
OF3,256,ClassicImages,07-08,89720415149,158810,143006,15804,134528,2360
OF3,256,ClassicImages,07-09,137288564384,74702,63036,11666,122817,751
OF3,256,ClassicImages,07-10,117264832777,135936,122617,13319,134148,3432
OF3,256,ClassicImages,09-04,165535148882,66612,51894,14718,126248,935
OF3,256,ClassicImages,09-06,176848214293,44947,35484,9463,88306,132
OF3,256,ClassicImages,09-08,200420523203,44645,34257,10388,102126,199
OF3,256,ClassicImages,10-01,178841007028,73179,61517,11662,116518,1874
OF3,256,ClassicImages,10-03,155866421374,46581,28352,18229,109487,468
OF3,256,ClassicImages,10-04,132087282821,56264,45859,10405,129218,935
OF3,256,ClassicImages,10-06,106262826584,84238,71861,12377,123562,1681
OF3,256,ClassicImages,10-08,116835047386,44832,35403,9429,124562,714
OF3,256,ClassicImages,10-09,240019459481,41674,32509,9165,85893,143
OF3,256,GRFmoderate,01-03,105317637631,35801,26083,9718,115653,396
OF3,256,GRFmoderate,01-04,152163938144,44341,34931,9410,92195,113
OF3,256,GRFmoderate,01-06,89410121274,51926,42134,9792,134789,1294
OF3,256,GRFmoderate,01-08,145500253750,42393,32534,9859,112169,189
OF3,256,GRFmoderate,01-09,181142689383,52909,39945,12964,100640,708
OF3,256,GRFmoderate,02-01,158108267407,66511,54041,12470,97478,914
OF3,256,GRFmoderate,02-03,211495099718,83974,72235,11739,87370,568
OF3,256,GRFmoderate,02-04,168996378053,55431,42716,12715,102210,586
OF3,256,GRFmoderate,02-05,103441755160,100974,87087,13887,123391,1576
OF3,256,GRFmoderate,02-06,125096713979,72150,58229,13921,122880,1137
OF3,256,GRFmoderate,02-07,145159819576,60348,48932,11416,100297,691
OF3,256,GRFmoderate,02-08,145201963595,79104,60776,18328,101309,900
OF3,256,GRFmoderate,02-09,83909898904,62517,50042,12475,121436,1286
OF3,256,GRFmoderate,02-10,147279129929,52555,39088,13467,102535,292
OF3,256,GRFmoderate,03-04,213554436673,42519,33296,9223,79570,96
OF3,256,GRFmoderate,03-06,123378175623,37359,28015,9344,103999,369
OF3,256,GRFmoderate,03-08,180547707617,39103,30503,8600,91990,118
OF3,256,GRFmoderate,03-09,233207174746,52581,37451,15130,90466,351
OF3,256,GRFmoderate,04-08,258245771664,41019,30664,10355,88398,91
OF3,256,GRFmoderate,05-01,106458647845,77852,67973,9879,125438,1709
OF3,256,GRFmoderate,05-03,162964555112,50140,40559,9581,110314,854
OF3,256,GRFmoderate,05-04,140261859613,54840,44707,10133,101379,554
OF3,256,GRFmoderate,05-06,98157444463,38376,26400,11976,117182,382
OF3,256,GRFmoderate,05-08,156847312815,60391,48338,12053,103950,422
OF3,256,GRFmoderate,05-09,126703877550,190992,181198,9794,122147,1883
OF3,256,GRFmoderate,05-10,129441205215,55940,40885,15055,112764,760
OF3,256,GRFmoderate,06-04,146755540100,44713,35107,9606,92762,328
OF3,256,GRFmoderate,06-08,148861478300,67091,54999,12092,123115,1508
OF3,256,GRFmoderate,07-01,68675481497,107312,97590,9722,128316,3602
OF3,256,GRFmoderate,07-03,111591278266,106740,95280,11460,121849,2393
OF3,256,GRFmoderate,07-04,123336783565,50913,32844,18069,101785,112
OF3,256,GRFmoderate,07-05,105339146468,50004,40506,9498,117426,677
OF3,256,GRFmoderate,07-06,87113271533,43846,32469,11377,127181,469
OF3,256,GRFmoderate,07-08,154405595967,50272,40075,10197,118763,364
OF3,256,GRFmoderate,07-09,169948642388,45607,36038,9569,103468,136
OF3,256,GRFmoderate,07-10,108301109667,73994,63388,10606,129611,1841
OF3,256,GRFmoderate,09-04,179301148657,56776,39013,17763,92675,362
OF3,256,GRFmoderate,09-06,132159207357,69268,59580,9688,120968,1711
OF3,256,GRFmoderate,09-08,189005154133,44041,34948,9093,99903,228
OF3,256,GRFmoderate,10-01,118429515798,76847,63683,13164,127012,1738
OF3,256,GRFmoderate,10-03,131656935763,50495,39410,11085,109540,749
OF3,256,GRFmoderate,10-04,113808065278,155077,140952,14125,127746,2964
OF3,256,GRFmoderate,10-06,82939411656,50423,38873,11550,128140,850
OF3,256,GRFmoderate,10-08,182184625254,52692,38547,14145,97194,310
OF3,256,GRFmoderate,10-09,168453581625,42763,32490,10273,92637,214
OF3,256,GRFrough,01-03,67403701237,65267,55717,9550,111191,1240
OF3,256,GRFrough,01-04,60337798962,65664,54176,11488,112969,743
OF3,256,GRFrough,01-06,45781067500,44508,36022,8486,118297,570
OF3,256,GRFrough,01-08,35562577209,52667,41759,10908,133224,1087
OF3,256,GRFrough,01-09,33917597453,62642,47391,15251,132281,1427
OF3,256,GRFrough,02-01,40056419560,67530,59612,7918,128738,2084
OF3,256,GRFrough,02-03,63956174453,34162,27411,6751,108650,288
OF3,256,GRFrough,02-04,62391575074,34586,27158,7428,117852,544
OF3,256,GRFrough,02-05,46400327899,49477,41247,8230,143121,1134
OF3,256,GRFrough,02-06,50460571726,45509,39162,6347,121441,1143
OF3,256,GRFrough,02-07,46887370763,29649,21198,8451,115486,384
OF3,256,GRFrough,02-08,39867983805,56209,45216,10993,132073,1253
OF3,256,GRFrough,02-09,47214850585,32019,24678,7341,125111,489
OF3,256,GRFrough,02-10,31380768605,60002,52222,7780,129131,2027
OF3,256,GRFrough,03-04,41909891049,56100,46575,9525,131623,1300
OF3,256,GRFrough,03-06,34178342095,44552,31664,12888,128167,375
OF3,256,GRFrough,03-08,54493137884,61019,42199,18820,123757,695
OF3,256,GRFrough,03-09,59976218006,71635,62247,9388,119521,1528
OF3,256,GRFrough,04-08,44785615519,55617,46574,9043,129074,1806
OF3,256,GRFrough,05-01,47688040629,49143,37658,11485,124599,371
OF3,256,GRFrough,05-03,71561833104,38505,30503,8002,112925,337
OF3,256,GRFrough,05-04,57718602613,47386,36047,11339,121486,499
OF3,256,GRFrough,05-06,48185412551,55384,46597,8787,142995,1497
OF3,256,GRFrough,05-08,45359164032,51417,40210,11207,127017,873
OF3,256,GRFrough,05-09,43723722880,51252,40745,10507,123528,767
OF3,256,GRFrough,05-10,42115399846,60029,48856,11173,134901,802
OF3,256,GRFrough,06-04,31551992616,38141,25678,12463,132594,469
OF3,256,GRFrough,06-08,37984401135,40854,25051,15803,123116,704
OF3,256,GRFrough,07-01,34581881923,389067,378784,10283,132781,2351
OF3,256,GRFrough,07-03,43561484766,49855,36175,13680,121608,452
OF3,256,GRFrough,07-04,32716660841,106047,95764,10283,130047,1064
OF3,256,GRFrough,07-05,38040093868,31433,24697,6736,125045,312
OF3,256,GRFrough,07-06,24667584681,76676,67351,9325,140740,2734
OF3,256,GRFrough,07-08,31070504972,45821,36768,9053,124416,762
OF3,256,GRFrough,07-09,27912525616,78791,63708,15083,130833,2008
OF3,256,GRFrough,07-10,31269070976,158054,144178,13876,131147,1088
OF3,256,GRFrough,09-04,45338254575,48221,35940,12281,115112,496
OF3,256,GRFrough,09-06,32451677293,46849,35089,11760,138410,765
OF3,256,GRFrough,09-08,31277878514,43419,30631,12788,128833,718
OF3,256,GRFrough,10-01,35488329297,40806,29807,10999,120865,465
OF3,256,GRFrough,10-03,55627926556,57879,42592,15287,115331,503
OF3,256,GRFrough,10-04,51022864655,46747,36793,9954,119537,458
OF3,256,GRFrough,10-06,34959890529,65028,55065,9963,132408,1872
OF3,256,GRFrough,10-08,34910425082,65920,50220,15700,127382,1288
OF3,256,GRFrough,10-09,36539260596,57530,39510,18020,137084,900
OF3,256,GRFsmooth,01-03,299900977889,42607,32418,10189,75412,279
OF3,256,GRFsmooth,01-04,318951402604,39763,29490,10273,64187,106
OF3,256,GRFsmooth,01-06,260321060927,39739,25675,14064,76083,182
OF3,256,GRFsmooth,01-08,152777321509,69926,56305,13621,108642,1250
OF3,256,GRFsmooth,01-09,199949816970,57720,40830,16890,114033,113
OF3,256,GRFsmooth,02-01,197181708165,52817,40346,12471,91901,646
OF3,256,GRFsmooth,02-03,360661316572,42466,30610,11856,112481,118
OF3,256,GRFsmooth,02-04,491059095089,37563,26616,10947,39112,54
OF3,256,GRFsmooth,02-05,339535976303,38452,26978,11474,67449,127
OF3,256,GRFsmooth,02-06,396791778332,39397,28813,10584,46317,67
OF3,256,GRFsmooth,02-07,285285087459,42267,30847,11420,66255,75
OF3,256,GRFsmooth,02-08,194731305692,56220,39205,17015,86783,162
OF3,256,GRFsmooth,02-09,362799107933,43665,32625,11040,80883,191
OF3,256,GRFsmooth,02-10,546087521228,35003,25214,9789,28102,42
OF3,256,GRFsmooth,03-04,184076476577,42282,32021,10261,95439,495
OF3,256,GRFsmooth,03-06,168743826048,46017,36093,9924,98331,182
OF3,256,GRFsmooth,03-08,257120673120,46147,30006,16141,79481,87
OF3,256,GRFsmooth,03-09,175358491983,39639,30186,9453,95224,260
OF3,256,GRFsmooth,04-08,381045154205,32554,22693,9861,50126,65
OF3,256,GRFsmooth,05-01,209790710192,73034,55046,17988,107446,521
OF3,256,GRFsmooth,05-03,161271904707,50566,40242,10324,107986,607
OF3,256,GRFsmooth,05-04,195404959026,45184,35643,9541,84432,225
OF3,256,GRFsmooth,05-06,185019599875,49257,39313,9944,109572,1009
OF3,256,GRFsmooth,05-08,192684245957,46076,35275,10801,109713,91
OF3,256,GRFsmooth,05-09,104253521422,63210,51205,12005,132550,1285
OF3,256,GRFsmooth,05-10,251246706385,50226,35602,14624,93639,658
OF3,256,GRFsmooth,06-04,132889322081,36002,26786,9216,101802,166
OF3,256,GRFsmooth,06-08,286777766412,35335,26634,8701,60290,72
OF3,256,GRFsmooth,07-01,130626632552,42438,32406,10032,104279,337
OF3,256,GRFsmooth,07-03,298459237561,40136,30546,9590,66670,71
OF3,256,GRFsmooth,07-04,227064136584,38005,28331,9674,81477,87
OF3,256,GRFsmooth,07-05,228007244842,34576,25309,9267,85967,103
OF3,256,GRFsmooth,07-06,191826630737,35148,25552,9596,85846,339
OF3,256,GRFsmooth,07-08,202777687143,27651,19773,7878,86462,153
OF3,256,GRFsmooth,07-09,205768819266,55810,39646,16164,95089,541
OF3,256,GRFsmooth,07-10,260948166345,41505,30918,10587,74840,74
OF3,256,GRFsmooth,09-04,147871443352,39007,27816,11191,108185,244
OF3,256,GRFsmooth,09-06,143232412117,41129,29004,12125,101573,492
OF3,256,GRFsmooth,09-08,252775400257,44722,28933,15789,73176,78
OF3,256,GRFsmooth,10-01,370423761707,39219,29732,9487,55671,63
OF3,256,GRFsmooth,10-03,275251266536,28680,20801,7879,87365,163
OF3,256,GRFsmooth,10-04,121234973035,44523,33263,11260,101551,106
OF3,256,GRFsmooth,10-06,175554648854,28450,19833,8617,90262,90
OF3,256,GRFsmooth,10-08,436073526498,36571,27286,9285,42457,56
OF3,256,GRFsmooth,10-09,204328468395,47693,37889,9804,103726,459
OF3,256,LogGRF,01-03,599668230382,55370,40938,14432,43870,711
OF3,256,LogGRF,01-04,304865883003,55945,39621,16324,87530,746
OF3,256,LogGRF,01-06,314115038808,58632,46107,12525,86036,835
OF3,256,LogGRF,01-08,197187452089,72719,61154,11565,96560,582
OF3,256,LogGRF,01-09,227065317555,51798,41879,9919,108453,777
OF3,256,LogGRF,02-01,300419133073,409283,395194,14089,66399,505
OF3,256,LogGRF,02-03,315899588495,52031,39613,12418,80296,396
OF3,256,LogGRF,02-04,249687200052,60899,49282,11617,114696,1402
OF3,256,LogGRF,02-05,425615488733,54239,43075,11164,61288,521
OF3,256,LogGRF,02-06,589625708477,37088,26650,10438,36343,64
OF3,256,LogGRF,02-07,404888150774,41660,30540,11120,56396,78
OF3,256,LogGRF,02-08,392331815726,68745,50854,17891,63064,888
OF3,256,LogGRF,02-09,291711392524,59581,45953,13628,105655,1208
OF3,256,LogGRF,02-10,177437332492,127494,111668,15826,125013,3405
OF3,256,LogGRF,03-04,406043392637,38174,28963,9211,68625,555
OF3,256,LogGRF,03-06,903156066812,40419,27742,12677,25411,48
OF3,256,LogGRF,03-08,677236036799,32426,24656,7770,26365,44
OF3,256,LogGRF,03-09,505914198237,67979,54875,13104,71055,1626
OF3,256,LogGRF,04-08,401433970226,38474,29363,9111,68115,334
OF3,256,LogGRF,05-01,316823568764,30665,19104,11561,71643,180
OF3,256,LogGRF,05-03,722135301130,34143,25429,8714,25385,55
OF3,256,LogGRF,05-04,356105406605,45119,33263,11856,69810,621
OF3,256,LogGRF,05-06,275530292518,37362,24740,12622,104825,355
OF3,256,LogGRF,05-08,243911959737,44348,34311,10037,77257,223
OF3,256,LogGRF,05-09,491129252271,22674,15102,7572,40962,80
OF3,256,LogGRF,05-10,394122119543,46666,32929,13737,60065,406
OF3,256,LogGRF,06-04,524567303355,38710,28629,10081,67371,597
OF3,256,LogGRF,06-08,263120353511,72356,61190,11166,118441,1238
OF3,256,LogGRF,07-01,158476824177,83799,71727,12072,127716,1952
OF3,256,LogGRF,07-03,718418509109,34280,25561,8719,28274,50
OF3,256,LogGRF,07-04,355666423064,50523,41576,8947,90404,888
OF3,256,LogGRF,07-05,215205696061,71717,60101,11616,100831,829
OF3,256,LogGRF,07-06,195579406205,62648,51470,11178,128007,1094
OF3,256,LogGRF,07-08,210883311842,105132,89543,15589,121299,2226
OF3,256,LogGRF,07-09,333990150518,39978,30721,9257,86863,482
OF3,256,LogGRF,07-10,303248877458,44685,34725,9960,85240,476
OF3,256,LogGRF,09-04,476117183302,46999,32398,14601,48090,252
OF3,256,LogGRF,09-06,446336957475,68099,56706,11393,77273,971
OF3,256,LogGRF,09-08,299417422520,40561,31353,9208,72417,366
OF3,256,LogGRF,10-01,221271960423,53216,40134,13082,97536,814
OF3,256,LogGRF,10-03,432004975181,39737,29743,9994,57517,72
OF3,256,LogGRF,10-04,349278648030,74284,65677,8607,69741,1847
OF3,256,LogGRF,10-06,477451868263,39288,29249,10039,55902,233
OF3,256,LogGRF,10-08,271766196880,44739,35236,9503,86521,354
OF3,256,LogGRF,10-09,186411711536,61074,46839,14235,116025,973
OF3,256,LogitGRF,01-03,195596244222,53137,36470,16667,91476,690
OF3,256,LogitGRF,01-04,290450968227,71018,59652,11366,77829,763
OF3,256,LogitGRF,01-06,252900757575,68585,58004,10581,88897,1528
OF3,256,LogitGRF,01-08,197777903600,48184,37469,10715,87654,714
OF3,256,LogitGRF,01-09,221599998576,53384,42685,10699,89939,790
OF3,256,LogitGRF,02-01,329071443220,41149,30938,10211,62898,184
OF3,256,LogitGRF,02-03,270958312818,34258,17780,16478,80796,94
OF3,256,LogitGRF,02-04,175885564839,85977,65149,20828,122083,1283
OF3,256,LogitGRF,02-05,290423167441,47603,34985,12618,77899,821
OF3,256,LogitGRF,02-06,289959367741,47645,32469,15176,103813,634
OF3,256,LogitGRF,02-07,440830139210,43201,32819,10382,53694,196
OF3,256,LogitGRF,02-08,250900085418,122316,103891,18425,114619,3261
OF3,256,LogitGRF,02-09,164301300950,54214,40434,13780,112741,589
OF3,256,LogitGRF,02-10,192430560981,50783,38380,12403,103563,682
OF3,256,LogitGRF,03-04,253337713653,91903,81231,10672,130592,3125
OF3,256,LogitGRF,03-06,168236509825,75813,58597,17216,102867,1418
OF3,256,LogitGRF,03-08,192162577166,46883,36419,10464,93525,312
OF3,256,LogitGRF,03-09,192551006448,46739,33487,13252,105871,495
OF3,256,LogitGRF,04-08,200375505887,48656,33857,14799,106310,872
OF3,256,LogitGRF,05-01,192412314203,71965,59526,12439,112140,990
OF3,256,LogitGRF,05-03,171692028095,125573,111313,14260,134448,3798
OF3,256,LogitGRF,05-04,289579920790,48861,33447,15414,92082,474
OF3,256,LogitGRF,05-06,240715089866,91449,72816,18633,93474,1251
OF3,256,LogitGRF,05-08,237650358869,67705,57904,9801,101875,1273
OF3,256,LogitGRF,05-09,208673990683,79001,69067,9934,115783,1600
OF3,256,LogitGRF,05-10,215849449670,101587,91708,9879,118761,2592
OF3,256,LogitGRF,06-04,370525482114,43792,34134,9658,68857,546
OF3,256,LogitGRF,06-08,347591501577,36680,25739,10941,53442,86
OF3,256,LogitGRF,07-01,145274058258,129262,115399,13863,125554,1956
OF3,256,LogitGRF,07-03,257211023140,70058,52232,17826,87546,926
OF3,256,LogitGRF,07-04,403462534441,53695,43221,10474,67623,712
OF3,256,LogitGRF,07-05,250772759999,109233,99330,9903,120392,2777
OF3,256,LogitGRF,07-06,264302287915,45941,34900,11041,92784,357
OF3,256,LogitGRF,07-08,262950292708,41898,31939,9959,79303,507
OF3,256,LogitGRF,07-09,317700812234,40174,29882,10292,69329,333
OF3,256,LogitGRF,07-10,334058093599,39772,30369,9403,68255,122
OF3,256,LogitGRF,09-04,169639649461,78941,63678,15263,116546,2572
OF3,256,LogitGRF,09-06,263022368701,44254,29818,14436,79269,340
OF3,256,LogitGRF,09-08,174725212458,35238,24901,10337,109385,430
OF3,256,LogitGRF,10-01,222163790235,55813,45219,10594,91278,585
OF3,256,LogitGRF,10-03,218600838883,36228,26350,9878,87744,415
OF3,256,LogitGRF,10-04,224682696334,84107,67639,16468,104120,1562
OF3,256,LogitGRF,10-06,266584537208,56398,42157,14241,99104,883
OF3,256,LogitGRF,10-08,215450576499,73698,57427,16271,112873,1544
OF3,256,LogitGRF,10-09,163477510093,69958,59416,10542,112911,1716
OF3,256,MicroscopyImages,01-03,236583164225,61902,40654,21248,61771,992
OF3,256,MicroscopyImages,01-04,232065085808,48362,31915,16447,76007,1319
OF3,256,MicroscopyImages,01-06,405872395040,24716,14843,9873,38596,148
OF3,256,MicroscopyImages,01-08,374374022666,61242,48986,12256,44281,1191
OF3,256,MicroscopyImages,01-09,252042887055,41346,30924,10422,43808,477
OF3,256,MicroscopyImages,02-01,39953910561,58952,45854,13098,101743,1167
OF3,256,MicroscopyImages,02-03,230101990666,46694,33043,13651,69862,538
OF3,256,MicroscopyImages,02-04,217657674489,138518,119811,18707,116820,4759
OF3,256,MicroscopyImages,02-05,423566270002,30282,18955,11327,35555,221
OF3,256,MicroscopyImages,02-06,403571570011,35071,23872,11199,49171,233
OF3,256,MicroscopyImages,02-07,446505233322,23148,11497,11651,28534,76
OF3,256,MicroscopyImages,02-08,372080634115,93795,69846,23949,54434,587
OF3,256,MicroscopyImages,02-09,236703612116,63958,52772,11186,77558,1927
OF3,256,MicroscopyImages,02-10,167869130496,94791,77727,17064,98964,659
OF3,256,MicroscopyImages,03-04,81554481081,85409,72648,12761,80056,1363
OF3,256,MicroscopyImages,03-06,296484103291,38928,14760,24168,53511,341
OF3,256,MicroscopyImages,03-08,298025471089,49919,37432,12487,57489,1108
OF3,256,MicroscopyImages,03-09,280608625642,52031,39784,12247,37223,622
OF3,256,MicroscopyImages,04-08,312866467144,42670,22031,20639,73549,514
OF3,256,MicroscopyImages,05-01,425600880283,28191,18238,9953,27920,261
OF3,256,MicroscopyImages,05-03,302292321852,106504,90161,16343,42188,983
OF3,256,MicroscopyImages,05-04,322630809351,27446,14362,13084,59277,409
OF3,256,MicroscopyImages,05-06,37447999331,54858,39236,15622,116426,1775
OF3,256,MicroscopyImages,05-08,144879569193,38449,22413,16036,80527,848
OF3,256,MicroscopyImages,05-09,509379546438,56193,44130,12063,26863,908
OF3,256,MicroscopyImages,05-10,435123474012,38957,24939,14018,38016,460
OF3,256,MicroscopyImages,06-04,306981164772,48755,35716,13039,81806,930
OF3,256,MicroscopyImages,06-08,134069895176,60003,45739,14264,109470,1560
OF3,256,MicroscopyImages,07-01,447311927895,25471,13632,11839,21194,90
OF3,256,MicroscopyImages,07-03,342095205184,58851,43478,15373,40087,1483
OF3,256,MicroscopyImages,07-04,366236818483,23137,13339,9798,54407,430
OF3,256,MicroscopyImages,07-05,176835483638,40208,24853,15355,54603,737
OF3,256,MicroscopyImages,07-06,168714877087,74896,52803,22093,91048,2225
OF3,256,MicroscopyImages,07-08,82918802541,83610,70710,12900,84809,1356
OF3,256,MicroscopyImages,07-09,542624772794,22649,13602,9047,19165,182
OF3,256,MicroscopyImages,07-10,476572585358,76349,67338,9011,30502,401
OF3,256,MicroscopyImages,09-04,229365746795,50414,36494,13920,65840,1012
OF3,256,MicroscopyImages,09-06,490187416737,23054,13572,9482,30877,366
OF3,256,MicroscopyImages,09-08,491502831121,33745,15447,18298,28289,229
OF3,256,MicroscopyImages,10-01,190395010441,45846,27619,18227,74080,752
OF3,256,MicroscopyImages,10-03,230478481778,71239,59407,11832,59873,871
OF3,256,MicroscopyImages,10-04,175613553103,56310,43691,12619,83245,418
OF3,256,MicroscopyImages,10-06,416941279163,84338,73149,11189,51518,812
OF3,256,MicroscopyImages,10-08,418652498723,46850,37099,9751,48532,1031
OF3,256,MicroscopyImages,10-09,92909959286,54450,29669,24781,69046,937
OF3,256,Shapes,01-03,42797600000,31506,21900,9606,369596,326
OF3,256,Shapes,01-04,233698650858,22557,15167,7390,50747,86
OF3,256,Shapes,01-06,419430400000,30527,21554,8973,133431,126
OF3,256,Shapes,01-08,235957737276,23814,10523,13291,46013,205
OF3,256,Shapes,01-09,139827200000,40626,29414,11212,274297,449
OF3,256,Shapes,02-01,314572800000,18714,10694,8020,34360,63
OF3,256,Shapes,02-03,314572800000,11622,5653,5969,26044,61
OF3,256,Shapes,02-04,82363610920,16209,7524,8685,67812,170
OF3,256,Shapes,02-05,347998531048,11393,4194,7199,25390,47
OF3,256,Shapes,02-06,325424608000,14505,6661,7844,43082,269
OF3,256,Shapes,02-07,304251236170,20061,11740,8321,34843,366
OF3,256,Shapes,02-08,135783566962,23934,6266,17668,37473,206
OF3,256,Shapes,02-09,315911712000,22839,15277,7562,47491,1000
OF3,256,Shapes,02-10,347022459098,13107,5483,7624,31420,58
OF3,256,Shapes,03-04,233875224244,17804,9901,7903,36011,367
OF3,256,Shapes,03-06,419430400000,11340,4318,7022,65934,23
OF3,256,Shapes,03-08,236448239702,12681,5999,6682,35149,211
OF3,256,Shapes,03-09,140166400000,18104,10763,7341,171375,357
OF3,256,Shapes,04-08,90561913634,12609,4789,7820,53620,214
OF3,256,Shapes,05-01,157186092262,18857,10370,8487,80538,125
OF3,256,Shapes,05-03,160668474674,12719,6424,6295,40888,298
OF3,256,Shapes,05-04,267124381906,14534,5282,9252,31771,53
OF3,256,Shapes,05-06,436143447410,23389,15231,8158,19853,90
OF3,256,Shapes,05-08,238405601408,19862,4810,15052,29989,58
OF3,256,Shapes,05-09,198133020014,24074,14007,10067,47205,912
OF3,256,Shapes,05-10,176596476668,27183,11334,15849,50363,474
OF3,256,Shapes,06-04,309737348674,13623,6269,7354,39739,88
OF3,256,Shapes,06-08,335858401222,17664,9986,7678,38077,883
OF3,256,Shapes,07-01,273168791962,26267,16905,9362,59945,109
OF3,256,Shapes,07-03,275070278802,31527,22818,8709,50330,1244
OF3,256,Shapes,07-04,252295052068,22323,13361,8962,42166,292
OF3,256,Shapes,07-05,319169770304,18717,10690,8027,44408,412
OF3,256,Shapes,07-06,554227442206,18620,9738,8882,30590,113
OF3,256,Shapes,07-08,268902675516,21087,12576,8511,36870,677
OF3,256,Shapes,07-09,300758825528,19743,11259,8484,46086,361
OF3,256,Shapes,07-10,300908581534,22803,14600,8203,50220,684
OF3,256,Shapes,09-04,238281168984,21537,14558,6979,61157,920
OF3,256,Shapes,09-06,419430400000,16903,10312,6591,87184,97
OF3,256,Shapes,09-08,250025713086,30252,23530,6722,53177,2868
OF3,256,Shapes,10-01,94458743446,25257,16725,8532,89000,554
OF3,256,Shapes,10-03,102446481624,19037,10326,8711,49735,478
OF3,256,Shapes,10-04,266651344182,11876,4992,6884,28228,151
OF3,256,Shapes,10-06,435655364754,15475,7945,7530,25849,52
OF3,256,Shapes,10-08,292194032978,15283,7415,7868,31585,405
OF3,256,Shapes,10-09,163193488384,20202,10280,9922,47836,356
OF3,256,WhiteNoise,01-03,6223830177,60289,49637,10652,162051,824
OF3,256,WhiteNoise,01-04,5949989676,106126,90579,15547,159580,1282
OF3,256,WhiteNoise,01-06,5405855963,68488,55900,12588,155878,958
OF3,256,WhiteNoise,01-08,5400500231,80241,71257,8984,156226,1485
OF3,256,WhiteNoise,01-09,5277461792,72417,63047,9370,155110,1245
OF3,256,WhiteNoise,02-01,5878238634,136705,125071,11634,158948,2607
OF3,256,WhiteNoise,02-03,5496875997,57789,46082,11707,157160,1111
OF3,256,WhiteNoise,02-04,5878060326,50804,38637,12167,161680,1144
OF3,256,WhiteNoise,02-05,5514504061,45563,34623,10940,155929,912
OF3,256,WhiteNoise,02-06,5383558435,74313,62939,11374,158253,1893
OF3,256,WhiteNoise,02-07,6208756509,149927,137659,12268,159027,1142
OF3,256,WhiteNoise,02-08,6229866801,105491,87965,17526,161561,1559
OF3,256,WhiteNoise,02-09,5212273568,88033,76543,11490,156374,2283
OF3,256,WhiteNoise,02-10,6461315372,81229,68923,12306,163716,2322
OF3,256,WhiteNoise,03-04,6681509291,66753,56584,10169,168727,1461
OF3,256,WhiteNoise,03-06,5948475408,50107,41589,8518,158008,638
OF3,256,WhiteNoise,03-08,6579210232,99177,84847,14330,165243,1748
OF3,256,WhiteNoise,03-09,6220139913,85901,76598,9303,163034,2129
OF3,256,WhiteNoise,04-08,5564914077,33805,23776,10029,155980,572
OF3,256,WhiteNoise,05-01,6169619637,67389,58957,8432,161940,1362
OF3,256,WhiteNoise,05-03,6338569394,61914,47574,14340,161053,999
OF3,256,WhiteNoise,05-04,5680823449,69449,60196,9253,158879,1219
OF3,256,WhiteNoise,05-06,5250166854,66941,58358,8583,154685,1681
OF3,256,WhiteNoise,05-08,5997005920,54254,45552,8702,161658,1122
OF3,256,WhiteNoise,05-09,5658234831,61184,52646,8538,155791,1299
OF3,256,WhiteNoise,05-10,5980596079,86126,70060,16066,161138,1331
OF3,256,WhiteNoise,06-04,5408824041,41757,32683,9074,157694,975
OF3,256,WhiteNoise,06-08,5802835336,58117,48664,9453,160439,1777
OF3,256,WhiteNoise,07-01,5313220081,68359,57025,11334,156694,1490
OF3,256,WhiteNoise,07-03,6241815396,104717,94704,10013,160319,1179
OF3,256,WhiteNoise,07-04,7189479495,144851,134508,10343,172849,2577
OF3,256,WhiteNoise,07-05,6904744174,284223,271495,12728,165521,2697
OF3,256,WhiteNoise,07-06,6298602874,107429,97717,9712,161907,1101
OF3,256,WhiteNoise,07-08,6356959478,85655,72750,12905,164434,1392
OF3,256,WhiteNoise,07-09,5857325929,86927,78381,8546,161298,1860
OF3,256,WhiteNoise,07-10,6153119581,101404,92223,9181,162161,1226
OF3,256,WhiteNoise,09-04,6047926520,76513,64143,12370,161898,1735
OF3,256,WhiteNoise,09-06,5300914969,60401,49864,10537,159106,1606
OF3,256,WhiteNoise,09-08,5766671095,64377,55648,8729,159505,1358
OF3,256,WhiteNoise,10-01,5301574432,50312,33868,16444,152318,953
OF3,256,WhiteNoise,10-03,6661210409,102576,94333,8243,163577,1277
OF3,256,WhiteNoise,10-04,5903307770,67025,58074,8951,159368,1213
OF3,256,WhiteNoise,10-06,5493948443,87946,75583,12363,157926,1714
OF3,256,WhiteNoise,10-08,5624524069,72554,62842,9712,156594,959
OF3,256,WhiteNoise,10-09,5677541098,73000,63867,9133,159279,1901
OF3,512,CauchyDensity,01-05,3402686145218,481408,361639,119769,189953,1734
OF3,512,CauchyDensity,01-06,2513617513201,2628623,2109356,519267,481105,29247
OF3,512,CauchyDensity,01-07,4693426309004,17610153,17207409,402744,734198,292514
OF3,512,CauchyDensity,01-09,2781589707758,1209757,972886,236871,488395,6082
OF3,512,CauchyDensity,02-01,6552399994455,402381,305853,96528,87758,63
OF3,512,CauchyDensity,02-05,4273516075405,436355,331048,105307,95961,390
OF3,512,CauchyDensity,02-06,6037896058482,400656,305564,95092,83221,61
OF3,512,CauchyDensity,02-07,3612017369545,444676,329200,115476,124343,363
OF3,512,CauchyDensity,02-09,7503396926099,403779,301441,102338,61444,58
OF3,512,CauchyDensity,03-01,4302771457335,376699,275073,101626,165363,1272
OF3,512,CauchyDensity,03-02,7362824759718,422758,314440,108318,87002,343
OF3,512,CauchyDensity,03-04,4437782917798,404633,310634,93999,102510,628
OF3,512,CauchyDensity,03-05,3166088599709,421275,321664,99611,137736,402
OF3,512,CauchyDensity,03-06,2121888692882,391642,267374,124268,232655,1660
OF3,512,CauchyDensity,03-07,4987314592647,419058,307933,111125,121019,67
OF3,512,CauchyDensity,03-09,2382355275431,577969,449192,128777,169631,1659
OF3,512,CauchyDensity,03-10,1607103546585,521879,389864,132015,290846,2883
OF3,512,CauchyDensity,04-01,4050843638327,711584,580310,131274,259752,5418
OF3,512,CauchyDensity,04-02,3223887170690,531331,414847,116484,106146,2019
OF3,512,CauchyDensity,04-05,2085010206635,897269,763737,133532,323030,6733
OF3,512,CauchyDensity,04-06,3119610324486,431216,311616,119600,220055,72
OF3,512,CauchyDensity,04-07,3023601124379,427599,317248,110351,162442,279
OF3,512,CauchyDensity,04-09,4316313357979,425392,314881,110511,162626,82
OF3,512,CauchyDensity,04-10,3084073803081,425926,316630,109296,181046,79
OF3,512,CauchyDensity,05-06,2265162268343,380321,249864,130457,358393,651
OF3,512,CauchyDensity,05-07,1966316990142,451039,334832,116207,344519,87
OF3,512,CauchyDensity,05-09,3231685552066,421927,322050,99877,180550,243
OF3,512,CauchyDensity,07-06,3730548502495,405301,301097,104204,111053,61
OF3,512,CauchyDensity,08-01,2568880688424,1805446,1527399,278047,466306,18582
OF3,512,CauchyDensity,08-02,7078327871055,446178,304393,141785,68461,54
OF3,512,CauchyDensity,08-03,2538942445701,496146,334733,161413,138350,529
OF3,512,CauchyDensity,08-04,3989329145593,451423,297064,154359,263161,630
OF3,512,CauchyDensity,08-05,2833813788110,408006,283526,124480,257122,101
OF3,512,CauchyDensity,08-06,1221109017655,571131,427486,143645,350171,2519
OF3,512,CauchyDensity,08-07,4770980315068,426066,306108,119958,73291,65
OF3,512,CauchyDensity,08-09,580268894494,426947,306466,120481,396088,1788
OF3,512,CauchyDensity,08-10,1600349075926,503233,339965,163268,246412,101
OF3,512,CauchyDensity,09-06,1465500867617,445326,339663,105663,248149,102
OF3,512,CauchyDensity,09-07,5196049370112,397161,304566,92595,82007,56
OF3,512,CauchyDensity,10-01,2933878249080,6465557,6077390,388167,625636,91765
OF3,512,CauchyDensity,10-02,6271157371201,397290,302332,94958,64253,61
OF3,512,CauchyDensity,10-05,2058924927560,493724,389323,104401,274729,2212
OF3,512,CauchyDensity,10-06,1015476892719,359078,215389,143689,414660,238
OF3,512,CauchyDensity,10-07,3963809815214,422419,307452,114967,92416,55
OF3,512,CauchyDensity,10-09,1247183629376,443525,308048,135477,355569,105
OF3,512,ClassicImages,01-05,1009335400337,1345085,1216938,128147,384351,8980
OF3,512,ClassicImages,01-06,1518607674895,386731,264730,122001,272069,372
OF3,512,ClassicImages,01-07,1152836883327,1505732,1360290,145442,377571,1727
OF3,512,ClassicImages,01-09,1655497272368,496205,369884,126321,280273,739
OF3,512,ClassicImages,02-01,1059831537561,482748,333703,149045,355861,966
OF3,512,ClassicImages,02-05,458676043772,633701,502885,130816,443590,2814
OF3,512,ClassicImages,02-06,519810121600,808669,673731,134938,453288,3176
OF3,512,ClassicImages,02-07,512614000632,646942,513452,133490,490455,2990
OF3,512,ClassicImages,02-09,1273394012031,552595,432999,119596,310676,754
OF3,512,ClassicImages,03-01,1272086957369,581379,475095,106284,308746,2968
OF3,512,ClassicImages,03-02,781696545162,727901,552651,175250,453558,1608
OF3,512,ClassicImages,03-04,659112900262,1224097,1092467,131630,475378,11699
OF3,512,ClassicImages,03-05,684084706910,845862,650474,195388,519951,4750
OF3,512,ClassicImages,03-06,958480852684,574864,453215,121649,385040,2238
OF3,512,ClassicImages,03-07,921334300028,1145757,1027038,118719,486595,7214
OF3,512,ClassicImages,03-09,1425995973667,783133,652816,130317,337404,3458
OF3,512,ClassicImages,03-10,1246988633070,2285364,2171781,113583,328417,710
OF3,512,ClassicImages,04-01,854699454299,539156,363730,175426,405336,1613
OF3,512,ClassicImages,04-02,432548274396,529821,403406,126415,483543,2617
OF3,512,ClassicImages,04-05,526995769012,895967,760973,134994,477517,2876
OF3,512,ClassicImages,04-06,818092404462,687118,573278,113840,408628,2043
OF3,512,ClassicImages,04-07,724937871872,699612,542554,157058,490571,3367
OF3,512,ClassicImages,04-09,1324310243603,492482,353071,139411,375806,319
OF3,512,ClassicImages,04-10,1056718327656,1762378,1626287,136091,450169,7364
OF3,512,ClassicImages,05-06,667162603104,725499,595170,130329,463312,3023
OF3,512,ClassicImages,05-07,513199447872,1480359,1288517,191842,524555,12829
OF3,512,ClassicImages,05-09,1080441154887,1174766,1026129,148637,423933,571
OF3,512,ClassicImages,07-06,636122415750,558509,437990,120519,490560,3292
OF3,512,ClassicImages,08-01,913036116637,436525,207262,229263,381374,502
OF3,512,ClassicImages,08-02,599289237142,1028479,811278,217201,463797,6850
OF3,512,ClassicImages,08-03,832932760786,761383,558686,202697,385332,824
OF3,512,ClassicImages,08-04,541251992846,743357,529454,213903,470710,1902
OF3,512,ClassicImages,08-05,680403762962,2344053,2213160,130893,459925,5057
OF3,512,ClassicImages,08-06,836605666858,602434,464057,138377,355460,784
OF3,512,ClassicImages,08-07,717793696970,755610,602234,153376,489417,3131
OF3,512,ClassicImages,08-09,1603385480821,515178,386142,129036,294585,479
OF3,512,ClassicImages,08-10,934731053640,896942,678107,218835,418613,2095
OF3,512,ClassicImages,09-06,1414782658451,467804,345093,122711,260015,163
OF3,512,ClassicImages,09-07,1098349225743,556508,422261,134247,377687,1686
OF3,512,ClassicImages,10-01,1430756308199,753934,598029,155905,347271,4105
OF3,512,ClassicImages,10-02,823675103486,1748438,1615784,132654,494759,16189
OF3,512,ClassicImages,10-05,1050061059994,1317999,1134709,183290,430879,8313
OF3,512,ClassicImages,10-06,850164945416,546842,359375,187467,411525,1540
OF3,512,ClassicImages,10-07,938153566878,1658468,1492190,166278,391455,596
OF3,512,ClassicImages,10-09,1920180800641,635104,500326,134778,240124,1416
OF3,512,GRFmoderate,01-05,806870980184,385141,265442,119699,411557,990
OF3,512,GRFmoderate,01-06,671184791630,457345,326249,131096,465026,1623
OF3,512,GRFmoderate,01-07,766162475993,458241,327203,131038,380840,1040
OF3,512,GRFmoderate,01-09,754065266600,439065,287101,151964,424111,1064
OF3,512,GRFmoderate,02-01,1347627438533,431975,326204,105771,339820,844
OF3,512,GRFmoderate,02-05,938249968733,729774,589762,140012,408944,3565
OF3,512,GRFmoderate,02-06,1096016261985,591300,456912,134388,398089,1152
OF3,512,GRFmoderate,02-07,1073675252116,482903,368166,114737,350431,768
OF3,512,GRFmoderate,02-09,1110265406289,792596,664917,127679,381871,3276
OF3,512,GRFmoderate,03-01,707779280638,584005,349589,234416,429397,1383
OF3,512,GRFmoderate,03-02,1354138452493,481280,370136,111144,329943,1841
OF3,512,GRFmoderate,03-04,625280945526,770178,606806,163372,452953,4130
OF3,512,GRFmoderate,03-05,726755752746,482070,363110,118960,474957,2239
OF3,512,GRFmoderate,03-06,763888663108,1464392,1336130,128262,465143,3436
OF3,512,GRFmoderate,03-07,699229666723,625436,504670,120766,449950,3215
OF3,512,GRFmoderate,03-09,796636445274,890865,770858,120007,456579,6411
OF3,512,GRFmoderate,03-10,691693282519,583120,468039,115081,418702,2228
OF3,512,GRFmoderate,04-01,820744812012,706891,565590,141301,394911,2726
OF3,512,GRFmoderate,04-02,1128981018119,491412,324883,166529,337536,923
OF3,512,GRFmoderate,04-05,814993426924,749298,633031,116267,410245,3321
OF3,512,GRFmoderate,04-06,774993717466,372158,265243,106915,369596,777
OF3,512,GRFmoderate,04-07,581616617201,421968,306250,115718,432418,869
OF3,512,GRFmoderate,04-09,912690089762,444889,302428,142461,408650,1026
OF3,512,GRFmoderate,04-10,519781042141,435513,324397,111116,460242,1931
OF3,512,GRFmoderate,05-06,494084455770,374861,254798,120063,447878,1158
OF3,512,GRFmoderate,05-07,517331513837,548416,415609,132807,467775,2961
OF3,512,GRFmoderate,05-09,617317061088,513618,401844,111774,413471,2614
OF3,512,GRFmoderate,07-06,608246369717,488979,353945,135034,461868,3532
OF3,512,GRFmoderate,08-01,527784637173,676153,441548,234605,426646,1664
OF3,512,GRFmoderate,08-02,974307301750,1589732,1351881,237851,385060,3163
OF3,512,GRFmoderate,08-03,635021217131,897674,665114,232560,445529,4980
OF3,512,GRFmoderate,08-04,613588756309,893118,658945,234173,448664,3515
OF3,512,GRFmoderate,08-05,601852808765,527506,408172,119334,453038,2788
OF3,512,GRFmoderate,08-06,527054773393,600264,465405,134859,492477,3475
OF3,512,GRFmoderate,08-07,553945527352,1020587,888171,132416,473299,6976
OF3,512,GRFmoderate,08-09,652590848257,834526,720989,113537,453208,5573
OF3,512,GRFmoderate,08-10,520640070372,795341,562184,233157,455072,4107
OF3,512,GRFmoderate,09-06,808098837456,562081,414264,147817,431508,2616
OF3,512,GRFmoderate,09-07,628475275573,520883,346332,174551,477599,2009
OF3,512,GRFmoderate,10-01,819392323559,998683,862627,136056,389103,6307
OF3,512,GRFmoderate,10-02,928210466234,324301,208577,115724,346591,600
OF3,512,GRFmoderate,10-05,647325683147,635092,528332,106760,428919,2485
OF3,512,GRFmoderate,10-06,696546901561,464536,342935,121601,389859,741
OF3,512,GRFmoderate,10-07,558417757452,796298,683945,112353,470522,5370
OF3,512,GRFmoderate,10-09,675064567123,661436,536029,125407,436405,2802
OF3,512,GRFrough,01-05,299323987244,1211568,1077151,134417,527186,3290
OF3,512,GRFrough,01-06,192203197640,565717,420158,145559,503684,3753
OF3,512,GRFrough,01-07,336372907362,574120,455672,118448,456585,2456
OF3,512,GRFrough,01-09,295389262226,1503059,1379403,123656,540535,16193
OF3,512,GRFrough,02-01,261912253739,737924,574395,163529,531493,2675
OF3,512,GRFrough,02-05,211283719071,674515,541459,133056,517754,5000
OF3,512,GRFrough,02-06,240900985699,570102,440615,129487,499964,2574
OF3,512,GRFrough,02-07,291434833407,792790,573464,219326,526583,3770
OF3,512,GRFrough,02-09,194814837685,366043,238080,127963,487417,1601
OF3,512,GRFrough,03-01,289401464360,1474617,1363530,111087,508867,8075
OF3,512,GRFrough,03-02,355655777779,1240023,1106954,133069,472613,2546
OF3,512,GRFrough,03-04,391744533748,677731,557643,120088,463498,2629
OF3,512,GRFrough,03-05,402320077290,555849,438283,117566,465553,1616
OF3,512,GRFrough,03-06,255097875046,1214458,1017651,196807,493312,3307
OF3,512,GRFrough,03-07,342773817876,1398142,1279974,118168,490871,4168
OF3,512,GRFrough,03-09,415548163488,576790,457353,119437,452994,1498
OF3,512,GRFrough,03-10,348457002750,602377,428561,173816,542452,2288
OF3,512,GRFrough,04-01,236394621956,561522,451456,110066,504776,3899
OF3,512,GRFrough,04-02,165425845047,456603,343050,113553,530539,2540
OF3,512,GRFrough,04-05,191107514044,699174,598501,100673,536487,3953
OF3,512,GRFrough,04-06,232364633302,1282925,1167914,115011,508262,7190
OF3,512,GRFrough,04-07,295086552044,767883,614801,153082,501048,1140
OF3,512,GRFrough,04-09,195062316022,469772,347432,122340,507688,2446
OF3,512,GRFrough,04-10,327435702670,792136,657790,134346,488337,2016
OF3,512,GRFrough,05-06,295638009944,638761,510143,128618,507374,2450
OF3,512,GRFrough,05-07,367230531212,632536,513061,119475,477246,2006
OF3,512,GRFrough,05-09,214299112698,582210,431645,150565,496401,2838
OF3,512,GRFrough,07-06,261190539912,469251,354310,114941,486146,3375
OF3,512,GRFrough,08-01,253783455542,985497,754707,230790,516516,7432
OF3,512,GRFrough,08-02,233959784933,716946,479819,237127,509394,2441
OF3,512,GRFrough,08-03,355892177502,659089,430955,228134,474060,1747
OF3,512,GRFrough,08-04,197978331684,907644,705459,202185,521979,5455
OF3,512,GRFrough,08-05,254819612048,699469,490944,208525,521026,3029
OF3,512,GRFrough,08-06,263031074860,427815,311451,116364,483149,1340
OF3,512,GRFrough,08-07,382972608914,1376749,1253495,123254,475438,7647
OF3,512,GRFrough,08-09,245723596074,758223,474444,283779,488158,2317
OF3,512,GRFrough,08-10,402208346160,819774,596790,222984,515841,3747
OF3,512,GRFrough,09-06,276004750584,629477,492217,137260,504444,4019
OF3,512,GRFrough,09-07,336630267676,467484,336516,130968,497316,1101
OF3,512,GRFrough,10-01,323932446040,599216,464084,135132,493094,1240
OF3,512,GRFrough,10-02,390280903185,517293,386665,130628,487410,1114
OF3,512,GRFrough,10-05,360976843566,582294,453426,128868,483934,2276
OF3,512,GRFrough,10-06,290904954802,462216,350987,111229,509690,1564
OF3,512,GRFrough,10-07,295747290374,645830,516356,129474,474981,3553
OF3,512,GRFrough,10-09,443766676208,616847,483937,132910,469102,2186
OF3,512,GRFsmooth,01-05,1944895783770,353687,224348,129339,243542,682
OF3,512,GRFsmooth,01-06,2205711072309,475353,353678,121675,204790,915
OF3,512,GRFsmooth,01-07,1851203589225,382162,275106,107056,234102,876
OF3,512,GRFsmooth,01-09,1311419330761,589716,470195,119521,379008,2854
OF3,512,GRFsmooth,02-01,1503688859058,416742,295850,120892,349736,134
OF3,512,GRFsmooth,02-05,1877072557644,440659,318277,122382,203484,72
OF3,512,GRFsmooth,02-06,3559590115425,423667,309147,114520,118782,63
OF3,512,GRFsmooth,02-07,3033832093973,415439,308897,106542,122148,60
OF3,512,GRFsmooth,02-09,2515000246293,509308,403665,105643,203945,1756
OF3,512,GRFsmooth,03-01,1636118784442,626838,520057,106781,289507,2180
OF3,512,GRFsmooth,03-02,2896721424542,433473,313171,120302,133468,67
OF3,512,GRFsmooth,03-04,1833884141899,387673,283098,104575,262011,538
OF3,512,GRFsmooth,03-05,1736498280598,471307,344756,126551,321003,125
OF3,512,GRFsmooth,03-06,1237956013141,570828,448945,121883,320171,1850
OF3,512,GRFsmooth,03-07,756608923921,802408,670125,132283,442594,4535
OF3,512,GRFsmooth,03-09,1459643917141,469838,351725,118113,327044,1592
OF3,512,GRFsmooth,03-10,1466191781176,411241,279373,131868,363864,1146
OF3,512,GRFsmooth,04-01,1359994654513,536335,405522,130813,313716,2034
OF3,512,GRFsmooth,04-02,2148478327275,467537,334521,133016,221000,602
OF3,512,GRFsmooth,04-05,2528532400729,432497,326899,105598,160555,246
OF3,512,GRFsmooth,04-06,2678221766162,630909,499951,130958,194338,2426
OF3,512,GRFsmooth,04-07,1934258797344,436545,324078,112467,210457,93
OF3,512,GRFsmooth,04-09,808504390420,614338,487906,126432,373976,1095
OF3,512,GRFsmooth,04-10,2878227637931,455380,332320,123060,198740,437
OF3,512,GRFsmooth,05-06,1954823190845,525791,391597,134194,334780,1270
OF3,512,GRFsmooth,05-07,2218217645405,426024,294160,131864,206908,108
OF3,512,GRFsmooth,05-09,2928950948389,439534,309800,129734,139944,61
OF3,512,GRFsmooth,07-06,1435887418882,615190,500108,115082,347617,3435
OF3,512,GRFsmooth,08-01,1762300782812,522961,329086,193875,246396,585
OF3,512,GRFsmooth,08-02,2925715535298,504126,323960,180166,172766,154
OF3,512,GRFsmooth,08-03,1763260852428,381634,213668,167966,305779,440
OF3,512,GRFsmooth,08-04,982403124959,908868,699307,209561,458250,5311
OF3,512,GRFsmooth,08-05,3365349349418,428931,312510,116421,134496,61
OF3,512,GRFsmooth,08-06,2340081820147,398326,267463,130863,207597,210
OF3,512,GRFsmooth,08-07,1676020651661,538576,414257,124319,311456,1030
OF3,512,GRFsmooth,08-09,708153833219,809054,594410,214644,508140,5607
OF3,512,GRFsmooth,08-10,3042764404530,395717,221422,174295,258944,193
OF3,512,GRFsmooth,09-06,1943240791432,436048,317296,118752,240024,482
OF3,512,GRFsmooth,09-07,1406196358350,333020,234496,98524,322840,998
OF3,512,GRFsmooth,10-01,2673063145196,471302,361349,109953,176030,1007
OF3,512,GRFsmooth,10-02,3928034587678,413861,305538,108323,104447,54
OF3,512,GRFsmooth,10-05,2051103326386,418719,317222,101497,167544,82
OF3,512,GRFsmooth,10-06,1714495228407,436243,315130,121113,242749,390
OF3,512,GRFsmooth,10-07,1784060376357,477556,368968,108588,273218,555
OF3,512,GRFsmooth,10-09,2685326121143,369469,255371,114098,240405,400
OF3,512,LogGRF,01-05,2789723925035,900009,781439,118570,242454,1375
OF3,512,LogGRF,01-06,2387662645139,632286,513648,118638,286442,3268
OF3,512,LogGRF,01-07,3115031314419,485550,369123,116427,227082,1316
OF3,512,LogGRF,01-09,3262512103647,489152,375851,113301,198529,884
OF3,512,LogGRF,02-01,2444843328914,479572,354757,124815,286201,1355
OF3,512,LogGRF,02-05,3207201442793,487805,375046,112759,154529,1066
OF3,512,LogGRF,02-06,3689484203117,821039,687029,134010,258550,4693
OF3,512,LogGRF,02-07,2472142624247,3116683,2963816,152867,261917,5304
OF3,512,LogGRF,02-09,3891478666911,1366849,1253395,113454,117423,896
OF3,512,LogGRF,03-01,2462710830852,416339,298517,117822,165319,288
OF3,512,LogGRF,03-02,3664448687714,451416,339772,111644,182975,1086
OF3,512,LogGRF,03-04,1896210292126,465291,357319,107972,326026,1929
OF3,512,LogGRF,03-05,2235600269653,579795,430646,149149,281469,1555
OF3,512,LogGRF,03-06,2050341745001,715229,594836,120393,328937,4481
OF3,512,LogGRF,03-07,4192733053153,549586,442099,107487,169513,1912
OF3,512,LogGRF,03-09,2138057982751,517147,390385,126762,267248,1360
OF3,512,LogGRF,03-10,3562119412900,492056,382406,109650,244568,1718
OF3,512,LogGRF,04-01,3651296086336,443713,322534,121179,142070,254
OF3,512,LogGRF,04-02,4273323543228,424157,315203,108954,201916,83
OF3,512,LogGRF,04-05,2841903679419,444382,335222,109160,170633,594
OF3,512,LogGRF,04-06,1628764897421,507212,388531,118681,255808,1593
OF3,512,LogGRF,04-07,4533826248503,399083,289062,110021,108213,123
OF3,512,LogGRF,04-09,2088912974879,451129,328109,123020,192906,183
OF3,512,LogGRF,04-10,2925415935546,443071,321115,121956,206062,621
OF3,512,LogGRF,05-06,2760346180024,466126,348997,117129,165349,1359
OF3,512,LogGRF,05-07,2903606533132,397797,295386,102411,150834,539
OF3,512,LogGRF,05-09,1692188803682,933873,807165,126708,328809,4175
OF3,512,LogGRF,07-06,3770990877086,419569,297360,122209,154016,182
OF3,512,LogGRF,08-01,1880717318009,865459,638448,227011,375772,5270
OF3,512,LogGRF,08-02,1679190535127,611709,392823,218886,362925,1144
OF3,512,LogGRF,08-03,2668197839449,642619,423225,219394,188241,2627
OF3,512,LogGRF,08-04,3077598442609,524985,316049,208936,255118,804
OF3,512,LogGRF,08-05,2057726999354,774776,652157,122619,251527,2750
OF3,512,LogGRF,08-06,2584371008286,405628,276565,129063,209417,374
OF3,512,LogGRF,08-07,1952850844532,670780,506863,163917,346196,2962
OF3,512,LogGRF,08-09,2592478601360,482517,366030,116487,158971,541
OF3,512,LogGRF,08-10,4770122942949,577294,373200,204094,119162,811
OF3,512,LogGRF,09-06,1761171750886,543482,347267,196215,333723,2260
OF3,512,LogGRF,09-07,2712552204720,450215,334931,115284,181461,1044
OF3,512,LogGRF,10-01,5432192806716,414538,311695,102843,135915,92
OF3,512,LogGRF,10-02,6058000826846,439337,340306,99031,104769,702
OF3,512,LogGRF,10-05,3482004282421,496807,349057,147750,201421,1693
OF3,512,LogGRF,10-06,3294980431469,483344,355086,128258,231945,1859
OF3,512,LogGRF,10-07,3775960984605,446121,324588,121533,143314,221
OF3,512,LogGRF,10-09,2260567716353,549558,430268,119290,270920,1963
OF3,512,LogitGRF,01-05,2546562846143,456528,343181,113347,196020,749
OF3,512,LogitGRF,01-06,1702794752225,755876,618727,137149,314145,5268
OF3,512,LogitGRF,01-07,957494008701,555277,398718,156559,459933,2072
OF3,512,LogitGRF,01-09,1583492057043,785763,604658,181105,275504,961
OF3,512,LogitGRF,02-01,1829427383455,493240,371231,122009,246429,582
OF3,512,LogitGRF,02-05,981903682640,953956,728795,225161,436090,4478
OF3,512,LogitGRF,02-06,1264107446906,538269,394699,143570,352942,2696
OF3,512,LogitGRF,02-07,1569554659982,1069280,931888,137392,405470,8340
OF3,512,LogitGRF,02-09,1503836045854,2059507,1929787,129720,371645,19448
OF3,512,LogitGRF,03-01,1206157368661,448189,333158,115031,346451,1647
OF3,512,LogitGRF,03-02,1290202847300,418130,275465,142665,360455,801
OF3,512,LogitGRF,03-04,1471638376648,1894466,1738683,155783,396230,4074
OF3,512,LogitGRF,03-05,1992376237882,631465,512493,118972,288219,2253
OF3,512,LogitGRF,03-06,1376322733402,503538,319869,183669,342117,1987
OF3,512,LogitGRF,03-07,938086369876,938802,824468,114334,504662,7637
OF3,512,LogitGRF,03-09,1204456633902,644483,515365,129118,363247,2379
OF3,512,LogitGRF,03-10,1858966510668,777168,611300,165868,317151,4485
OF3,512,LogitGRF,04-01,1847768229447,615918,493719,122199,266988,1698
OF3,512,LogitGRF,04-02,844734185466,936672,823958,112714,420263,7724
OF3,512,LogitGRF,04-05,1185877871062,480481,354894,125587,377039,1638
OF3,512,LogitGRF,04-06,1377816480946,518326,400379,117947,357258,2542
OF3,512,LogitGRF,04-07,1627544385980,1108288,984412,123876,340671,1778
OF3,512,LogitGRF,04-09,1601769099204,503918,362821,141097,319866,1460
OF3,512,LogitGRF,04-10,1621205639504,477679,347243,130436,306344,2142
OF3,512,LogitGRF,05-06,1330892874854,529087,390031,139056,363732,2027
OF3,512,LogitGRF,05-07,2048484734610,561248,430549,130699,254306,1062
OF3,512,LogitGRF,05-09,2115315928996,735176,615344,119832,259845,3236
OF3,512,LogitGRF,07-06,1478633933712,612710,336007,276703,324881,2203
OF3,512,LogitGRF,08-01,1757505285837,575806,363324,212482,326213,2044
OF3,512,LogitGRF,08-02,1048603929082,645135,409110,236025,412042,1741
OF3,512,LogitGRF,08-03,1221529590092,789604,564475,225129,395020,2418
OF3,512,LogitGRF,08-04,1458924790404,712783,490177,222606,351970,2522
OF3,512,LogitGRF,08-05,1693448067082,451406,334080,117326,309635,480
OF3,512,LogitGRF,08-06,1381737370322,670570,543744,126826,310833,2894
OF3,512,LogitGRF,08-07,1641124212094,609485,476582,132903,341603,1488
OF3,512,LogitGRF,08-09,1305999592702,406381,288870,117511,287911,498
OF3,512,LogitGRF,08-10,1342791998218,659644,430119,229525,391665,1909
OF3,512,LogitGRF,09-06,1245356313388,457885,343832,114053,372276,2266
OF3,512,LogitGRF,09-07,1337447541600,556640,433861,122779,367733,3203
OF3,512,LogitGRF,10-01,2148539958453,603586,496368,107218,278919,2150
OF3,512,LogitGRF,10-02,1313635002962,701652,584575,117077,402719,2604
OF3,512,LogitGRF,10-05,1472655382056,510602,384609,125993,387948,2037
OF3,512,LogitGRF,10-06,1002986389150,591072,449637,141435,417977,2474
OF3,512,LogitGRF,10-07,2052482962500,1124118,992722,131396,346338,7558
OF3,512,LogitGRF,10-09,1887461249168,459499,342440,117059,285575,1125
OF3,512,MicroscopyImages,01-05,2783821367139,1571441,1431537,139904,184957,2778
OF3,512,MicroscopyImages,01-06,2744828062600,848741,720185,128556,197476,1729
OF3,512,MicroscopyImages,01-07,4577214576461,643317,481239,162078,82578,540
OF3,512,MicroscopyImages,01-09,3917527416873,901875,783305,118570,130741,779
OF3,512,MicroscopyImages,02-01,471145354431,1667780,1517076,150704,436247,3193
OF3,512,MicroscopyImages,02-05,2410103964058,2767549,2629277,138272,279282,7864
OF3,512,MicroscopyImages,02-06,2352346648739,1173344,984755,188589,275450,1743
OF3,512,MicroscopyImages,02-07,4146928775666,1826467,1715440,111027,109492,2402
OF3,512,MicroscopyImages,02-09,3494484690134,486586,352951,133635,171780,627
OF3,512,MicroscopyImages,03-01,2191534961920,856431,690123,166308,129609,971
OF3,512,MicroscopyImages,03-02,1825503713997,1224270,1078744,145526,217003,2913
OF3,512,MicroscopyImages,03-04,733096320186,1155160,1017968,137192,272960,1338
OF3,512,MicroscopyImages,03-05,2839481587707,998478,843756,154722,122915,2025
OF3,512,MicroscopyImages,03-06,2777776716026,740335,578899,161436,145067,774
OF3,512,MicroscopyImages,03-07,2620278764207,647048,460320,186728,141021,3002
OF3,512,MicroscopyImages,03-09,4050505984599,746326,580768,165558,101786,4846
OF3,512,MicroscopyImages,03-10,3901064104765,1134662,999824,134838,115819,2079
OF3,512,MicroscopyImages,04-01,2438160417632,704449,531026,173423,144967,1509
OF3,512,MicroscopyImages,04-02,1996116577109,1186045,1025833,160212,221611,2976
OF3,512,MicroscopyImages,04-05,2328740537735,994885,767574,227311,154654,1623
OF3,512,MicroscopyImages,04-06,2263494570282,574753,449866,124887,233769,2502
OF3,512,MicroscopyImages,04-07,2428562777707,1514883,1362007,152876,145623,1999
OF3,512,MicroscopyImages,04-09,3438930110585,963087,789680,173407,137540,1575
OF3,512,MicroscopyImages,04-10,3263720492815,2664293,2443283,221010,182653,3745
OF3,512,MicroscopyImages,05-06,178878578545,1085091,918115,166976,459500,4870
OF3,512,MicroscopyImages,05-07,2098759501286,526801,359749,167052,104418,740
OF3,512,MicroscopyImages,05-09,1822973848958,1164346,1001546,162800,195363,3315
OF3,512,MicroscopyImages,07-06,2094231334901,596505,410149,186356,146386,3053
OF3,512,MicroscopyImages,08-01,4087744090138,791134,604520,186614,98617,1311
OF3,512,MicroscopyImages,08-02,3649605856013,825662,584111,241551,130869,392
OF3,512,MicroscopyImages,08-03,2285065061032,631318,408531,222787,226621,2254
OF3,512,MicroscopyImages,08-04,1942848289502,837158,615831,221327,290581,1565
OF3,512,MicroscopyImages,08-05,1731325073133,964092,765465,198627,215660,3145
OF3,512,MicroscopyImages,08-06,1706160648468,675626,516943,158683,247722,1638
OF3,512,MicroscopyImages,08-07,560956275517,940267,726994,213273,241423,1960
OF3,512,MicroscopyImages,08-09,2555686162711,753572,612088,141484,101113,1429
OF3,512,MicroscopyImages,08-10,2429681025053,1159071,969496,189575,134370,553
OF3,512,MicroscopyImages,09-06,1770873154165,745778,576340,169438,248740,3565
OF3,512,MicroscopyImages,09-07,2679113725300,563801,421688,142113,68014,993
OF3,512,MicroscopyImages,10-01,3565344964157,581810,453669,128141,207872,606
OF3,512,MicroscopyImages,10-02,3159732596208,2029918,1887150,142768,302530,2464
OF3,512,MicroscopyImages,10-05,1679197710780,746202,410905,335297,222878,1894
OF3,512,MicroscopyImages,10-06,1619459372795,3087069,2928315,158754,281077,2287
OF3,512,MicroscopyImages,10-07,2558511855514,687931,540944,146987,119758,692
OF3,512,MicroscopyImages,10-09,422277285308,1673288,1368521,304767,301256,2625
OF3,512,Shapes,01-05,1256342497218,225032,131980,93052,256623,504
OF3,512,Shapes,01-06,3355443200000,345913,208533,137380,401257,96
OF3,512,Shapes,01-07,2185215605147,419037,283184,135853,189871,1391
OF3,512,Shapes,01-09,1118515200000,369091,259798,109293,945526,1412
OF3,512,Shapes,02-01,2516582400000,189609,105122,84487,77434,75
OF3,512,Shapes,02-05,2783559525394,133443,38862,94581,52795,48
OF3,512,Shapes,02-06,2603334208000,145105,47720,97385,129637,270
OF3,512,Shapes,02-07,2433805587587,192759,83217,109542,80033,167
OF3,512,Shapes,02-09,2526960768000,240516,154427,86089,167347,2512
OF3,512,Shapes,03-01,342034400000,353993,232693,121300,1811787,1243
OF3,512,Shapes,03-02,2516582400000,153143,57949,95194,74339,72
OF3,512,Shapes,03-04,1870190992430,447810,356195,91615,155838,4307
OF3,512,Shapes,03-05,1284281344810,244474,138355,106119,162367,1910
OF3,512,Shapes,03-06,3355443200000,176461,62944,113517,284386,255
OF3,512,Shapes,03-07,2200339687461,217436,129017,88419,148950,1129
OF3,512,Shapes,03-09,1121075200000,172241,86251,85990,677805,611
OF3,512,Shapes,03-10,821835297920,171088,84825,86263,178734,640
OF3,512,Shapes,04-01,1868863386636,246529,134248,112281,121719,80
OF3,512,Shapes,04-02,659251202446,182489,65135,117354,246792,313
OF3,512,Shapes,04-05,2135840502740,157622,48729,108893,85972,64
OF3,512,Shapes,04-06,2478451498766,205049,66930,138119,125900,107
OF3,512,Shapes,04-07,2018059061017,249999,126085,123914,136224,368
OF3,512,Shapes,04-09,1905424903468,239272,109880,129392,191252,1422
OF3,512,Shapes,04-10,2136785712074,146115,36710,109405,102424,96
OF3,512,Shapes,05-06,3488931512966,249020,150315,98705,65139,178
OF3,512,Shapes,05-07,2552340665115,211924,121349,90575,147864,1447
OF3,512,Shapes,05-09,1584439593984,243966,112307,131659,141657,1485
OF3,512,Shapes,07-06,4433763216563,360306,266232,94074,102045,285
OF3,512,Shapes,08-01,1888327446408,274476,80114,194362,135956,277
OF3,512,Shapes,08-02,1084926599274,246198,53070,193128,140541,367
OF3,512,Shapes,08-03,1892192455748,375103,189547,185556,115642,3676
OF3,512,Shapes,08-04,723329419012,241390,39746,201644,191356,254
OF3,512,Shapes,08-05,1908498488018,136994,27715,109279,74194,89
OF3,512,Shapes,08-06,2685914680754,173418,58369,115049,83644,505
OF3,512,Shapes,08-07,2150605958407,231998,105593,126405,113355,917
OF3,512,Shapes,08-09,1999606641500,242567,140403,102164,156330,2772
OF3,512,Shapes,08-10,2342059851748,244538,39703,204835,71741,278
OF3,512,Shapes,09-06,3355443200000,142146,50162,91984,262106,68
OF3,512,Shapes,09-07,2404416987049,243965,135167,108798,148056,1980
OF3,512,Shapes,10-01,758305606268,190912,80557,110355,277762,334
OF3,512,Shapes,10-02,2780434415236,151960,55356,96604,93092,62
OF3,512,Shapes,10-05,1411990737626,180207,61290,118917,149235,346
OF3,512,Shapes,10-06,3487368008184,244023,120543,123480,78491,71
OF3,512,Shapes,10-07,2410473061347,225250,92479,132771,150804,824
OF3,512,Shapes,10-09,1306140681300,368993,235486,133507,186423,3026
OF3,512,WhiteNoise,01-05,23098789125,531492,434849,96643,646819,2952
OF3,512,WhiteNoise,01-06,24693338625,1154367,1041827,112540,672321,4085
OF3,512,WhiteNoise,01-07,22750923296,1261628,1158168,103460,656324,4667
OF3,512,WhiteNoise,01-09,23430212709,903980,797735,106245,658145,3966
OF3,512,WhiteNoise,02-01,24381870705,482789,381145,101644,652569,1735
OF3,512,WhiteNoise,02-05,25376358110,1044147,917569,126578,664012,3045
OF3,512,WhiteNoise,02-06,25580543714,835399,721459,113940,671786,4294
OF3,512,WhiteNoise,02-07,25253467619,1277034,1168113,108921,670941,3584
OF3,512,WhiteNoise,02-09,25698244210,1259504,1138363,121141,687238,6013
OF3,512,WhiteNoise,03-01,27426855135,2747917,2633683,114234,688234,3776
OF3,512,WhiteNoise,03-02,24383736686,835142,702221,132921,663344,6233
OF3,512,WhiteNoise,03-04,26347529257,861288,756029,105259,681784,5862
OF3,512,WhiteNoise,03-05,23838710170,1281341,1171633,109708,657883,2945
OF3,512,WhiteNoise,03-06,24817689848,957885,836442,121443,662410,2923
OF3,512,WhiteNoise,03-07,25789953369,1603993,1494242,109751,679090,5418
OF3,512,WhiteNoise,03-09,29783535638,1512401,1371855,140546,701432,3902
OF3,512,WhiteNoise,03-10,23672860009,1009391,887483,121908,651609,4158
OF3,512,WhiteNoise,04-01,22797944804,1137058,1015325,121733,659046,2528
OF3,512,WhiteNoise,04-02,25184717747,1072909,962504,110405,659642,4052
OF3,512,WhiteNoise,04-05,26320393433,847051,737107,109944,679547,3002
OF3,512,WhiteNoise,04-06,26157107807,2004905,1897139,107766,677628,4032
OF3,512,WhiteNoise,04-07,22036227886,749715,649826,99889,650118,3552
OF3,512,WhiteNoise,04-09,24826533079,866187,749801,116386,670388,4075
OF3,512,WhiteNoise,04-10,23987757572,1429025,1322946,106079,649175,5924
OF3,512,WhiteNoise,05-06,23567920518,1296325,1178200,118125,651191,3574
OF3,512,WhiteNoise,05-07,24041988565,1081679,966837,114842,646063,3797
OF3,512,WhiteNoise,05-09,28470808674,1794139,1692851,101288,721395,8901
OF3,512,WhiteNoise,07-06,23626703545,564374,460221,104153,644973,2360
OF3,512,WhiteNoise,08-01,21637937479,861763,669254,192509,642298,3659
OF3,512,WhiteNoise,08-02,25830449044,1190412,986299,204113,681026,4384
OF3,512,WhiteNoise,08-03,25529273930,2875586,2660341,215245,687252,7457
OF3,512,WhiteNoise,08-04,22074527843,868423,685330,183093,649117,3845
OF3,512,WhiteNoise,08-05,24183701108,760207,641373,118834,660192,3520
OF3,512,WhiteNoise,08-06,24482779542,647339,545248,102091,657990,2923
OF3,512,WhiteNoise,08-07,22016683281,848559,737310,111249,641597,5029
OF3,512,WhiteNoise,08-09,26280912530,1128209,1008934,119275,692253,6007
OF3,512,WhiteNoise,08-10,23231869703,2091332,1885732,205600,649340,5153
OF3,512,WhiteNoise,09-06,31757907088,3073151,2942997,130154,744625,8739
OF3,512,WhiteNoise,09-07,26607995755,1318884,1213871,105013,688992,3990
OF3,512,WhiteNoise,10-01,23613743560,942861,829034,113827,657163,2908
OF3,512,WhiteNoise,10-02,24146077515,1022063,917343,104720,669704,5772
OF3,512,WhiteNoise,10-05,24641238035,1556640,1442057,114583,662399,4196
OF3,512,WhiteNoise,10-06,26327114135,760912,645586,115326,671063,3042
OF3,512,WhiteNoise,10-07,22789027654,1678048,1548737,129311,648248,4669
OF3,512,WhiteNoise,10-09,26373905555,1531572,1422605,108967,694151,5238
OF4,32,CauchyDensity,01-02,321489865,47,39,8,2158,63
OF4,32,CauchyDensity,01-03,512203097,71,61,10,2567,103
OF4,32,CauchyDensity,01-04,347504479,50,43,7,1974,53
OF4,32,CauchyDensity,01-05,1258442379,32,27,5,923,40
OF4,32,CauchyDensity,01-06,1023744924,67,58,9,2257,88
OF4,32,CauchyDensity,01-07,568664558,62,50,12,2496,82
OF4,32,CauchyDensity,01-08,552298381,78,68,10,2080,88
OF4,32,CauchyDensity,01-09,480280523,123,114,9,2290,285
OF4,32,CauchyDensity,01-10,1034065916,66,56,10,2260,79
OF4,32,CauchyDensity,02-04,294736545,38,31,7,1722,44
OF4,32,CauchyDensity,02-05,1201666264,24,19,5,424,10
OF4,32,CauchyDensity,02-06,977611968,60,53,7,1389,120
OF4,32,CauchyDensity,02-08,427228089,82,72,10,1741,107
OF4,32,CauchyDensity,02-09,410093157,93,83,10,2656,227
OF4,32,CauchyDensity,02-10,976917245,56,47,9,1180,59
OF4,32,CauchyDensity,03-02,425889265,33,27,6,1164,36
OF4,32,CauchyDensity,03-04,308608180,52,44,8,1754,91
OF4,32,CauchyDensity,03-05,776862442,28,23,5,905,18
OF4,32,CauchyDensity,03-06,593196857,56,45,11,1535,82
OF4,32,CauchyDensity,03-08,277032099,101,86,15,2653,169
OF4,32,CauchyDensity,03-09,519360959,41,33,8,1687,45
OF4,32,CauchyDensity,03-10,570932834,56,45,11,1478,48
OF4,32,CauchyDensity,04-05,1030878241,19,16,3,341,11
OF4,32,CauchyDensity,04-08,213019288,46,37,9,1770,45
OF4,32,CauchyDensity,04-10,762367893,37,28,9,1231,23
OF4,32,CauchyDensity,05-08,917034188,29,23,6,746,20
OF4,32,CauchyDensity,05-10,414273887,31,22,9,1785,43
OF4,32,CauchyDensity,06-04,734615040,63,54,9,1588,118
OF4,32,CauchyDensity,06-05,488239119,45,32,13,1684,53
OF4,32,CauchyDensity,06-08,608444968,58,45,13,1516,37
OF4,32,CauchyDensity,06-09,739321725,69,58,11,3257,107
OF4,32,CauchyDensity,06-10,124429025,35,25,10,1728,55
OF4,32,CauchyDensity,07-02,459757100,53,45,8,1599,80
OF4,32,CauchyDensity,07-03,306116474,52,41,11,2156,81
OF4,32,CauchyDensity,07-04,285201368,35,27,8,1980,52
OF4,32,CauchyDensity,07-05,997122001,26,20,6,645,13
OF4,32,CauchyDensity,07-06,688177088,47,37,10,1140,22
OF4,32,CauchyDensity,07-08,190794105,33,24,9,1662,38
OF4,32,CauchyDensity,07-09,571615641,28,20,8,1434,31
OF4,32,CauchyDensity,07-10,727869625,27,21,6,923,13
OF4,32,CauchyDensity,09-04,299641773,31,23,8,1851,43
OF4,32,CauchyDensity,09-05,1011996870,34,28,6,899,20
OF4,32,CauchyDensity,09-08,387511707,28,20,8,1556,33
OF4,32,CauchyDensity,09-10,742744494,61,50,11,2492,64
OF4,32,CauchyDensity,10-08,647781812,41,34,7,1322,34
OF4,32,ClassicImages,01-02,175136546,54,43,11,2107,94
OF4,32,ClassicImages,01-03,186672774,50,40,10,2372,74
OF4,32,ClassicImages,01-04,147218338,45,35,10,2071,71
OF4,32,ClassicImages,01-05,171932988,39,28,11,1875,43
OF4,32,ClassicImages,01-06,256060007,41,30,11,1993,46
OF4,32,ClassicImages,01-07,212296496,46,35,11,2051,64
OF4,32,ClassicImages,01-08,172277840,50,34,16,2165,69
OF4,32,ClassicImages,01-09,323948476,40,31,9,1531,34
OF4,32,ClassicImages,01-10,265556823,53,41,12,2140,72
OF4,32,ClassicImages,02-04,78927230,53,41,12,1925,100
OF4,32,ClassicImages,02-05,81520556,45,32,13,1785,55
OF4,32,ClassicImages,02-06,96540973,40,28,12,1796,51
OF4,32,ClassicImages,02-08,104257658,59,46,13,2046,96
OF4,32,ClassicImages,02-09,241243935,49,39,10,1459,33
OF4,32,ClassicImages,02-10,157826359,55,43,12,2077,84
OF4,32,ClassicImages,03-02,145978024,64,45,19,2039,71
OF4,32,ClassicImages,03-04,119229003,44,32,12,1980,47
OF4,32,ClassicImages,03-05,143968017,52,36,16,1786,54
OF4,32,ClassicImages,03-06,156546478,42,33,9,2018,66
OF4,32,ClassicImages,03-08,145922588,57,44,13,1998,92
OF4,32,ClassicImages,03-09,292090242,44,33,11,1468,40
OF4,32,ClassicImages,03-10,230250467,62,50,12,2187,99
OF4,32,ClassicImages,04-05,100871111,59,48,11,2092,127
OF4,32,ClassicImages,04-08,99348089,47,35,12,2218,74
OF4,32,ClassicImages,04-10,208639648,46,30,16,1812,54
OF4,32,ClassicImages,05-08,123897082,56,43,13,2112,105
OF4,32,ClassicImages,05-10,200578882,67,54,13,2306,116
OF4,32,ClassicImages,06-04,151362348,42,28,14,1886,40
OF4,32,ClassicImages,06-05,129306532,33,24,9,1832,53
OF4,32,ClassicImages,06-08,133507218,50,38,12,2113,55
OF4,32,ClassicImages,06-09,200666416,60,48,12,2407,70
OF4,32,ClassicImages,06-10,153205574,52,40,12,2103,65
OF4,32,ClassicImages,07-02,90998592,46,36,10,2188,73
OF4,32,ClassicImages,07-03,183276518,47,36,11,2099,57
OF4,32,ClassicImages,07-04,134777027,69,58,11,2500,150
OF4,32,ClassicImages,07-05,94405435,53,43,10,2311,123
OF4,32,ClassicImages,07-06,122488555,31,20,11,1940,37
OF4,32,ClassicImages,07-08,135702477,59,47,12,1828,62
OF4,32,ClassicImages,07-09,215404372,44,33,11,1620,38
OF4,32,ClassicImages,07-10,172017592,59,46,13,2149,88
OF4,32,ClassicImages,09-04,278781308,50,41,9,1398,48
OF4,32,ClassicImages,09-05,234647634,45,33,12,1362,33
OF4,32,ClassicImages,09-08,320270252,42,33,9,1341,27
OF4,32,ClassicImages,09-10,326698754,47,35,12,1826,38
OF4,32,ClassicImages,10-08,168664764,69,58,11,2493,170
OF4,32,GRFmoderate,01-02,163208118,33,23,10,1925,38
OF4,32,GRFmoderate,01-03,216149945,44,33,11,1754,36
OF4,32,GRFmoderate,01-04,378220494,29,21,8,1667,32
OF4,32,GRFmoderate,01-05,194054969,30,21,9,1814,38
OF4,32,GRFmoderate,01-06,280458481,38,28,10,1746,48
OF4,32,GRFmoderate,01-07,136609899,46,34,12,1973,78
OF4,32,GRFmoderate,01-08,298191710,49,36,13,1518,48
OF4,32,GRFmoderate,01-09,121174256,40,29,11,1743,62
OF4,32,GRFmoderate,01-10,97426319,50,39,11,2116,73
OF4,32,GRFmoderate,02-04,302805461,45,32,13,1581,38
OF4,32,GRFmoderate,02-05,129557325,55,44,11,2309,108
OF4,32,GRFmoderate,02-06,228961843,47,36,11,1899,60
OF4,32,GRFmoderate,02-08,316351701,49,39,10,1445,28
OF4,32,GRFmoderate,02-09,138858032,69,57,12,2187,159
OF4,32,GRFmoderate,02-10,160871607,42,31,11,1854,55
OF4,32,GRFmoderate,03-02,251258226,50,39,11,1476,32
OF4,32,GRFmoderate,03-04,246619877,49,35,14,2183,87
OF4,32,GRFmoderate,03-05,188274585,51,40,11,1872,83
OF4,32,GRFmoderate,03-06,222099009,90,79,11,2698,217
OF4,32,GRFmoderate,03-08,143702955,72,61,11,2138,152
OF4,32,GRFmoderate,03-09,163958814,43,34,9,1898,45
OF4,32,GRFmoderate,03-10,182240540,53,42,11,2044,78
OF4,32,GRFmoderate,04-05,222816257,41,30,11,1810,66
OF4,32,GRFmoderate,04-08,286234441,38,27,11,2066,52
OF4,32,GRFmoderate,04-10,349525262,36,26,10,1758,38
OF4,32,GRFmoderate,05-08,243804717,39,29,10,1660,39
OF4,32,GRFmoderate,05-10,162733661,38,28,10,1906,71
OF4,32,GRFmoderate,06-04,212865947,55,42,13,2104,95
OF4,32,GRFmoderate,06-05,146212355,57,43,14,2029,71
OF4,32,GRFmoderate,06-08,248316136,45,33,12,2071,51
OF4,32,GRFmoderate,06-09,234226505,37,26,11,1865,47
OF4,32,GRFmoderate,06-10,241051082,52,42,10,2066,108
OF4,32,GRFmoderate,07-02,159139370,60,45,15,1825,76
OF4,32,GRFmoderate,07-03,195809943,45,33,12,1904,43
OF4,32,GRFmoderate,07-04,323433174,33,24,9,1766,45
OF4,32,GRFmoderate,07-05,136237137,34,25,9,1989,53
OF4,32,GRFmoderate,07-06,216019431,51,40,11,1840,70
OF4,32,GRFmoderate,07-08,251639376,46,36,10,1922,48
OF4,32,GRFmoderate,07-09,80631295,48,38,10,2127,97
OF4,32,GRFmoderate,07-10,103671748,54,41,13,1960,83
OF4,32,GRFmoderate,09-04,334959759,24,17,7,1495,26
OF4,32,GRFmoderate,09-05,145206843,28,19,9,1838,27
OF4,32,GRFmoderate,09-08,230409299,41,32,9,1565,38
OF4,32,GRFmoderate,09-10,110656143,52,40,12,2021,82
OF4,32,GRFmoderate,10-08,277112424,41,29,12,1659,44
OF4,32,GRFrough,01-02,82755295,58,45,13,2274,100
OF4,32,GRFrough,01-03,68529893,58,47,11,2110,92
OF4,32,GRFrough,01-04,86598474,52,39,13,2065,63
OF4,32,GRFrough,01-05,64357150,50,39,11,2045,78
OF4,32,GRFrough,01-06,79023535,53,41,12,2172,82
OF4,32,GRFrough,01-07,59366037,49,39,10,2257,99
OF4,32,GRFrough,01-08,63027140,48,40,8,2263,86
OF4,32,GRFrough,01-09,51450813,56,45,11,2228,83
OF4,32,GRFrough,01-10,63910227,63,49,14,2217,89
OF4,32,GRFrough,02-04,94234009,62,51,11,1977,84
OF4,32,GRFrough,02-05,54473225,48,36,12,2175,94
OF4,32,GRFrough,02-06,93155352,61,44,17,2067,74
OF4,32,GRFrough,02-08,73899293,51,39,12,2475,114
OF4,32,GRFrough,02-09,63391327,52,38,14,2163,95
OF4,32,GRFrough,02-10,63473184,63,48,15,2141,131
OF4,32,GRFrough,03-02,92363528,44,31,13,2154,66
OF4,32,GRFrough,03-04,87059243,41,28,13,2183,57
OF4,32,GRFrough,03-05,78985073,53,42,11,2241,84
OF4,32,GRFrough,03-06,63454204,52,40,12,2164,81
OF4,32,GRFrough,03-08,72679958,54,41,13,2197,96
OF4,32,GRFrough,03-09,83651913,43,32,11,2015,51
OF4,32,GRFrough,03-10,67447821,46,34,12,2186,79
OF4,32,GRFrough,04-05,108042579,51,40,11,1815,47
OF4,32,GRFrough,04-08,100488307,54,41,13,2309,80
OF4,32,GRFrough,04-10,95929252,55,42,13,1942,56
OF4,32,GRFrough,05-08,57286518,55,39,16,2179,91
OF4,32,GRFrough,05-10,45631244,53,42,11,2155,93
OF4,32,GRFrough,06-04,81948086,60,48,12,2252,128
OF4,32,GRFrough,06-05,90544911,51,40,11,1805,57
OF4,32,GRFrough,06-08,93414762,48,37,11,2121,76
OF4,32,GRFrough,06-09,86969236,46,36,10,1887,43
OF4,32,GRFrough,06-10,70230252,51,41,10,2081,72
OF4,32,GRFrough,07-02,92144163,44,32,12,2255,78
OF4,32,GRFrough,07-03,59842450,55,42,13,2063,92
OF4,32,GRFrough,07-04,93254611,44,33,11,2248,61
OF4,32,GRFrough,07-05,69337040,42,30,12,2146,60
OF4,32,GRFrough,07-06,85680991,43,33,10,2014,56
OF4,32,GRFrough,07-08,53458265,54,39,15,2206,74
OF4,32,GRFrough,07-09,58108096,45,33,12,2158,71
OF4,32,GRFrough,07-10,78544581,43,30,13,2174,65
OF4,32,GRFrough,09-04,101930098,66,51,15,1980,68
OF4,32,GRFrough,09-05,48732085,44,34,10,2006,79
OF4,32,GRFrough,09-08,58231240,50,38,12,2144,99
OF4,32,GRFrough,09-10,56859618,40,31,9,2054,67
OF4,32,GRFrough,10-08,72471136,47,36,11,2162,93
OF4,32,GRFsmooth,01-02,377233768,41,30,11,1555,47
OF4,32,GRFsmooth,01-03,594757081,48,38,10,1770,46
OF4,32,GRFsmooth,01-04,338655740,42,33,9,1770,48
OF4,32,GRFsmooth,01-05,266428963,59,47,12,2196,107
OF4,32,GRFsmooth,01-06,241598192,44,34,10,1756,50
OF4,32,GRFsmooth,01-07,129291843,43,29,14,1958,43
OF4,32,GRFsmooth,01-08,357637007,45,34,11,1333,33
OF4,32,GRFsmooth,01-09,272161103,69,57,12,2131,162
OF4,32,GRFsmooth,01-10,430322351,76,65,11,1762,136
OF4,32,GRFsmooth,02-04,607469959,49,39,10,1524,42
OF4,32,GRFsmooth,02-05,442283221,45,36,9,1601,38
OF4,32,GRFsmooth,02-06,249539280,47,37,10,1851,44
OF4,32,GRFsmooth,02-08,221291380,39,30,9,1942,65
OF4,32,GRFsmooth,02-09,385469151,59,46,13,2011,81
OF4,32,GRFsmooth,02-10,362080931,37,28,9,1810,55
OF4,32,GRFsmooth,03-02,506638820,37,28,9,1806,50
OF4,32,GRFsmooth,03-04,813974907,40,31,9,1036,22
OF4,32,GRFsmooth,03-05,652543793,53,43,10,1535,50
OF4,32,GRFsmooth,03-06,415538951,65,50,15,2685,89
OF4,32,GRFsmooth,03-08,335064591,49,36,13,2262,56
OF4,32,GRFsmooth,03-09,461581458,47,36,11,1591,51
OF4,32,GRFsmooth,03-10,375078685,47,36,11,1966,49
OF4,32,GRFsmooth,04-05,232959016,50,35,15,2008,57
OF4,32,GRFsmooth,04-08,610212690,32,25,7,862,16
OF4,32,GRFsmooth,04-10,484620911,35,29,6,993,21
OF4,32,GRFsmooth,05-08,452963780,33,24,9,1211,20
OF4,32,GRFsmooth,05-10,342074493,58,46,12,2152,74
OF4,32,GRFsmooth,06-04,424760059,50,39,11,1751,47
OF4,32,GRFsmooth,06-05,280950206,52,40,12,1913,64
OF4,32,GRFsmooth,06-08,203392228,35,23,12,1609,19
OF4,32,GRFsmooth,06-09,263307652,47,36,11,2334,61
OF4,32,GRFsmooth,06-10,251598520,56,40,16,2004,69
OF4,32,GRFsmooth,07-02,342730228,45,35,10,1652,54
OF4,32,GRFsmooth,07-03,565672795,69,58,11,2416,95
OF4,32,GRFsmooth,07-04,343440940,55,45,10,1944,85
OF4,32,GRFsmooth,07-05,247375662,44,32,12,2149,62
OF4,32,GRFsmooth,07-06,202482143,51,39,12,2027,78
OF4,32,GRFsmooth,07-08,323133876,37,27,10,1684,23
OF4,32,GRFsmooth,07-09,311632699,33,24,9,1708,53
OF4,32,GRFsmooth,07-10,361886249,41,32,9,1762,44
OF4,32,GRFsmooth,09-04,409516974,40,32,8,1290,29
OF4,32,GRFsmooth,09-05,300071587,49,39,10,2221,47
OF4,32,GRFsmooth,09-08,262318029,49,38,11,1694,35
OF4,32,GRFsmooth,09-10,212730286,54,41,13,2006,80
OF4,32,GRFsmooth,10-08,227668958,42,30,12,1791,48
OF4,32,LogGRF,01-02,333218449,79,69,10,2607,188
OF4,32,LogGRF,01-03,617412165,53,41,12,1996,71
OF4,32,LogGRF,01-04,688923184,55,45,10,1639,86
OF4,32,LogGRF,01-05,1145348607,54,46,8,1139,40
OF4,32,LogGRF,01-06,489495261,33,25,8,1651,50
OF4,32,LogGRF,01-07,265700314,55,45,10,2164,82
OF4,32,LogGRF,01-08,501545829,59,46,13,2004,66
OF4,32,LogGRF,01-09,939096167,48,37,11,2247,72
OF4,32,LogGRF,01-10,792317004,58,49,9,1436,51
OF4,32,LogGRF,02-04,456281678,79,63,16,2320,130
OF4,32,LogGRF,02-05,938237818,32,25,7,835,23
OF4,32,LogGRF,02-06,326943351,77,63,14,2163,119
OF4,32,LogGRF,02-08,275541228,60,49,11,1989,85
OF4,32,LogGRF,02-09,781853699,56,48,8,2090,75
OF4,32,LogGRF,02-10,564890219,40,32,8,1191,29
OF4,32,LogGRF,03-02,466827660,54,42,12,2362,79
OF4,32,LogGRF,03-04,859579272,78,63,15,1753,154
OF4,32,LogGRF,03-05,814545141,55,47,8,1504,82
OF4,32,LogGRF,03-06,605433216,67,58,9,2119,140
OF4,32,LogGRF,03-08,524447329,60,45,15,2158,93
OF4,32,LogGRF,03-09,766620886,58,49,9,1947,89
OF4,32,LogGRF,03-10,563997553,70,59,11,1968,118
OF4,32,LogGRF,04-05,778410411,52,44,8,1636,56
OF4,32,LogGRF,04-08,407192209,67,55,12,2328,130
OF4,32,LogGRF,04-10,541075695,47,38,9,1735,65
OF4,32,LogGRF,05-08,719037095,38,30,8,943,39
OF4,32,LogGRF,05-10,418796539,53,43,10,1793,81
OF4,32,LogGRF,06-04,672747479,73,59,14,2074,108
OF4,32,LogGRF,06-05,1146141491,36,30,6,925,28
OF4,32,LogGRF,06-08,508397729,55,45,10,2023,76
OF4,32,LogGRF,06-09,615763341,74,64,10,2307,108
OF4,32,LogGRF,06-10,775643335,44,36,8,1214,39
OF4,32,LogGRF,07-02,392091412,59,48,11,2314,84
OF4,32,LogGRF,07-03,556505038,85,73,12,2684,145
OF4,32,LogGRF,07-04,685794977,48,36,12,1549,56
OF4,32,LogGRF,07-05,995027910,40,32,8,1246,30
OF4,32,LogGRF,07-06,598155136,34,26,8,1772,50
OF4,32,LogGRF,07-08,390063951,52,38,14,2463,64
OF4,32,LogGRF,07-09,1073583212,54,44,10,1810,99
OF4,32,LogGRF,07-10,658499780,62,51,11,2264,80
OF4,32,LogGRF,09-04,1005998223,37,28,9,1236,60
OF4,32,LogGRF,09-05,738840806,69,57,12,2449,111
OF4,32,LogGRF,09-08,813762662,35,28,7,1689,54
OF4,32,LogGRF,09-10,674479461,42,34,8,1602,78
OF4,32,LogGRF,10-08,366518711,42,32,10,1911,39
OF4,32,LogitGRF,01-02,299468734,54,43,11,2287,74
OF4,32,LogitGRF,01-03,300100833,61,51,10,1940,108
OF4,32,LogitGRF,01-04,253860970,63,52,11,1995,109
OF4,32,LogitGRF,01-05,200393452,48,36,12,2149,68
OF4,32,LogitGRF,01-06,211939001,45,32,13,1949,55
OF4,32,LogitGRF,01-07,300960091,50,39,11,1625,49
OF4,32,LogitGRF,01-08,178462068,59,43,16,1973,54
OF4,32,LogitGRF,01-09,425318349,49,39,10,2131,91
OF4,32,LogitGRF,01-10,275250044,44,33,11,2078,70
OF4,32,LogitGRF,02-04,205289105,59,48,11,2159,117
OF4,32,LogitGRF,02-05,268555321,75,62,13,2492,132
OF4,32,LogitGRF,02-06,284351789,67,52,15,2137,73
OF4,32,LogitGRF,02-08,365810405,51,39,12,1760,80
OF4,32,LogitGRF,02-09,384837910,56,44,12,1626,72
OF4,32,LogitGRF,02-10,257497374,66,56,10,1980,138
OF4,32,LogitGRF,03-02,354309759,42,31,11,1757,44
OF4,32,LogitGRF,03-04,377333696,49,38,11,1798,60
OF4,32,LogitGRF,03-05,222639258,49,39,10,2077,71
OF4,32,LogitGRF,03-06,275795673,91,79,12,2448,222
OF4,32,LogitGRF,03-08,371563270,57,45,12,1958,86
OF4,32,LogitGRF,03-09,277961051,48,35,13,1846,79
OF4,32,LogitGRF,03-10,262792260,53,42,11,2142,89
OF4,32,LogitGRF,04-05,260345126,59,45,14,2144,88
OF4,32,LogitGRF,04-08,261970153,45,29,16,1682,54
OF4,32,LogitGRF,04-10,257995260,63,52,11,2201,112
OF4,32,LogitGRF,05-08,262483418,74,63,11,2260,185
OF4,32,LogitGRF,05-10,260163989,55,45,10,2543,109
OF4,32,LogitGRF,06-04,287312994,69,54,15,1694,97
OF4,32,LogitGRF,06-05,229712930,65,54,11,2161,107
OF4,32,LogitGRF,06-08,252171907,50,37,13,1559,36
OF4,32,LogitGRF,06-09,412419840,52,42,10,2149,86
OF4,32,LogitGRF,06-10,253903998,53,42,11,2257,124
OF4,32,LogitGRF,07-02,419236326,56,45,11,2294,62
OF4,32,LogitGRF,07-03,241996097,47,36,11,2015,78
OF4,32,LogitGRF,07-04,428004596,70,57,13,1674,86
OF4,32,LogitGRF,07-05,310987030,56,44,12,2095,72
OF4,32,LogitGRF,07-06,222788015,67,55,12,2438,100
OF4,32,LogitGRF,07-08,399758652,44,34,10,1530,37
OF4,32,LogitGRF,07-09,467208688,39,30,9,1865,57
OF4,32,LogitGRF,07-10,335951542,48,37,11,2115,91
OF4,32,LogitGRF,09-04,401352041,68,57,11,2453,115
OF4,32,LogitGRF,09-05,332882586,61,50,11,2772,116
OF4,32,LogitGRF,09-08,471835615,64,51,13,2366,119
OF4,32,LogitGRF,09-10,249193027,55,44,11,2318,91
OF4,32,LogitGRF,10-08,315438565,55,41,14,2217,70
OF4,32,MicroscopyImages,01-02,255398464,33,23,10,1404,72
OF4,32,MicroscopyImages,01-03,779931526,33,22,11,1036,73
OF4,32,MicroscopyImages,01-04,527393275,39,30,9,1287,75
OF4,32,MicroscopyImages,01-05,680928961,45,36,9,1456,123
OF4,32,MicroscopyImages,01-06,705387598,37,27,10,1173,77
OF4,32,MicroscopyImages,01-07,577288776,34,25,9,1375,97
OF4,32,MicroscopyImages,01-08,601180040,42,29,13,1518,72
OF4,32,MicroscopyImages,01-09,558275261,50,41,9,1565,165
OF4,32,MicroscopyImages,01-10,467126817,39,29,10,1354,69
OF4,32,MicroscopyImages,02-04,568997742,51,40,11,1677,71
OF4,32,MicroscopyImages,02-05,567789963,48,37,11,1648,80
OF4,32,MicroscopyImages,02-06,619951914,47,37,10,1649,73
OF4,32,MicroscopyImages,02-08,627193438,31,22,9,1426,48
OF4,32,MicroscopyImages,02-09,461689875,59,47,12,1219,60
OF4,32,MicroscopyImages,02-10,370538651,52,41,11,1551,64
OF4,32,MicroscopyImages,03-02,780972567,51,38,13,1686,97
OF4,32,MicroscopyImages,03-04,308973615,41,31,10,1517,112
OF4,32,MicroscopyImages,03-05,469700414,50,40,10,1681,124
OF4,32,MicroscopyImages,03-06,349288582,46,35,11,1553,81
OF4,32,MicroscopyImages,03-08,537750305,34,26,8,973,45
OF4,32,MicroscopyImages,03-09,520719633,44,29,15,1436,119
OF4,32,MicroscopyImages,03-10,574287403,40,31,9,1524,75
OF4,32,MicroscopyImages,04-05,468182525,34,24,10,1335,55
OF4,32,MicroscopyImages,04-08,440742321,54,43,11,1599,90
OF4,32,MicroscopyImages,04-10,365913159,48,37,11,2220,97
OF4,32,MicroscopyImages,05-08,432182245,35,24,11,1640,67
OF4,32,MicroscopyImages,05-10,358161385,54,40,14,2071,93
OF4,32,MicroscopyImages,06-04,419268858,92,80,12,1938,188
OF4,32,MicroscopyImages,06-05,153687397,41,29,12,1956,58
OF4,32,MicroscopyImages,06-08,415732215,53,41,12,1975,80
OF4,32,MicroscopyImages,06-09,387956628,45,34,11,1909,109
OF4,32,MicroscopyImages,06-10,408437211,57,46,11,2117,109
OF4,32,MicroscopyImages,07-02,602823741,31,22,9,1324,70
OF4,32,MicroscopyImages,07-03,573364361,29,20,9,950,45
OF4,32,MicroscopyImages,07-04,443066895,46,37,9,1487,107
OF4,32,MicroscopyImages,07-05,429119265,31,21,10,1183,51
OF4,32,MicroscopyImages,07-06,445593181,51,40,11,1734,104
OF4,32,MicroscopyImages,07-08,124271436,44,34,10,1966,98
OF4,32,MicroscopyImages,07-09,598579165,33,21,12,1418,66
OF4,32,MicroscopyImages,07-10,570594685,40,30,10,1597,91
OF4,32,MicroscopyImages,09-04,423525655,34,23,11,1513,52
OF4,32,MicroscopyImages,09-05,371148381,36,25,11,1561,78
OF4,32,MicroscopyImages,09-08,626329245,34,24,10,1418,61
OF4,32,MicroscopyImages,09-10,202769592,37,27,10,1703,63
OF4,32,MicroscopyImages,10-08,594904791,36,27,9,1639,70
OF4,32,Shapes,01-02,410240000,25,20,5,1314,49
OF4,32,Shapes,01-03,86400000,26,22,4,2776,66
OF4,32,Shapes,01-04,253764336,34,24,10,1906,45
OF4,32,Shapes,01-05,232824146,25,17,8,1522,36
OF4,32,Shapes,01-06,547200000,18,13,5,1474,35
OF4,32,Shapes,01-07,421192830,23,16,7,1313,35
OF4,32,Shapes,01-08,284583959,28,19,9,1568,58
OF4,32,Shapes,01-09,193600000,31,23,8,2545,56
OF4,32,Shapes,01-10,137600124,26,18,8,1829,38
OF4,32,Shapes,02-04,156475664,16,10,6,842,18
OF4,32,Shapes,02-05,524567223,15,12,3,619,56
OF4,32,Shapes,02-06,569376000,8,5,3,480,23
OF4,32,Shapes,02-08,200621542,11,8,3,752,61
OF4,32,Shapes,02-09,426288000,33,27,6,1268,154
OF4,32,Shapes,02-10,468845934,16,12,4,827,34
OF4,32,Shapes,03-02,412672000,13,10,3,756,36
OF4,32,Shapes,03-04,270936941,23,16,7,1156,67
OF4,32,Shapes,03-05,241418106,20,16,4,1064,90
OF4,32,Shapes,03-06,549200000,12,8,4,1484,30
OF4,32,Shapes,03-08,294767843,17,13,4,1058,87
OF4,32,Shapes,03-09,209600000,17,13,4,1670,56
OF4,32,Shapes,03-10,159314386,19,15,4,1222,82
OF4,32,Shapes,04-05,368091559,13,8,5,594,30
OF4,32,Shapes,04-08,124021462,15,11,4,1061,71
OF4,32,Shapes,04-10,314895201,17,10,7,984,40
OF4,32,Shapes,05-08,341815017,13,7,6,674,22
OF4,32,Shapes,05-10,251655696,21,15,6,1105,69
OF4,32,Shapes,06-04,548443915,11,7,4,534,24
OF4,32,Shapes,06-05,551212161,16,11,5,967,60
OF4,32,Shapes,06-08,561503366,8,5,3,519,31
OF4,32,Shapes,06-09,552200000,13,9,4,895,63
OF4,32,Shapes,06-10,555360116,14,10,4,874,46
OF4,32,Shapes,07-02,417954416,12,8,4,995,33
OF4,32,Shapes,07-03,426116846,13,9,4,764,49
OF4,32,Shapes,07-04,407460730,13,8,5,734,24
OF4,32,Shapes,07-05,450386377,18,12,6,880,54
OF4,32,Shapes,07-06,955899165,12,8,4,500,36
OF4,32,Shapes,07-08,412610054,13,9,4,867,48
OF4,32,Shapes,07-09,457625413,23,15,8,988,67
OF4,32,Shapes,07-10,453893440,17,12,5,890,49
OF4,32,Shapes,09-04,350087636,24,16,8,1011,58
OF4,32,Shapes,09-05,305927202,30,24,6,1425,147
OF4,32,Shapes,09-08,359034479,18,13,5,994,79
OF4,32,Shapes,09-10,254960130,18,12,6,867,49
OF4,32,Shapes,10-08,359585776,18,14,4,1091,94
OF4,32,WhiteNoise,01-02,49923925,46,36,10,2303,124
OF4,32,WhiteNoise,01-03,53192684,50,41,9,2405,140
OF4,32,WhiteNoise,01-04,65365081,74,64,10,2661,132
OF4,32,WhiteNoise,01-05,54722657,61,51,10,2569,120
OF4,32,WhiteNoise,01-06,46592527,57,49,8,2386,160
OF4,32,WhiteNoise,01-07,50750980,44,33,11,2299,113
OF4,32,WhiteNoise,01-08,50056442,62,48,14,2272,141
OF4,32,WhiteNoise,01-09,63968992,52,44,8,2490,109
OF4,32,WhiteNoise,01-10,53297742,54,45,9,2345,133
OF4,32,WhiteNoise,02-04,62923209,73,57,16,2324,100
OF4,32,WhiteNoise,02-05,54021874,53,44,9,2285,103
OF4,32,WhiteNoise,02-06,52348597,49,39,10,2435,134
OF4,32,WhiteNoise,02-08,48419928,43,32,11,2342,108
OF4,32,WhiteNoise,02-09,54972363,55,46,9,2403,118
OF4,32,WhiteNoise,02-10,54326690,62,52,10,2469,146
OF4,32,WhiteNoise,03-02,54645875,55,45,10,2455,148
OF4,32,WhiteNoise,03-04,64939525,58,47,11,2320,99
OF4,32,WhiteNoise,03-05,55934174,60,49,11,2491,122
OF4,32,WhiteNoise,03-06,46744963,47,38,9,2334,130
OF4,32,WhiteNoise,03-08,57962333,52,41,11,2540,125
OF4,32,WhiteNoise,03-09,57907135,56,46,10,2339,83
OF4,32,WhiteNoise,03-10,48842239,45,35,10,2352,115
OF4,32,WhiteNoise,04-05,51564815,73,63,10,2377,200
OF4,32,WhiteNoise,04-08,63010794,55,43,12,2461,97
OF4,32,WhiteNoise,04-10,72368141,80,69,11,2605,148
OF4,32,WhiteNoise,05-08,56350575,54,43,11,2500,133
OF4,32,WhiteNoise,05-10,57785189,68,57,11,2602,129
OF4,32,WhiteNoise,06-04,57500530,53,44,9,2099,103
OF4,32,WhiteNoise,06-05,50682684,52,42,10,2273,106
OF4,32,WhiteNoise,06-08,51399734,52,41,11,2522,148
OF4,32,WhiteNoise,06-09,58921608,53,43,10,2385,100
OF4,32,WhiteNoise,06-10,49560207,45,33,12,2235,105
OF4,32,WhiteNoise,07-02,52553854,52,41,11,2344,146
OF4,32,WhiteNoise,07-03,54915996,50,39,11,2378,146
OF4,32,WhiteNoise,07-04,72849324,65,53,12,2393,96
OF4,32,WhiteNoise,07-05,53943677,67,56,11,2471,147
OF4,32,WhiteNoise,07-06,55394834,48,38,10,2236,124
OF4,32,WhiteNoise,07-08,53947701,50,40,10,2381,123
OF4,32,WhiteNoise,07-09,64312246,84,70,14,2451,136
OF4,32,WhiteNoise,07-10,55553690,50,38,12,2431,128
OF4,32,WhiteNoise,09-04,55270512,64,50,14,2174,103
OF4,32,WhiteNoise,09-05,51573926,51,41,10,2358,140
OF4,32,WhiteNoise,09-08,60904523,58,49,9,2472,115
OF4,32,WhiteNoise,09-10,63410063,72,63,9,2448,129
OF4,32,WhiteNoise,10-08,58182141,50,39,11,2459,116
OF4,64,CauchyDensity,01-02,5076064114,663,575,88,12425,254
OF4,64,CauchyDensity,01-03,2411576462,645,573,72,9765,384
OF4,64,CauchyDensity,01-04,4036995328,529,470,59,11502,217
OF4,64,CauchyDensity,01-05,4033687643,914,853,61,12151,597
OF4,64,CauchyDensity,01-06,5109659699,763,681,82,10811,289
OF4,64,CauchyDensity,01-07,3915930156,1235,1145,90,14812,767
OF4,64,CauchyDensity,01-08,4672664893,1944,1863,81,16305,1485
OF4,64,CauchyDensity,01-09,4429959121,612,518,94,10863,260
OF4,64,CauchyDensity,01-10,4176719945,1470,1332,138,15329,912
OF4,64,CauchyDensity,02-03,4904319399,1428,1293,135,9499,446
OF4,64,CauchyDensity,02-04,4609833050,571,504,67,9006,150
OF4,64,CauchyDensity,02-05,3143753211,1149,961,188,9126,294
OF4,64,CauchyDensity,02-07,4250932424,934,850,84,10083,180
OF4,64,CauchyDensity,02-10,4669668180,1015,931,84,10371,359
OF4,64,CauchyDensity,03-07,1692434519,750,688,62,11920,419
OF4,64,CauchyDensity,03-10,2345149560,515,413,102,8840,192
OF4,64,CauchyDensity,04-03,3396567297,559,495,64,5980,186
OF4,64,CauchyDensity,04-07,2663958141,449,391,58,6791,96
OF4,64,CauchyDensity,04-10,2841952732,388,326,62,5516,37
OF4,64,CauchyDensity,05-03,3295747717,552,475,77,9309,91
OF4,64,CauchyDensity,05-04,4252586848,430,380,50,6067,100
OF4,64,CauchyDensity,05-07,2939545792,400,338,62,7861,69
OF4,64,CauchyDensity,05-10,4059543080,477,417,60,6283,110
OF4,64,CauchyDensity,06-02,3518129933,476,415,61,10209,118
OF4,64,CauchyDensity,06-03,4974225195,445,393,52,5414,74
OF4,64,CauchyDensity,06-04,3026465433,341,286,55,7229,62
OF4,64,CauchyDensity,06-05,3410699292,381,331,50,6361,116
OF4,64,CauchyDensity,06-07,4654247833,312,268,44,3921,32
OF4,64,CauchyDensity,06-08,3616777275,222,189,33,5914,49
OF4,64,CauchyDensity,06-10,5658787424,283,243,40,2869,25
OF4,64,CauchyDensity,07-10,1261076515,281,216,65,6035,45
OF4,64,CauchyDensity,08-02,3100355886,388,343,45,4609,55
OF4,64,CauchyDensity,08-03,4311648463,898,807,91,11350,275
OF4,64,CauchyDensity,08-04,4525573098,438,391,47,6822,172
OF4,64,CauchyDensity,08-05,2393724907,905,850,55,7551,521
OF4,64,CauchyDensity,08-07,3991327258,555,482,73,9074,97
OF4,64,CauchyDensity,08-10,4374379605,534,457,77,9296,60
OF4,64,CauchyDensity,09-02,5286691622,242,202,40,3701,29
OF4,64,CauchyDensity,09-03,3754174788,456,406,50,7936,174
OF4,64,CauchyDensity,09-04,3990634658,422,358,64,8860,68
OF4,64,CauchyDensity,09-05,4516408977,252,215,37,3693,42
OF4,64,CauchyDensity,09-06,6615333641,295,256,39,3301,32
OF4,64,CauchyDensity,09-07,2891570083,352,313,39,6909,134
OF4,64,CauchyDensity,09-08,5327035994,291,250,41,3895,29
OF4,64,CauchyDensity,09-10,2959573574,201,166,35,5564,45
OF4,64,ClassicImages,01-02,1402641808,390,339,51,8542,83
OF4,64,ClassicImages,01-03,1496164632,690,631,59,10166,246
OF4,64,ClassicImages,01-04,1178959927,531,478,53,9303,188
OF4,64,ClassicImages,01-05,1378190282,317,270,47,7635,58
OF4,64,ClassicImages,01-06,2050316813,309,261,48,7517,61
OF4,64,ClassicImages,01-07,1700962608,397,345,52,7566,128
OF4,64,ClassicImages,01-08,1380809008,345,297,48,7795,109
OF4,64,ClassicImages,01-09,2591564616,499,452,47,6597,197
OF4,64,ClassicImages,01-10,2129876213,579,490,89,8414,134
OF4,64,ClassicImages,02-03,1168721437,803,742,61,8892,435
OF4,64,ClassicImages,02-04,632817512,581,498,83,9069,157
OF4,64,ClassicImages,02-05,653237143,383,337,46,8023,111
OF4,64,ClassicImages,02-07,728869466,465,413,52,9118,114
OF4,64,ClassicImages,02-10,1265395705,586,502,84,8368,109
OF4,64,ClassicImages,03-07,1466221245,696,612,84,8058,242
OF4,64,ClassicImages,03-10,1844172503,847,756,91,9023,338
OF4,64,ClassicImages,04-03,954721481,667,586,81,9022,176
OF4,64,ClassicImages,04-07,1080334135,685,600,85,9460,216
OF4,64,ClassicImages,04-10,1672163746,613,553,60,7746,254
OF4,64,ClassicImages,05-03,1154370969,533,466,67,7365,143
OF4,64,ClassicImages,05-04,807943202,629,541,88,8399,146
OF4,64,ClassicImages,05-07,758883444,636,568,68,8920,216
OF4,64,ClassicImages,05-10,1607147779,615,493,122,8616,121
OF4,64,ClassicImages,06-02,774383219,344,293,51,7359,68
OF4,64,ClassicImages,06-03,1254297548,464,415,49,8472,188
OF4,64,ClassicImages,06-04,1211877060,502,437,65,7599,107
OF4,64,ClassicImages,06-05,1035568637,411,372,39,7280,236
OF4,64,ClassicImages,06-07,981107359,335,293,42,8123,141
OF4,64,ClassicImages,06-08,1069799553,423,349,74,8253,68
OF4,64,ClassicImages,06-10,1229164001,488,430,58,8189,160
OF4,64,ClassicImages,07-10,1379641554,407,330,77,8073,51
OF4,64,ClassicImages,08-02,836062287,473,413,60,8523,146
OF4,64,ClassicImages,08-03,1169865343,416,338,78,7952,106
OF4,64,ClassicImages,08-04,796288684,808,721,87,9558,328
OF4,64,ClassicImages,08-05,992287931,969,906,63,9583,368
OF4,64,ClassicImages,08-07,1087638737,812,745,67,7952,148
OF4,64,ClassicImages,08-10,1353187399,703,584,119,8951,163
OF4,64,ClassicImages,09-02,1930149399,395,331,64,5564,39
OF4,64,ClassicImages,09-03,2337309207,327,275,52,5776,56
OF4,64,ClassicImages,09-04,2230750153,416,360,56,5080,47
OF4,64,ClassicImages,09-05,1876874387,313,267,46,5275,43
OF4,64,ClassicImages,09-06,1605095518,601,541,60,9117,92
OF4,64,ClassicImages,09-07,1724077375,493,430,63,6681,103
OF4,64,ClassicImages,09-08,2562190115,351,301,50,4990,42
OF4,64,ClassicImages,09-10,2614335580,418,363,55,7318,58
OF4,64,GRFmoderate,01-02,1507986266,587,533,54,7677,193
OF4,64,GRFmoderate,01-03,1078973876,454,402,52,8185,96
OF4,64,GRFmoderate,01-04,1268747201,310,270,40,7223,133
OF4,64,GRFmoderate,01-05,1559316877,409,361,48,5731,52
OF4,64,GRFmoderate,01-06,2136973292,323,277,46,4943,42
OF4,64,GRFmoderate,01-07,1452423125,666,619,47,7342,206
OF4,64,GRFmoderate,01-08,1758601354,419,376,43,6779,46
OF4,64,GRFmoderate,01-09,1424458507,484,436,48,7887,111
OF4,64,GRFmoderate,01-10,1621826118,483,417,66,8133,125
OF4,64,GRFmoderate,02-03,1414563783,425,366,59,7071,87
OF4,64,GRFmoderate,02-04,2203122458,248,207,41,6969,46
OF4,64,GRFmoderate,02-05,1844091193,439,363,76,7095,88
OF4,64,GRFmoderate,02-07,1694367797,441,386,55,8220,92
OF4,64,GRFmoderate,02-10,2669429490,275,229,46,6267,55
OF4,64,GRFmoderate,03-07,1299362195,422,364,58,8433,94
OF4,64,GRFmoderate,03-10,2128579957,308,245,63,6386,73
OF4,64,GRFmoderate,04-03,1750776193,380,330,50,8021,109
OF4,64,GRFmoderate,04-07,1466402664,468,405,63,7702,114
OF4,64,GRFmoderate,04-10,1084949030,514,453,61,7337,64
OF4,64,GRFmoderate,05-03,1162811491,776,687,89,8313,145
OF4,64,GRFmoderate,05-04,1909829884,661,589,72,7731,136
OF4,64,GRFmoderate,05-07,1036762954,703,644,59,8047,327
OF4,64,GRFmoderate,05-10,1779056604,474,407,67,8568,88
OF4,64,GRFmoderate,06-02,2160960689,401,348,53,6975,99
OF4,64,GRFmoderate,06-03,1520615602,568,512,56,6868,100
OF4,64,GRFmoderate,06-04,2309624437,337,285,52,5764,35
OF4,64,GRFmoderate,06-05,803003806,425,365,60,8072,117
OF4,64,GRFmoderate,06-07,1375340908,450,396,54,8078,118
OF4,64,GRFmoderate,06-08,1355877066,297,255,42,7148,88
OF4,64,GRFmoderate,06-10,1830170965,605,512,93,9571,125
OF4,64,GRFmoderate,07-10,1339269661,385,327,58,8320,149
OF4,64,GRFmoderate,08-02,1736991774,444,389,55,7128,121
OF4,64,GRFmoderate,08-03,1141731329,487,427,60,8551,74
OF4,64,GRFmoderate,08-04,1999657124,1020,927,93,10949,158
OF4,64,GRFmoderate,08-05,1174611435,394,342,52,7713,84
OF4,64,GRFmoderate,08-07,1232702656,296,241,55,6956,43
OF4,64,GRFmoderate,08-10,2366773088,256,213,43,6881,46
OF4,64,GRFmoderate,09-02,1998243109,494,447,47,8501,192
OF4,64,GRFmoderate,09-03,1501927864,353,299,54,8001,96
OF4,64,GRFmoderate,09-04,1148494715,453,380,73,8030,56
OF4,64,GRFmoderate,09-05,1163523838,1112,1056,56,9869,759
OF4,64,GRFmoderate,09-06,1342038482,758,694,64,9110,415
OF4,64,GRFmoderate,09-07,817565486,331,280,51,8010,83
OF4,64,GRFmoderate,09-08,1692729654,242,205,37,6838,42
OF4,64,GRFmoderate,09-10,943032317,426,373,53,8822,104
OF4,64,GRFrough,01-02,382500238,474,421,53,9311,151
OF4,64,GRFrough,01-03,552821680,717,664,53,9482,283
OF4,64,GRFrough,01-04,630631826,401,346,55,8256,112
OF4,64,GRFrough,01-05,386310551,450,394,56,8729,149
OF4,64,GRFrough,01-06,415711933,799,739,60,9439,290
OF4,64,GRFrough,01-07,586972888,417,364,53,8522,106
OF4,64,GRFrough,01-08,379005060,446,394,52,9441,214
OF4,64,GRFrough,01-09,407681987,577,521,56,9368,199
OF4,64,GRFrough,01-10,447825173,874,800,74,9867,346
OF4,64,GRFrough,02-03,460453555,480,426,54,8956,135
OF4,64,GRFrough,02-04,568647914,518,463,55,8844,172
OF4,64,GRFrough,02-05,472320858,404,351,53,8654,96
OF4,64,GRFrough,02-07,432066409,841,790,51,9424,369
OF4,64,GRFrough,02-10,595452814,402,353,49,8540,167
OF4,64,GRFrough,03-07,390722700,462,416,46,8572,198
OF4,64,GRFrough,03-10,614985066,567,514,53,8723,181
OF4,64,GRFrough,04-03,505754316,351,285,66,9021,103
OF4,64,GRFrough,04-07,467990223,517,440,77,9109,180
OF4,64,GRFrough,04-10,636534420,564,495,69,8898,212
OF4,64,GRFrough,05-03,579855768,626,560,66,8680,183
OF4,64,GRFrough,05-04,619099809,692,626,66,7909,92
OF4,64,GRFrough,05-07,631667883,390,336,54,8207,119
OF4,64,GRFrough,05-10,389335710,470,426,44,9081,217
OF4,64,GRFrough,06-02,502840992,491,443,48,9484,203
OF4,64,GRFrough,06-03,597529933,478,421,57,8630,142
OF4,64,GRFrough,06-04,628672872,538,484,54,7990,117
OF4,64,GRFrough,06-05,322073244,332,285,47,8586,118
OF4,64,GRFrough,06-07,746418509,362,304,58,7573,91
OF4,64,GRFrough,06-08,500307676,541,477,64,9002,88
OF4,64,GRFrough,06-10,345804971,575,510,65,9600,222
OF4,64,GRFrough,07-10,653043007,469,409,60,8655,144
OF4,64,GRFrough,08-02,553777142,440,388,52,8582,154
OF4,64,GRFrough,08-03,638812857,429,374,55,8823,94
OF4,64,GRFrough,08-04,625033311,523,464,59,8817,138
OF4,64,GRFrough,08-05,435200786,718,639,79,9194,138
OF4,64,GRFrough,08-07,588796264,506,451,55,8638,126
OF4,64,GRFrough,08-10,447001705,466,415,51,9207,199
OF4,64,GRFrough,09-02,449951104,501,448,53,9537,184
OF4,64,GRFrough,09-03,625732739,621,539,82,8780,96
OF4,64,GRFrough,09-04,638011787,346,289,57,7885,57
OF4,64,GRFrough,09-05,263657888,478,413,65,9010,191
OF4,64,GRFrough,09-06,321374890,361,314,47,9066,110
OF4,64,GRFrough,09-07,671949804,424,367,57,7893,71
OF4,64,GRFrough,09-08,455922680,524,468,56,9830,175
OF4,64,GRFrough,09-10,395119750,396,346,50,8858,129
OF4,64,GRFsmooth,01-02,3985928343,332,268,64,9101,74
OF4,64,GRFsmooth,01-03,1590774080,724,670,54,8569,248
OF4,64,GRFsmooth,01-04,4040553340,415,346,69,6748,65
OF4,64,GRFsmooth,01-05,3977575437,611,542,69,6944,282
OF4,64,GRFsmooth,01-06,1681325087,359,317,42,8273,147
OF4,64,GRFsmooth,01-07,2192614025,485,420,65,9311,115
OF4,64,GRFsmooth,01-08,2493646426,462,398,64,6324,201
OF4,64,GRFsmooth,01-09,1791401129,464,406,58,8840,120
OF4,64,GRFsmooth,01-10,3526564056,344,293,51,6577,70
OF4,64,GRFsmooth,02-03,3206905866,718,633,85,10566,244
OF4,64,GRFsmooth,02-04,2406279602,387,302,85,6752,54
OF4,64,GRFsmooth,02-05,3317573241,406,316,90,6701,54
OF4,64,GRFsmooth,02-07,4998618370,444,383,61,6409,53
OF4,64,GRFsmooth,02-10,3408102301,461,385,76,4401,37
OF4,64,GRFsmooth,03-07,2786667461,409,325,84,5900,54
OF4,64,GRFsmooth,03-10,2668090958,302,246,56,7153,64
OF4,64,GRFsmooth,04-03,3367602253,352,294,58,5942,67
OF4,64,GRFsmooth,04-07,5095191132,356,296,60,3559,31
OF4,64,GRFsmooth,04-10,3514980496,376,327,49,5456,41
OF4,64,GRFsmooth,05-03,3652875983,410,327,83,6030,80
OF4,64,GRFsmooth,05-04,2715552062,376,318,58,5752,35
OF4,64,GRFsmooth,05-07,2949880511,580,504,76,8020,121
OF4,64,GRFsmooth,05-10,2172178393,874,761,113,7708,412
OF4,64,GRFsmooth,06-02,3502184494,431,372,59,6941,46
OF4,64,GRFsmooth,06-03,1953521521,626,571,55,8142,321
OF4,64,GRFsmooth,06-04,3579113357,600,501,99,7276,90
OF4,64,GRFsmooth,06-05,3146345385,452,360,92,7660,83
OF4,64,GRFsmooth,06-07,1882264922,732,632,100,8227,121
OF4,64,GRFsmooth,06-08,1863073647,436,357,79,6375,79
OF4,64,GRFsmooth,06-10,2546835602,330,283,47,6605,95
OF4,64,GRFsmooth,07-10,2021249316,394,339,55,7717,85
OF4,64,GRFsmooth,08-02,3590955417,441,380,61,5971,60
OF4,64,GRFsmooth,08-03,1454494780,512,464,48,7765,266
OF4,64,GRFsmooth,08-04,3783095006,462,395,67,6545,111
OF4,64,GRFsmooth,08-05,3839108228,461,392,69,6628,119
OF4,64,GRFsmooth,08-07,2765283184,434,372,62,6924,95
OF4,64,GRFsmooth,08-10,2041857998,393,331,62,7389,89
OF4,64,GRFsmooth,09-02,3433274724,357,307,50,8598,103
OF4,64,GRFsmooth,09-03,1094270959,435,377,58,8854,143
OF4,64,GRFsmooth,09-04,3584935484,432,339,93,6555,83
OF4,64,GRFsmooth,09-05,4056096831,588,540,48,7119,300
OF4,64,GRFsmooth,09-06,1810738411,272,226,46,5873,36
OF4,64,GRFsmooth,09-07,3109613521,386,334,52,7331,72
OF4,64,GRFsmooth,09-08,1748171246,487,419,68,6932,188
OF4,64,GRFsmooth,09-10,3028570471,428,384,44,7365,182
OF4,64,LogGRF,01-02,4307523537,572,516,56,6670,168
OF4,64,LogGRF,01-03,4534117948,305,260,45,5963,95
OF4,64,LogGRF,01-04,5727589096,440,384,56,6926,108
OF4,64,LogGRF,01-05,4848571816,244,188,56,5249,51
OF4,64,LogGRF,01-06,4854172837,323,282,41,5876,104
OF4,64,LogGRF,01-07,2831950621,549,485,64,7328,203
OF4,64,LogGRF,01-08,3023363939,563,492,71,7933,163
OF4,64,LogGRF,01-09,4448966107,569,506,63,8780,166
OF4,64,LogGRF,01-10,4218707725,481,418,63,7355,116
OF4,64,LogGRF,02-03,4845768064,514,429,85,6518,115
OF4,64,LogGRF,02-04,7087108499,532,462,70,6687,114
OF4,64,LogGRF,02-05,5828071710,498,434,64,8108,134
OF4,64,LogGRF,02-07,3625088371,514,444,70,7159,107
OF4,64,LogGRF,02-10,5533566558,494,444,50,6176,141
OF4,64,LogGRF,03-07,2437527580,408,356,52,9238,109
OF4,64,LogGRF,03-10,2329384361,493,416,77,7643,138
OF4,64,LogGRF,04-03,4357249903,550,497,53,6324,123
OF4,64,LogGRF,04-07,4853745863,497,414,83,7159,115
OF4,64,LogGRF,04-10,5143269892,604,544,60,7138,310
OF4,64,LogGRF,05-03,2872198987,659,594,65,8740,192
OF4,64,LogGRF,05-04,2946262115,577,496,81,7678,147
OF4,64,LogGRF,05-07,3435706499,675,603,72,8459,307
OF4,64,LogGRF,05-10,3277758926,463,399,64,7945,131
OF4,64,LogGRF,06-02,5295897191,355,298,57,7238,97
OF4,64,LogGRF,06-03,1757933971,566,492,74,6677,92
OF4,64,LogGRF,06-04,3262687970,691,630,61,6924,219
OF4,64,LogGRF,06-05,2096040176,538,476,62,8989,211
OF4,64,LogGRF,06-07,2792735334,296,244,52,6824,65
OF4,64,LogGRF,06-08,2564906123,711,647,64,10377,361
OF4,64,LogGRF,06-10,2470359663,518,442,76,8104,192
OF4,64,LogGRF,07-10,3241868467,533,456,77,7582,223
OF4,64,LogGRF,08-02,5922545778,324,259,65,4665,49
OF4,64,LogGRF,08-03,3270023031,571,508,63,9105,160
OF4,64,LogGRF,08-04,3702611666,418,360,58,8085,140
OF4,64,LogGRF,08-05,2897197693,464,411,53,7854,241
OF4,64,LogGRF,08-07,3226089064,587,531,56,6966,180
OF4,64,LogGRF,08-10,3511864596,446,391,55,7474,126
OF4,64,LogGRF,09-02,3541242887,337,284,53,7700,93
OF4,64,LogGRF,09-03,3057742990,713,661,52,7656,396
OF4,64,LogGRF,09-04,5283345027,535,480,55,4661,126
OF4,64,LogGRF,09-05,4278280328,508,453,55,6176,79
OF4,64,LogGRF,09-06,3099864747,575,491,84,8125,203
OF4,64,LogGRF,09-07,2898148260,598,511,87,9787,213
OF4,64,LogGRF,09-08,4617403852,441,387,54,6338,176
OF4,64,LogGRF,09-10,4573992864,591,475,116,6191,273
OF4,64,LogitGRF,01-02,1518347984,716,662,54,10053,378
OF4,64,LogitGRF,01-03,2657765139,1001,933,68,8230,385
OF4,64,LogitGRF,01-04,3140252343,407,345,62,5783,77
OF4,64,LogitGRF,01-05,1468536619,1012,956,56,9990,521
OF4,64,LogitGRF,01-06,1596973601,464,402,62,9750,153
OF4,64,LogitGRF,01-07,3699254066,627,534,93,7119,184
OF4,64,LogitGRF,01-08,1980420468,765,687,78,9821,322
OF4,64,LogitGRF,01-09,2021390572,762,671,91,8208,195
OF4,64,LogitGRF,01-10,2593031836,681,596,85,6506,104
OF4,64,LogitGRF,02-03,2717164281,499,430,69,7580,70
OF4,64,LogitGRF,02-04,2844251840,551,440,111,5760,139
OF4,64,LogitGRF,02-05,1925002278,570,509,61,9903,216
OF4,64,LogitGRF,02-07,3453739046,709,625,84,6651,228
OF4,64,LogitGRF,02-10,2563169931,663,601,62,7177,202
OF4,64,LogitGRF,03-07,1782699114,1008,944,64,10340,312
OF4,64,LogitGRF,03-10,1132528112,550,463,87,9151,150
OF4,64,LogitGRF,04-03,1986148775,990,917,73,10699,471
OF4,64,LogitGRF,04-07,1955616468,482,408,74,7803,107
OF4,64,LogitGRF,04-10,1270187612,648,578,70,8868,240
OF4,64,LogitGRF,05-03,2465195903,622,540,82,8373,221
OF4,64,LogitGRF,05-04,2437789811,1462,1343,119,7798,165
OF4,64,LogitGRF,05-07,3001850528,571,490,81,9167,92
OF4,64,LogitGRF,05-10,2075524230,806,745,61,8974,323
OF4,64,LogitGRF,06-02,1733047197,604,553,51,10532,261
OF4,64,LogitGRF,06-03,2706484876,506,409,97,8722,88
OF4,64,LogitGRF,06-04,3010793702,722,659,63,7270,377
OF4,64,LogitGRF,06-05,1687021517,479,419,60,8829,139
OF4,64,LogitGRF,06-07,3473686899,886,789,97,8119,201
OF4,64,LogitGRF,06-08,1965280525,570,518,52,9269,249
OF4,64,LogitGRF,06-10,2404635024,759,690,69,8946,357
OF4,64,LogitGRF,07-10,1621237701,504,443,61,8322,145
OF4,64,LogitGRF,08-02,2177928226,539,479,60,8620,149
OF4,64,LogitGRF,08-03,3113805704,409,357,52,8010,103
OF4,64,LogitGRF,08-04,2114415784,565,505,60,7821,163
OF4,64,LogitGRF,08-05,1663214512,526,468,58,9106,155
OF4,64,LogitGRF,08-07,3406596892,696,638,58,7626,138
OF4,64,LogitGRF,08-10,2353891876,769,707,62,10237,329
OF4,64,LogitGRF,09-02,2159049040,528,455,73,8083,188
OF4,64,LogitGRF,09-03,1521175906,433,380,53,8832,140
OF4,64,LogitGRF,09-04,1597297023,535,460,75,9238,136
OF4,64,LogitGRF,09-05,1676188725,594,533,61,10297,255
OF4,64,LogitGRF,09-06,2206257489,553,484,69,9494,157
OF4,64,LogitGRF,09-07,2096903370,1272,1219,53,10100,560
OF4,64,LogitGRF,09-08,2100432880,456,409,47,8657,170
OF4,64,LogitGRF,09-10,1171909811,824,771,53,9347,336
OF4,64,MicroscopyImages,01-02,1733645127,172,117,55,3234,164
OF4,64,MicroscopyImages,01-03,2757171967,89,53,36,1688,81
OF4,64,MicroscopyImages,01-04,2757431011,146,108,38,2965,118
OF4,64,MicroscopyImages,01-05,5703247133,61,29,32,808,33
OF4,64,MicroscopyImages,01-06,4948822092,152,106,46,2094,95
OF4,64,MicroscopyImages,01-07,2595871882,151,113,38,2959,175
OF4,64,MicroscopyImages,01-08,2988776246,218,167,51,4435,207
OF4,64,MicroscopyImages,01-09,7506608616,117,78,39,799,89
OF4,64,MicroscopyImages,01-10,6049385483,169,110,59,2372,77
OF4,64,MicroscopyImages,02-03,1917785595,229,159,70,3667,159
OF4,64,MicroscopyImages,02-04,2486516961,272,220,52,5062,173
OF4,64,MicroscopyImages,02-05,4477437193,141,102,39,2557,109
OF4,64,MicroscopyImages,02-07,2087193819,326,272,54,5048,226
OF4,64,MicroscopyImages,02-10,4821780719,291,229,62,4856,126
OF4,64,MicroscopyImages,03-07,1868829172,191,123,68,3496,224
OF4,64,MicroscopyImages,03-10,3668944174,210,158,52,4207,188
OF4,64,MicroscopyImages,04-03,1911679888,129,88,41,3122,121
OF4,64,MicroscopyImages,04-07,2853647749,166,117,49,3697,105
OF4,64,MicroscopyImages,04-10,3542022176,426,374,52,3962,156
OF4,64,MicroscopyImages,05-03,3191637276,139,103,36,2136,212
OF4,64,MicroscopyImages,05-04,3228858910,125,84,41,2121,66
OF4,64,MicroscopyImages,05-07,4107903056,118,69,49,2034,60
OF4,64,MicroscopyImages,05-10,2203521999,193,143,50,4583,165
OF4,64,MicroscopyImages,06-02,4394463422,213,156,57,4010,140
OF4,64,MicroscopyImages,06-03,3799080165,198,132,66,2568,156
OF4,64,MicroscopyImages,06-04,2808335812,244,194,50,3476,135
OF4,64,MicroscopyImages,06-05,2221785135,156,97,59,2974,141
OF4,64,MicroscopyImages,06-07,4364623140,239,182,57,4692,164
OF4,64,MicroscopyImages,06-08,4866224296,228,178,50,4385,140
OF4,64,MicroscopyImages,06-10,2102746436,646,598,48,6168,741
OF4,64,MicroscopyImages,07-10,4465894893,403,345,58,4665,222
OF4,64,MicroscopyImages,08-02,2303466271,236,175,61,5137,111
OF4,64,MicroscopyImages,08-03,1956650836,149,107,42,4409,166
OF4,64,MicroscopyImages,08-04,3509714278,155,118,37,4001,85
OF4,64,MicroscopyImages,08-05,3753269225,186,129,57,4097,126
OF4,64,MicroscopyImages,08-07,1260501673,270,213,57,4955,128
OF4,64,MicroscopyImages,08-10,4394372431,332,246,86,5732,102
OF4,64,MicroscopyImages,09-02,6250857641,207,138,69,2349,112
OF4,64,MicroscopyImages,09-03,5003688310,110,75,35,1711,107
OF4,64,MicroscopyImages,09-04,4958714226,266,227,39,1938,120
OF4,64,MicroscopyImages,09-05,3199153190,129,89,40,2322,146
OF4,64,MicroscopyImages,09-06,3445981708,203,137,66,3041,126
OF4,64,MicroscopyImages,09-07,5763254134,130,71,59,1633,46
OF4,64,MicroscopyImages,09-08,5011677149,251,189,62,3900,123
OF4,64,MicroscopyImages,09-10,1672023866,317,267,50,4701,273
OF4,64,Shapes,01-02,3278080000,206,176,30,4731,69
OF4,64,Shapes,01-03,654400000,241,209,32,11885,94
OF4,64,Shapes,01-04,2054445587,393,349,44,7996,145
OF4,64,Shapes,01-05,1875530339,244,212,32,7434,93
OF4,64,Shapes,01-06,4371200000,168,139,29,9116,54
OF4,64,Shapes,01-07,3270559902,186,153,33,5369,61
OF4,64,Shapes,01-08,2278157737,195,164,31,6591,89
OF4,64,Shapes,01-09,1493600000,395,353,42,13455,171
OF4,64,Shapes,01-10,966932009,345,284,61,8057,100
OF4,64,Shapes,02-03,3292160000,143,121,22,3062,88
OF4,64,Shapes,02-04,1224658413,121,99,22,3486,49
OF4,64,Shapes,02-05,4195408844,148,117,31,2584,104
OF4,64,Shapes,02-07,3254290741,148,109,39,3738,75
OF4,64,Shapes,02-10,3656388946,184,156,28,3754,111
OF4,64,Shapes,03-07,3309460750,125,101,24,3380,104
OF4,64,Shapes,03-10,1164576747,118,90,28,3902,67
OF4,64,Shapes,04-03,2179676369,155,125,30,4119,77
OF4,64,Shapes,04-07,3156823219,119,95,24,3349,62
OF4,64,Shapes,04-10,2436135155,145,114,31,4691,77
OF4,64,Shapes,05-03,1947073068,149,120,29,3546,116
OF4,64,Shapes,05-04,2971774431,126,99,27,2653,63
OF4,64,Shapes,05-07,3535802246,216,166,50,3673,127
OF4,64,Shapes,05-10,1911451410,199,166,33,4289,121
OF4,64,Shapes,06-02,4549120000,85,64,21,2503,66
OF4,64,Shapes,06-03,4388000000,66,46,20,3356,28
OF4,64,Shapes,06-04,4389957854,130,94,36,2407,59
OF4,64,Shapes,06-05,4404159756,135,107,28,3595,108
OF4,64,Shapes,06-07,7540997157,89,62,27,2091,54
OF4,64,Shapes,06-08,4491116348,86,63,23,2734,81
OF4,64,Shapes,06-10,4386621352,117,89,28,3258,59
OF4,64,Shapes,07-10,3458630719,150,121,29,3387,111
OF4,64,Shapes,08-02,1618063033,100,75,25,2410,87
OF4,64,Shapes,08-03,2353218309,166,128,38,4262,153
OF4,64,Shapes,08-04,1002862764,137,111,26,4450,109
OF4,64,Shapes,08-05,2715276818,196,173,23,3526,281
OF4,64,Shapes,08-07,3210469162,103,80,23,3289,80
OF4,64,Shapes,08-10,2742487890,236,203,33,5298,228
OF4,64,Shapes,09-02,3401248000,420,370,50,5747,507
OF4,64,Shapes,09-03,1666400000,200,176,24,8590,123
OF4,64,Shapes,09-04,2785617477,257,219,38,4558,204
OF4,64,Shapes,09-05,2454622735,201,161,40,4510,152
OF4,64,Shapes,09-06,4410200000,136,109,27,8657,86
OF4,64,Shapes,09-07,3560132975,198,171,27,4384,183
OF4,64,Shapes,09-08,2871274611,243,211,32,5491,260
OF4,64,Shapes,09-10,1910043222,259,212,47,5037,146
OF4,64,WhiteNoise,01-02,215578689,675,614,61,10163,277
OF4,64,WhiteNoise,01-03,217610828,444,394,50,9839,190
OF4,64,WhiteNoise,01-04,239225422,568,513,55,10715,255
OF4,64,WhiteNoise,01-05,242516595,461,414,47,10315,233
OF4,64,WhiteNoise,01-06,226655938,533,476,57,10445,250
OF4,64,WhiteNoise,01-07,308896950,624,557,67,11053,242
OF4,64,WhiteNoise,01-08,273783728,703,653,50,10875,416
OF4,64,WhiteNoise,01-09,257288816,509,453,56,10055,212
OF4,64,WhiteNoise,01-10,265928936,750,674,76,11217,344
OF4,64,WhiteNoise,02-03,252595459,612,525,87,10506,201
OF4,64,WhiteNoise,02-04,265804029,813,756,57,11062,311
OF4,64,WhiteNoise,02-05,240488406,463,415,48,10288,198
OF4,64,WhiteNoise,02-07,295007283,502,430,72,10485,196
OF4,64,WhiteNoise,02-10,271345977,572,526,46,10543,330
OF4,64,WhiteNoise,03-07,330917801,622,547,75,10867,193
OF4,64,WhiteNoise,03-10,289266463,632,558,74,11063,253
OF4,64,WhiteNoise,04-03,226665859,582,510,72,10051,228
OF4,64,WhiteNoise,04-07,298813368,744,683,61,11142,238
OF4,64,WhiteNoise,04-10,255482346,594,541,53,10379,258
OF4,64,WhiteNoise,05-03,236921903,426,381,45,10778,215
OF4,64,WhiteNoise,05-04,240121533,559,504,55,11051,275
OF4,64,WhiteNoise,05-07,249535614,682,601,81,10753,258
OF4,64,WhiteNoise,05-10,222238326,514,467,47,10305,258
OF4,64,WhiteNoise,06-02,215603487,936,875,61,10488,318
OF4,64,WhiteNoise,06-03,252469265,706,639,67,10700,278
OF4,64,WhiteNoise,06-04,239384260,881,803,78,10899,298
OF4,64,WhiteNoise,06-05,226523492,521,463,58,10382,227
OF4,64,WhiteNoise,06-07,237824801,565,506,59,10807,267
OF4,64,WhiteNoise,06-08,227112065,415,360,55,9926,202
OF4,64,WhiteNoise,06-10,243666637,447,399,48,10123,227
OF4,64,WhiteNoise,07-10,230105990,615,563,52,10529,236
OF4,64,WhiteNoise,08-02,289286758,696,639,57,10671,255
OF4,64,WhiteNoise,08-03,273467343,464,399,65,10235,169
OF4,64,WhiteNoise,08-04,229510337,636,567,69,10364,253
OF4,64,WhiteNoise,08-05,258269825,577,520,57,10949,237
OF4,64,WhiteNoise,08-07,244219840,657,563,94,10714,216
OF4,64,WhiteNoise,08-10,235587716,472,421,51,10463,257
OF4,64,WhiteNoise,09-02,284737068,607,551,56,10421,250
OF4,64,WhiteNoise,09-03,259303153,831,776,55,11167,332
OF4,64,WhiteNoise,09-04,217722066,492,445,47,9957,261
OF4,64,WhiteNoise,09-05,260941497,658,587,71,11032,348
OF4,64,WhiteNoise,09-06,237143069,674,592,82,10381,325
OF4,64,WhiteNoise,09-07,276410438,709,650,59,11199,250
OF4,64,WhiteNoise,09-08,223299765,500,452,48,10325,245
OF4,64,WhiteNoise,09-10,257955295,841,768,73,10600,300
OF4,128,CauchyDensity,01-06,62811621103,5551,4899,652,24133,661
OF4,128,CauchyDensity,01-10,61266645531,6021,5401,620,18053,672
OF4,128,CauchyDensity,02-01,28660975511,4321,3478,843,20279,134
OF4,128,CauchyDensity,02-04,44316490693,2002,1496,506,13338,88
OF4,128,CauchyDensity,02-06,57355990014,1931,1529,402,15564,133
OF4,128,CauchyDensity,02-10,55349635994,4906,4558,348,15380,763
OF4,128,CauchyDensity,03-01,64055352434,4623,4166,457,19661,473
OF4,128,CauchyDensity,03-02,53959348305,878,592,286,10250,34
OF4,128,CauchyDensity,03-04,18163042634,4238,3646,592,23309,252
OF4,128,CauchyDensity,03-06,15033593967,9764,9200,564,40094,1703
OF4,128,CauchyDensity,03-07,15132082060,12219,11106,1113,45880,1577
OF4,128,CauchyDensity,03-08,24352557318,13465,12376,1089,38396,1519
OF4,128,CauchyDensity,03-09,22888454670,4208,3598,610,27008,204
OF4,128,CauchyDensity,03-10,37978782456,5749,5103,646,17974,155
OF4,128,CauchyDensity,04-01,50351630064,3553,2921,632,21572,253
OF4,128,CauchyDensity,04-06,18036550197,6154,5417,737,39410,804
OF4,128,CauchyDensity,04-10,37063830698,4351,3644,707,19001,45
OF4,128,CauchyDensity,05-01,44967711710,9079,8469,610,24064,361
OF4,128,CauchyDensity,05-02,37667718690,5002,4261,741,24114,586
OF4,128,CauchyDensity,05-03,28123481248,9079,8367,712,33566,873
OF4,128,CauchyDensity,05-04,20087344173,3720,3178,542,29908,293
OF4,128,CauchyDensity,05-06,26171559769,2560,2072,488,23405,52
OF4,128,CauchyDensity,05-07,16309766883,3343,2916,427,29712,132
OF4,128,CauchyDensity,05-08,9702329292,5043,4417,626,39098,165
OF4,128,CauchyDensity,05-09,21322948015,2533,2130,403,22843,101
OF4,128,CauchyDensity,05-10,36473670483,3482,3022,460,20861,52
OF4,128,CauchyDensity,07-01,52771800118,9184,8346,838,28527,846
OF4,128,CauchyDensity,07-02,47216765596,2724,2341,383,17775,319
OF4,128,CauchyDensity,07-04,12493486703,7490,6788,702,35509,939
OF4,128,CauchyDensity,07-06,11294687699,2836,2493,343,27453,81
OF4,128,CauchyDensity,07-10,35131081672,4003,3629,374,14111,35
OF4,128,CauchyDensity,08-01,45002347121,7888,7190,698,28801,707
OF4,128,CauchyDensity,08-02,41450015983,5433,4877,556,22568,778
OF4,128,CauchyDensity,08-04,15959881331,9590,8657,933,35376,1468
OF4,128,CauchyDensity,08-06,20988526569,2562,2117,445,25835,78
OF4,128,CauchyDensity,08-07,9871700525,3122,2584,538,27096,218
OF4,128,CauchyDensity,08-10,28500158402,3427,3001,426,21332,44
OF4,128,CauchyDensity,09-01,55300584129,3566,2662,904,25028,160
OF4,128,CauchyDensity,09-02,53461498111,3024,2585,439,21401,313
OF4,128,CauchyDensity,09-04,16427477087,5428,4648,780,32859,498
OF4,128,CauchyDensity,09-06,12234868046,2568,2159,409,25729,70
OF4,128,CauchyDensity,09-07,12183241863,3717,3120,597,22489,104
OF4,128,CauchyDensity,09-08,17149399893,2911,2473,438,29229,77
OF4,128,CauchyDensity,09-10,45091382242,2937,2568,369,11790,36
OF4,128,CauchyDensity,10-06,42650796868,2752,2378,374,9135,37
OF4,128,ClassicImages,01-06,16404759797,4245,3743,502,28082,228
OF4,128,ClassicImages,01-10,17046832322,6329,5312,1017,26873,443
OF4,128,ClassicImages,02-01,11223055906,11118,10011,1107,32427,338
OF4,128,ClassicImages,02-04,5065179556,9721,8897,824,36920,732
OF4,128,ClassicImages,02-06,6197216699,3410,2959,451,30072,101
OF4,128,ClassicImages,02-10,10129292033,10734,10141,593,31137,430
OF4,128,ClassicImages,03-01,11975448898,9505,8361,1144,36400,370
OF4,128,ClassicImages,03-02,9353301615,5793,4738,1055,31331,336
OF4,128,ClassicImages,03-04,7639899523,9074,7966,1108,33841,545
OF4,128,ClassicImages,03-06,10036954573,6971,6096,875,33285,360
OF4,128,ClassicImages,03-07,11734381733,7950,7325,625,30020,567
OF4,128,ClassicImages,03-08,9362466970,10262,9386,876,32412,446
OF4,128,ClassicImages,03-09,18703628011,6498,6014,484,21394,197
OF4,128,ClassicImages,03-10,14759265730,6747,5852,895,29390,270
OF4,128,ClassicImages,04-01,9435550865,9725,8970,755,33430,320
OF4,128,ClassicImages,04-06,9696247620,7722,7189,533,29677,379
OF4,128,ClassicImages,04-10,13382388789,6584,5706,878,28661,285
OF4,128,ClassicImages,05-01,11027574486,4336,3841,495,30301,159
OF4,128,ClassicImages,05-02,5228018954,7085,6608,477,32771,301
OF4,128,ClassicImages,05-03,9237849109,5285,4818,467,28868,352
OF4,128,ClassicImages,05-04,6465306604,12550,11942,608,33995,688
OF4,128,ClassicImages,05-06,8286569645,4205,3511,694,29693,179
OF4,128,ClassicImages,05-07,6076145775,8159,7488,671,35179,815
OF4,128,ClassicImages,05-08,7945862741,9629,8587,1042,34322,398
OF4,128,ClassicImages,05-09,15019611649,3277,2857,420,20143,58
OF4,128,ClassicImages,05-10,12861686671,8571,7948,623,30024,172
OF4,128,ClassicImages,07-01,13610092040,8221,7174,1047,29810,590
OF4,128,ClassicImages,07-02,5835927482,10943,10003,940,36226,881
OF4,128,ClassicImages,07-04,8647734375,8712,7627,1085,37806,440
OF4,128,ClassicImages,07-06,7849507135,4467,3662,805,32476,365
OF4,128,ClassicImages,07-10,11041875769,6628,6072,556,32069,165
OF4,128,ClassicImages,08-01,11048994496,4455,3898,557,29299,203
OF4,128,ClassicImages,08-02,6691314366,8066,7388,678,34474,465
OF4,128,ClassicImages,08-04,6375169135,9341,7994,1347,37535,338
OF4,128,ClassicImages,08-06,8560254120,4238,3700,538,30462,159
OF4,128,ClassicImages,08-07,8705327449,6241,5621,620,30599,220
OF4,128,ClassicImages,08-10,10831355972,9720,9016,704,35870,537
OF4,128,ClassicImages,09-01,20736892942,5294,4632,662,22377,278
OF4,128,ClassicImages,09-02,15443269338,3844,3325,519,20343,60
OF4,128,ClassicImages,09-04,17849878451,10424,9454,970,19521,97
OF4,128,ClassicImages,09-06,12844273013,7895,7148,747,34414,163
OF4,128,ClassicImages,09-07,13795083753,6738,6065,673,25370,136
OF4,128,ClassicImages,09-08,20500218062,5693,5205,488,18743,77
OF4,128,ClassicImages,09-10,20919424492,4650,4062,588,25870,95
OF4,128,ClassicImages,10-06,9838172435,5084,4316,768,33033,214
OF4,128,GRFmoderate,01-06,15707941355,4467,3825,642,28071,323
OF4,128,GRFmoderate,01-10,12106531931,2289,1882,407,27998,83
OF4,128,GRFmoderate,02-01,15090234508,4513,3990,523,31900,169
OF4,128,GRFmoderate,02-04,11459464068,4139,3625,514,28372,256
OF4,128,GRFmoderate,02-06,17281989049,6013,5253,760,24568,80
OF4,128,GRFmoderate,02-10,6444883084,6256,5280,976,33517,456
OF4,128,GRFmoderate,03-01,15754507199,2749,2459,290,26336,295
OF4,128,GRFmoderate,03-02,10864740438,3293,2828,465,26953,92
OF4,128,GRFmoderate,03-04,8216094935,6110,5296,814,35563,405
OF4,128,GRFmoderate,03-06,10768732919,4682,3895,787,28959,180
OF4,128,GRFmoderate,03-07,11755401430,3960,3537,423,30886,513
OF4,128,GRFmoderate,03-08,9994848911,6797,6390,407,32937,772
OF4,128,GRFmoderate,03-09,10177667877,4180,3677,503,35140,298
OF4,128,GRFmoderate,03-10,9998254792,3000,2331,669,28574,98
OF4,128,GRFmoderate,04-01,11732691356,3303,2823,480,28154,129
OF4,128,GRFmoderate,04-06,11384239363,4277,3751,526,23620,110
OF4,128,GRFmoderate,04-10,8300031251,5428,4645,783,29662,342
OF4,128,GRFmoderate,05-01,16257322335,2302,1918,384,23881,92
OF4,128,GRFmoderate,05-02,8870402950,5773,5237,536,26288,154
OF4,128,GRFmoderate,05-03,9309768288,6449,5958,491,32211,492
OF4,128,GRFmoderate,05-04,11190428667,3758,3209,549,26714,156
OF4,128,GRFmoderate,05-06,14397655626,4534,3757,777,27656,151
OF4,128,GRFmoderate,05-07,13065265364,3139,2797,342,27244,167
OF4,128,GRFmoderate,05-08,10494477304,4139,3510,629,34197,280
OF4,128,GRFmoderate,05-09,12029495255,8384,7843,541,34412,684
OF4,128,GRFmoderate,05-10,9179999813,5610,5028,582,31778,240
OF4,128,GRFmoderate,07-01,4517907258,5158,4321,837,34980,246
OF4,128,GRFmoderate,07-02,12143242131,4666,4175,491,32115,154
OF4,128,GRFmoderate,07-04,8584912215,4822,4313,509,30154,376
OF4,128,GRFmoderate,07-06,14053678089,4501,3907,594,25224,223
OF4,128,GRFmoderate,07-10,8664257346,3646,2855,791,30625,137
OF4,128,GRFmoderate,08-01,9720259473,11457,10510,947,33382,788
OF4,128,GRFmoderate,08-02,13348457858,5288,4585,703,32005,311
OF4,128,GRFmoderate,08-04,9350414450,10306,9473,833,28723,686
OF4,128,GRFmoderate,08-06,9155942428,10939,9931,1008,30161,424
OF4,128,GRFmoderate,08-07,8462916973,3815,3304,511,26669,93
OF4,128,GRFmoderate,08-10,11389279030,6807,6217,590,29775,704
OF4,128,GRFmoderate,09-01,11772804955,7312,6460,852,28974,217
OF4,128,GRFmoderate,09-02,15608008594,5877,5138,739,27777,147
OF4,128,GRFmoderate,09-04,11427188943,5487,5026,461,26561,263
OF4,128,GRFmoderate,09-06,7787570697,9101,8080,1021,37073,509
OF4,128,GRFmoderate,09-07,11387155970,3333,2834,499,24899,76
OF4,128,GRFmoderate,09-08,5776808464,13587,12952,635,35743,841
OF4,128,GRFmoderate,09-10,14277384430,7072,6340,732,27845,219
OF4,128,GRFmoderate,10-06,15156007840,3573,3003,570,26246,89
OF4,128,GRFrough,01-06,4006400526,4365,3859,506,34783,215
OF4,128,GRFrough,01-10,5851144524,8007,7479,528,37175,483
OF4,128,GRFrough,02-01,2733295233,8834,8126,708,36974,573
OF4,128,GRFrough,02-04,4695765446,6335,5450,885,37720,416
OF4,128,GRFrough,02-06,3947954366,4510,3942,568,33282,298
OF4,128,GRFrough,02-10,5914392642,9880,9254,626,35706,431
OF4,128,GRFrough,03-01,4239595982,5727,5233,494,34953,224
OF4,128,GRFrough,03-02,4212777891,2852,2436,416,33367,183
OF4,128,GRFrough,03-04,2292351642,7204,6563,641,37953,728
OF4,128,GRFrough,03-06,2623585589,5847,5296,551,35685,302
OF4,128,GRFrough,03-07,2111139159,5601,5111,490,36727,274
OF4,128,GRFrough,03-08,4320480651,5311,4696,615,32989,527
OF4,128,GRFrough,03-09,3169445415,6129,5502,627,34434,380
OF4,128,GRFrough,03-10,3708293359,5598,5133,465,34058,570
OF4,128,GRFrough,04-01,4578397646,4812,4163,649,36397,244
OF4,128,GRFrough,04-06,3457911092,9964,9411,553,38300,1316
OF4,128,GRFrough,04-10,3745323714,6238,5512,726,34458,300
OF4,128,GRFrough,05-01,4252509529,4796,4317,479,36613,485
OF4,128,GRFrough,05-02,4289566121,6174,5647,527,38257,263
OF4,128,GRFrough,05-03,2058457182,5489,5015,474,37268,369
OF4,128,GRFrough,05-04,2605285327,5070,4414,656,36252,255
OF4,128,GRFrough,05-06,3084023297,8511,7818,693,36852,532
OF4,128,GRFrough,05-07,2385587845,5261,4797,464,37349,435
OF4,128,GRFrough,05-08,4743267150,16560,15932,628,31435,339
OF4,128,GRFrough,05-09,3603202103,5789,5275,514,35515,294
OF4,128,GRFrough,05-10,4065635529,4492,3984,508,33759,182
OF4,128,GRFrough,07-01,4810711086,3828,3393,435,32613,156
OF4,128,GRFrough,07-02,5052394307,4073,3519,554,32779,369
OF4,128,GRFrough,07-04,2883326447,9237,8666,571,36121,773
OF4,128,GRFrough,07-06,2781273468,5874,5430,444,34532,652
OF4,128,GRFrough,07-10,4279469942,11533,10702,831,36825,541
OF4,128,GRFrough,08-01,4055757825,8019,7053,966,34827,333
OF4,128,GRFrough,08-02,3671009549,7233,6521,712,37541,350
OF4,128,GRFrough,08-04,5407548490,6814,5919,895,29759,341
OF4,128,GRFrough,08-06,3709484648,15951,15030,921,38105,1273
OF4,128,GRFrough,08-07,3829515829,8610,8159,451,34455,563
OF4,128,GRFrough,08-10,6172844491,10179,9447,732,34147,682
OF4,128,GRFrough,09-01,3178191280,10080,9381,699,38620,570
OF4,128,GRFrough,09-02,3215516004,8103,7314,789,34996,270
OF4,128,GRFrough,09-04,4206128713,5978,5566,412,33289,420
OF4,128,GRFrough,09-06,2733135578,6101,5582,519,36022,386
OF4,128,GRFrough,09-07,3638346128,4127,3725,402,34878,316
OF4,128,GRFrough,09-08,3566725407,5687,5006,681,35808,263
OF4,128,GRFrough,09-10,3859846788,8063,7389,674,36170,408
OF4,128,GRFrough,10-06,3877896938,8585,7619,966,35361,289
OF4,128,GRFsmooth,01-06,51774422924,3136,2723,413,11859,44
OF4,128,GRFsmooth,01-10,30247428389,4267,3428,839,22023,58
OF4,128,GRFsmooth,02-01,31967957533,4247,3607,640,26229,180
OF4,128,GRFsmooth,02-04,16869670813,7658,6484,1174,41249,602
OF4,128,GRFsmooth,02-06,29614150623,8952,8384,568,22137,232
OF4,128,GRFsmooth,02-10,9413518522,7873,7073,800,36117,490
OF4,128,GRFsmooth,03-01,35607228352,3307,2860,447,19853,68
OF4,128,GRFsmooth,03-02,23936783060,2508,1913,595,24679,160
OF4,128,GRFsmooth,03-04,36055559264,1845,1338,507,14555,80
OF4,128,GRFsmooth,03-06,20677827340,2943,2522,421,22163,146
OF4,128,GRFsmooth,03-07,26103491136,1653,1386,267,19924,57
OF4,128,GRFsmooth,03-08,18334004309,5797,5095,702,33374,421
OF4,128,GRFsmooth,03-09,21222225538,3762,3180,582,29488,206
OF4,128,GRFsmooth,03-10,25992770880,2795,2222,573,22628,64
OF4,128,GRFsmooth,04-01,34617033564,5154,3983,1171,29097,94
OF4,128,GRFsmooth,04-06,24155230587,5619,4844,775,33592,161
OF4,128,GRFsmooth,04-10,18073050738,7610,6860,750,30874,511
OF4,128,GRFsmooth,05-01,28470885396,2948,2579,369,15832,35
OF4,128,GRFsmooth,05-02,17847492366,6891,6337,554,35773,658
OF4,128,GRFsmooth,05-03,12529109083,3081,2761,320,28749,293
OF4,128,GRFsmooth,05-04,27454981313,1983,1569,414,20909,127
OF4,128,GRFsmooth,05-06,24605588530,4410,3741,669,19942,215
OF4,128,GRFsmooth,05-07,17926242280,3220,2860,360,29018,252
OF4,128,GRFsmooth,05-08,13084271895,3561,3075,486,30494,103
OF4,128,GRFsmooth,05-09,20724453393,5616,4908,708,31133,313
OF4,128,GRFsmooth,05-10,17684158210,4137,3396,741,30132,312
OF4,128,GRFsmooth,07-01,33796588844,4386,3657,729,21780,76
OF4,128,GRFsmooth,07-02,13790254742,6353,5682,671,28398,306
OF4,128,GRFsmooth,07-04,13756639931,5511,4940,571,30270,356
OF4,128,GRFsmooth,07-06,21574578174,4506,3789,717,23261,205
OF4,128,GRFsmooth,07-10,16008893881,8318,6947,1371,27966,378
OF4,128,GRFsmooth,08-01,22499035346,3945,3135,810,24083,140
OF4,128,GRFsmooth,08-02,17246414727,7640,6594,1046,28961,228
OF4,128,GRFsmooth,08-04,21799123830,2731,2281,450,27521,138
OF4,128,GRFsmooth,08-06,33524250617,3450,3081,369,14689,38
OF4,128,GRFsmooth,08-07,18864142377,2799,2318,481,22764,91
OF4,128,GRFsmooth,08-10,15495280746,14525,13808,717,32415,1503
OF4,128,GRFsmooth,09-01,33118107166,3623,3099,524,24075,304
OF4,128,GRFsmooth,09-02,19620724566,4212,3675,537,28128,302
OF4,128,GRFsmooth,09-04,28575325600,2729,2236,493,21182,133
OF4,128,GRFsmooth,09-06,35609267550,5048,4442,606,21068,516
OF4,128,GRFsmooth,09-07,24921524589,4716,4265,451,26825,553
OF4,128,GRFsmooth,09-08,16365547995,5235,4672,563,30162,588
OF4,128,GRFsmooth,09-10,16499009197,5140,4426,714,24785,340
OF4,128,GRFsmooth,10-06,32115787299,3791,2998,793,20143,125
OF4,128,LogGRF,01-06,22725796762,9014,8162,852,27583,542
OF4,128,LogGRF,01-10,51024523073,5480,4956,524,20201,322
OF4,128,LogGRF,02-01,49579110861,4246,3654,592,20513,129
OF4,128,LogGRF,02-04,77355470841,1209,942,267,11601,119
OF4,128,LogGRF,02-06,61790258512,3353,2872,481,15871,119
OF4,128,LogGRF,02-10,89744026283,3235,2755,480,8798,51
OF4,128,LogGRF,03-01,30040288139,3878,3426,452,25141,270
OF4,128,LogGRF,03-02,72061178203,6722,6244,478,17201,134
OF4,128,LogGRF,03-04,47080606536,5579,5010,569,20597,317
OF4,128,LogGRF,03-06,26100500671,2740,2189,551,26995,151
OF4,128,LogGRF,03-07,54437191599,4064,3590,474,15759,351
OF4,128,LogGRF,03-08,44616386558,4728,4235,493,20501,217
OF4,128,LogGRF,03-09,51294917839,6420,5769,651,27177,412
OF4,128,LogGRF,03-10,59701544356,1073,795,278,14064,52
OF4,128,LogGRF,04-01,56815577011,2366,1893,473,14913,89
OF4,128,LogGRF,04-06,51858014975,3763,3130,633,22351,185
OF4,128,LogGRF,04-10,83342260614,1783,1343,440,16397,59
OF4,128,LogGRF,05-01,35348800482,3915,3379,536,23783,421
OF4,128,LogGRF,05-02,64822178140,2348,1897,451,25941,88
OF4,128,LogGRF,05-03,21261574097,6419,5813,606,22179,216
OF4,128,LogGRF,05-04,42270197308,2577,2160,417,17697,140
OF4,128,LogGRF,05-06,37053087768,7620,6836,784,26357,888
OF4,128,LogGRF,05-07,43393000793,7139,6605,534,19571,286
OF4,128,LogGRF,05-08,34231078897,4508,3962,546,27666,317
OF4,128,LogGRF,05-09,56541832597,1498,1116,382,14597,81
OF4,128,LogGRF,05-10,69487613839,3062,2607,455,17662,297
OF4,128,LogGRF,07-01,36892637459,6300,5250,1050,24061,138
OF4,128,LogGRF,07-02,45113876892,2968,2447,521,19177,177
OF4,128,LogGRF,07-04,33503246803,3064,2370,694,24677,180
OF4,128,LogGRF,07-06,50340753406,2972,2541,431,13316,46
OF4,128,LogGRF,07-10,78302323462,2809,2365,444,13313,45
OF4,128,LogGRF,08-01,21713479386,3460,2947,513,24182,172
OF4,128,LogGRF,08-02,37044643235,5993,5203,790,32065,841
OF4,128,LogGRF,08-04,56324343834,2111,1561,550,13788,80
OF4,128,LogGRF,08-06,39076211212,3215,2806,409,18003,197
OF4,128,LogGRF,08-07,27326287463,4108,3448,660,20849,334
OF4,128,LogGRF,08-10,70383053877,3013,2383,630,13615,186
OF4,128,LogGRF,09-01,31436512871,4834,4205,629,26400,420
OF4,128,LogGRF,09-02,28466944772,5156,4564,592,24670,207
OF4,128,LogGRF,09-04,69350496022,1788,1352,436,12671,90
OF4,128,LogGRF,09-06,34977401101,6705,6124,581,27120,170
OF4,128,LogGRF,09-07,36681167192,2055,1664,391,20430,118
OF4,128,LogGRF,09-08,26827590438,5929,5356,573,25242,387
OF4,128,LogGRF,09-10,62771651606,3310,2842,468,13209,100
OF4,128,LogGRF,10-06,37142740972,3445,2870,575,28218,259
OF4,128,LogitGRF,01-06,14599264172,5658,4572,1086,29487,208
OF4,128,LogitGRF,01-10,23318381385,7320,6360,960,28360,519
OF4,128,LogitGRF,02-01,24675674023,5348,4699,649,27891,404
OF4,128,LogitGRF,02-04,16971878588,6431,5850,581,29854,739
OF4,128,LogitGRF,02-06,21327624095,7272,6158,1114,27628,442
OF4,128,LogitGRF,02-10,19119702992,14408,13455,953,30448,1427
OF4,128,LogitGRF,03-01,13576299652,8471,7960,511,35130,1269
OF4,128,LogitGRF,03-02,18245887621,3983,3473,510,30459,370
OF4,128,LogitGRF,03-04,14236083369,7135,6192,943,29717,443
OF4,128,LogitGRF,03-06,11725377381,12409,11557,852,39963,1924
OF4,128,LogitGRF,03-07,15094701044,6666,6134,532,29758,271
OF4,128,LogitGRF,03-08,23236973958,5775,5187,588,21079,187
OF4,128,LogitGRF,03-09,17989507000,5320,4571,749,32144,343
OF4,128,LogitGRF,03-10,14230037389,6232,5404,828,27475,330
OF4,128,LogitGRF,04-01,16882054881,7805,6934,871,33060,518
OF4,128,LogitGRF,04-06,15114132250,12078,11332,746,31937,1022
OF4,128,LogitGRF,04-10,17649381873,7650,6612,1038,33901,360
OF4,128,LogitGRF,05-01,11516044922,6606,5814,792,30846,509
OF4,128,LogitGRF,05-02,17178376287,8831,8061,770,38512,623
OF4,128,LogitGRF,05-03,12802960935,5365,4515,850,29349,196
OF4,128,LogitGRF,05-04,16110190425,11195,10695,500,25882,330
OF4,128,LogitGRF,05-06,14855507386,7057,6153,904,25407,226
OF4,128,LogitGRF,05-07,24323967739,8184,7413,771,26477,759
OF4,128,LogitGRF,05-08,31770646896,3726,3305,421,20250,158
OF4,128,LogitGRF,05-09,21428532601,4256,3651,605,29605,209
OF4,128,LogitGRF,05-10,22579392334,8067,7417,650,27482,934
OF4,128,LogitGRF,07-01,22601561613,6012,5476,536,24429,225
OF4,128,LogitGRF,07-02,23600865671,7909,7346,563,26470,468
OF4,128,LogitGRF,07-04,18502419344,6714,5549,1165,26736,349
OF4,128,LogitGRF,07-06,18983139811,15891,14841,1050,31172,1162
OF4,128,LogitGRF,07-10,11527692434,8862,7873,989,33199,698
OF4,128,LogitGRF,08-01,29453674526,13068,12338,730,25705,441
OF4,128,LogitGRF,08-02,19781197224,4081,3533,548,28103,143
OF4,128,LogitGRF,08-04,20198857376,5664,5157,507,24082,375
OF4,128,LogitGRF,08-06,24744168704,4629,3933,696,23178,175
OF4,128,LogitGRF,08-07,16950801643,6399,5545,854,29041,298
OF4,128,LogitGRF,08-10,16042537120,15515,14828,687,35587,2272
OF4,128,LogitGRF,09-01,18972482115,8143,7369,774,39038,678
OF4,128,LogitGRF,09-02,30502933738,3544,3079,465,22062,417
OF4,128,LogitGRF,09-04,18078261505,6081,5472,609,30967,600
OF4,128,LogitGRF,09-06,18482142063,6104,5256,848,32007,431
OF4,128,LogitGRF,09-07,20484884928,3893,3317,576,26510,224
OF4,128,LogitGRF,09-08,20216781510,5626,5073,553,31102,579
OF4,128,LogitGRF,09-10,18056697772,7152,6602,550,31270,995
OF4,128,LogitGRF,10-06,15531773787,7700,6910,790,27874,546
OF4,128,MicroscopyImages,01-06,29151387102,2794,1994,800,14526,304
OF4,128,MicroscopyImages,01-10,26632514547,4099,3476,623,15701,546
OF4,128,MicroscopyImages,02-01,8333137169,7738,7095,643,24184,1134
OF4,128,MicroscopyImages,02-04,17573556005,10235,8782,1453,25340,337
OF4,128,MicroscopyImages,02-06,29230345499,3639,2308,1331,19034,195
OF4,128,MicroscopyImages,02-10,20307025840,7218,6136,1082,23789,635
OF4,128,MicroscopyImages,03-01,20551894144,3292,2418,874,14511,648
OF4,128,MicroscopyImages,03-02,20697324141,5169,4523,646,22373,850
OF4,128,MicroscopyImages,03-04,5163618472,5092,4564,528,27208,687
OF4,128,MicroscopyImages,03-06,30869980841,3214,2568,646,18457,427
OF4,128,MicroscopyImages,03-07,39526388234,2830,2019,811,9729,301
OF4,128,MicroscopyImages,03-08,37507612182,5356,4454,902,14518,292
OF4,128,MicroscopyImages,03-09,38838847479,1336,957,379,8039,227
OF4,128,MicroscopyImages,03-10,31544229044,5151,4338,813,18868,316
OF4,128,MicroscopyImages,04-01,17072859903,4180,3386,794,19753,318
OF4,128,MicroscopyImages,04-06,27397375206,7603,6129,1474,25293,569
OF4,128,MicroscopyImages,04-10,30506670645,5372,4631,741,17898,172
OF4,128,MicroscopyImages,05-01,34388132893,2621,1987,634,13234,672
OF4,128,MicroscopyImages,05-02,34120952587,3608,2737,871,14965,255
OF4,128,MicroscopyImages,05-03,34745385873,4098,3521,577,13306,770
OF4,128,MicroscopyImages,05-04,31832438409,5291,4439,852,17730,331
OF4,128,MicroscopyImages,05-06,7647903479,4659,3465,1194,21310,345
OF4,128,MicroscopyImages,05-07,38725118174,1685,1285,400,8068,214
OF4,128,MicroscopyImages,05-08,36875817970,3095,2590,505,12912,298
OF4,128,MicroscopyImages,05-09,51493316122,2110,1462,648,6212,233
OF4,128,MicroscopyImages,05-10,39801777454,3059,2346,713,13021,333
OF4,128,MicroscopyImages,07-01,39575482195,2633,1814,819,7347,108
OF4,128,MicroscopyImages,07-02,35994555665,6812,5922,890,17520,886
OF4,128,MicroscopyImages,07-04,38503124326,5790,5095,695,16982,749
OF4,128,MicroscopyImages,07-06,33459139462,3461,2367,1094,15551,257
OF4,128,MicroscopyImages,07-10,40159926594,3865,2392,1473,10040,244
OF4,128,MicroscopyImages,08-01,37633163346,1953,1377,576,11377,107
OF4,128,MicroscopyImages,08-02,34152221939,6363,5541,822,19922,508
OF4,128,MicroscopyImages,08-04,36475673107,7086,6399,687,17764,249
OF4,128,MicroscopyImages,08-06,31038718278,4146,3631,515,19788,228
OF4,128,MicroscopyImages,08-07,6064910546,4264,3615,649,20390,647
OF4,128,MicroscopyImages,08-10,38067282718,3800,3054,746,14981,554
OF4,128,MicroscopyImages,09-01,35640331255,2201,1774,427,8905,554
OF4,128,MicroscopyImages,09-02,29874827302,2592,2060,532,14261,446
OF4,128,MicroscopyImages,09-04,38159213774,4991,4302,689,10721,272
OF4,128,MicroscopyImages,09-06,47402254918,3272,2756,516,15203,771
OF4,128,MicroscopyImages,09-07,45607914819,1057,725,332,8053,216
OF4,128,MicroscopyImages,09-08,43625096463,2719,2009,710,10304,481
OF4,128,MicroscopyImages,09-10,13744051386,3482,2652,830,16347,853
OF4,128,MicroscopyImages,10-06,34686954313,4993,3758,1235,17850,291
OF4,128,Shapes,01-06,34956800000,1500,1187,313,38700,72
OF4,128,Shapes,01-10,7816381810,3061,2444,617,29469,221
OF4,128,Shapes,02-01,26216960000,2061,1663,398,15534,93
OF4,128,Shapes,02-04,9798428980,1473,935,538,12032,65
OF4,128,Shapes,02-06,36382720000,992,488,504,6560,115
OF4,128,Shapes,02-10,29263002790,1376,963,413,9916,87
OF4,128,Shapes,03-01,5163200000,2641,2126,515,49552,136
OF4,128,Shapes,03-02,26318848000,1394,1159,235,11570,242
OF4,128,Shapes,03-04,17427277830,1688,1392,296,16923,265
OF4,128,Shapes,03-06,35093200000,538,323,215,37931,41
OF4,128,Shapes,03-07,26276633885,1515,1159,356,12685,302
OF4,128,Shapes,03-08,18774370065,1298,1024,274,15761,188
OF4,128,Shapes,03-09,13372800000,1425,1182,243,33660,105
OF4,128,Shapes,03-10,9307642099,1970,1752,218,16873,379
OF4,128,Shapes,04-01,16430543844,3406,2787,619,27979,125
OF4,128,Shapes,04-06,35112275423,797,494,303,7500,46
OF4,128,Shapes,04-10,19520531082,1425,1021,404,14113,106
OF4,128,Shapes,05-01,14933094500,2776,2404,372,26549,348
OF4,128,Shapes,05-02,33463705540,1096,804,292,7822,134
OF4,128,Shapes,05-03,15492503204,1693,1462,231,14588,302
OF4,128,Shapes,05-04,23677289384,1590,1272,318,11235,275
OF4,128,Shapes,05-06,35202736680,989,492,497,7597,46
OF4,128,Shapes,05-07,28119869448,1453,1176,277,14141,258
OF4,128,Shapes,05-08,21545101331,960,572,388,10663,71
OF4,128,Shapes,05-09,19574726202,2502,2176,326,17137,491
OF4,128,Shapes,05-10,15265079856,1852,1509,343,15856,284
OF4,128,Shapes,07-01,25956307978,1899,1579,320,16064,178
OF4,128,Shapes,07-02,25840746202,949,663,286,11461,64
OF4,128,Shapes,07-04,25065985271,1262,995,267,10803,61
OF4,128,Shapes,07-06,60128857753,869,361,508,4435,69
OF4,128,Shapes,07-10,27523899623,2016,1423,593,12606,229
OF4,128,Shapes,08-01,18189958675,2961,2424,537,23457,153
OF4,128,Shapes,08-02,13012951666,724,458,266,8840,90
OF4,128,Shapes,08-04,8047861267,2516,2228,288,18752,385
OF4,128,Shapes,08-06,35912803840,760,507,253,7520,161
OF4,128,Shapes,08-07,25473048331,863,602,261,10859,141
OF4,128,Shapes,08-10,21934375862,2829,2391,438,17518,334
OF4,128,Shapes,09-01,11778400000,4733,4275,458,71031,226
OF4,128,Shapes,09-02,27191472000,3471,2863,608,19797,680
OF4,128,Shapes,09-04,22295218305,2998,2261,737,15337,394
OF4,128,Shapes,09-06,35258400000,1308,1056,252,38023,215
OF4,128,Shapes,09-07,28240820210,1965,1671,294,14527,344
OF4,128,Shapes,09-08,22921218790,2354,2038,316,17261,661
OF4,128,Shapes,09-10,15280287767,3036,2459,577,14247,590
OF4,128,Shapes,10-06,35088701052,836,516,320,9081,53
OF4,128,WhiteNoise,01-06,1069694545,10595,9816,779,44805,752
OF4,128,WhiteNoise,01-10,912242699,9595,8940,655,42492,703
OF4,128,WhiteNoise,02-01,944377109,9949,8646,1303,42847,542
OF4,128,WhiteNoise,02-04,1027797046,14965,14096,869,43387,762
OF4,128,WhiteNoise,02-06,1212788600,14671,13879,792,47430,1055
OF4,128,WhiteNoise,02-10,1036934626,14428,13661,767,43854,741
OF4,128,WhiteNoise,03-01,977010699,8047,7506,541,45847,869
OF4,128,WhiteNoise,03-02,1017706461,10128,9650,478,45068,862
OF4,128,WhiteNoise,03-04,1049539891,9256,8433,823,44624,633
OF4,128,WhiteNoise,03-06,892810929,10487,9905,582,42355,798
OF4,128,WhiteNoise,03-07,988689528,8894,8183,711,44207,684
OF4,128,WhiteNoise,03-08,980389273,11814,11143,671,42953,748
OF4,128,WhiteNoise,03-09,1054680563,14039,13442,597,45021,778
OF4,128,WhiteNoise,03-10,998546410,15223,14700,523,44009,918
OF4,128,WhiteNoise,04-01,873861780,14791,13845,946,42140,899
OF4,128,WhiteNoise,04-06,1094025322,11017,10200,817,45115,762
OF4,128,WhiteNoise,04-10,924210752,12375,11486,889,43406,943
OF4,128,WhiteNoise,05-01,944158875,6923,6388,535,44190,827
OF4,128,WhiteNoise,05-02,1163357619,8082,7562,520,44848,860
OF4,128,WhiteNoise,05-03,1027443240,8629,7984,645,44730,731
OF4,128,WhiteNoise,05-04,972394502,5458,4994,464,43397,709
OF4,128,WhiteNoise,05-06,1007551663,12085,11073,1012,43913,638
OF4,128,WhiteNoise,05-07,950730947,7343,6827,516,43537,738
OF4,128,WhiteNoise,05-08,1069766311,6787,6302,485,45583,718
OF4,128,WhiteNoise,05-09,915777101,9763,9025,738,43518,756
OF4,128,WhiteNoise,05-10,978186118,7050,6559,491,43700,717
OF4,128,WhiteNoise,07-01,921642564,11579,10801,778,42985,698
OF4,128,WhiteNoise,07-02,1119063302,14728,13516,1212,46418,1164
OF4,128,WhiteNoise,07-04,926256033,10430,9795,635,43125,832
OF4,128,WhiteNoise,07-06,1014842764,14249,13029,1220,43813,609
OF4,128,WhiteNoise,07-10,953667303,8740,7901,839,43409,645
OF4,128,WhiteNoise,08-01,1168796976,10362,9507,855,45456,688
OF4,128,WhiteNoise,08-02,1208351118,9833,8924,909,45579,865
OF4,128,WhiteNoise,08-04,1130949235,13403,12571,832,46272,1258
OF4,128,WhiteNoise,08-06,1066587743,11303,10516,787,44150,698
OF4,128,WhiteNoise,08-07,1038869945,10485,9639,846,44713,715
OF4,128,WhiteNoise,08-10,1043921236,10386,9522,864,44587,883
OF4,128,WhiteNoise,09-01,898444662,13400,12324,1076,43378,805
OF4,128,WhiteNoise,09-02,984451089,9467,8462,1005,43049,581
OF4,128,WhiteNoise,09-04,904161963,8104,7359,745,42088,574
OF4,128,WhiteNoise,09-06,1140150643,14410,13604,806,45664,539
OF4,128,WhiteNoise,09-07,1000404222,11965,11353,612,43850,716
OF4,128,WhiteNoise,09-08,1096512571,9453,8617,836,44816,597
OF4,128,WhiteNoise,09-10,902053326,6572,5913,659,42508,560
OF4,128,WhiteNoise,10-06,1063715930,12527,11798,729,43512,668
OF4,256,CauchyDensity,01-03,637011811682,38627,28232,10395,43003,494
OF4,256,CauchyDensity,01-04,607876209332,66984,55842,11142,36186,955
OF4,256,CauchyDensity,01-06,594442979127,53705,39317,14388,37900,411
OF4,256,CauchyDensity,01-08,377168141820,69858,50729,19129,56239,454
OF4,256,CauchyDensity,01-09,481074553334,52787,42413,10374,40300,628
OF4,256,CauchyDensity,02-01,474765432022,27819,17269,10550,37118,464
OF4,256,CauchyDensity,02-03,498098812598,44272,33362,10910,26831,52
OF4,256,CauchyDensity,02-04,178641655634,39399,27952,11447,58541,132
OF4,256,CauchyDensity,02-05,323901417853,45720,35210,10510,37816,51
OF4,256,CauchyDensity,02-06,591785269902,399760,381821,17939,28849,252
OF4,256,CauchyDensity,02-07,626772613990,41694,32471,9223,18812,34
OF4,256,CauchyDensity,02-08,435649603002,141430,119961,21469,42744,2817
OF4,256,CauchyDensity,02-09,254678387081,143661,127210,16451,62662,1889
OF4,256,CauchyDensity,02-10,359321136139,125585,110164,15421,59059,295
OF4,256,CauchyDensity,03-04,472528084953,41120,32747,8373,30236,36
OF4,256,CauchyDensity,03-06,243366332345,65977,55550,10427,64041,1352
OF4,256,CauchyDensity,03-08,313402607818,36645,28328,8317,49727,246
OF4,256,CauchyDensity,03-09,334980143437,57206,48298,8908,51447,484
OF4,256,CauchyDensity,04-08,408369696238,39370,28217,11153,33654,53
OF4,256,CauchyDensity,05-01,474999953853,49388,41719,7669,45394,1424
OF4,256,CauchyDensity,05-03,240238689038,34834,25021,9813,60845,355
OF4,256,CauchyDensity,05-04,298330608858,46103,35813,10290,39953,58
OF4,256,CauchyDensity,05-06,284959384004,79636,66399,13237,46878,91
OF4,256,CauchyDensity,05-08,148168115746,42806,30904,11902,85596,226
OF4,256,CauchyDensity,05-09,119282780265,129794,109269,20525,108732,1610
OF4,256,CauchyDensity,05-10,178400979663,41726,25190,16536,69004,116
OF4,256,CauchyDensity,06-04,565093168579,39483,29524,9959,19406,39
OF4,256,CauchyDensity,06-08,226385435771,17164,7865,9299,62936,62
OF4,256,CauchyDensity,07-01,507104948825,58716,48400,10316,70562,508
OF4,256,CauchyDensity,07-03,174401830086,98691,88632,10059,81162,1049
OF4,256,CauchyDensity,07-04,601201864726,39219,31722,7497,16930,33
OF4,256,CauchyDensity,07-05,302871255868,43560,34899,8661,41255,48
OF4,256,CauchyDensity,07-06,137079295593,55580,46102,9478,74663,1227
OF4,256,CauchyDensity,07-08,211964262650,44772,35958,8814,72586,58
OF4,256,CauchyDensity,07-09,399479881350,58961,44975,13986,29247,42
OF4,256,CauchyDensity,07-10,282278589591,45122,36248,8874,51035,63
OF4,256,CauchyDensity,09-04,201728280915,47861,37383,10478,61661,97
OF4,256,CauchyDensity,09-06,363371185203,49404,33190,16214,37990,46
OF4,256,CauchyDensity,09-08,206647712862,45470,35073,10397,63623,70
OF4,256,CauchyDensity,10-01,632158355410,52514,44216,8298,35162,1830
OF4,256,CauchyDensity,10-03,218195207729,47019,31318,15701,70947,280
OF4,256,CauchyDensity,10-04,318923275135,50974,35011,15963,33546,44
OF4,256,CauchyDensity,10-06,246342999016,46351,35310,11041,50899,64
OF4,256,CauchyDensity,10-08,262546279566,13326,6173,7153,42735,52
OF4,256,CauchyDensity,10-09,162584350939,19756,11626,8130,89768,65
OF4,256,ClassicImages,01-03,95810207719,148921,125096,23825,135234,744
OF4,256,ClassicImages,01-04,75487732693,165790,153615,12175,125414,1217
OF4,256,ClassicImages,01-06,131242924267,29837,21208,8629,89588,105
OF4,256,ClassicImages,01-08,88396878973,43202,32633,10569,104067,302
OF4,256,ClassicImages,01-09,165898925694,153709,141932,11777,83850,1716
OF4,256,ClassicImages,02-01,89788743512,145278,126822,18456,107884,448
OF4,256,ClassicImages,02-03,74830362178,150182,136267,13915,131854,3359
OF4,256,ClassicImages,02-04,40531631376,162781,147436,15345,138860,1391
OF4,256,ClassicImages,02-05,41824303297,78711,67044,11667,123249,560
OF4,256,ClassicImages,02-06,49581828946,116235,95649,20586,118125,813
OF4,256,ClassicImages,02-07,46699754343,114988,98061,16927,132513,1142
OF4,256,ClassicImages,02-08,53539669763,123620,106268,17352,125874,1136
OF4,256,ClassicImages,02-09,123553875633,90585,71127,19458,74715,140
OF4,256,ClassicImages,02-10,81045899960,90254,76545,13709,111567,676
OF4,256,ClassicImages,03-04,61127385347,144085,130953,13132,127370,1793
OF4,256,ClassicImages,03-06,80301043258,86025,73658,12367,118355,1134
OF4,256,ClassicImages,03-08,74909397927,132126,115230,16896,117401,1217
OF4,256,ClassicImages,03-09,149642588195,119171,105125,14046,79704,440
OF4,256,ClassicImages,04-08,51005869359,107569,95050,12519,149295,1785
OF4,256,ClassicImages,05-01,88221808591,101753,80086,21667,109133,1734
OF4,256,ClassicImages,05-03,73905396941,275066,259174,15892,113794,1458
OF4,256,ClassicImages,05-04,51726589309,126697,111013,15684,128638,823
OF4,256,ClassicImages,05-06,66300273136,56504,37692,18812,108362,272
OF4,256,ClassicImages,05-08,63582655182,177912,155650,22262,131439,1416
OF4,256,ClassicImages,05-09,120164072611,61442,52381,9061,73792,223
OF4,256,ClassicImages,05-10,102903915650,234753,219500,15253,113904,2133
OF4,256,ClassicImages,06-04,77576192687,144639,122719,21920,106079,941
OF4,256,ClassicImages,06-08,68489148366,113833,103779,10054,115650,622
OF4,256,ClassicImages,07-01,108886335467,120582,97100,23482,95206,426
OF4,256,ClassicImages,07-03,93883375480,105813,89885,15928,109739,928
OF4,256,ClassicImages,07-04,69189258307,122967,100688,22279,147137,1703
OF4,256,ClassicImages,07-05,48624772918,105968,91855,14113,129969,950
OF4,256,ClassicImages,07-06,62803792479,44728,29940,14788,114127,374
OF4,256,ClassicImages,07-08,69650423858,293473,279934,13539,119470,1185
OF4,256,ClassicImages,07-09,110368993429,315833,305992,9841,95473,1377
OF4,256,ClassicImages,07-10,88344945425,113360,101096,12264,116996,1532
OF4,256,ClassicImages,09-04,142807851351,153265,142752,10513,71600,318
OF4,256,ClassicImages,09-06,102762580827,106757,92378,14379,127420,290
OF4,256,ClassicImages,09-08,164008873176,57927,38387,19540,65141,111
OF4,256,ClassicImages,10-01,136376087460,65455,50785,14670,94951,619
OF4,256,ClassicImages,10-03,118088997593,65847,54334,11513,100456,686
OF4,256,ClassicImages,10-04,107070059178,75147,53204,21943,95884,764
OF4,256,ClassicImages,10-06,78718431413,48741,36976,11765,113973,325
OF4,256,ClassicImages,10-08,86660105662,303376,290962,12414,136796,2861
OF4,256,ClassicImages,10-09,167365316091,173130,152062,21068,88494,331
OF4,256,GRFmoderate,01-03,76584536927,83436,61837,21599,111780,1147
OF4,256,GRFmoderate,01-04,90637706654,119408,107125,12283,138784,1147
OF4,256,GRFmoderate,01-06,75027191137,114548,102324,12224,118446,1941
OF4,256,GRFmoderate,01-08,127297971323,91779,70890,20889,89795,109
OF4,256,GRFmoderate,01-09,134483417407,87006,75742,11264,98611,786
OF4,256,GRFmoderate,02-01,98732316493,58826,46125,12701,113369,744
OF4,256,GRFmoderate,02-03,147111102339,33101,23391,9710,84749,385
OF4,256,GRFmoderate,02-04,139223303392,62129,49411,12718,81891,396
OF4,256,GRFmoderate,02-05,76819673917,170656,154903,15753,113986,675
OF4,256,GRFmoderate,02-06,95417484839,50624,40158,10466,106222,248
OF4,256,GRFmoderate,02-07,98958498871,107588,93602,13986,121222,1375
OF4,256,GRFmoderate,02-08,86206720561,63353,43543,19810,125921,579
OF4,256,GRFmoderate,02-09,64650042891,76674,58100,18574,127946,736
OF4,256,GRFmoderate,02-10,107258815553,158054,143438,14616,103458,836
OF4,256,GRFmoderate,03-04,130837669168,34540,23613,10927,109300,130
OF4,256,GRFmoderate,03-06,95323942150,27185,18154,9031,98020,205
OF4,256,GRFmoderate,03-08,127558719947,82189,61729,20460,107691,1263
OF4,256,GRFmoderate,03-09,185653431836,21620,13327,8293,73587,153
OF4,256,GRFmoderate,04-08,195249033432,67496,57931,9565,65099,109
OF4,256,GRFmoderate,05-01,87026290718,70666,57548,13118,104876,575
OF4,256,GRFmoderate,05-03,131333645458,37752,23943,13809,78065,139
OF4,256,GRFmoderate,05-04,103855489121,221330,211064,10266,90865,549
OF4,256,GRFmoderate,05-06,74981492301,66079,46238,19841,113122,428
OF4,256,GRFmoderate,05-08,113623927233,46015,37056,8959,98017,363
OF4,256,GRFmoderate,05-09,100803643502,71916,57489,14427,97799,426
OF4,256,GRFmoderate,05-10,98679054992,67908,49081,18827,103342,712
OF4,256,GRFmoderate,06-04,102589753112,55352,41482,13870,87493,302
OF4,256,GRFmoderate,06-08,115367024425,79283,69876,9407,103928,1165
OF4,256,GRFmoderate,07-01,48288050520,67314,54497,12817,137793,901
OF4,256,GRFmoderate,07-03,81704476245,43056,34621,8435,106449,652
OF4,256,GRFmoderate,07-04,81132500720,128480,111927,16553,114927,297
OF4,256,GRFmoderate,07-05,71201133077,200790,176954,23836,142754,5018
OF4,256,GRFmoderate,07-06,70164284726,65710,53907,11803,109570,321
OF4,256,GRFmoderate,07-08,135253801378,132503,112799,19704,82115,938
OF4,256,GRFmoderate,07-09,133612112397,129039,109759,19280,96634,339
OF4,256,GRFmoderate,07-10,84524487765,73747,58485,15262,103280,419
OF4,256,GRFmoderate,09-04,126587771439,93795,69533,24262,92924,405
OF4,256,GRFmoderate,09-06,108945049907,47990,35882,12108,98479,404
OF4,256,GRFmoderate,09-08,121819981362,41837,31749,10088,109821,330
OF4,256,GRFmoderate,10-01,94652104301,50192,37267,12925,100699,412
OF4,256,GRFmoderate,10-03,100853049469,122122,110062,12060,115661,1099
OF4,256,GRFmoderate,10-04,92722136214,59937,48442,11495,95459,393
OF4,256,GRFmoderate,10-06,68750266209,156777,143257,13520,111053,1125
OF4,256,GRFmoderate,10-08,141445280071,79151,66500,12651,80107,120
OF4,256,GRFmoderate,10-09,108889322406,63382,53469,9913,104285,369
OF4,256,GRFrough,01-03,47944204111,200419,189789,10630,114793,340
OF4,256,GRFrough,01-04,40747096098,116127,98626,17501,126760,525
OF4,256,GRFrough,01-06,29703933947,175506,162503,13003,147415,2456
OF4,256,GRFrough,01-08,27623561694,185454,168268,17186,140105,1458
OF4,256,GRFrough,01-09,24549027226,114008,90831,23177,144189,909
OF4,256,GRFrough,02-01,28531656418,94127,79564,14563,132009,1025
OF4,256,GRFrough,02-03,37265636012,103291,88009,15282,144449,853
OF4,256,GRFrough,02-04,47440820419,37236,27841,9395,120948,452
OF4,256,GRFrough,02-05,38666871163,120274,107709,12565,116354,602
OF4,256,GRFrough,02-06,36536218454,91037,78920,12117,136143,1080
OF4,256,GRFrough,02-07,30944420403,115458,95776,19682,138641,516
OF4,256,GRFrough,02-08,32895692293,165082,139502,25580,131266,671
OF4,256,GRFrough,02-09,35874607708,132491,117427,15064,131653,1026
OF4,256,GRFrough,02-10,21905031032,115735,100658,15077,141105,1216
OF4,256,GRFrough,03-04,30737278782,145935,130173,15762,133215,833
OF4,256,GRFrough,03-06,29503852019,66355,46727,19628,122095,310
OF4,256,GRFrough,03-08,39813865197,139762,118953,20809,123828,670
OF4,256,GRFrough,03-09,47179977109,124510,101246,23264,113651,366
OF4,256,GRFrough,04-08,33054392828,74426,62756,11670,124873,1427
OF4,256,GRFrough,05-01,33315839876,80076,68617,11459,133988,559
OF4,256,GRFrough,05-03,52771564798,106540,84512,22028,115305,597
OF4,256,GRFrough,05-04,46460670894,39724,30927,8797,114722,231
OF4,256,GRFrough,05-06,43564948998,85482,76514,8968,122638,951
OF4,256,GRFrough,05-08,33784532240,127043,115655,11388,131417,715
OF4,256,GRFrough,05-09,31987810096,60709,48422,12287,132965,958
OF4,256,GRFrough,05-10,36578096871,83440,68538,14902,116093,720
OF4,256,GRFrough,06-04,25513059904,146949,132977,13972,129654,1619
OF4,256,GRFrough,06-08,26179967821,205417,192447,12970,146958,3096
OF4,256,GRFrough,07-01,25661686710,207967,194532,13435,131673,1584
OF4,256,GRFrough,07-03,33066182446,153557,141595,11962,130554,1224
OF4,256,GRFrough,07-04,24957484535,99443,84439,15004,136720,596
OF4,256,GRFrough,07-05,32357150544,76896,65600,11296,125437,824
OF4,256,GRFrough,07-06,19238289219,172392,153325,19067,146207,2572
OF4,256,GRFrough,07-08,21086640013,200372,186964,13408,142574,1269
OF4,256,GRFrough,07-09,21121905875,146158,136551,9607,137435,618
OF4,256,GRFrough,07-10,22905926360,149328,136947,12381,137441,1621
OF4,256,GRFrough,09-04,27877311227,259078,236925,22153,156486,701
OF4,256,GRFrough,09-06,25383718326,112068,98823,13245,134741,547
OF4,256,GRFrough,09-08,22933671755,205127,185740,19387,137322,698
OF4,256,GRFrough,10-01,24376984172,132722,113496,19226,140425,692
OF4,256,GRFrough,10-03,35395231160,147997,130528,17469,135348,414
OF4,256,GRFrough,10-04,40668242988,42367,33529,8838,121886,318
OF4,256,GRFrough,10-06,28386946401,126637,106305,20332,136577,1619
OF4,256,GRFrough,10-08,25513874307,116220,103090,13130,141295,1658
OF4,256,GRFrough,10-09,30297443783,108775,97033,11742,132896,1944
OF4,256,GRFsmooth,01-03,235519268479,70611,61584,9027,70943,1389
OF4,256,GRFsmooth,01-04,225640047626,122777,114039,8738,64021,244
OF4,256,GRFsmooth,01-06,182827730983,74095,62716,11379,75843,525
OF4,256,GRFsmooth,01-08,105805974647,57280,47988,9292,112534,569
OF4,256,GRFsmooth,01-09,179812096577,50494,41384,9110,59291,75
OF4,256,GRFsmooth,02-01,125805798708,99722,85780,13942,103138,997
OF4,256,GRFsmooth,02-03,344471682020,44608,33873,10735,29687,56
OF4,256,GRFsmooth,02-04,336865854197,45835,35005,10830,44054,53
OF4,256,GRFsmooth,02-05,279347076295,89351,77730,11621,55228,151
OF4,256,GRFsmooth,02-06,279626214568,46436,35188,11248,51638,64
OF4,256,GRFsmooth,02-07,172378166168,41515,30923,10592,90294,352
OF4,256,GRFsmooth,02-08,143934367287,67674,50282,17392,84449,412
OF4,256,GRFsmooth,02-09,293221461179,47651,35848,11803,45534,60
OF4,256,GRFsmooth,02-10,304714387530,47183,35354,11829,62932,63
OF4,256,GRFsmooth,03-04,146326172957,24262,15950,8312,76902,216
OF4,256,GRFsmooth,03-06,119649827796,49920,38418,11502,99307,388
OF4,256,GRFsmooth,03-08,205460482470,59382,41983,17399,55675,72
OF4,256,GRFsmooth,03-09,129768364081,95531,84623,10908,88220,309
OF4,256,GRFsmooth,04-08,215184674624,34239,25026,9213,88609,142
OF4,256,GRFsmooth,05-01,177279694555,137630,126574,11056,76372,695
OF4,256,GRFsmooth,05-03,119150461116,50134,31819,18315,88677,373
OF4,256,GRFsmooth,05-04,137081606401,41713,31556,10157,88866,824
OF4,256,GRFsmooth,05-06,149188077808,57149,30939,26210,88351,724
OF4,256,GRFsmooth,05-08,148384379694,89748,75144,14604,107850,912
OF4,256,GRFsmooth,05-09,82322476096,92288,82858,9430,114805,1310
OF4,256,GRFsmooth,05-10,221588374269,26949,17527,9422,55045,320
OF4,256,GRFsmooth,06-04,97295551794,58055,48361,9694,106754,411
OF4,256,GRFsmooth,06-08,157137164312,50484,40322,10162,104083,355
OF4,256,GRFsmooth,07-01,110084901184,65020,55209,9811,85071,979
OF4,256,GRFsmooth,07-03,195554154025,46081,35830,10251,83853,181
OF4,256,GRFsmooth,07-04,179122366152,51065,40215,10850,70373,104
OF4,256,GRFsmooth,07-05,179289897142,45123,36122,9001,94378,498
OF4,256,GRFsmooth,07-06,132721204553,310523,290572,19951,101671,1656
OF4,256,GRFsmooth,07-08,158190134697,49352,42717,6635,77697,901
OF4,256,GRFsmooth,07-09,167050596973,63443,51816,11627,82858,232
OF4,256,GRFsmooth,07-10,161965319891,46315,34507,11808,97417,122
OF4,256,GRFsmooth,09-04,108350051160,67571,58104,9467,99073,439
OF4,256,GRFsmooth,09-06,105637860618,60665,53095,7570,103382,1073
OF4,256,GRFsmooth,09-08,168200674662,39005,28982,10023,81583,116
OF4,256,GRFsmooth,10-01,201858102795,112619,94071,18548,95484,157
OF4,256,GRFsmooth,10-03,226973877805,14591,8070,6521,51821,54
OF4,256,GRFsmooth,10-04,87748279673,27996,19824,8172,115235,325
OF4,256,GRFsmooth,10-06,137423956709,76700,56008,20692,91332,725
OF4,256,GRFsmooth,10-08,273751775690,17746,9629,8117,56117,133
OF4,256,GRFsmooth,10-09,175442029146,27962,17923,10039,67267,271
OF4,256,LogGRF,01-03,374177070067,131922,112502,19420,71081,654
OF4,256,LogGRF,01-04,247812244253,177444,155375,22069,87006,841
OF4,256,LogGRF,01-06,239968568909,99264,89764,9500,76927,476
OF4,256,LogGRF,01-08,121752597877,269996,255291,14705,122477,1414
OF4,256,LogGRF,01-09,191962390189,46486,37019,9467,72093,521
OF4,256,LogGRF,02-01,177359919443,279290,266799,12491,113643,1896
OF4,256,LogGRF,02-03,221664976830,449078,431647,17431,96599,3214
OF4,256,LogGRF,02-04,221868207903,53869,42711,11158,79867,831
OF4,256,LogGRF,02-05,293045280297,69228,56718,12510,77624,457
OF4,256,LogGRF,02-06,369176921172,58222,47525,10697,58936,288
OF4,256,LogGRF,02-07,236140484583,79944,68227,11717,88110,837
OF4,256,LogGRF,02-08,268661470615,97198,76934,20264,58768,211
OF4,256,LogGRF,02-09,263695156140,75775,61351,14424,74855,1171
OF4,256,LogGRF,02-10,145518987444,88514,70687,17827,79188,697
OF4,256,LogGRF,03-04,318754604857,71489,57577,13912,73308,740
OF4,256,LogGRF,03-06,540290010482,84796,74869,9927,58796,463
OF4,256,LogGRF,03-08,447961737100,107788,96250,11538,45645,185
OF4,256,LogGRF,03-09,427931177432,148163,132212,15951,47653,343
OF4,256,LogGRF,04-08,311793055101,249851,232568,17283,62273,493
OF4,256,LogGRF,05-01,197210490959,57659,47025,10634,103797,862
OF4,256,LogGRF,05-03,437146923797,55476,46509,8967,56936,195
OF4,256,LogGRF,05-04,254565364934,122328,110458,11870,72895,681
OF4,256,LogGRF,05-06,230682536707,166094,153689,12405,98342,2170
OF4,256,LogGRF,05-08,166077583687,70454,60834,9620,83468,699
OF4,256,LogGRF,05-09,326999730504,20256,11314,8942,47573,144
OF4,256,LogGRF,05-10,278895271081,34533,26766,7767,62281,811
OF4,256,LogGRF,06-04,446922963967,78977,69065,9912,52732,750
OF4,256,LogGRF,06-08,232616397295,78542,67497,11045,75638,803
OF4,256,LogGRF,07-01,126360534587,105613,81959,23654,110113,1434
OF4,256,LogGRF,07-03,406650163514,74362,62345,12017,65273,1001
OF4,256,LogGRF,07-04,301638010554,244978,229339,15639,64478,1224
OF4,256,LogGRF,07-05,155081954326,59469,49343,10126,92642,1272
OF4,256,LogGRF,07-06,164553518569,146281,132252,14029,103794,948
OF4,256,LogGRF,07-08,147370641644,58908,46827,12081,105800,934
OF4,256,LogGRF,07-09,282326658201,48597,38091,10506,61570,936
OF4,256,LogGRF,07-10,221526750428,52501,42199,10302,73767,948
OF4,256,LogGRF,09-04,285556520792,98660,88646,10014,75416,243
OF4,256,LogGRF,09-06,334674531191,50919,39974,10945,55157,221
OF4,256,LogGRF,09-08,179581236639,149039,138224,10815,108798,2173
OF4,256,LogGRF,10-01,137926909264,80030,66087,13943,119759,600
OF4,256,LogGRF,10-03,331680998054,43191,34335,8856,41183,57
OF4,256,LogGRF,10-04,233674480704,151961,142772,9189,73268,716
OF4,256,LogGRF,10-06,331824515329,54476,45434,9042,66984,396
OF4,256,LogGRF,10-08,183442982205,79211,63835,15376,93035,1304
OF4,256,LogGRF,10-09,147130316573,81499,69385,12114,106187,1855
OF4,256,LogitGRF,01-03,144997144920,108829,97032,11797,88713,420
OF4,256,LogitGRF,01-04,219324870841,46400,28162,18238,59768,222
OF4,256,LogitGRF,01-06,183436215815,58752,48956,9796,79860,350
OF4,256,LogitGRF,01-08,143620554111,72873,62005,10868,100798,1693
OF4,256,LogitGRF,01-09,139790926986,95712,78710,17002,105837,760
OF4,256,LogitGRF,02-01,214343479909,107413,91287,16126,83844,697
OF4,256,LogitGRF,02-03,219466299671,40430,29124,11306,74077,430
OF4,256,LogitGRF,02-04,143879308288,165096,150855,14241,100682,2180
OF4,256,LogitGRF,02-05,196463548592,55575,44638,10937,81619,864
OF4,256,LogitGRF,02-06,271015441285,55488,45000,10488,58492,741
OF4,256,LogitGRF,02-07,283386107643,27339,18219,9120,60151,283
OF4,256,LogitGRF,02-08,199956934083,84582,65005,19577,77757,688
OF4,256,LogitGRF,02-09,121864906641,144452,130810,13642,104140,1219
OF4,256,LogitGRF,02-10,140303308851,74363,60505,13858,101060,854
OF4,256,LogitGRF,03-04,224567112445,119896,108588,11308,61595,461
OF4,256,LogitGRF,03-06,119040699086,106258,90971,15287,109868,2487
OF4,256,LogitGRF,03-08,116390189892,97061,79109,17952,118142,547
OF4,256,LogitGRF,03-09,149549004093,48136,38424,9712,89677,482
OF4,256,LogitGRF,04-08,145043533271,78967,64373,14594,103180,2297
OF4,256,LogitGRF,05-01,156417439153,108566,93829,14737,95888,1724
OF4,256,LogitGRF,05-03,136541393816,89307,65796,23511,102948,712
OF4,256,LogitGRF,05-04,234884485954,57933,43559,14374,67530,306
OF4,256,LogitGRF,05-06,163483493904,147481,124285,23196,94326,725
OF4,256,LogitGRF,05-08,157172012639,167473,134477,32996,112016,891
OF4,256,LogitGRF,05-09,138192438755,102811,91022,11789,108400,830
OF4,256,LogitGRF,05-10,166731631902,100720,81982,18738,93717,1618
OF4,256,LogitGRF,06-04,285413429171,20398,11170,9228,50797,160
OF4,256,LogitGRF,06-08,203213817406,61950,50948,11002,104489,983
OF4,256,LogitGRF,07-01,107450479029,211121,199515,11606,114361,1623
OF4,256,LogitGRF,07-03,183145554439,53374,34224,19150,80703,503
OF4,256,LogitGRF,07-04,295264843235,45662,38093,7569,58766,636
OF4,256,LogitGRF,07-05,189543132886,126947,112705,14242,77087,685
OF4,256,LogitGRF,07-06,204709064443,91391,72588,18803,72017,457
OF4,256,LogitGRF,07-08,205666255773,72681,62583,10098,79076,1769
OF4,256,LogitGRF,07-09,192349357008,59527,45378,14149,91091,400
OF4,256,LogitGRF,07-10,221231289039,75774,60002,15772,82458,647
OF4,256,LogitGRF,09-04,137307291707,243918,222643,21275,124272,6182
OF4,256,LogitGRF,09-06,186568784119,42522,33712,8810,73932,146
OF4,256,LogitGRF,09-08,144349722399,90361,80371,9990,91225,628
OF4,256,LogitGRF,10-01,150327612190,49693,34745,14948,98772,416
OF4,256,LogitGRF,10-03,155522100829,125494,114837,10657,118771,2781
OF4,256,LogitGRF,10-04,182988444034,207065,185272,21793,87822,1827
OF4,256,LogitGRF,10-06,212171303678,65360,54807,10553,77466,1058
OF4,256,LogitGRF,10-08,168859852851,105358,92475,12883,94959,1523
OF4,256,LogitGRF,10-09,111484215369,90573,71667,18906,114730,743
OF4,256,MicroscopyImages,01-03,204148785409,114857,88729,26128,39326,2172
OF4,256,MicroscopyImages,01-04,192133752414,98664,82775,15889,58769,903
OF4,256,MicroscopyImages,01-06,267711078245,161662,142518,19144,54083,1116
OF4,256,MicroscopyImages,01-08,250311492142,93627,77198,16429,50723,919
OF4,256,MicroscopyImages,01-09,183600677132,36899,24038,12861,40011,765
OF4,256,MicroscopyImages,02-01,29347788778,158141,136908,21233,111347,1263
OF4,256,MicroscopyImages,02-03,196343363815,132485,116199,16286,47822,540
OF4,256,MicroscopyImages,02-04,180225366821,168525,147716,20809,76163,2348
OF4,256,MicroscopyImages,02-05,270480381724,144668,130145,14523,55940,1264
OF4,256,MicroscopyImages,02-06,270347122649,171927,157582,14345,61222,1166
OF4,256,MicroscopyImages,02-07,306472879863,87638,71273,16365,35135,545
OF4,256,MicroscopyImages,02-08,248992668671,213527,184331,29196,64868,827
OF4,256,MicroscopyImages,02-09,166813465857,95441,80275,15166,66693,1270
OF4,256,MicroscopyImages,02-10,125803780808,135763,115912,19851,88573,1057
OF4,256,MicroscopyImages,03-04,53851908768,119592,90815,28777,91269,1716
OF4,256,MicroscopyImages,03-06,201954344208,171945,150471,21474,62413,3310
OF4,256,MicroscopyImages,03-08,219068218932,109951,90740,19211,49793,1089
OF4,256,MicroscopyImages,03-09,199149357345,35420,24202,11218,36223,1153
OF4,256,MicroscopyImages,04-08,248141561378,41378,29607,11771,51673,370
OF4,256,MicroscopyImages,05-01,268175406993,74165,45855,28310,38733,404
OF4,256,MicroscopyImages,05-03,211001645862,80286,59982,20304,46265,651
OF4,256,MicroscopyImages,05-04,237395864438,92225,70129,22096,50760,993
OF4,256,MicroscopyImages,05-06,27903100426,84004,67836,16168,123922,1601
OF4,256,MicroscopyImages,05-08,106310408679,110241,87093,23148,83296,1558
OF4,256,MicroscopyImages,05-09,326296807129,33278,21429,11849,27294,542
OF4,256,MicroscopyImages,05-10,270535305673,49773,38603,11170,50452,386
OF4,256,MicroscopyImages,06-04,225549366835,138176,122295,15881,64159,745
OF4,256,MicroscopyImages,06-08,102209698336,155932,125365,30567,104312,2424
OF4,256,MicroscopyImages,07-01,304553166382,52736,39382,13354,27087,744
OF4,256,MicroscopyImages,07-03,260472970875,52183,41678,10505,36399,1502
OF4,256,MicroscopyImages,07-04,292593431709,37032,19247,17785,34885,224
OF4,256,MicroscopyImages,07-05,131463407930,72230,51343,20887,56570,1571
OF4,256,MicroscopyImages,07-06,131584365104,89499,75128,14371,69621,1510
OF4,256,MicroscopyImages,07-08,64158600471,116233,97627,18606,84256,1480
OF4,256,MicroscopyImages,07-09,376028056804,31039,12708,18331,16808,194
OF4,256,MicroscopyImages,07-10,321558417556,43315,31252,12063,37670,391
OF4,256,MicroscopyImages,09-04,165640800828,88128,66306,21822,61463,2377
OF4,256,MicroscopyImages,09-06,312404400993,62172,50235,11937,35389,623
OF4,256,MicroscopyImages,09-08,335138477130,71944,49108,22836,33508,1357
OF4,256,MicroscopyImages,10-01,143893348109,88178,69504,18674,65352,1104
OF4,256,MicroscopyImages,10-03,160663188133,133655,98782,34873,61708,1802
OF4,256,MicroscopyImages,10-04,134931569426,126331,102643,23688,90573,1430
OF4,256,MicroscopyImages,10-06,260647093156,118960,103438,15522,67516,673
OF4,256,MicroscopyImages,10-08,277709796156,67508,51686,15822,49242,350
OF4,256,MicroscopyImages,10-09,66929690203,57351,44199,13152,64983,1153
OF4,256,Shapes,01-03,41188000000,44637,25849,18788,226129,348
OF4,256,Shapes,01-04,131222514584,35765,26221,9544,87709,120
OF4,256,Shapes,01-06,279628800000,16488,7997,8491,125355,75
OF4,256,Shapes,01-08,145449968277,35223,25557,9666,81737,984
OF4,256,Shapes,01-09,93665600000,59687,48114,11573,345629,441
OF4,256,Shapes,02-01,209720320000,62294,52612,9682,55844,2128
OF4,256,Shapes,02-03,210519040000,19254,9996,9258,31010,235
OF4,256,Shapes,02-04,78579800369,34869,25703,9166,51104,1360
OF4,256,Shapes,02-05,267355950133,16103,7107,8996,20126,152
OF4,256,Shapes,02-06,291038560000,12576,3699,8877,18384,244
OF4,256,Shapes,02-07,206068993681,12451,4220,8231,30182,132
OF4,256,Shapes,02-08,104491443482,25690,6375,19315,31096,137
OF4,256,Shapes,02-09,217494736000,42241,30317,11924,56497,1523
OF4,256,Shapes,02-10,234062998229,18897,9887,9010,24599,176
OF4,256,Shapes,03-04,139135154917,22805,13809,8996,51331,333
OF4,256,Shapes,03-06,280720800000,19221,2648,16573,177986,58
OF4,256,Shapes,03-08,150015615847,32693,25135,7558,54696,2286
OF4,256,Shapes,03-09,107254400000,18361,8943,9418,128292,127
OF4,256,Shapes,04-08,64559067462,17017,8796,8221,62813,410
OF4,256,Shapes,05-01,119515810740,30974,20936,10038,81046,449
OF4,256,Shapes,05-03,123987693545,26074,16059,10015,41490,487
OF4,256,Shapes,05-04,188858144717,24886,17388,7498,32305,766
OF4,256,Shapes,05-06,281715475437,15068,4363,10705,23592,141
OF4,256,Shapes,05-08,171615615856,24917,11852,13065,35613,663
OF4,256,Shapes,05-09,156649549015,39666,30386,9280,45588,1014
OF4,256,Shapes,05-10,122494704328,21830,12712,9118,47209,334
OF4,256,Shapes,06-04,280802403728,10517,2328,8189,17755,59
OF4,256,Shapes,06-08,287278229076,13631,2399,11232,14717,179
OF4,256,Shapes,07-01,207049109630,23859,15588,8271,46802,307
OF4,256,Shapes,07-03,209601954056,15378,7733,7645,36051,347
OF4,256,Shapes,07-04,199935277204,15755,4233,11522,29969,73
OF4,256,Shapes,07-05,224618041672,22681,14194,8487,38877,705
OF4,256,Shapes,07-06,480363894088,12096,1722,10374,10462,60
OF4,256,Shapes,07-08,203131938885,11135,3869,7266,27628,138
OF4,256,Shapes,07-09,225153047056,44789,35900,8889,51312,958
OF4,256,Shapes,07-10,219866363382,15922,7174,8748,30409,143
OF4,256,Shapes,09-04,178312136197,30930,22358,8572,57145,1271
OF4,256,Shapes,09-06,282012600000,20968,10732,10236,158654,339
OF4,256,Shapes,09-08,183305894241,34685,26344,8341,50823,1276
OF4,256,Shapes,10-01,62850766039,40763,29482,11281,108408,257
OF4,256,Shapes,10-03,74656012132,31170,22626,8544,57459,758
OF4,256,Shapes,10-04,155924941633,30152,20047,10105,39007,412
OF4,256,Shapes,10-06,280739955801,13160,3952,9208,26452,68
OF4,256,Shapes,10-08,175186284160,18853,10500,8353,39784,347
OF4,256,Shapes,10-09,122281286172,53742,42307,11435,58554,1286
OF4,256,WhiteNoise,01-03,4540327148,353745,331544,22201,188215,2726
OF4,256,WhiteNoise,01-04,4240168935,316404,301129,15275,188065,3441
OF4,256,WhiteNoise,01-06,3991182125,515164,496362,18802,180383,2422
OF4,256,WhiteNoise,01-08,3919684770,228468,215831,12637,180342,2559
OF4,256,WhiteNoise,01-09,3894328813,275910,263080,12830,177986,2438
OF4,256,WhiteNoise,02-01,4330354482,396728,376349,20379,183345,2666
OF4,256,WhiteNoise,02-03,4012838105,281966,263211,18755,182750,3354
OF4,256,WhiteNoise,02-04,4259857738,273644,252871,20773,184217,2700
OF4,256,WhiteNoise,02-05,4058075175,288728,266392,22336,183355,2768
OF4,256,WhiteNoise,02-06,3919997761,234436,221250,13186,181985,2840
OF4,256,WhiteNoise,02-07,4606464483,362459,342381,20078,187187,2304
OF4,256,WhiteNoise,02-08,4376976746,283161,265689,17472,185839,2550
OF4,256,WhiteNoise,02-09,3805944460,221967,205806,16161,180435,2331
OF4,256,WhiteNoise,02-10,4625732988,301817,269643,32174,189369,2182
OF4,256,WhiteNoise,03-04,4929800236,282588,266017,16571,191269,2851
OF4,256,WhiteNoise,03-06,4419468444,294724,270307,24417,185690,2333
OF4,256,WhiteNoise,03-08,4990916788,237340,218519,18821,190454,2821
OF4,256,WhiteNoise,03-09,4561926150,228563,201690,26873,188732,2547
OF4,256,WhiteNoise,04-08,4020045691,288993,261610,27383,181387,3033
OF4,256,WhiteNoise,05-01,4572225209,440821,413522,27299,187538,2719
OF4,256,WhiteNoise,05-03,4818548481,271518,245597,25921,186509,2906
OF4,256,WhiteNoise,05-04,4183285253,240792,219772,21020,183034,2900
OF4,256,WhiteNoise,05-06,3834965295,191103,176661,14442,182716,2778
OF4,256,WhiteNoise,05-08,4384804991,324001,293358,30643,184087,2358
OF4,256,WhiteNoise,05-09,4110685953,220833,203748,17085,185151,2415
OF4,256,WhiteNoise,05-10,4517729651,369071,350526,18545,183704,2208
OF4,256,WhiteNoise,06-04,3898646092,193642,180421,13221,180256,2821
OF4,256,WhiteNoise,06-08,4248011078,292075,268737,23338,183872,2544
OF4,256,WhiteNoise,07-01,3870641455,263183,241356,21827,180342,2872
OF4,256,WhiteNoise,07-03,4515809036,683626,660832,22794,188051,3043
OF4,256,WhiteNoise,07-04,4994383382,418958,393670,25288,199441,3329
OF4,256,WhiteNoise,07-05,4909740410,471354,450924,20430,190591,3237
OF4,256,WhiteNoise,07-06,4447314761,376828,359850,16978,186426,2702
OF4,256,WhiteNoise,07-08,4665813204,382105,367304,14801,192357,3974
OF4,256,WhiteNoise,07-09,4241757574,365605,344475,21130,184616,3030
OF4,256,WhiteNoise,07-10,4353224885,231508,199565,31943,186737,2530
OF4,256,WhiteNoise,09-04,4342702271,168344,154561,13783,186234,2759
OF4,256,WhiteNoise,09-06,3862102693,163974,143729,20245,179242,1825
OF4,256,WhiteNoise,09-08,4253482377,241921,227527,14394,185584,2928
OF4,256,WhiteNoise,10-01,3879116739,179669,167267,12402,182144,2561
OF4,256,WhiteNoise,10-03,5109818195,203049,179074,23975,193588,2561
OF4,256,WhiteNoise,10-04,4406524971,344700,332180,12520,185700,2786
OF4,256,WhiteNoise,10-06,4116618205,269978,254691,15287,183995,3146
OF4,256,WhiteNoise,10-08,4073357819,245357,233276,12081,184760,2607
OF4,256,WhiteNoise,10-09,4171774034,343661,321661,22000,183117,2364
OF4,512,CauchyDensity,01-05,2950633364663,1474516,1186535,287981,226345,8412
OF4,512,CauchyDensity,01-06,2138122485398,2644249,2473092,171157,327727,12513
OF4,512,CauchyDensity,01-07,3003912212287,1082393,954953,127440,261482,4937
OF4,512,CauchyDensity,01-09,2038310661214,2289532,2003140,286392,340993,5864
OF4,512,CauchyDensity,02-01,5515894961865,510213,408220,101993,50340,46
OF4,512,CauchyDensity,02-05,3087858436678,1751634,1641698,109936,88718,785
OF4,512,CauchyDensity,02-06,4893730564377,510055,408182,101873,55716,49
OF4,512,CauchyDensity,02-07,2960533672016,1977439,1839847,137592,85415,1089
OF4,512,CauchyDensity,02-09,5758943031530,523537,407934,115603,52030,46
OF4,512,CauchyDensity,03-01,2596678285051,789723,679854,109869,277515,4353
OF4,512,CauchyDensity,03-02,4751496094585,533586,419211,114375,74595,112
OF4,512,CauchyDensity,03-04,2916171789899,4964690,4775454,189236,159698,2753
OF4,512,CauchyDensity,03-05,2073862396232,520606,409369,111237,154562,126
OF4,512,CauchyDensity,03-06,1769629056068,306874,205336,101538,196284,1607
OF4,512,CauchyDensity,03-07,3209301798259,515317,395054,120263,153685,1047
OF4,512,CauchyDensity,03-09,1441943127105,1653946,1487789,166157,392681,7694
OF4,512,CauchyDensity,03-10,1354313031408,137513,47059,90454,162846,130
OF4,512,CauchyDensity,04-01,3750773863641,3227506,2782122,445384,279072,2040
OF4,512,CauchyDensity,04-02,2034297144294,1508352,1365078,143274,187267,653
OF4,512,CauchyDensity,04-05,1865203648102,382393,277431,104962,151440,568
OF4,512,CauchyDensity,04-06,2985211407424,529844,410028,119816,76025,47
OF4,512,CauchyDensity,04-07,2052812304417,274779,181883,92896,152247,295
OF4,512,CauchyDensity,04-09,3850772908457,526743,419910,106833,85295,105
OF4,512,CauchyDensity,04-10,2705223809344,2013610,1671177,342433,124613,1208
OF4,512,CauchyDensity,05-06,2125047209759,416267,306106,110161,166401,605
OF4,512,CauchyDensity,05-07,1839187717187,239939,157600,82339,161069,481
OF4,512,CauchyDensity,05-09,2672571501516,530101,423870,106231,142500,118
OF4,512,CauchyDensity,07-06,2328621322618,324209,211701,112508,152246,291
OF4,512,CauchyDensity,08-01,2131213376569,1100164,883257,216907,256459,5979
OF4,512,CauchyDensity,08-02,5793753800156,586055,414122,171933,42835,41
OF4,512,CauchyDensity,08-03,1526568577865,581905,375180,206725,309850,1166
OF4,512,CauchyDensity,08-04,3886150053115,1702428,1488290,214138,72254,361
OF4,512,CauchyDensity,08-05,2707112637720,524982,408008,116974,90956,52
OF4,512,CauchyDensity,08-06,1097771969694,417073,309730,107343,248878,365
OF4,512,CauchyDensity,08-07,2834071337390,535972,416607,119365,117468,64
OF4,512,CauchyDensity,08-09,474537768878,457345,345670,111675,397104,844
OF4,512,CauchyDensity,08-10,1203759787890,642306,439877,202429,209335,89
OF4,512,CauchyDensity,09-06,1080463002379,322102,216400,105702,217161,79
OF4,512,CauchyDensity,09-07,2801781363591,533316,425292,108024,197273,81
OF4,512,CauchyDensity,10-01,2292720273655,1614097,1387867,226230,390361,5932
OF4,512,CauchyDensity,10-02,4589994012266,513383,407104,106279,60737,56
OF4,512,CauchyDensity,10-05,1574518491709,490758,363179,127579,226668,599
OF4,512,CauchyDensity,10-06,784890778028,541743,424691,117052,319904,2507
OF4,512,CauchyDensity,10-07,2333498387217,122487,27138,95349,155633,61
OF4,512,CauchyDensity,10-09,1168949019264,552461,434629,117832,190963,71
OF4,512,ClassicImages,01-05,705770168195,2816757,2555301,261456,340282,3367
OF4,512,ClassicImages,01-06,1049938958381,486007,376890,109117,284984,290
OF4,512,ClassicImages,01-07,871080096978,1278208,1133513,144695,332064,2397
OF4,512,ClassicImages,01-09,1327190348382,1751149,1463389,287760,239238,896
OF4,512,ClassicImages,02-01,718299915142,1038073,792038,246035,351836,1102
OF4,512,ClassicImages,02-05,334602102146,2054073,1883830,170243,464911,3462
OF4,512,ClassicImages,02-06,396674846759,1952649,1790975,161674,418673,957
OF4,512,ClassicImages,02-07,373617559051,2352703,2159618,193085,478637,4049
OF4,512,ClassicImages,02-09,988442081678,2334858,2172307,162551,240627,449
OF4,512,ClassicImages,03-01,766489480653,1834793,1682980,151813,437955,5374
OF4,512,ClassicImages,03-02,598668584866,2537214,2345999,191215,385490,1177
OF4,512,ClassicImages,03-04,489045119810,1483916,1213317,270599,427209,2125
OF4,512,ClassicImages,03-05,591265408443,2354755,2028287,326468,369302,1703
OF4,512,ClassicImages,03-06,642433990301,1647434,1482060,165374,377287,1182
OF4,512,ClassicImages,03-07,751098581254,1277427,1074732,202695,359071,3426
OF4,512,ClassicImages,03-09,1197174325423,4332319,4088272,244047,267641,2261
OF4,512,ClassicImages,03-10,944741649113,1194543,972149,222394,312314,1013
OF4,512,ClassicImages,04-01,603897052987,1803494,1460706,342788,396038,1990
OF4,512,ClassicImages,04-02,324276478433,5627774,5426280,201494,537461,10937
OF4,512,ClassicImages,04-05,413831236075,2101703,1930631,171072,455045,1463
OF4,512,ClassicImages,04-06,620626061416,1457169,1234764,222405,352846,699
OF4,512,ClassicImages,04-07,553539179864,3002215,2803231,198984,490269,5282
OF4,512,ClassicImages,04-09,1142483183254,3391109,3250789,140320,219518,827
OF4,512,ClassicImages,04-10,856577695543,2689423,2559721,129702,309465,9799
OF4,512,ClassicImages,05-06,530401310339,1129923,1025188,104735,383101,3629
OF4,512,ClassicImages,05-07,389017623091,1749383,1590332,159051,449399,1932
OF4,512,ClassicImages,05-09,961335102100,1897517,1712265,185252,235726,1581
OF4,512,ClassicImages,07-06,502435685610,329456,212137,117319,369711,1096
OF4,512,ClassicImages,08-01,707175623831,882770,698268,184502,339697,1604
OF4,512,ClassicImages,08-02,428331029336,2399330,2155893,243437,461529,2437
OF4,512,ClassicImages,08-03,599308632407,1972416,1742132,230284,400128,1942
OF4,512,ClassicImages,08-04,408063828905,1862238,1599096,263142,524128,4094
OF4,512,ClassicImages,08-05,508686547570,3008149,2743890,264259,465982,2025
OF4,512,ClassicImages,08-06,547939859341,1657840,1529645,128195,411346,3025
OF4,512,ClassicImages,08-07,557225844234,3489718,3192742,296976,407325,2309
OF4,512,ClassicImages,08-09,1312084561130,2100945,1940733,160212,202887,257
OF4,512,ClassicImages,08-10,693317241826,2420558,2015156,405402,401326,4057
OF4,512,ClassicImages,09-06,822100372676,2375280,2165760,209520,427753,659
OF4,512,ClassicImages,09-07,882976006460,2662594,2413793,248801,300080,1842
OF4,512,ClassicImages,10-01,1091027216380,631882,491533,140349,272656,1991
OF4,512,ClassicImages,10-02,648389016274,658894,529223,129671,375070,1671
OF4,512,ClassicImages,10-05,823247319121,1401793,1156763,245030,332240,1040
OF4,512,ClassicImages,10-06,629788259235,1645203,1497178,148025,381505,1654
OF4,512,ClassicImages,10-07,706786202626,3479747,3297846,181901,362594,1924
OF4,512,ClassicImages,10-09,1338948940303,1880288,1733963,146325,252168,364
OF4,512,GRFmoderate,01-05,642256045987,709468,594721,114747,377048,3946
OF4,512,GRFmoderate,01-06,571077756612,1011247,887325,123922,366241,2807
OF4,512,GRFmoderate,01-07,565881449781,1831568,1713738,117830,386809,7479
OF4,512,GRFmoderate,01-09,575508168077,697602,522049,175553,384108,1300
OF4,512,GRFmoderate,02-01,908640016225,811708,683164,128544,330007,1862
OF4,512,GRFmoderate,02-05,724376072794,1487912,1288871,199041,376235,1629
OF4,512,GRFmoderate,02-06,813761901920,2115676,1933330,182346,319388,1519
OF4,512,GRFmoderate,02-07,768855217079,1484187,1360569,123618,323350,1650
OF4,512,GRFmoderate,02-09,862886739539,693600,559985,133615,302722,772
OF4,512,GRFmoderate,03-01,563355055168,1556004,1366736,189268,410593,1977
OF4,512,GRFmoderate,03-02,866619824199,1491872,1290687,201185,386524,1624
OF4,512,GRFmoderate,03-04,481650628885,1380772,1194566,186206,411760,2470
OF4,512,GRFmoderate,03-05,589900268628,1031219,874257,156962,412701,2395
OF4,512,GRFmoderate,03-06,658191646095,888011,687346,200665,363341,2429
OF4,512,GRFmoderate,03-07,543577652148,2259899,2120055,139844,396149,2278
OF4,512,GRFmoderate,03-09,570426859362,1583128,1412503,170625,454738,8743
OF4,512,GRFmoderate,03-10,502736972272,851752,739776,111976,415666,1365
OF4,512,GRFmoderate,04-01,593578911242,1230078,1060095,169983,375864,487
OF4,512,GRFmoderate,04-02,721720777825,1720262,1554338,165924,478697,4027
OF4,512,GRFmoderate,04-05,597482838352,603652,435098,168554,373392,1152
OF4,512,GRFmoderate,04-06,531428612240,4702335,4566635,135700,423324,6238
OF4,512,GRFmoderate,04-07,443690046600,1679847,1524755,155092,421142,3894
OF4,512,GRFmoderate,04-09,690031404063,4374865,4113786,261079,357292,1948
OF4,512,GRFmoderate,04-10,345272798833,2235945,2069775,166170,579699,6567
OF4,512,GRFmoderate,05-06,381781744612,824529,699712,124817,423888,3275
OF4,512,GRFmoderate,05-07,381701871712,1080109,925671,154438,464228,8112
OF4,512,GRFmoderate,05-09,430040228107,1046376,876588,169788,476340,1444
OF4,512,GRFmoderate,07-06,477176450435,490773,317670,173103,379184,1023
OF4,512,GRFmoderate,08-01,387786102467,2849523,2652331,197192,429006,2986
OF4,512,GRFmoderate,08-02,653191187531,2523382,2305080,218302,411780,9780
OF4,512,GRFmoderate,08-03,479198966909,708631,546104,162527,408269,1972
OF4,512,GRFmoderate,08-04,432212027020,2110304,1875949,234355,474578,2718
OF4,512,GRFmoderate,08-05,492610997728,1797343,1684725,112618,374837,7642
OF4,512,GRFmoderate,08-06,446900317236,1071916,869859,202057,404953,2836
OF4,512,GRFmoderate,08-07,407727683614,941058,815167,125891,416825,3044
OF4,512,GRFmoderate,08-09,462885699071,1219904,1083069,136835,457389,2554
OF4,512,GRFmoderate,08-10,393712255920,1148160,969227,178933,450320,3904
OF4,512,GRFmoderate,09-06,578656632768,1212069,1080929,131140,415062,1473
OF4,512,GRFmoderate,09-07,495187145816,3969797,3665091,304706,470573,4855
OF4,512,GRFmoderate,10-01,600112874398,1519031,1388876,130155,367647,2694
OF4,512,GRFmoderate,10-02,603828178694,972766,832729,140037,421373,6486
OF4,512,GRFmoderate,10-05,467702840471,5411293,5179830,231463,434967,3539
OF4,512,GRFmoderate,10-06,477918502449,2048412,1913841,134571,436400,4264
OF4,512,GRFmoderate,10-07,451519455563,3403751,3256818,146933,419254,6438
OF4,512,GRFmoderate,10-09,536125511961,1649749,1506614,143135,396987,1753
OF4,512,GRFrough,01-05,239386065694,2715029,2514881,200148,479014,1590
OF4,512,GRFrough,01-06,132001335767,2108129,1937496,170633,555443,5286
OF4,512,GRFrough,01-07,220442679244,2177906,1984265,193641,532493,1816
OF4,512,GRFrough,01-09,241191279383,2595894,2333741,262153,483704,1964
OF4,512,GRFrough,02-01,212194065600,5419795,5164164,255631,519225,4945
OF4,512,GRFrough,02-05,146590010845,2407275,2238281,168994,574779,2419
OF4,512,GRFrough,02-06,182585352438,2089574,1888285,201289,506514,2896
OF4,512,GRFrough,02-07,231392932652,3056205,2911720,144485,504345,1984
OF4,512,GRFrough,02-09,138406918965,3551885,3342469,209416,548742,2812
OF4,512,GRFrough,03-01,206199483669,1971829,1711756,260073,542767,2249
OF4,512,GRFrough,03-02,262343616098,7124360,6820415,303945,472060,1460
OF4,512,GRFrough,03-04,270852649182,1769842,1570332,199510,473406,2075
OF4,512,GRFrough,03-05,290134523750,2794212,2610011,184201,469989,2083
OF4,512,GRFrough,03-06,190854219958,1200559,1054460,146099,528262,2721
OF4,512,GRFrough,03-07,226454206846,2740019,2448150,291869,543889,1264
OF4,512,GRFrough,03-09,309164817318,1743664,1574749,168915,457501,1597
OF4,512,GRFrough,03-10,301941788914,2182749,1880224,302525,449833,4108
OF4,512,GRFrough,04-01,174760847568,3849911,3642101,207810,537749,2381
OF4,512,GRFrough,04-02,123647590210,2300471,2154312,146159,543237,2447
OF4,512,GRFrough,04-05,143668963602,2063832,1915697,148135,536422,2333
OF4,512,GRFrough,04-06,165473821031,3677425,3421343,256082,536724,3418
OF4,512,GRFrough,04-07,217338156615,3461490,3218746,242744,565981,6587
OF4,512,GRFrough,04-09,145457744689,2618352,2399961,218391,561729,4548
OF4,512,GRFrough,04-10,256642457567,3482985,3294123,188862,484522,3504
OF4,512,GRFrough,05-06,227310731560,4142145,3674924,467221,509401,3597
OF4,512,GRFrough,05-07,254659579862,3318662,3158566,160096,524969,2388
OF4,512,GRFrough,05-09,146873847197,1555951,1391867,164084,592494,3937
OF4,512,GRFrough,07-06,183877779508,1310414,1154205,156209,573189,7616
OF4,512,GRFrough,08-01,188383082566,1476434,1261426,215008,513567,1918
OF4,512,GRFrough,08-02,180249284225,3534408,3331857,202551,499448,1836
OF4,512,GRFrough,08-03,273073470735,1325256,1132749,192507,459370,1447
OF4,512,GRFrough,08-04,144011431752,3322133,3079414,242719,549278,4594
OF4,512,GRFrough,08-05,204642393188,2288757,2120848,167909,501808,3550
OF4,512,GRFrough,08-06,193062669567,3299012,3088096,210916,528550,6142
OF4,512,GRFrough,08-07,267999746977,2716878,2568107,148771,500541,1086
OF4,512,GRFrough,08-09,162548452271,4189722,3947720,242002,556826,3600
OF4,512,GRFrough,08-10,340132679422,1637587,1465460,172127,440955,2991
OF4,512,GRFrough,09-06,222383781660,3037296,2874008,163288,494401,2287
OF4,512,GRFrough,09-07,252885707300,2145523,1850946,294577,485921,1410
OF4,512,GRFrough,10-01,246836672481,2339055,2177741,161314,523775,5071
OF4,512,GRFrough,10-02,295480189923,710334,559197,151137,449794,1304
OF4,512,GRFrough,10-05,288638657765,2817826,2633301,184525,453824,1199
OF4,512,GRFrough,10-06,236859889558,1371757,1228864,142893,475278,1644
OF4,512,GRFrough,10-07,204929853167,1485795,1289616,196179,537436,3014
OF4,512,GRFrough,10-09,332532674134,2771844,2637972,133872,450369,1861
OF4,512,GRFsmooth,01-05,1323769461952,317900,200582,117318,226336,793
OF4,512,GRFsmooth,01-06,1222308091657,1449564,1336202,113362,365794,1235
OF4,512,GRFsmooth,01-07,1379871916949,2718187,2525492,192695,248172,1212
OF4,512,GRFsmooth,01-09,924482533749,706223,576804,129419,356811,3897
OF4,512,GRFsmooth,02-01,1388417634729,551856,437160,114696,185571,105
OF4,512,GRFsmooth,02-05,1214239040150,283558,185657,97901,259606,439
OF4,512,GRFsmooth,02-06,2526321492691,520894,414143,106751,125013,58
OF4,512,GRFsmooth,02-07,2382831085805,542477,402725,139752,134030,140
OF4,512,GRFsmooth,02-09,2094184788884,2215794,2067707,148087,149476,867
OF4,512,GRFsmooth,03-01,1152320637577,670984,533872,137112,294437,2710
OF4,512,GRFsmooth,03-02,2099710188893,590072,457249,132823,154518,379
OF4,512,GRFsmooth,03-04,1425541519570,768606,646408,122198,253922,4474
OF4,512,GRFsmooth,03-05,1445119442507,526947,410690,116257,213729,829
OF4,512,GRFsmooth,03-06,915556658331,630917,456395,174522,276662,680
OF4,512,GRFsmooth,03-07,563375811330,1141114,973807,167307,431018,2235
OF4,512,GRFsmooth,03-09,1241956052468,662263,561429,100834,262124,2301
OF4,512,GRFsmooth,03-10,1349589794175,258329,156728,101601,200754,548
OF4,512,GRFsmooth,04-01,961446097698,1125945,1005140,120805,327835,3653
OF4,512,GRFsmooth,04-02,1614916797960,2740197,2616220,123977,189632,471
OF4,512,GRFsmooth,04-05,1725463228592,292724,200350,92374,196949,560
OF4,512,GRFsmooth,04-06,1828361168541,294751,189616,105135,183414,152
OF4,512,GRFsmooth,04-07,1255923808260,694272,588066,106206,243750,807
OF4,512,GRFsmooth,04-09,644653202253,5594572,5383094,211478,366373,5823
OF4,512,GRFsmooth,04-10,2510638024665,146694,66599,80095,118443,540
OF4,512,GRFsmooth,05-06,1828293076405,996209,863157,133052,163550,453
OF4,512,GRFsmooth,05-07,1660157087092,475405,354426,120979,219718,82
OF4,512,GRFsmooth,05-09,1669160499129,413570,320990,92580,291973,555
OF4,512,GRFsmooth,07-06,1107161542009,931229,771632,159597,237558,1792
OF4,512,GRFsmooth,08-01,1151088809408,1841304,1637474,203830,301894,1779
OF4,512,GRFsmooth,08-02,2148755103676,982081,837047,145034,141599,181
OF4,512,GRFsmooth,08-03,1576965370629,141168,42685,98483,165884,70
OF4,512,GRFsmooth,08-04,784976677984,773433,613983,159450,359896,2394
OF4,512,GRFsmooth,08-05,2040180169168,303784,198558,105226,207168,1246
OF4,512,GRFsmooth,08-06,1849267487906,228667,137052,91615,169146,196
OF4,512,GRFsmooth,08-07,1482432518957,276157,178593,97564,201728,711
OF4,512,GRFsmooth,08-09,635716071250,1547817,1415617,132200,306558,1399
OF4,512,GRFsmooth,08-10,2791837370245,108351,25154,83197,107181,46
OF4,512,GRFsmooth,09-06,1520100358301,451528,355755,95773,237813,1684
OF4,512,GRFsmooth,09-07,1121734445621,1149961,1037237,112724,250878,1337
OF4,512,GRFsmooth,10-01,2016580955675,195170,94736,100434,131828,354
OF4,512,GRFsmooth,10-02,2098160056622,535635,419931,115704,292141,845
OF4,512,GRFsmooth,10-05,1198046815064,903919,782315,121604,310730,259
OF4,512,GRFsmooth,10-06,1238597790558,245430,144306,101124,231470,430
OF4,512,GRFsmooth,10-07,1535170767913,236150,134882,101268,190840,274
OF4,512,GRFsmooth,10-09,2420943781832,156430,69033,87397,117392,446
OF4,512,LogGRF,01-05,2130225614380,990324,821306,169018,292320,1676
OF4,512,LogGRF,01-06,1969135924617,3850498,3697741,152757,239411,2036
OF4,512,LogGRF,01-07,2482775532739,714688,603849,110839,242831,3570
OF4,512,LogGRF,01-09,2330468459845,4244627,4075406,169221,222182,1760
OF4,512,LogGRF,02-01,2167778169298,1768407,1466162,302245,155135,1469
OF4,512,LogGRF,02-05,2150736615473,618008,489882,128126,174407,1217
OF4,512,LogGRF,02-06,3306346955994,630344,490292,140052,107198,858
OF4,512,LogGRF,02-07,1920486824122,1101368,987977,113391,239526,2462
OF4,512,LogGRF,02-09,2810661150136,574016,464486,109530,137226,386
OF4,512,LogGRF,03-01,1749562728006,2288359,2010402,277957,199243,930
OF4,512,LogGRF,03-02,3051987898440,1810720,1697361,113359,146456,3469
OF4,512,LogGRF,03-04,1619641995121,677113,565459,111654,205868,1561
OF4,512,LogGRF,03-05,1941510594639,1999925,1870549,129376,217569,4940
OF4,512,LogGRF,03-06,1537964530355,1129167,1002475,126692,271153,5885
OF4,512,LogGRF,03-07,2568339274929,560861,413607,147254,239766,1465
OF4,512,LogGRF,03-09,1721144599574,597277,466067,131210,247835,1238
OF4,512,LogGRF,03-10,3014271056410,246646,107678,138968,126186,319
OF4,512,LogGRF,04-01,2768365837659,586951,457667,129284,191226,1583
OF4,512,LogGRF,04-02,4024257376701,528096,410831,117265,69059,61
OF4,512,LogGRF,04-05,2022341039350,1099632,938537,161095,184415,429
OF4,512,LogGRF,04-06,1066866226704,1219583,991985,227598,312831,1356
OF4,512,LogGRF,04-07,3146366846906,584754,437730,147024,122094,150
OF4,512,LogGRF,04-09,1289776864198,2289416,2141171,148245,314753,2274
OF4,512,LogGRF,04-10,2405326372022,447350,330419,116931,202158,1543
OF4,512,LogGRF,05-06,1773307205918,2504068,2349805,154263,265590,1910
OF4,512,LogGRF,05-07,1655331673739,1082191,923899,158292,344205,5450
OF4,512,LogGRF,05-09,1272803745999,1842279,1634349,207930,279485,1965
OF4,512,LogGRF,07-06,2412651329989,1699699,1523926,175773,225435,4576
OF4,512,LogGRF,08-01,1580775335728,1583945,1395391,188554,273202,4730
OF4,512,LogGRF,08-02,1450460562664,2419012,2198011,221001,282175,4076
OF4,512,LogGRF,08-03,1900606869485,1754675,1585251,169424,199893,1336
OF4,512,LogGRF,08-04,2844515928280,592878,438246,154632,105349,195
OF4,512,LogGRF,08-05,1268146790886,741217,598013,143204,277998,932
OF4,512,LogGRF,08-06,2092797500710,569572,453292,116280,167336,565
OF4,512,LogGRF,08-07,1531638224039,699688,533456,166232,251289,2867
OF4,512,LogGRF,08-09,1752096858047,4074448,3935552,138896,180346,501
OF4,512,LogGRF,08-10,2790328820299,916994,714470,202524,168168,335
OF4,512,LogGRF,09-06,1430546046387,842805,745922,96883,238516,7325
OF4,512,LogGRF,09-07,1929382505709,1927847,1779580,148267,178792,871
OF4,512,LogGRF,10-01,3527920529637,201146,104043,97103,164547,679
OF4,512,LogGRF,10-02,3645428370617,1041690,825652,216038,192661,660
OF4,512,LogGRF,10-05,2259637570219,952741,827837,124904,235722,2335
OF4,512,LogGRF,10-06,2812926220386,555269,449685,105584,182297,1995
OF4,512,LogGRF,10-07,3015525512259,3798194,3687693,110501,158988,1321
OF4,512,LogGRF,10-09,1660775231469,2528719,2375097,153622,301417,1352
OF4,512,LogitGRF,01-05,1463662671413,3158470,3018369,140101,303001,1758
OF4,512,LogitGRF,01-06,1366108794132,1833607,1682038,151569,236790,3503
OF4,512,LogitGRF,01-07,761603646705,2417020,2223602,193418,379018,6651
OF4,512,LogitGRF,01-09,1027883457012,971070,796893,174177,338765,2319
OF4,512,LogitGRF,02-01,1302910167033,610038,484269,125769,275606,964
OF4,512,LogitGRF,02-05,799780153566,1525224,1303122,222102,347032,2747
OF4,512,LogitGRF,02-06,805612743474,2328267,2170950,157317,450326,9905
OF4,512,LogitGRF,02-07,1212841813458,891717,755082,136635,313877,3606
OF4,512,LogitGRF,02-09,1087691961901,819395,660232,159163,291857,2555
OF4,512,LogitGRF,03-01,915750027660,1270958,1142937,128021,299457,3126
OF4,512,LogitGRF,03-02,923748142000,2945353,2745094,200259,351634,1633
OF4,512,LogitGRF,03-04,1001519877634,1534643,1373698,160945,372785,2465
OF4,512,LogitGRF,03-05,1297764209679,2792862,2655038,137824,296066,2093
OF4,512,LogitGRF,03-06,1093174976869,647525,544180,103345,235457,515
OF4,512,LogitGRF,03-07,779476460770,1825398,1687077,138321,351029,2893
OF4,512,LogitGRF,03-09,813241286247,2490586,2312731,177855,404430,3281
OF4,512,LogitGRF,03-10,1463272672007,1566569,1302281,264288,298309,2532
OF4,512,LogitGRF,04-01,1205351449266,715375,594141,121234,319589,3025
OF4,512,LogitGRF,04-02,579085693072,1700419,1488972,211447,453590,5941
OF4,512,LogitGRF,04-05,887571070032,2296919,2128670,168249,368570,5869
OF4,512,LogitGRF,04-06,1066129440278,1700103,1459333,240770,304010,1509
OF4,512,LogitGRF,04-07,1256145039234,3231842,3041452,190390,400040,11105
OF4,512,LogitGRF,04-09,1288279956757,1373466,1213667,159799,240861,1625
OF4,512,LogitGRF,04-10,1352136481666,1149507,977599,171908,230015,1498
OF4,512,LogitGRF,05-06,1037302451674,5212546,5055106,157440,327188,1840
OF4,512,LogitGRF,05-07,1286966320396,3935982,3549313,386669,336466,9420
OF4,512,LogitGRF,05-09,1662765848094,4974996,4792624,182372,215871,1803
OF4,512,LogitGRF,07-06,1112725560391,2088111,1857868,230243,293080,2116
OF4,512,LogitGRF,08-01,1452756978530,498365,365225,133140,219387,923
OF4,512,LogitGRF,08-02,881520528569,3289692,3037866,251826,357813,1849
OF4,512,LogitGRF,08-03,906070530831,966264,806998,159266,346060,2270
OF4,512,LogitGRF,08-04,1075904970166,2233688,2089397,144291,315181,2060
OF4,512,LogitGRF,08-05,1489924106419,3380582,3266598,113984,175570,634
OF4,512,LogitGRF,08-06,944156384047,1475245,1326040,149205,338877,4106
OF4,512,LogitGRF,08-07,1313180628271,1358033,1237825,120208,228464,1380
OF4,512,LogitGRF,08-09,800518970044,546235,415322,130913,379514,2356
OF4,512,LogitGRF,08-10,1070620378070,2302626,2037015,265611,300669,2848
OF4,512,LogitGRF,09-06,967625942484,1056873,874809,182064,302116,1419
OF4,512,LogitGRF,09-07,953384247745,2021956,1861251,160705,337605,2066
OF4,512,LogitGRF,10-01,1745340403388,2049544,1896802,152742,252916,3022
OF4,512,LogitGRF,10-02,977315761929,2266681,2079398,187283,314496,1540
OF4,512,LogitGRF,10-05,1253836810835,1068787,926345,142442,264822,2891
OF4,512,LogitGRF,10-06,720937193717,2989136,2787050,202086,484596,11451
OF4,512,LogitGRF,10-07,1652134796035,775794,523721,252073,261365,3253
OF4,512,LogitGRF,10-09,1215928222487,6732093,6500676,231417,366023,5983
OF4,512,MicroscopyImages,01-05,2442286092012,1389924,1140824,249100,102667,1391
OF4,512,MicroscopyImages,01-06,2413810675129,4190452,3898665,291787,120886,1137
OF4,512,MicroscopyImages,01-07,2812289919700,1224590,940720,283870,119298,2056
OF4,512,MicroscopyImages,01-09,3680376129592,3239918,3044835,195083,57124,878
OF4,512,MicroscopyImages,02-01,420224202323,7438525,7112443,326082,330760,3054
OF4,512,MicroscopyImages,02-05,2092460025653,3505334,3246057,259277,169637,4369
OF4,512,MicroscopyImages,02-06,2053839839466,5288194,4961360,326834,192438,2082
OF4,512,MicroscopyImages,02-07,2541287036439,2076146,1851591,224555,145837,2769
OF4,512,MicroscopyImages,02-09,3291665337479,1199911,1060100,139811,79341,805
OF4,512,MicroscopyImages,03-01,1741144777386,525651,361894,163757,107299,1119
OF4,512,MicroscopyImages,03-02,1556863678525,1111733,864941,246792,146816,1949
OF4,512,MicroscopyImages,03-04,565745073760,4111249,3647777,463472,271323,4674
OF4,512,MicroscopyImages,03-05,1841659390078,1471340,1191879,279461,139219,2791
OF4,512,MicroscopyImages,03-06,1804670394464,1633811,1388274,245537,182405,3385
OF4,512,MicroscopyImages,03-07,2354612734274,1223348,993776,229572,77536,1167
OF4,512,MicroscopyImages,03-09,2949524288068,1415068,1174222,240846,95013,1905
OF4,512,MicroscopyImages,03-10,2771289828463,1807502,1634690,172812,141270,2028
OF4,512,MicroscopyImages,04-01,1729962902714,1552886,1382779,170107,158077,790
OF4,512,MicroscopyImages,04-02,1473434295401,1263771,1108133,155638,200900,1102
OF4,512,MicroscopyImages,04-05,1472164730558,2712267,2436868,275399,221533,4565
OF4,512,MicroscopyImages,04-06,1417683089816,1676548,1384659,291889,257999,2087
OF4,512,MicroscopyImages,04-07,2043655225577,1783424,1612218,171206,128290,3139
OF4,512,MicroscopyImages,04-09,2501661557577,2720035,2521126,198909,145352,1508
OF4,512,MicroscopyImages,04-10,2295058566849,1802032,1407041,394991,207430,2163
OF4,512,MicroscopyImages,05-06,133493741809,2237635,1944117,293518,489255,6248
OF4,512,MicroscopyImages,05-07,1633922406393,487357,337907,149450,101569,2282
OF4,512,MicroscopyImages,05-09,1533163519009,1730651,1479938,250713,151330,5695
OF4,512,MicroscopyImages,07-06,1626112032313,486032,366225,119807,122452,1273
OF4,512,MicroscopyImages,08-01,2592393821671,1259249,1066739,192510,158441,1639
OF4,512,MicroscopyImages,08-02,2283350463988,3738162,3239998,498164,227176,5587
OF4,512,MicroscopyImages,08-03,2108232350122,1189139,908339,280800,138441,2008
OF4,512,MicroscopyImages,08-04,1773031208636,2374481,2174239,200242,197054,3776
OF4,512,MicroscopyImages,08-05,1345640656820,977563,822028,155535,184803,5272
OF4,512,MicroscopyImages,08-06,1328506903246,607494,472561,134933,208441,1894
OF4,512,MicroscopyImages,08-07,368384445264,1959450,1678891,280559,285170,3699
OF4,512,MicroscopyImages,08-09,1567733593644,869510,723792,145718,133646,1450
OF4,512,MicroscopyImages,08-10,1596275290689,2309996,2057981,252015,179942,2074
OF4,512,MicroscopyImages,09-06,1505580755754,2467536,2177680,289856,200521,4189
OF4,512,MicroscopyImages,09-07,1812552537768,703115,512545,190570,81014,1779
OF4,512,MicroscopyImages,10-01,3419135248756,1383809,1087267,296542,76647,999
OF4,512,MicroscopyImages,10-02,3029576697018,2938126,2720115,218011,110408,787
OF4,512,MicroscopyImages,10-05,1438583303206,1924817,1706207,218610,181706,2585
OF4,512,MicroscopyImages,10-06,1399486734426,3664611,3407294,257317,239187,3820
OF4,512,MicroscopyImages,10-07,1880373540283,963597,757316,206281,119519,1230
OF4,512,MicroscopyImages,10-09,329801094341,2684891,2421757,263134,282608,6547
OF4,512,Shapes,01-05,955156570551,608466,513475,94991,272820,2379
OF4,512,Shapes,01-06,2236979200000,177631,48365,129266,458014,119
OF4,512,Shapes,01-07,1656230718601,274531,155409,119122,131439,858
OF4,512,Shapes,01-09,747357200000,645610,486034,159576,1065521,747
OF4,512,Shapes,02-01,1677731840000,492523,383203,109320,144494,3287
OF4,512,Shapes,02-05,2138203273351,298062,197664,100398,70933,2766
OF4,512,Shapes,02-06,2328278256000,102566,13978,88588,48754,227
OF4,512,Shapes,02-07,1648546353884,132719,33008,99711,79506,464
OF4,512,Shapes,02-09,1739884000000,724477,610929,113548,171127,3469
OF4,512,Shapes,03-01,329295200000,338373,221094,117279,1044997,373
OF4,512,Shapes,03-02,1684081280000,323760,250846,72914,124689,2689
OF4,512,Shapes,03-04,1112974712588,238958,153168,85790,153366,1621
OF4,512,Shapes,03-05,990967990949,388231,285940,102291,136177,1911
OF4,512,Shapes,03-06,2245720200000,110762,19438,91324,710345,109
OF4,512,Shapes,03-07,1676641014065,192246,112336,79910,118958,1844
OF4,512,Shapes,03-09,859320800000,240174,134177,105997,616284,506
OF4,512,Shapes,03-10,598634540121,254406,156599,97807,171112,970
OF4,512,Shapes,04-01,1049898429012,631974,507100,124874,264140,2066
OF4,512,Shapes,04-02,628469722868,270013,172997,97016,167439,1308
OF4,512,Shapes,04-05,1510369862363,300900,179989,120911,101804,2016
OF4,512,Shapes,04-06,2246482924226,111739,16173,95566,56914,193
OF4,512,Shapes,04-07,1599352062000,126099,37758,88341,83194,259
OF4,512,Shapes,04-09,1426017546325,471148,317859,153289,130418,1997
OF4,512,Shapes,04-10,1250375886789,361431,256169,105262,133115,442
OF4,512,Shapes,05-06,2253339598478,290830,198611,92219,96586,4151
OF4,512,Shapes,05-07,1796096982766,175206,69612,105594,109048,361
OF4,512,Shapes,05-09,1252652189614,855183,746232,108951,135021,2832
OF4,512,Shapes,07-06,3842812897436,87663,10434,77229,40680,118
OF4,512,Shapes,08-01,1163868189552,788125,593401,194724,240314,6837
OF4,512,Shapes,08-02,834786431285,211043,42032,169011,92729,257
OF4,512,Shapes,08-03,1200406213814,331841,156742,175099,136306,1207
OF4,512,Shapes,08-04,515722726783,317669,132797,184872,215746,885
OF4,512,Shapes,08-05,1373170428551,386357,285350,101007,75137,5753
OF4,512,Shapes,08-06,2298184927544,133846,25507,108339,45188,445
OF4,512,Shapes,08-07,1624976410663,142044,37242,104802,80859,500
OF4,512,Shapes,08-09,1466583737616,672090,537776,134314,174426,4288
OF4,512,Shapes,08-10,1404639828541,326762,140757,186005,119065,968
OF4,512,Shapes,09-06,2255945600000,565674,473513,92161,685099,2144
OF4,512,Shapes,09-07,1800036875850,511406,410739,100667,159459,1838
OF4,512,Shapes,10-01,504722333696,771452,640422,131030,363288,1544
OF4,512,Shapes,10-02,1875212592443,472927,362158,110769,102214,5342
OF4,512,Shapes,10-05,978584630100,332102,207413,124689,165977,1652
OF4,512,Shapes,10-06,2246237625341,124845,30574,94271,84351,136
OF4,512,Shapes,10-07,1760260288345,371773,288383,83390,118127,1909
OF4,512,Shapes,10-09,979694006620,1000853,872151,128702,151239,3759
OF4,512,WhiteNoise,01-05,16715954381,2472823,2279757,193066,752530,8847
OF4,512,WhiteNoise,01-06,17795954875,4212135,3989190,222945,773661,10018
OF4,512,WhiteNoise,01-07,16347504893,6383164,6062712,320452,752213,9034
OF4,512,WhiteNoise,01-09,17093103251,3426955,3222822,204133,759937,8692
OF4,512,WhiteNoise,02-01,17837781736,4423686,4176837,246849,770206,8681
OF4,512,WhiteNoise,02-05,17962352737,6109531,5854562,254969,782073,12283
OF4,512,WhiteNoise,02-06,18359216970,4818034,4604817,213217,769711,8670
OF4,512,WhiteNoise,02-07,18660977243,5163291,4837875,325416,780759,9008
OF4,512,WhiteNoise,02-09,18838931201,5318271,5042485,275786,787705,10762
OF4,512,WhiteNoise,03-01,18880636717,6821028,6577574,243454,781100,10296
OF4,512,WhiteNoise,03-02,17450961761,3801791,3586672,215119,762342,9487
OF4,512,WhiteNoise,03-04,19063050261,3140460,2954570,185890,782280,8595
OF4,512,WhiteNoise,03-05,16979502789,5310245,5069316,240929,767811,11323
OF4,512,WhiteNoise,03-06,18018076238,5822005,5522989,299016,770484,10816
OF4,512,WhiteNoise,03-07,18337766890,4018645,3761261,257384,781675,8886
OF4,512,WhiteNoise,03-09,21906165476,6734277,6471043,263234,841760,12701
OF4,512,WhiteNoise,03-10,17132267816,2790563,2596571,193992,758053,9013
OF4,512,WhiteNoise,04-01,16424983163,4998955,4758258,240697,748767,9459
OF4,512,WhiteNoise,04-02,18839360019,3833613,3555248,278365,775909,8778
OF4,512,WhiteNoise,04-05,19150009966,8772818,8484400,288418,778010,10470
OF4,512,WhiteNoise,04-06,18801730975,3643305,3443316,199989,787571,10969
OF4,512,WhiteNoise,04-07,15841889130,2987597,2793685,193912,744354,10781
OF4,512,WhiteNoise,04-09,18364091389,9480215,9202874,277341,770868,11240
OF4,512,WhiteNoise,04-10,17361125610,4185498,3940291,245207,760478,9303
OF4,512,WhiteNoise,05-06,17009403349,6576463,6314580,261883,765060,10230
OF4,512,WhiteNoise,05-07,17493160587,4947418,4711474,235944,776683,10110
OF4,512,WhiteNoise,05-09,21257093223,3662469,3449316,213153,811147,10871
OF4,512,WhiteNoise,07-06,17043315676,2937643,2760254,177389,764817,10185
OF4,512,WhiteNoise,08-01,15734642748,6015879,5786692,229187,740264,10853
OF4,512,WhiteNoise,08-02,18872297706,7375958,7120753,255205,789408,12492
OF4,512,WhiteNoise,08-03,17999553597,4915077,4636299,278778,780011,10683
OF4,512,WhiteNoise,08-04,15910481123,3322423,3106429,215994,745798,9682
OF4,512,WhiteNoise,08-05,17331996008,4119157,3868137,251020,775155,10224
OF4,512,WhiteNoise,08-06,17538153662,3921166,3680958,240208,765237,9262
OF4,512,WhiteNoise,08-07,15920052216,3649265,3413105,236160,747653,9693
OF4,512,WhiteNoise,08-09,19226586183,4081088,3850258,230830,799632,10408
OF4,512,WhiteNoise,08-10,16716957580,5680421,5332538,347883,750405,9202
OF4,512,WhiteNoise,09-06,22700546485,5922133,5656140,265993,822077,10189
OF4,512,WhiteNoise,09-07,19212559883,6655188,6419637,235551,802583,12540
OF4,512,WhiteNoise,10-01,17138736558,11644569,11336626,307943,769985,11145
OF4,512,WhiteNoise,10-02,17368047071,7120043,6852879,267164,758611,9774
OF4,512,WhiteNoise,10-05,17479674166,4139249,3870875,268374,764616,8512
OF4,512,WhiteNoise,10-06,18786036042,3877336,3673769,203567,791469,9513
OF4,512,WhiteNoise,10-07,16349272952,4409144,4167232,241912,753421,9196
OF4,512,WhiteNoise,10-09,18989836595,5749067,5447645,301422,779409,8690
